ID,predicted_weight
1,0.0
2,0.0
3,0.0
4,0.0
5,0.0
6,0.0
7,0.0
8,0.0
9,0.0
10,0.0
11,0.0
12,0.0
13,0.0
14,0.0
15,0.0
16,0.0
17,0.0
18,0.0
19,0.0
20,0.0
21,0.0
22,0.0
23,0.0
24,0.0
25,0.0
26,0.0
27,0.0
28,0.0
29,0.0
30,0.0
31,0.0
32,0.0
33,0.0
34,0.0
35,0.0
36,0.0
37,0.0
38,0.0
39,0.0
40,0.0
41,0.0
42,0.0
43,0.0
44,0.0
45,0.0
46,0.0
47,0.0
48,0.0
49,0.0
50,0.0
51,0.0
52,0.0
53,0.0
54,0.0
55,0.0
56,0.0
57,0.0
58,0.0
59,0.0
60,0.0
61,0.0
62,0.0
63,0.0
64,0.0
65,0.0
66,0.0
67,0.0
68,0.0
69,0.0
70,0.0
71,0.0
72,0.0
73,0.0
74,0.0
75,0.0
76,0.0
77,0.0
78,0.0
79,0.0
80,0.0
81,0.0
82,0.0
83,0.0
84,0.0
85,0.0
86,0.0
87,0.0
88,0.0
89,0.0
90,0.0
91,0.0
92,0.0
93,0.0
94,0.0
95,0.0
96,0.0
97,0.0
98,0.0
99,0.0
100,0.0
101,0.0
102,0.0
103,0.0
104,0.0
105,0.0
106,0.0
107,0.0
108,0.0
109,0.0
110,0.0
111,0.0
112,0.0
113,0.0
114,0.0
115,0.0
116,0.0
117,0.0
118,0.0
119,0.0
120,0.0
121,0.0
122,0.0
123,0.0
124,0.0
125,0.0
126,0.0
127,0.0
128,0.0
129,0.0
130,0.0
131,0.0
132,0.0
133,0.0
134,0.0
135,0.0
136,0.0
137,0.0
138,0.0
139,0.0
140,0.0
141,0.0
142,0.0
143,0.0
144,0.0
145,0.0
146,0.0
147,0.0
148,0.0
149,0.0
150,0.0
151,0.0
152,0.0
153,0.0
154,0.0
155,0.0
156,0.0
157,0.0
158,0.0
159,0.0
160,0.0
161,0.0
162,0.0
163,0.0
164,0.0
165,0.0
166,0.0
167,0.0
168,0.0
169,0.0
170,0.0
171,0.0
172,0.0
173,0.0
174,0.0
175,0.0
176,0.0
177,0.0
178,0.0
179,0.0
180,0.0
181,0.0
182,0.0
183,0.0
184,0.0
185,0.0
186,0.0
187,0.0
188,0.0
189,0.0
190,0.0
191,0.0
192,0.0
193,0.0
194,0.0
195,0.0
196,0.0
197,0.0
198,0.0
199,0.0
200,0.0
201,0.0
202,0.0
203,0.0
204,0.0
205,0.0
206,0.0
207,0.0
208,0.0
209,0.0
210,0.0
211,0.0
212,0.0
213,0.0
214,0.0
215,0.0
216,0.0
217,0.0
218,0.0
219,0.0
220,0.0
221,0.0
222,0.0
223,0.0
224,0.0
225,0.0
226,0.0
227,0.0
228,0.0
229,0.0
230,0.0
231,0.0
232,0.0
233,0.0
234,0.0
235,0.0
236,0.0
237,0.0
238,0.0
239,0.0
240,0.0
241,0.0
242,0.0
243,0.0
244,0.0
245,0.0
246,0.0
247,0.0
248,0.0
249,0.0
250,0.0
251,0.0
252,0.0
253,0.0
254,0.0
255,0.0
256,0.0
257,0.0
258,0.0
259,0.0
260,0.0
261,0.0
262,0.0
263,0.0
264,0.0
265,0.0
266,0.0
267,0.0
268,0.0
269,0.0
270,0.0
271,0.0
272,0.0
273,0.0
274,0.0
275,0.0
276,0.0
277,0.0
278,0.0
279,0.0
280,0.0
281,0.0
282,0.0
283,0.0
284,0.0
285,0.0
286,0.0
287,0.0
288,0.0
289,0.0
290,0.0
291,0.0
292,0.0
293,0.0
294,0.0
295,0.0
296,0.0
297,0.0
298,0.0
299,0.0
300,0.0
301,0.0
302,0.0
303,0.0
304,0.0
305,0.0
306,0.0
307,0.0
308,0.0
309,0.0
310,0.0
311,0.0
312,0.0
313,0.0
314,0.0
315,0.0
316,0.0
317,0.0
318,0.0
319,0.0
320,0.0
321,0.0
322,0.0
323,0.0
324,0.0
325,0.0
326,0.0
327,0.0
328,0.0
329,0.0
330,0.0
331,0.0
332,0.0
333,0.0
334,0.0
335,0.0
336,0.0
337,0.0
338,0.0
339,0.0
340,0.0
341,0.0
342,0.0
343,0.0
344,0.0
345,0.0
346,0.0
347,0.0
348,0.0
349,0.0
350,0.0
351,0.0
352,0.0
353,0.0
354,0.0
355,0.0
356,0.0
357,0.0
358,0.0
359,0.0
360,0.0
361,0.0
362,0.0
363,0.0
364,0.0
365,0.0
366,0.0
367,0.0
368,0.0
369,0.0
370,0.0
371,0.0
372,0.0
373,0.0
374,0.0
375,0.0
376,0.0
377,0.0
378,0.0
379,0.0
380,0.0
381,0.0
382,0.0
383,0.0
384,0.0
385,0.0
386,0.0
387,0.0
388,0.0
389,0.0
390,0.0
391,0.0
392,0.0
393,0.0
394,0.0
395,0.0
396,0.0
397,0.0
398,0.0
399,0.0
400,0.0
401,0.0
402,0.0
403,0.0
404,0.0
405,0.0
406,0.0
407,0.0
408,0.0
409,0.0
410,0.0
411,0.0
412,0.0
413,0.0
414,0.0
415,0.0
416,0.0
417,0.0
418,0.0
419,0.0
420,0.0
421,0.0
422,0.0
423,0.0
424,0.0
425,0.0
426,0.0
427,0.0
428,0.0
429,0.0
430,0.0
431,0.0
432,0.0
433,0.0
434,0.0
435,0.0
436,0.0
437,0.0
438,0.0
439,0.0
440,0.0
441,0.0
442,0.0
443,0.0
444,0.0
445,0.0
446,0.0
447,0.0
448,0.0
449,0.0
450,0.0
451,0.0
452,0.0
453,0.0
454,0.0
455,0.0
456,0.0
457,0.0
458,0.0
459,0.0
460,0.0
461,0.0
462,0.0
463,0.0
464,0.0
465,0.0
466,0.0
467,0.0
468,0.0
469,0.0
470,0.0
471,0.0
472,0.0
473,0.0
474,0.0
475,0.0
476,0.0
477,0.0
478,0.0
479,0.0
480,0.0
481,0.0
482,0.0
483,0.0
484,0.0
485,0.0
486,0.0
487,0.0
488,0.0
489,0.0
490,0.0
491,0.0
492,0.0
493,0.0
494,0.0
495,0.0
496,0.0
497,0.0
498,0.0
499,0.0
500,0.0
501,0.0
502,0.0
503,0.0
504,0.0
505,0.0
506,0.0
507,0.0
508,0.0
509,0.0
510,0.0
511,0.0
512,0.0
513,0.0
514,0.0
515,0.0
516,0.0
517,0.0
518,0.0
519,0.0
520,0.0
521,0.0
522,0.0
523,0.0
524,0.0
525,0.0
526,0.0
527,0.0
528,0.0
529,0.0
530,0.0
531,0.0
532,0.0
533,0.0
534,0.0
535,0.0
536,0.0
537,0.0
538,0.0
539,0.0
540,0.0
541,0.0
542,0.0
543,0.0
544,0.0
545,0.0
546,0.0
547,0.0
548,0.0
549,0.0
550,0.0
551,0.0
552,0.0
553,0.0
554,0.0
555,0.0
556,0.0
557,0.0
558,0.0
559,0.0
560,0.0
561,0.0
562,0.0
563,0.0
564,0.0
565,0.0
566,0.0
567,0.0
568,0.0
569,0.0
570,0.0
571,0.0
572,0.0
573,0.0
574,0.0
575,0.0
576,0.0
577,0.0
578,0.0
579,0.0
580,0.0
581,0.0
582,0.0
583,0.0
584,0.0
585,0.0
586,0.0
587,0.0
588,0.0
589,0.0
590,0.0
591,0.0
592,0.0
593,0.0
594,0.0
595,0.0
596,0.0
597,0.0
598,0.0
599,0.0
600,0.0
601,0.0
602,0.0
603,0.0
604,0.0
605,0.0
606,0.0
607,0.0
608,0.0
609,0.0
610,0.0
611,0.0
612,0.0
613,0.0
614,0.0
615,0.0
616,0.0
617,0.0
618,0.0
619,0.0
620,0.0
621,0.0
622,0.0
623,0.0
624,0.0
625,0.0
626,0.0
627,0.0
628,0.0
629,0.0
630,0.0
631,0.0
632,0.0
633,0.0
634,0.0
635,0.0
636,0.0
637,0.0
638,0.0
639,0.0
640,0.0
641,0.0
642,0.0
643,0.0
644,0.0
645,0.0
646,0.0
647,0.0
648,0.0
649,0.0
650,0.0
651,0.0
652,0.0
653,0.0
654,0.0
655,0.0
656,0.0
657,0.0
658,0.0
659,0.0
660,0.0
661,0.0
662,0.0
663,0.0
664,0.0
665,0.0
666,0.0
667,0.0
668,0.0
669,0.0
670,0.0
671,0.0
672,0.0
673,0.0
674,0.0
675,0.0
676,0.0
677,0.0
678,0.0
679,0.0
680,0.0
681,0.0
682,0.0
683,0.0
684,0.0
685,0.0
686,0.0
687,0.0
688,0.0
689,0.0
690,0.0
691,0.0
692,0.0
693,0.0
694,0.0
695,0.0
696,0.0
697,0.0
698,0.0
699,0.0
700,0.0
701,0.0
702,0.0
703,0.0
704,0.0
705,0.0
706,0.0
707,0.0
708,0.0
709,0.0
710,0.0
711,0.0
712,0.0
713,0.0
714,0.0
715,0.0
716,0.0
717,0.0
718,0.0
719,0.0
720,0.0
721,0.0
722,0.0
723,0.0
724,0.0
725,0.0
726,0.0
727,0.0
728,0.0
729,0.0
730,0.0
731,0.0
732,0.0
733,0.0
734,0.0
735,0.0
736,0.0
737,0.0
738,0.0
739,0.0
740,0.0
741,0.0
742,0.0
743,0.0
744,0.0
745,0.0
746,0.0
747,0.0
748,0.0
749,0.0
750,0.0
751,0.0
752,0.0
753,0.0
754,0.0
755,0.0
756,0.0
757,0.0
758,0.0
759,0.0
760,0.0
761,0.0
762,0.0
763,0.0
764,0.0
765,0.0
766,0.0
767,0.0
768,0.0
769,0.0
770,0.0
771,0.0
772,0.0
773,0.0
774,0.0
775,0.0
776,0.0
777,0.0
778,0.0
779,0.0
780,0.0
781,0.0
782,0.0
783,0.0
784,0.0
785,0.0
786,0.0
787,0.0
788,0.0
789,0.0
790,0.0
791,0.0
792,0.0
793,0.0
794,0.0
795,0.0
796,0.0
797,0.0
798,0.0
799,0.0
800,0.0
801,0.0
802,0.0
803,0.0
804,0.0
805,0.0
806,0.0
807,0.0
808,0.0
809,0.0
810,0.0
811,0.0
812,0.0
813,0.0
814,0.0
815,0.0
816,0.0
817,0.0
818,0.0
819,0.0
820,0.0
821,0.0
822,0.0
823,0.0
824,0.0
825,0.0
826,0.0
827,0.0
828,0.0
829,0.0
830,0.0
831,0.0
832,0.0
833,0.0
834,0.0
835,0.0
836,0.0
837,0.0
838,0.0
839,0.0
840,0.0
841,0.0
842,0.0
843,0.0
844,0.0
845,0.0
846,0.0
847,0.0
848,0.0
849,0.0
850,0.0
851,0.0
852,0.0
853,0.0
854,0.0
855,0.0
856,0.0
857,0.0
858,0.0
859,0.0
860,0.0
861,0.0
862,0.0
863,0.0
864,0.0
865,0.0
866,0.0
867,0.0
868,0.0
869,0.0
870,0.0
871,0.0
872,0.0
873,0.0
874,0.0
875,0.0
876,0.0
877,0.0
878,0.0
879,0.0
880,0.0
881,0.0
882,0.0
883,0.0
884,0.0
885,0.0
886,0.0
887,0.0
888,0.0
889,0.0
890,0.0
891,0.0
892,0.0
893,0.0
894,0.0
895,0.0
896,0.0
897,0.0
898,0.0
899,0.0
900,0.0
901,0.0
902,0.0
903,0.0
904,0.0
905,0.0
906,0.0
907,0.0
908,0.0
909,0.0
910,0.0
911,0.0
912,0.0
913,0.0
914,0.0
915,0.0
916,0.0
917,0.0
918,0.0
919,0.0
920,0.0
921,0.0
922,0.0
923,0.0
924,0.0
925,0.0
926,0.0
927,0.0
928,0.0
929,0.0
930,0.0
931,0.0
932,0.0
933,0.0
934,0.0
935,0.0
936,0.0
937,0.0
938,0.0
939,0.0
940,0.0
941,0.0
942,0.0
943,0.0
944,0.0
945,0.0
946,0.0
947,0.0
948,0.0
949,0.0
950,0.0
951,0.0
952,0.0
953,0.0
954,0.0
955,0.0
956,0.0
957,0.0
958,0.0
959,0.0
960,0.0
961,0.0
962,0.0
963,0.0
964,0.0
965,0.0
966,0.0
967,0.0
968,0.0
969,0.0
970,0.0
971,0.0
972,0.0
973,0.0
974,0.0
975,0.0
976,0.0
977,0.0
978,0.0
979,0.0
980,0.0
981,0.0
982,0.0
983,0.0
984,0.0
985,0.0
986,0.0
987,0.0
988,0.0
989,0.0
990,0.0
991,0.0
992,0.0
993,0.0
994,0.0
995,0.0
996,0.0
997,0.0
998,0.0
999,0.0
1000,0.0
1001,0.0
1002,0.0
1003,0.0
1004,0.0
1005,0.0
1006,0.0
1007,0.0
1008,0.0
1009,0.0
1010,0.0
1011,0.0
1012,0.0
1013,0.0
1014,0.0
1015,0.0
1016,0.0
1017,0.0
1018,0.0
1019,0.0
1020,0.0
1021,0.0
1022,0.0
1023,0.0
1024,0.0
1025,0.0
1026,0.0
1027,0.0
1028,0.0
1029,0.0
1030,0.0
1031,0.0
1032,0.0
1033,0.0
1034,0.0
1035,0.0
1036,0.0
1037,0.0
1038,0.0
1039,0.0
1040,0.0
1041,0.0
1042,0.0
1043,0.0
1044,0.0
1045,0.0
1046,0.0
1047,0.0
1048,0.0
1049,0.0
1050,0.0
1051,0.0
1052,0.0
1053,0.0
1054,0.0
1055,0.0
1056,0.0
1057,0.0
1058,0.0
1059,0.0
1060,0.0
1061,0.0
1062,0.0
1063,0.0
1064,0.0
1065,0.0
1066,0.0
1067,0.0
1068,0.0
1069,0.0
1070,0.0
1071,0.0
1072,0.0
1073,0.0
1074,0.0
1075,0.0
1076,0.0
1077,0.0
1078,0.0
1079,0.0
1080,0.0
1081,0.0
1082,0.0
1083,0.0
1084,0.0
1085,0.0
1086,0.0
1087,0.0
1088,0.0
1089,0.0
1090,0.0
1091,0.0
1092,0.0
1093,0.0
1094,0.0
1095,0.0
1096,0.0
1097,0.0
1098,0.0
1099,0.0
1100,0.0
1101,0.0
1102,0.0
1103,0.0
1104,0.0
1105,0.0
1106,0.0
1107,0.0
1108,0.0
1109,0.0
1110,0.0
1111,0.0
1112,0.0
1113,0.0
1114,0.0
1115,0.0
1116,0.0
1117,0.0
1118,0.0
1119,0.0
1120,0.0
1121,0.0
1122,0.0
1123,0.0
1124,0.0
1125,0.0
1126,0.0
1127,0.0
1128,0.0
1129,0.0
1130,0.0
1131,0.0
1132,0.0
1133,0.0
1134,0.0
1135,0.0
1136,0.0
1137,0.0
1138,0.0
1139,0.0
1140,0.0
1141,0.0
1142,0.0
1143,0.0
1144,0.0
1145,0.0
1146,0.0
1147,0.0
1148,0.0
1149,0.0
1150,0.0
1151,0.0
1152,0.0
1153,0.0
1154,0.0
1155,0.0
1156,0.0
1157,0.0
1158,0.0
1159,0.0
1160,0.0
1161,0.0
1162,0.0
1163,0.0
1164,0.0
1165,0.0
1166,0.0
1167,0.0
1168,0.0
1169,0.0
1170,0.0
1171,0.0
1172,0.0
1173,0.0
1174,0.0
1175,0.0
1176,0.0
1177,0.0
1178,0.0
1179,0.0
1180,0.0
1181,0.0
1182,0.0
1183,0.0
1184,0.0
1185,0.0
1186,0.0
1187,0.0
1188,0.0
1189,0.0
1190,0.0
1191,0.0
1192,0.0
1193,0.0
1194,0.0
1195,0.0
1196,0.0
1197,0.0
1198,0.0
1199,0.0
1200,0.0
1201,0.0
1202,0.0
1203,0.0
1204,0.0
1205,0.0
1206,0.0
1207,0.0
1208,0.0
1209,0.0
1210,0.0
1211,0.0
1212,0.0
1213,0.0
1214,0.0
1215,0.0
1216,0.0
1217,0.0
1218,0.0
1219,0.0
1220,0.0
1221,0.0
1222,0.0
1223,0.0
1224,0.0
1225,0.0
1226,0.0
1227,0.0
1228,0.0
1229,0.0
1230,0.0
1231,0.0
1232,0.0
1233,0.0
1234,0.0
1235,0.0
1236,0.0
1237,0.0
1238,0.0
1239,0.0
1240,0.0
1241,0.0
1242,0.0
1243,0.0
1244,0.0
1245,0.0
1246,0.0
1247,0.0
1248,0.0
1249,0.0
1250,0.0
1251,0.0
1252,0.0
1253,0.0
1254,0.0
1255,0.0
1256,0.0
1257,0.0
1258,0.0
1259,0.0
1260,0.0
1261,0.0
1262,0.0
1263,0.0
1264,0.0
1265,0.0
1266,0.0
1267,0.0
1268,0.0
1269,0.0
1270,0.0
1271,0.0
1272,0.0
1273,0.0
1274,0.0
1275,0.0
1276,0.0
1277,0.0
1278,0.0
1279,0.0
1280,0.0
1281,0.0
1282,0.0
1283,0.0
1284,0.0
1285,0.0
1286,0.0
1287,0.0
1288,0.0
1289,0.0
1290,0.0
1291,0.0
1292,0.0
1293,0.0
1294,0.0
1295,0.0
1296,0.0
1297,0.0
1298,0.0
1299,0.0
1300,0.0
1301,0.0
1302,0.0
1303,0.0
1304,0.0
1305,0.0
1306,0.0
1307,0.0
1308,0.0
1309,0.0
1310,0.0
1311,0.0
1312,0.0
1313,0.0
1314,0.0
1315,0.0
1316,0.0
1317,0.0
1318,0.0
1319,0.0
1320,0.0
1321,0.0
1322,0.0
1323,0.0
1324,0.0
1325,0.0
1326,0.0
1327,0.0
1328,0.0
1329,0.0
1330,0.0
1331,0.0
1332,0.0
1333,0.0
1334,0.0
1335,0.0
1336,0.0
1337,0.0
1338,0.0
1339,0.0
1340,0.0
1341,0.0
1342,0.0
1343,0.0
1344,0.0
1345,0.0
1346,0.0
1347,0.0
1348,0.0
1349,0.0
1350,0.0
1351,0.0
1352,0.0
1353,0.0
1354,0.0
1355,0.0
1356,0.0
1357,0.0
1358,0.0
1359,0.0
1360,0.0
1361,0.0
1362,0.0
1363,0.0
1364,0.0
1365,0.0
1366,0.0
1367,0.0
1368,0.0
1369,0.0
1370,0.0
1371,0.0
1372,0.0
1373,0.0
1374,0.0
1375,0.0
1376,0.0
1377,0.0
1378,0.0
1379,0.0
1380,0.0
1381,0.0
1382,0.0
1383,0.0
1384,0.0
1385,0.0
1386,0.0
1387,0.0
1388,0.0
1389,0.0
1390,0.0
1391,0.0
1392,0.0
1393,0.0
1394,0.0
1395,0.0
1396,0.0
1397,0.0
1398,0.0
1399,0.0
1400,0.0
1401,0.0
1402,0.0
1403,0.0
1404,0.0
1405,0.0
1406,0.0
1407,0.0
1408,0.0
1409,0.0
1410,0.0
1411,0.0
1412,0.0
1413,0.0
1414,0.0
1415,0.0
1416,0.0
1417,0.0
1418,0.0
1419,0.0
1420,0.0
1421,0.0
1422,0.0
1423,0.0
1424,0.0
1425,0.0
1426,0.0
1427,0.0
1428,0.0
1429,0.0
1430,0.0
1431,0.0
1432,0.0
1433,0.0
1434,0.0
1435,0.0
1436,0.0
1437,0.0
1438,0.0
1439,0.0
1440,0.0
1441,0.0
1442,0.0
1443,0.0
1444,0.0
1445,0.0
1446,0.0
1447,0.0
1448,0.0
1449,0.0
1450,0.0
1451,0.0
1452,0.0
1453,0.0
1454,0.0
1455,0.0
1456,0.0
1457,0.0
1458,0.0
1459,0.0
1460,0.0
1461,0.0
1462,0.0
1463,0.0
1464,0.0
1465,0.0
1466,0.0
1467,0.0
1468,0.0
1469,0.0
1470,0.0
1471,0.0
1472,0.0
1473,0.0
1474,0.0
1475,0.0
1476,0.0
1477,0.0
1478,0.0
1479,0.0
1480,0.0
1481,0.0
1482,0.0
1483,0.0
1484,0.0
1485,0.0
1486,0.0
1487,0.0
1488,0.0
1489,0.0
1490,0.0
1491,0.0
1492,0.0
1493,0.0
1494,0.0
1495,0.0
1496,0.0
1497,0.0
1498,0.0
1499,0.0
1500,0.0
1501,0.0
1502,0.0
1503,0.0
1504,0.0
1505,0.0
1506,0.0
1507,0.0
1508,0.0
1509,0.0
1510,0.0
1511,0.0
1512,0.0
1513,0.0
1514,0.0
1515,0.0
1516,0.0
1517,0.0
1518,0.0
1519,0.0
1520,0.0
1521,0.0
1522,0.0
1523,0.0
1524,0.0
1525,0.0
1526,0.0
1527,0.0
1528,0.0
1529,0.0
1530,0.0
1531,0.0
1532,0.0
1533,0.0
1534,0.0
1535,0.0
1536,0.0
1537,0.0
1538,0.0
1539,0.0
1540,0.0
1541,0.0
1542,0.0
1543,0.0
1544,0.0
1545,0.0
1546,0.0
1547,0.0
1548,0.0
1549,0.0
1550,0.0
1551,0.0
1552,0.0
1553,0.0
1554,0.0
1555,0.0
1556,0.0
1557,0.0
1558,0.0
1559,0.0
1560,0.0
1561,0.0
1562,0.0
1563,0.0
1564,0.0
1565,0.0
1566,0.0
1567,0.0
1568,0.0
1569,0.0
1570,0.0
1571,0.0
1572,0.0
1573,0.0
1574,0.0
1575,0.0
1576,0.0
1577,0.0
1578,0.0
1579,0.0
1580,0.0
1581,0.0
1582,0.0
1583,0.0
1584,0.0
1585,0.0
1586,0.0
1587,0.0
1588,0.0
1589,0.0
1590,0.0
1591,0.0
1592,0.0
1593,0.0
1594,0.0
1595,0.0
1596,0.0
1597,0.0
1598,0.0
1599,0.0
1600,0.0
1601,0.0
1602,0.0
1603,0.0
1604,0.0
1605,0.0
1606,0.0
1607,0.0
1608,0.0
1609,0.0
1610,0.0
1611,0.0
1612,0.0
1613,0.0
1614,0.0
1615,0.0
1616,0.0
1617,0.0
1618,0.0
1619,0.0
1620,0.0
1621,0.0
1622,0.0
1623,0.0
1624,0.0
1625,0.0
1626,0.0
1627,0.0
1628,0.0
1629,0.0
1630,0.0
1631,0.0
1632,0.0
1633,0.0
1634,0.0
1635,0.0
1636,0.0
1637,0.0
1638,0.0
1639,0.0
1640,0.0
1641,0.0
1642,0.0
1643,0.0
1644,0.0
1645,0.0
1646,0.0
1647,0.0
1648,0.0
1649,0.0
1650,0.0
1651,0.0
1652,0.0
1653,0.0
1654,0.0
1655,0.0
1656,0.0
1657,0.0
1658,0.0
1659,0.0
1660,0.0
1661,0.0
1662,0.0
1663,0.0
1664,0.0
1665,0.0
1666,0.0
1667,0.0
1668,0.0
1669,0.0
1670,0.0
1671,0.0
1672,0.0
1673,0.0
1674,0.0
1675,0.0
1676,0.0
1677,0.0
1678,0.0
1679,0.0
1680,0.0
1681,0.0
1682,0.0
1683,0.0
1684,0.0
1685,0.0
1686,0.0
1687,0.0
1688,0.0
1689,0.0
1690,0.0
1691,0.0
1692,0.0
1693,0.0
1694,0.0
1695,0.0
1696,0.0
1697,0.0
1698,0.0
1699,0.0
1700,0.0
1701,0.0
1702,0.0
1703,0.0
1704,0.0
1705,0.0
1706,0.0
1707,0.0
1708,0.0
1709,0.0
1710,0.0
1711,0.0
1712,0.0
1713,0.0
1714,0.0
1715,0.0
1716,0.0
1717,0.0
1718,0.0
1719,0.0
1720,0.0
1721,0.0
1722,0.0
1723,0.0
1724,0.0
1725,0.0
1726,0.0
1727,0.0
1728,0.0
1729,0.0
1730,0.0
1731,0.0
1732,0.0
1733,0.0
1734,0.0
1735,0.0
1736,0.0
1737,0.0
1738,0.0
1739,0.0
1740,0.0
1741,0.0
1742,0.0
1743,0.0
1744,0.0
1745,0.0
1746,0.0
1747,0.0
1748,0.0
1749,0.0
1750,0.0
1751,0.0
1752,0.0
1753,0.0
1754,0.0
1755,0.0
1756,0.0
1757,0.0
1758,0.0
1759,0.0
1760,0.0
1761,0.0
1762,0.0
1763,0.0
1764,0.0
1765,0.0
1766,0.0
1767,0.0
1768,0.0
1769,0.0
1770,0.0
1771,0.0
1772,0.0
1773,0.0
1774,0.0
1775,0.0
1776,0.0
1777,0.0
1778,0.0
1779,0.0
1780,0.0
1781,0.0
1782,0.0
1783,0.0
1784,0.0
1785,0.0
1786,0.0
1787,0.0
1788,0.0
1789,0.0
1790,0.0
1791,0.0
1792,0.0
1793,0.0
1794,0.0
1795,0.0
1796,0.0
1797,0.0
1798,0.0
1799,0.0
1800,0.0
1801,700.8473607058477
1802,700.8473607058477
1803,700.846773147227
1804,700.846773147227
1805,700.8473607058477
1806,700.8473607058477
1807,700.8473607058477
1808,700.8473607058477
1809,700.8473607058477
1810,700.846773147227
1811,700.846773147227
1812,700.8473607058477
1813,700.8473607058477
1814,700.8473607058477
1815,700.8473607058477
1816,700.8473607058477
1817,700.846773147227
1818,700.846773147227
1819,700.8473607058477
1820,700.8473607058477
1821,700.8473607058477
1822,700.8473607058477
1823,700.8473607058477
1824,700.846773147227
1825,700.846773147227
1826,700.8473607058477
1827,700.8473607058477
1828,700.8473607058477
1829,700.8473607058477
1830,700.8473607058477
1831,700.846773147227
1832,700.846773147227
1833,700.8473607058477
1834,700.8473607058477
1835,700.8473607058477
1836,700.8473607058477
1837,700.8473607058477
1838,700.846773147227
1839,700.846773147227
1840,700.8473607058477
1841,700.8473607058477
1842,700.8473607058477
1843,700.8473607058477
1844,700.8473607058477
1845,700.846773147227
1846,700.846773147227
1847,700.8473607058477
1848,700.8473607058477
1849,700.8473607058477
1850,700.8473607058477
1851,700.8473607058477
1852,700.846773147227
1853,700.846773147227
1854,700.8473607058477
1855,700.8473607058477
1856,700.8473607058477
1857,700.8473607058477
1858,700.8473607058477
1859,700.846773147227
1860,700.846773147227
1861,700.8473607058477
1862,700.8473607058477
1863,700.8473607058477
1864,700.8473607058477
1865,700.8473607058477
1866,700.846773147227
1867,700.846773147227
1868,700.8473607058477
1869,700.8473607058477
1870,700.8473607058477
1871,700.8473607058477
1872,700.8473607058477
1873,700.846773147227
1874,700.846773147227
1875,700.8473607058477
1876,700.8473607058477
1877,700.8473607058477
1878,700.8473607058477
1879,700.8473607058477
1880,700.846773147227
1881,700.846773147227
1882,700.8473607058477
1883,700.8473607058477
1884,700.8473607058477
1885,700.8473607058477
1886,700.8473607058477
1887,700.846773147227
1888,700.846773147227
1889,700.8473607058477
1890,700.8473607058477
1891,700.8473607058477
1892,700.8473607058477
1893,700.8473607058477
1894,700.846773147227
1895,700.846773147227
1896,700.8473607058477
1897,700.8473607058477
1898,700.8473607058477
1899,700.8473607058477
1900,700.8473607058477
1901,700.846773147227
1902,700.846773147227
1903,700.8473607058477
1904,700.8473607058477
1905,700.8473607058477
1906,700.8473607058477
1907,700.8473607058477
1908,700.846773147227
1909,700.846773147227
1910,700.8473607058477
1911,700.8473607058477
1912,700.8473607058477
1913,700.8473607058477
1914,700.8473607058477
1915,700.846773147227
1916,700.846773147227
1917,700.8473607058477
1918,700.8473607058477
1919,700.8473607058477
1920,700.8473607058477
1921,700.8473607058477
1922,700.846773147227
1923,700.846773147227
1924,700.8473607058477
1925,700.8473607058477
1926,700.8473607058477
1927,700.8473607058477
1928,700.8473607058477
1929,700.846773147227
1930,700.846773147227
1931,700.8473607058477
1932,700.8473607058477
1933,700.8473607058477
1934,700.8473607058477
1935,700.8473607058477
1936,700.846773147227
1937,700.846773147227
1938,700.8473607058477
1939,700.8473607058477
1940,700.8473607058477
1941,700.8473607058477
1942,700.8473607058477
1943,700.846773147227
1944,700.846773147227
1945,700.8473607058477
1946,700.8473607058477
1947,700.8473607058477
1948,700.8473607058477
1949,700.8473607058477
1950,700.846773147227
1951,0.0
1952,0.0
1953,0.0
1954,0.0
1955,0.0
1956,0.0
1957,0.0
1958,0.0
1959,0.0
1960,0.0
1961,0.0
1962,0.0
1963,0.0
1964,0.0
1965,0.0
1966,0.0
1967,0.0
1968,0.0
1969,0.0
1970,0.0
1971,0.0
1972,0.0
1973,0.0
1974,0.0
1975,0.0
1976,0.0
1977,0.0
1978,0.0
1979,0.0
1980,0.0
1981,0.0
1982,0.0
1983,0.0
1984,0.0
1985,0.0
1986,0.0
1987,0.0
1988,0.0
1989,0.0
1990,0.0
1991,0.0
1992,0.0
1993,0.0
1994,0.0
1995,0.0
1996,0.0
1997,0.0
1998,0.0
1999,0.0
2000,0.0
2001,0.0
2002,0.0
2003,0.0
2004,0.0
2005,0.0
2006,0.0
2007,0.0
2008,0.0
2009,0.0
2010,0.0
2011,0.0
2012,0.0
2013,0.0
2014,0.0
2015,0.0
2016,0.0
2017,0.0
2018,0.0
2019,0.0
2020,0.0
2021,0.0
2022,0.0
2023,0.0
2024,0.0
2025,0.0
2026,0.0
2027,0.0
2028,0.0
2029,0.0
2030,0.0
2031,0.0
2032,0.0
2033,0.0
2034,0.0
2035,0.0
2036,0.0
2037,0.0
2038,0.0
2039,0.0
2040,0.0
2041,0.0
2042,0.0
2043,0.0
2044,0.0
2045,0.0
2046,0.0
2047,0.0
2048,0.0
2049,0.0
2050,0.0
2051,0.0
2052,0.0
2053,0.0
2054,0.0
2055,0.0
2056,0.0
2057,0.0
2058,0.0
2059,0.0
2060,0.0
2061,0.0
2062,0.0
2063,0.0
2064,0.0
2065,0.0
2066,0.0
2067,0.0
2068,0.0
2069,0.0
2070,0.0
2071,0.0
2072,0.0
2073,0.0
2074,0.0
2075,0.0
2076,0.0
2077,0.0
2078,0.0
2079,0.0
2080,0.0
2081,0.0
2082,0.0
2083,0.0
2084,0.0
2085,0.0
2086,0.0
2087,0.0
2088,0.0
2089,0.0
2090,0.0
2091,0.0
2092,0.0
2093,0.0
2094,0.0
2095,0.0
2096,0.0
2097,0.0
2098,0.0
2099,0.0
2100,0.0
2101,0.0
2102,0.0
2103,0.0
2104,0.0
2105,0.0
2106,0.0
2107,0.0
2108,0.0
2109,0.0
2110,0.0
2111,0.0
2112,0.0
2113,0.0
2114,0.0
2115,0.0
2116,0.0
2117,0.0
2118,0.0
2119,0.0
2120,0.0
2121,0.0
2122,0.0
2123,0.0
2124,0.0
2125,0.0
2126,0.0
2127,0.0
2128,0.0
2129,0.0
2130,0.0
2131,0.0
2132,0.0
2133,0.0
2134,0.0
2135,0.0
2136,0.0
2137,0.0
2138,0.0
2139,0.0
2140,0.0
2141,0.0
2142,0.0
2143,0.0
2144,0.0
2145,0.0
2146,0.0
2147,0.0
2148,0.0
2149,0.0
2150,0.0
2151,0.0
2152,0.0
2153,0.0
2154,0.0
2155,0.0
2156,0.0
2157,0.0
2158,0.0
2159,0.0
2160,0.0
2161,0.0
2162,0.0
2163,0.0
2164,0.0
2165,0.0
2166,0.0
2167,0.0
2168,0.0
2169,0.0
2170,0.0
2171,0.0
2172,0.0
2173,0.0
2174,0.0
2175,0.0
2176,0.0
2177,0.0
2178,0.0
2179,0.0
2180,0.0
2181,0.0
2182,0.0
2183,0.0
2184,0.0
2185,0.0
2186,0.0
2187,0.0
2188,0.0
2189,0.0
2190,0.0
2191,0.0
2192,0.0
2193,0.0
2194,0.0
2195,0.0
2196,0.0
2197,0.0
2198,0.0
2199,0.0
2200,0.0
2201,0.0
2202,0.0
2203,0.0
2204,0.0
2205,0.0
2206,0.0
2207,0.0
2208,0.0
2209,0.0
2210,0.0
2211,0.0
2212,0.0
2213,0.0
2214,0.0
2215,0.0
2216,0.0
2217,0.0
2218,0.0
2219,0.0
2220,0.0
2221,0.0
2222,0.0
2223,0.0
2224,0.0
2225,0.0
2226,0.0
2227,0.0
2228,0.0
2229,0.0
2230,0.0
2231,0.0
2232,0.0
2233,0.0
2234,0.0
2235,0.0
2236,0.0
2237,0.0
2238,0.0
2239,0.0
2240,0.0
2241,0.0
2242,0.0
2243,0.0
2244,0.0
2245,0.0
2246,0.0
2247,0.0
2248,0.0
2249,0.0
2250,0.0
2251,714.9332194538212
2252,714.9332194538212
2253,714.9326318952005
2254,714.9326318952005
2255,714.9332194538212
2256,714.9332194538212
2257,714.9332194538212
2258,714.9332194538212
2259,714.9332194538212
2260,714.9326318952005
2261,714.9326318952005
2262,714.9332194538212
2263,714.9332194538212
2264,714.9332194538212
2265,714.9332194538212
2266,714.9332194538212
2267,714.9326318952005
2268,714.9326318952005
2269,714.9332194538212
2270,714.9332194538212
2271,714.9332194538212
2272,714.9332194538212
2273,714.9332194538212
2274,714.9326318952005
2275,714.9326318952005
2276,714.9332194538212
2277,714.9332194538212
2278,714.9332194538212
2279,714.9332194538212
2280,714.9332194538212
2281,714.9326318952005
2282,714.9326318952005
2283,714.9332194538212
2284,714.9332194538212
2285,714.9332194538212
2286,714.9332194538212
2287,714.9332194538212
2288,714.9326318952005
2289,714.9326318952005
2290,714.9332194538212
2291,714.9332194538212
2292,714.9332194538212
2293,714.9332194538212
2294,714.9332194538212
2295,714.9326318952005
2296,714.9326318952005
2297,714.9332194538212
2298,714.9332194538212
2299,714.9332194538212
2300,714.9332194538212
2301,714.9332194538212
2302,714.9326318952005
2303,714.9326318952005
2304,714.9332194538212
2305,714.9332194538212
2306,714.9332194538212
2307,714.9332194538212
2308,714.9332194538212
2309,714.9326318952005
2310,714.9326318952005
2311,714.9332194538212
2312,714.9332194538212
2313,714.9332194538212
2314,714.9332194538212
2315,714.9332194538212
2316,714.9326318952005
2317,714.9326318952005
2318,714.9332194538212
2319,714.9332194538212
2320,714.9332194538212
2321,714.9332194538212
2322,714.9332194538212
2323,714.9326318952005
2324,714.9326318952005
2325,714.9332194538212
2326,714.9332194538212
2327,714.9332194538212
2328,714.9332194538212
2329,714.9332194538212
2330,714.9326318952005
2331,714.9326318952005
2332,714.9332194538212
2333,714.9332194538212
2334,714.9332194538212
2335,714.9332194538212
2336,714.9332194538212
2337,714.9326318952005
2338,714.9326318952005
2339,714.9332194538212
2340,714.9332194538212
2341,714.9332194538212
2342,714.9332194538212
2343,714.9332194538212
2344,714.9326318952005
2345,714.9326318952005
2346,714.9332194538212
2347,714.9332194538212
2348,714.9332194538212
2349,714.9332194538212
2350,714.9332194538212
2351,714.9326318952005
2352,714.9326318952005
2353,714.9332194538212
2354,714.9332194538212
2355,714.9332194538212
2356,714.9332194538212
2357,714.9332194538212
2358,714.9326318952005
2359,714.9326318952005
2360,714.9332194538212
2361,714.9332194538212
2362,714.9332194538212
2363,714.9332194538212
2364,714.9332194538212
2365,714.9326318952005
2366,714.9326318952005
2367,714.9332194538212
2368,714.9332194538212
2369,714.9332194538212
2370,714.9332194538212
2371,714.9332194538212
2372,714.9326318952005
2373,714.9326318952005
2374,714.9332194538212
2375,714.9332194538212
2376,714.9332194538212
2377,714.9332194538212
2378,714.9332194538212
2379,714.9326318952005
2380,714.9326318952005
2381,714.9332194538212
2382,714.9332194538212
2383,714.9332194538212
2384,714.9332194538212
2385,714.9332194538212
2386,714.9326318952005
2387,714.9326318952005
2388,714.9332194538212
2389,714.9332194538212
2390,714.9332194538212
2391,714.9332194538212
2392,714.9332194538212
2393,714.9326318952005
2394,714.9326318952005
2395,714.9332194538212
2396,714.9332194538212
2397,714.9332194538212
2398,714.9332194538212
2399,714.9332194538212
2400,714.9326318952005
2401,706.9733200498423
2402,706.9733200498423
2403,706.9727324912217
2404,706.9727324912217
2405,706.9733200498423
2406,706.9733200498423
2407,706.9733200498423
2408,706.9733200498423
2409,706.9733200498423
2410,706.9727324912217
2411,706.9727324912217
2412,706.9733200498423
2413,706.9733200498423
2414,706.9733200498423
2415,706.9733200498423
2416,706.9733200498423
2417,706.9727324912217
2418,706.9727324912217
2419,706.9733200498423
2420,706.9733200498423
2421,706.9733200498423
2422,706.9733200498423
2423,706.9733200498423
2424,706.9727324912217
2425,706.9727324912217
2426,706.9733200498423
2427,706.9733200498423
2428,706.9733200498423
2429,706.9733200498423
2430,706.9733200498423
2431,706.9727324912217
2432,706.9727324912217
2433,706.9733200498423
2434,706.9733200498423
2435,706.9733200498423
2436,706.9733200498423
2437,706.9733200498423
2438,706.9727324912217
2439,706.9727324912217
2440,706.9733200498423
2441,706.9733200498423
2442,706.9733200498423
2443,706.9733200498423
2444,706.9733200498423
2445,706.9727324912217
2446,706.9727324912217
2447,706.9733200498423
2448,706.9733200498423
2449,706.9733200498423
2450,706.9733200498423
2451,706.9733200498423
2452,706.9727324912217
2453,706.9727324912217
2454,706.9733200498423
2455,706.9733200498423
2456,706.9733200498423
2457,706.9733200498423
2458,706.9733200498423
2459,706.9727324912217
2460,706.9727324912217
2461,706.9733200498423
2462,706.9733200498423
2463,706.9733200498423
2464,706.9733200498423
2465,706.9733200498423
2466,706.9727324912217
2467,706.9727324912217
2468,706.9733200498423
2469,706.9733200498423
2470,706.9733200498423
2471,706.9733200498423
2472,706.9733200498423
2473,706.9727324912217
2474,706.9727324912217
2475,706.9733200498423
2476,706.9733200498423
2477,706.9733200498423
2478,706.9733200498423
2479,706.9733200498423
2480,706.9727324912217
2481,706.9727324912217
2482,706.9733200498423
2483,706.9733200498423
2484,706.9733200498423
2485,706.9733200498423
2486,706.9733200498423
2487,706.9727324912217
2488,706.9727324912217
2489,706.9733200498423
2490,706.9733200498423
2491,706.9733200498423
2492,706.9733200498423
2493,706.9733200498423
2494,706.9727324912217
2495,706.9727324912217
2496,706.9733200498423
2497,706.9733200498423
2498,706.9733200498423
2499,706.9733200498423
2500,706.9733200498423
2501,706.9727324912217
2502,706.9727324912217
2503,706.9733200498423
2504,706.9733200498423
2505,706.9733200498423
2506,706.9733200498423
2507,706.9733200498423
2508,706.9727324912217
2509,706.9727324912217
2510,706.9733200498423
2511,706.9733200498423
2512,706.9733200498423
2513,706.9733200498423
2514,706.9733200498423
2515,706.9727324912217
2516,706.9727324912217
2517,706.9733200498423
2518,706.9733200498423
2519,706.9733200498423
2520,706.9733200498423
2521,706.9733200498423
2522,706.9727324912217
2523,706.9727324912217
2524,706.9733200498423
2525,706.9733200498423
2526,706.9733200498423
2527,706.9733200498423
2528,706.9733200498423
2529,706.9727324912217
2530,706.9727324912217
2531,706.9733200498423
2532,706.9733200498423
2533,706.9733200498423
2534,706.9733200498423
2535,706.9733200498423
2536,706.9727324912217
2537,706.9727324912217
2538,706.9733200498423
2539,706.9733200498423
2540,706.9733200498423
2541,706.9733200498423
2542,706.9733200498423
2543,706.9727324912217
2544,706.9727324912217
2545,706.9733200498423
2546,706.9733200498423
2547,706.9733200498423
2548,706.9733200498423
2549,706.9733200498423
2550,706.9727324912217
2551,0.0
2552,0.0
2553,0.0
2554,0.0
2555,0.0
2556,0.0
2557,0.0
2558,0.0
2559,0.0
2560,0.0
2561,0.0
2562,0.0
2563,0.0
2564,0.0
2565,0.0
2566,0.0
2567,0.0
2568,0.0
2569,0.0
2570,0.0
2571,0.0
2572,0.0
2573,0.0
2574,0.0
2575,0.0
2576,0.0
2577,0.0
2578,0.0
2579,0.0
2580,0.0
2581,0.0
2582,0.0
2583,0.0
2584,0.0
2585,0.0
2586,0.0
2587,0.0
2588,0.0
2589,0.0
2590,0.0
2591,0.0
2592,0.0
2593,0.0
2594,0.0
2595,0.0
2596,0.0
2597,0.0
2598,0.0
2599,0.0
2600,0.0
2601,0.0
2602,0.0
2603,0.0
2604,0.0
2605,0.0
2606,0.0
2607,0.0
2608,0.0
2609,0.0
2610,0.0
2611,0.0
2612,0.0
2613,0.0
2614,0.0
2615,0.0
2616,0.0
2617,0.0
2618,0.0
2619,0.0
2620,0.0
2621,0.0
2622,0.0
2623,0.0
2624,0.0
2625,0.0
2626,0.0
2627,0.0
2628,0.0
2629,0.0
2630,0.0
2631,0.0
2632,0.0
2633,0.0
2634,0.0
2635,0.0
2636,0.0
2637,0.0
2638,0.0
2639,0.0
2640,0.0
2641,0.0
2642,0.0
2643,0.0
2644,0.0
2645,0.0
2646,0.0
2647,0.0
2648,0.0
2649,0.0
2650,0.0
2651,0.0
2652,0.0
2653,0.0
2654,0.0
2655,0.0
2656,0.0
2657,0.0
2658,0.0
2659,0.0
2660,0.0
2661,0.0
2662,0.0
2663,0.0
2664,0.0
2665,0.0
2666,0.0
2667,0.0
2668,0.0
2669,0.0
2670,0.0
2671,0.0
2672,0.0
2673,0.0
2674,0.0
2675,0.0
2676,0.0
2677,0.0
2678,0.0
2679,0.0
2680,0.0
2681,0.0
2682,0.0
2683,0.0
2684,0.0
2685,0.0
2686,0.0
2687,0.0
2688,0.0
2689,0.0
2690,0.0
2691,0.0
2692,0.0
2693,0.0
2694,0.0
2695,0.0
2696,0.0
2697,0.0
2698,0.0
2699,0.0
2700,0.0
2701,0.0
2702,0.0
2703,0.0
2704,0.0
2705,0.0
2706,0.0
2707,0.0
2708,0.0
2709,0.0
2710,0.0
2711,0.0
2712,0.0
2713,0.0
2714,0.0
2715,0.0
2716,0.0
2717,0.0
2718,0.0
2719,0.0
2720,0.0
2721,0.0
2722,0.0
2723,0.0
2724,0.0
2725,0.0
2726,0.0
2727,0.0
2728,0.0
2729,0.0
2730,0.0
2731,0.0
2732,0.0
2733,0.0
2734,0.0
2735,0.0
2736,0.0
2737,0.0
2738,0.0
2739,0.0
2740,0.0
2741,0.0
2742,0.0
2743,0.0
2744,0.0
2745,0.0
2746,0.0
2747,0.0
2748,0.0
2749,0.0
2750,0.0
2751,0.0
2752,0.0
2753,0.0
2754,0.0
2755,0.0
2756,0.0
2757,0.0
2758,0.0
2759,0.0
2760,0.0
2761,0.0
2762,0.0
2763,0.0
2764,0.0
2765,0.0
2766,0.0
2767,0.0
2768,0.0
2769,0.0
2770,0.0
2771,0.0
2772,0.0
2773,0.0
2774,0.0
2775,0.0
2776,0.0
2777,0.0
2778,0.0
2779,0.0
2780,0.0
2781,0.0
2782,0.0
2783,0.0
2784,0.0
2785,0.0
2786,0.0
2787,0.0
2788,0.0
2789,0.0
2790,0.0
2791,0.0
2792,0.0
2793,0.0
2794,0.0
2795,0.0
2796,0.0
2797,0.0
2798,0.0
2799,0.0
2800,0.0
2801,0.0
2802,0.0
2803,0.0
2804,0.0
2805,0.0
2806,0.0
2807,0.0
2808,0.0
2809,0.0
2810,0.0
2811,0.0
2812,0.0
2813,0.0
2814,0.0
2815,0.0
2816,0.0
2817,0.0
2818,0.0
2819,0.0
2820,0.0
2821,0.0
2822,0.0
2823,0.0
2824,0.0
2825,0.0
2826,0.0
2827,0.0
2828,0.0
2829,0.0
2830,0.0
2831,0.0
2832,0.0
2833,0.0
2834,0.0
2835,0.0
2836,0.0
2837,0.0
2838,0.0
2839,0.0
2840,0.0
2841,0.0
2842,0.0
2843,0.0
2844,0.0
2845,0.0
2846,0.0
2847,0.0
2848,0.0
2849,0.0
2850,0.0
2851,700.8473607058477
2852,700.8473607058477
2853,700.846773147227
2854,700.846773147227
2855,700.8473607058477
2856,700.8473607058477
2857,700.8473607058477
2858,700.8473607058477
2859,700.8473607058477
2860,700.846773147227
2861,700.846773147227
2862,700.8473607058477
2863,700.8473607058477
2864,700.8473607058477
2865,700.8473607058477
2866,700.8473607058477
2867,700.846773147227
2868,700.846773147227
2869,700.8473607058477
2870,700.8473607058477
2871,700.8473607058477
2872,700.8473607058477
2873,700.8473607058477
2874,700.846773147227
2875,700.846773147227
2876,700.8473607058477
2877,700.8473607058477
2878,700.8473607058477
2879,700.8473607058477
2880,700.8473607058477
2881,700.846773147227
2882,700.846773147227
2883,700.8473607058477
2884,700.8473607058477
2885,700.8473607058477
2886,700.8473607058477
2887,700.8473607058477
2888,700.846773147227
2889,700.846773147227
2890,700.8473607058477
2891,700.8473607058477
2892,700.8473607058477
2893,700.8473607058477
2894,700.8473607058477
2895,700.846773147227
2896,700.846773147227
2897,700.8473607058477
2898,700.8473607058477
2899,700.8473607058477
2900,700.8473607058477
2901,700.8473607058477
2902,700.846773147227
2903,700.846773147227
2904,700.8473607058477
2905,700.8473607058477
2906,700.8473607058477
2907,700.8473607058477
2908,700.8473607058477
2909,700.846773147227
2910,700.846773147227
2911,700.8473607058477
2912,700.8473607058477
2913,700.8473607058477
2914,700.8473607058477
2915,700.8473607058477
2916,700.846773147227
2917,700.846773147227
2918,700.8473607058477
2919,700.8473607058477
2920,700.8473607058477
2921,700.8473607058477
2922,700.8473607058477
2923,700.846773147227
2924,700.846773147227
2925,700.8473607058477
2926,700.8473607058477
2927,700.8473607058477
2928,700.8473607058477
2929,700.8473607058477
2930,700.846773147227
2931,700.846773147227
2932,700.8473607058477
2933,700.8473607058477
2934,700.8473607058477
2935,700.8473607058477
2936,700.8473607058477
2937,700.846773147227
2938,700.846773147227
2939,700.8473607058477
2940,700.8473607058477
2941,700.8473607058477
2942,700.8473607058477
2943,700.8473607058477
2944,700.846773147227
2945,700.846773147227
2946,700.8473607058477
2947,700.8473607058477
2948,700.8473607058477
2949,700.8473607058477
2950,700.8473607058477
2951,700.846773147227
2952,700.846773147227
2953,700.8473607058477
2954,700.8473607058477
2955,700.8473607058477
2956,700.8473607058477
2957,700.8473607058477
2958,700.846773147227
2959,700.846773147227
2960,700.8473607058477
2961,700.8473607058477
2962,700.8473607058477
2963,700.8473607058477
2964,700.8473607058477
2965,700.846773147227
2966,700.846773147227
2967,700.8473607058477
2968,700.8473607058477
2969,700.8473607058477
2970,700.8473607058477
2971,700.8473607058477
2972,700.846773147227
2973,700.846773147227
2974,700.8473607058477
2975,700.8473607058477
2976,700.8473607058477
2977,700.8473607058477
2978,700.8473607058477
2979,700.846773147227
2980,700.846773147227
2981,700.8473607058477
2982,700.8473607058477
2983,700.8473607058477
2984,700.8473607058477
2985,700.8473607058477
2986,700.846773147227
2987,700.846773147227
2988,700.8473607058477
2989,700.8473607058477
2990,700.8473607058477
2991,700.8473607058477
2992,700.8473607058477
2993,700.846773147227
2994,700.846773147227
2995,700.8473607058477
2996,700.8473607058477
2997,700.8473607058477
2998,700.8473607058477
2999,700.8473607058477
3000,700.846773147227
3001,0.0
3002,0.0
3003,0.0
3004,0.0
3005,0.0
3006,0.0
3007,0.0
3008,0.0
3009,0.0
3010,0.0
3011,0.0
3012,0.0
3013,0.0
3014,0.0
3015,0.0
3016,0.0
3017,0.0
3018,0.0
3019,0.0
3020,0.0
3021,0.0
3022,0.0
3023,0.0
3024,0.0
3025,0.0
3026,0.0
3027,0.0
3028,0.0
3029,0.0
3030,0.0
3031,0.0
3032,0.0
3033,0.0
3034,0.0
3035,0.0
3036,0.0
3037,0.0
3038,0.0
3039,0.0
3040,0.0
3041,0.0
3042,0.0
3043,0.0
3044,0.0
3045,0.0
3046,0.0
3047,0.0
3048,0.0
3049,0.0
3050,0.0
3051,0.0
3052,0.0
3053,0.0
3054,0.0
3055,0.0
3056,0.0
3057,0.0
3058,0.0
3059,0.0
3060,0.0
3061,0.0
3062,0.0
3063,0.0
3064,0.0
3065,0.0
3066,0.0
3067,0.0
3068,0.0
3069,0.0
3070,0.0
3071,0.0
3072,0.0
3073,0.0
3074,0.0
3075,0.0
3076,0.0
3077,0.0
3078,0.0
3079,0.0
3080,0.0
3081,0.0
3082,0.0
3083,0.0
3084,0.0
3085,0.0
3086,0.0
3087,0.0
3088,0.0
3089,0.0
3090,0.0
3091,0.0
3092,0.0
3093,0.0
3094,0.0
3095,0.0
3096,0.0
3097,0.0
3098,0.0
3099,0.0
3100,0.0
3101,0.0
3102,0.0
3103,0.0
3104,0.0
3105,0.0
3106,0.0
3107,0.0
3108,0.0
3109,0.0
3110,0.0
3111,0.0
3112,0.0
3113,0.0
3114,0.0
3115,0.0
3116,0.0
3117,0.0
3118,0.0
3119,0.0
3120,0.0
3121,0.0
3122,0.0
3123,0.0
3124,0.0
3125,0.0
3126,0.0
3127,0.0
3128,0.0
3129,0.0
3130,0.0
3131,0.0
3132,0.0
3133,0.0
3134,0.0
3135,0.0
3136,0.0
3137,0.0
3138,0.0
3139,0.0
3140,0.0
3141,0.0
3142,0.0
3143,0.0
3144,0.0
3145,0.0
3146,0.0
3147,0.0
3148,0.0
3149,0.0
3150,0.0
3151,0.0
3152,0.0
3153,0.0
3154,0.0
3155,0.0
3156,0.0
3157,0.0
3158,0.0
3159,0.0
3160,0.0
3161,0.0
3162,0.0
3163,0.0
3164,0.0
3165,0.0
3166,0.0
3167,0.0
3168,0.0
3169,0.0
3170,0.0
3171,0.0
3172,0.0
3173,0.0
3174,0.0
3175,0.0
3176,0.0
3177,0.0
3178,0.0
3179,0.0
3180,0.0
3181,0.0
3182,0.0
3183,0.0
3184,0.0
3185,0.0
3186,0.0
3187,0.0
3188,0.0
3189,0.0
3190,0.0
3191,0.0
3192,0.0
3193,0.0
3194,0.0
3195,0.0
3196,0.0
3197,0.0
3198,0.0
3199,0.0
3200,0.0
3201,0.0
3202,0.0
3203,0.0
3204,0.0
3205,0.0
3206,0.0
3207,0.0
3208,0.0
3209,0.0
3210,0.0
3211,0.0
3212,0.0
3213,0.0
3214,0.0
3215,0.0
3216,0.0
3217,0.0
3218,0.0
3219,0.0
3220,0.0
3221,0.0
3222,0.0
3223,0.0
3224,0.0
3225,0.0
3226,0.0
3227,0.0
3228,0.0
3229,0.0
3230,0.0
3231,0.0
3232,0.0
3233,0.0
3234,0.0
3235,0.0
3236,0.0
3237,0.0
3238,0.0
3239,0.0
3240,0.0
3241,0.0
3242,0.0
3243,0.0
3244,0.0
3245,0.0
3246,0.0
3247,0.0
3248,0.0
3249,0.0
3250,0.0
3251,0.0
3252,0.0
3253,0.0
3254,0.0
3255,0.0
3256,0.0
3257,0.0
3258,0.0
3259,0.0
3260,0.0
3261,0.0
3262,0.0
3263,0.0
3264,0.0
3265,0.0
3266,0.0
3267,0.0
3268,0.0
3269,0.0
3270,0.0
3271,0.0
3272,0.0
3273,0.0
3274,0.0
3275,0.0
3276,0.0
3277,0.0
3278,0.0
3279,0.0
3280,0.0
3281,0.0
3282,0.0
3283,0.0
3284,0.0
3285,0.0
3286,0.0
3287,0.0
3288,0.0
3289,0.0
3290,0.0
3291,0.0
3292,0.0
3293,0.0
3294,0.0
3295,0.0
3296,0.0
3297,0.0
3298,0.0
3299,0.0
3300,0.0
3301,0.0
3302,0.0
3303,0.0
3304,0.0
3305,0.0
3306,0.0
3307,0.0
3308,0.0
3309,0.0
3310,0.0
3311,0.0
3312,0.0
3313,0.0
3314,0.0
3315,0.0
3316,0.0
3317,0.0
3318,0.0
3319,0.0
3320,0.0
3321,0.0
3322,0.0
3323,0.0
3324,0.0
3325,0.0
3326,0.0
3327,0.0
3328,0.0
3329,0.0
3330,0.0
3331,0.0
3332,0.0
3333,0.0
3334,0.0
3335,0.0
3336,0.0
3337,0.0
3338,0.0
3339,0.0
3340,0.0
3341,0.0
3342,0.0
3343,0.0
3344,0.0
3345,0.0
3346,0.0
3347,0.0
3348,0.0
3349,0.0
3350,0.0
3351,0.0
3352,0.0
3353,0.0
3354,0.0
3355,0.0
3356,0.0
3357,0.0
3358,0.0
3359,0.0
3360,0.0
3361,0.0
3362,0.0
3363,0.0
3364,0.0
3365,0.0
3366,0.0
3367,0.0
3368,0.0
3369,0.0
3370,0.0
3371,0.0
3372,0.0
3373,0.0
3374,0.0
3375,0.0
3376,0.0
3377,0.0
3378,0.0
3379,0.0
3380,0.0
3381,0.0
3382,0.0
3383,0.0
3384,0.0
3385,0.0
3386,0.0
3387,0.0
3388,0.0
3389,0.0
3390,0.0
3391,0.0
3392,0.0
3393,0.0
3394,0.0
3395,0.0
3396,0.0
3397,0.0
3398,0.0
3399,0.0
3400,0.0
3401,0.0
3402,0.0
3403,0.0
3404,0.0
3405,0.0
3406,0.0
3407,0.0
3408,0.0
3409,0.0
3410,0.0
3411,0.0
3412,0.0
3413,0.0
3414,0.0
3415,0.0
3416,0.0
3417,0.0
3418,0.0
3419,0.0
3420,0.0
3421,0.0
3422,0.0
3423,0.0
3424,0.0
3425,0.0
3426,0.0
3427,0.0
3428,0.0
3429,0.0
3430,0.0
3431,0.0
3432,0.0
3433,0.0
3434,0.0
3435,0.0
3436,0.0
3437,0.0
3438,0.0
3439,0.0
3440,0.0
3441,0.0
3442,0.0
3443,0.0
3444,0.0
3445,0.0
3446,0.0
3447,0.0
3448,0.0
3449,0.0
3450,0.0
3451,0.0
3452,0.0
3453,0.0
3454,0.0
3455,0.0
3456,0.0
3457,0.0
3458,0.0
3459,0.0
3460,0.0
3461,0.0
3462,0.0
3463,0.0
3464,0.0
3465,0.0
3466,0.0
3467,0.0
3468,0.0
3469,0.0
3470,0.0
3471,0.0
3472,0.0
3473,0.0
3474,0.0
3475,0.0
3476,0.0
3477,0.0
3478,0.0
3479,0.0
3480,0.0
3481,0.0
3482,0.0
3483,0.0
3484,0.0
3485,0.0
3486,0.0
3487,0.0
3488,0.0
3489,0.0
3490,0.0
3491,0.0
3492,0.0
3493,0.0
3494,0.0
3495,0.0
3496,0.0
3497,0.0
3498,0.0
3499,0.0
3500,0.0
3501,0.0
3502,0.0
3503,0.0
3504,0.0
3505,0.0
3506,0.0
3507,0.0
3508,0.0
3509,0.0
3510,0.0
3511,0.0
3512,0.0
3513,0.0
3514,0.0
3515,0.0
3516,0.0
3517,0.0
3518,0.0
3519,0.0
3520,0.0
3521,0.0
3522,0.0
3523,0.0
3524,0.0
3525,0.0
3526,0.0
3527,0.0
3528,0.0
3529,0.0
3530,0.0
3531,0.0
3532,0.0
3533,0.0
3534,0.0
3535,0.0
3536,0.0
3537,0.0
3538,0.0
3539,0.0
3540,0.0
3541,0.0
3542,0.0
3543,0.0
3544,0.0
3545,0.0
3546,0.0
3547,0.0
3548,0.0
3549,0.0
3550,0.0
3551,0.0
3552,0.0
3553,0.0
3554,0.0
3555,0.0
3556,0.0
3557,0.0
3558,0.0
3559,0.0
3560,0.0
3561,0.0
3562,0.0
3563,0.0
3564,0.0
3565,0.0
3566,0.0
3567,0.0
3568,0.0
3569,0.0
3570,0.0
3571,0.0
3572,0.0
3573,0.0
3574,0.0
3575,0.0
3576,0.0
3577,0.0
3578,0.0
3579,0.0
3580,0.0
3581,0.0
3582,0.0
3583,0.0
3584,0.0
3585,0.0
3586,0.0
3587,0.0
3588,0.0
3589,0.0
3590,0.0
3591,0.0
3592,0.0
3593,0.0
3594,0.0
3595,0.0
3596,0.0
3597,0.0
3598,0.0
3599,0.0
3600,0.0
3601,0.0
3602,0.0
3603,0.0
3604,0.0
3605,0.0
3606,0.0
3607,0.0
3608,0.0
3609,0.0
3610,0.0
3611,0.0
3612,0.0
3613,0.0
3614,0.0
3615,0.0
3616,0.0
3617,0.0
3618,0.0
3619,0.0
3620,0.0
3621,0.0
3622,0.0
3623,0.0
3624,0.0
3625,0.0
3626,0.0
3627,0.0
3628,0.0
3629,0.0
3630,0.0
3631,0.0
3632,0.0
3633,0.0
3634,0.0
3635,0.0
3636,0.0
3637,0.0
3638,0.0
3639,0.0
3640,0.0
3641,0.0
3642,0.0
3643,0.0
3644,0.0
3645,0.0
3646,0.0
3647,0.0
3648,0.0
3649,0.0
3650,0.0
3651,0.0
3652,0.0
3653,0.0
3654,0.0
3655,0.0
3656,0.0
3657,0.0
3658,0.0
3659,0.0
3660,0.0
3661,0.0
3662,0.0
3663,0.0
3664,0.0
3665,0.0
3666,0.0
3667,0.0
3668,0.0
3669,0.0
3670,0.0
3671,0.0
3672,0.0
3673,0.0
3674,0.0
3675,0.0
3676,0.0
3677,0.0
3678,0.0
3679,0.0
3680,0.0
3681,0.0
3682,0.0
3683,0.0
3684,0.0
3685,0.0
3686,0.0
3687,0.0
3688,0.0
3689,0.0
3690,0.0
3691,0.0
3692,0.0
3693,0.0
3694,0.0
3695,0.0
3696,0.0
3697,0.0
3698,0.0
3699,0.0
3700,0.0
3701,0.0
3702,0.0
3703,0.0
3704,0.0
3705,0.0
3706,0.0
3707,0.0
3708,0.0
3709,0.0
3710,0.0
3711,0.0
3712,0.0
3713,0.0
3714,0.0
3715,0.0
3716,0.0
3717,0.0
3718,0.0
3719,0.0
3720,0.0
3721,0.0
3722,0.0
3723,0.0
3724,0.0
3725,0.0
3726,0.0
3727,0.0
3728,0.0
3729,0.0
3730,0.0
3731,0.0
3732,0.0
3733,0.0
3734,0.0
3735,0.0
3736,0.0
3737,0.0
3738,0.0
3739,0.0
3740,0.0
3741,0.0
3742,0.0
3743,0.0
3744,0.0
3745,0.0
3746,0.0
3747,0.0
3748,0.0
3749,0.0
3750,0.0
3751,0.0
3752,0.0
3753,0.0
3754,0.0
3755,0.0
3756,0.0
3757,0.0
3758,0.0
3759,0.0
3760,0.0
3761,0.0
3762,0.0
3763,0.0
3764,0.0
3765,0.0
3766,0.0
3767,0.0
3768,0.0
3769,0.0
3770,0.0
3771,0.0
3772,0.0
3773,0.0
3774,0.0
3775,0.0
3776,0.0
3777,0.0
3778,0.0
3779,0.0
3780,0.0
3781,0.0
3782,0.0
3783,0.0
3784,0.0
3785,0.0
3786,0.0
3787,0.0
3788,0.0
3789,0.0
3790,0.0
3791,0.0
3792,0.0
3793,0.0
3794,0.0
3795,0.0
3796,0.0
3797,0.0
3798,0.0
3799,0.0
3800,0.0
3801,0.0
3802,0.0
3803,0.0
3804,0.0
3805,0.0
3806,0.0
3807,0.0
3808,0.0
3809,0.0
3810,0.0
3811,0.0
3812,0.0
3813,0.0
3814,0.0
3815,0.0
3816,0.0
3817,0.0
3818,0.0
3819,0.0
3820,0.0
3821,0.0
3822,0.0
3823,0.0
3824,0.0
3825,0.0
3826,0.0
3827,0.0
3828,0.0
3829,0.0
3830,0.0
3831,0.0
3832,0.0
3833,0.0
3834,0.0
3835,0.0
3836,0.0
3837,0.0
3838,0.0
3839,0.0
3840,0.0
3841,0.0
3842,0.0
3843,0.0
3844,0.0
3845,0.0
3846,0.0
3847,0.0
3848,0.0
3849,0.0
3850,0.0
3851,0.0
3852,0.0
3853,0.0
3854,0.0
3855,0.0
3856,0.0
3857,0.0
3858,0.0
3859,0.0
3860,0.0
3861,0.0
3862,0.0
3863,0.0
3864,0.0
3865,0.0
3866,0.0
3867,0.0
3868,0.0
3869,0.0
3870,0.0
3871,0.0
3872,0.0
3873,0.0
3874,0.0
3875,0.0
3876,0.0
3877,0.0
3878,0.0
3879,0.0
3880,0.0
3881,0.0
3882,0.0
3883,0.0
3884,0.0
3885,0.0
3886,0.0
3887,0.0
3888,0.0
3889,0.0
3890,0.0
3891,0.0
3892,0.0
3893,0.0
3894,0.0
3895,0.0
3896,0.0
3897,0.0
3898,0.0
3899,0.0
3900,0.0
3901,710.7208516505333
3902,710.7208516505333
3903,710.7202640919127
3904,710.7202640919127
3905,710.7208516505333
3906,710.7208516505333
3907,710.7208516505333
3908,710.7208516505333
3909,710.7208516505333
3910,710.7202640919127
3911,710.7202640919127
3912,710.7208516505333
3913,710.7208516505333
3914,710.7208516505333
3915,710.7208516505333
3916,710.7208516505333
3917,710.7202640919127
3918,710.7202640919127
3919,710.7208516505333
3920,710.7208516505333
3921,710.7208516505333
3922,710.7208516505333
3923,710.7208516505333
3924,710.7202640919127
3925,710.7202640919127
3926,710.7208516505333
3927,710.7208516505333
3928,710.7208516505333
3929,710.7208516505333
3930,710.7208516505333
3931,710.7202640919127
3932,710.7202640919127
3933,710.7208516505333
3934,710.7208516505333
3935,710.7208516505333
3936,710.7208516505333
3937,710.7208516505333
3938,710.7202640919127
3939,710.7202640919127
3940,710.7208516505333
3941,710.7208516505333
3942,710.7208516505333
3943,710.7208516505333
3944,710.7208516505333
3945,710.7202640919127
3946,710.7202640919127
3947,710.7208516505333
3948,710.7208516505333
3949,710.7208516505333
3950,710.7208516505333
3951,710.7208516505333
3952,710.7202640919127
3953,710.7202640919127
3954,710.7208516505333
3955,710.7208516505333
3956,710.7208516505333
3957,710.7208516505333
3958,710.7208516505333
3959,710.7202640919127
3960,710.7202640919127
3961,710.7208516505333
3962,710.7208516505333
3963,710.7208516505333
3964,710.7208516505333
3965,710.7208516505333
3966,710.7202640919127
3967,710.7202640919127
3968,710.7208516505333
3969,710.7208516505333
3970,710.7208516505333
3971,710.7208516505333
3972,710.7208516505333
3973,710.7202640919127
3974,710.7202640919127
3975,710.7208516505333
3976,710.7208516505333
3977,710.7208516505333
3978,710.7208516505333
3979,710.7208516505333
3980,710.7202640919127
3981,710.7202640919127
3982,710.7208516505333
3983,710.7208516505333
3984,710.7208516505333
3985,710.7208516505333
3986,710.7208516505333
3987,710.7202640919127
3988,710.7202640919127
3989,710.7208516505333
3990,710.7208516505333
3991,710.7208516505333
3992,710.7208516505333
3993,710.7208516505333
3994,710.7202640919127
3995,710.7202640919127
3996,710.7208516505333
3997,710.7208516505333
3998,710.7208516505333
3999,710.7208516505333
4000,710.7208516505333
4001,710.7202640919127
4002,710.7202640919127
4003,710.7208516505333
4004,710.7208516505333
4005,710.7208516505333
4006,710.7208516505333
4007,710.7208516505333
4008,710.7202640919127
4009,710.7202640919127
4010,710.7208516505333
4011,710.7208516505333
4012,710.7208516505333
4013,710.7208516505333
4014,710.7208516505333
4015,710.7202640919127
4016,710.7202640919127
4017,710.7208516505333
4018,710.7208516505333
4019,710.7208516505333
4020,710.7208516505333
4021,710.7208516505333
4022,710.7202640919127
4023,710.7202640919127
4024,710.7208516505333
4025,710.7208516505333
4026,710.7208516505333
4027,710.7208516505333
4028,710.7208516505333
4029,710.7202640919127
4030,710.7202640919127
4031,710.7208516505333
4032,710.7208516505333
4033,710.7208516505333
4034,710.7208516505333
4035,710.7208516505333
4036,710.7202640919127
4037,710.7202640919127
4038,710.7208516505333
4039,710.7208516505333
4040,710.7208516505333
4041,710.7208516505333
4042,710.7208516505333
4043,710.7202640919127
4044,710.7202640919127
4045,710.7208516505333
4046,710.7208516505333
4047,710.7208516505333
4048,710.7208516505333
4049,710.7208516505333
4050,710.7202640919127
4051,722.2673065400069
4052,722.2673065400069
4053,722.2667189813862
4054,722.2667189813862
4055,722.2673065400069
4056,722.2673065400069
4057,722.2673065400069
4058,722.2673065400069
4059,722.2673065400069
4060,722.2667189813862
4061,722.2667189813862
4062,722.2673065400069
4063,722.2673065400069
4064,722.2673065400069
4065,722.2673065400069
4066,722.2673065400069
4067,722.2667189813862
4068,722.2667189813862
4069,722.2673065400069
4070,722.2673065400069
4071,722.2673065400069
4072,722.2673065400069
4073,722.2673065400069
4074,722.2667189813862
4075,722.2667189813862
4076,722.2673065400069
4077,722.2673065400069
4078,722.2673065400069
4079,722.2673065400069
4080,722.2673065400069
4081,722.2667189813862
4082,722.2667189813862
4083,722.2673065400069
4084,722.2673065400069
4085,722.2673065400069
4086,722.2673065400069
4087,722.2673065400069
4088,722.2667189813862
4089,722.2667189813862
4090,722.2673065400069
4091,722.2673065400069
4092,722.2673065400069
4093,722.2673065400069
4094,722.2673065400069
4095,722.2667189813862
4096,722.2667189813862
4097,722.2673065400069
4098,722.2673065400069
4099,722.2673065400069
4100,722.2673065400069
4101,722.2673065400069
4102,722.2667189813862
4103,722.2667189813862
4104,722.2673065400069
4105,722.2673065400069
4106,722.2673065400069
4107,722.2673065400069
4108,722.2673065400069
4109,722.2667189813862
4110,722.2667189813862
4111,722.2673065400069
4112,722.2673065400069
4113,722.2673065400069
4114,722.2673065400069
4115,722.2673065400069
4116,722.2667189813862
4117,722.2667189813862
4118,722.2673065400069
4119,722.2673065400069
4120,722.2673065400069
4121,722.2673065400069
4122,722.2673065400069
4123,722.2667189813862
4124,722.2667189813862
4125,722.2673065400069
4126,722.2673065400069
4127,722.2673065400069
4128,722.2673065400069
4129,722.2673065400069
4130,722.2667189813862
4131,722.2667189813862
4132,722.2673065400069
4133,722.2673065400069
4134,722.2673065400069
4135,722.2673065400069
4136,722.2673065400069
4137,722.2667189813862
4138,722.2667189813862
4139,722.2673065400069
4140,722.2673065400069
4141,722.2673065400069
4142,722.2673065400069
4143,722.2673065400069
4144,722.2667189813862
4145,722.2667189813862
4146,722.2673065400069
4147,722.2673065400069
4148,722.2673065400069
4149,722.2673065400069
4150,722.2673065400069
4151,722.2667189813862
4152,722.2667189813862
4153,722.2673065400069
4154,722.2673065400069
4155,722.2673065400069
4156,722.2673065400069
4157,722.2673065400069
4158,722.2667189813862
4159,722.2667189813862
4160,722.2673065400069
4161,722.2673065400069
4162,722.2673065400069
4163,722.2673065400069
4164,722.2673065400069
4165,722.2667189813862
4166,722.2667189813862
4167,722.2673065400069
4168,722.2673065400069
4169,722.2673065400069
4170,722.2673065400069
4171,722.2673065400069
4172,722.2667189813862
4173,722.2667189813862
4174,722.2673065400069
4175,722.2673065400069
4176,722.2673065400069
4177,722.2673065400069
4178,722.2673065400069
4179,722.2667189813862
4180,722.2667189813862
4181,722.2673065400069
4182,722.2673065400069
4183,722.2673065400069
4184,722.2673065400069
4185,722.2673065400069
4186,722.2667189813862
4187,722.2667189813862
4188,722.2673065400069
4189,722.2673065400069
4190,722.2673065400069
4191,722.2673065400069
4192,722.2673065400069
4193,722.2667189813862
4194,722.2667189813862
4195,722.2673065400069
4196,722.2673065400069
4197,722.2673065400069
4198,722.2673065400069
4199,722.2673065400069
4200,722.2667189813862
4201,0.0
4202,0.0
4203,0.0
4204,0.0
4205,0.0
4206,0.0
4207,0.0
4208,0.0
4209,0.0
4210,0.0
4211,0.0
4212,0.0
4213,0.0
4214,0.0
4215,0.0
4216,0.0
4217,0.0
4218,0.0
4219,0.0
4220,0.0
4221,0.0
4222,0.0
4223,0.0
4224,0.0
4225,0.0
4226,0.0
4227,0.0
4228,0.0
4229,0.0
4230,0.0
4231,0.0
4232,0.0
4233,0.0
4234,0.0
4235,0.0
4236,0.0
4237,0.0
4238,0.0
4239,0.0
4240,0.0
4241,0.0
4242,0.0
4243,0.0
4244,0.0
4245,0.0
4246,0.0
4247,0.0
4248,0.0
4249,0.0
4250,0.0
4251,0.0
4252,0.0
4253,0.0
4254,0.0
4255,0.0
4256,0.0
4257,0.0
4258,0.0
4259,0.0
4260,0.0
4261,0.0
4262,0.0
4263,0.0
4264,0.0
4265,0.0
4266,0.0
4267,0.0
4268,0.0
4269,0.0
4270,0.0
4271,0.0
4272,0.0
4273,0.0
4274,0.0
4275,0.0
4276,0.0
4277,0.0
4278,0.0
4279,0.0
4280,0.0
4281,0.0
4282,0.0
4283,0.0
4284,0.0
4285,0.0
4286,0.0
4287,0.0
4288,0.0
4289,0.0
4290,0.0
4291,0.0
4292,0.0
4293,0.0
4294,0.0
4295,0.0
4296,0.0
4297,0.0
4298,0.0
4299,0.0
4300,0.0
4301,0.0
4302,0.0
4303,0.0
4304,0.0
4305,0.0
4306,0.0
4307,0.0
4308,0.0
4309,0.0
4310,0.0
4311,0.0
4312,0.0
4313,0.0
4314,0.0
4315,0.0
4316,0.0
4317,0.0
4318,0.0
4319,0.0
4320,0.0
4321,0.0
4322,0.0
4323,0.0
4324,0.0
4325,0.0
4326,0.0
4327,0.0
4328,0.0
4329,0.0
4330,0.0
4331,0.0
4332,0.0
4333,0.0
4334,0.0
4335,0.0
4336,0.0
4337,0.0
4338,0.0
4339,0.0
4340,0.0
4341,0.0
4342,0.0
4343,0.0
4344,0.0
4345,0.0
4346,0.0
4347,0.0
4348,0.0
4349,0.0
4350,0.0
4351,0.0
4352,0.0
4353,0.0
4354,0.0
4355,0.0
4356,0.0
4357,0.0
4358,0.0
4359,0.0
4360,0.0
4361,0.0
4362,0.0
4363,0.0
4364,0.0
4365,0.0
4366,0.0
4367,0.0
4368,0.0
4369,0.0
4370,0.0
4371,0.0
4372,0.0
4373,0.0
4374,0.0
4375,0.0
4376,0.0
4377,0.0
4378,0.0
4379,0.0
4380,0.0
4381,0.0
4382,0.0
4383,0.0
4384,0.0
4385,0.0
4386,0.0
4387,0.0
4388,0.0
4389,0.0
4390,0.0
4391,0.0
4392,0.0
4393,0.0
4394,0.0
4395,0.0
4396,0.0
4397,0.0
4398,0.0
4399,0.0
4400,0.0
4401,0.0
4402,0.0
4403,0.0
4404,0.0
4405,0.0
4406,0.0
4407,0.0
4408,0.0
4409,0.0
4410,0.0
4411,0.0
4412,0.0
4413,0.0
4414,0.0
4415,0.0
4416,0.0
4417,0.0
4418,0.0
4419,0.0
4420,0.0
4421,0.0
4422,0.0
4423,0.0
4424,0.0
4425,0.0
4426,0.0
4427,0.0
4428,0.0
4429,0.0
4430,0.0
4431,0.0
4432,0.0
4433,0.0
4434,0.0
4435,0.0
4436,0.0
4437,0.0
4438,0.0
4439,0.0
4440,0.0
4441,0.0
4442,0.0
4443,0.0
4444,0.0
4445,0.0
4446,0.0
4447,0.0
4448,0.0
4449,0.0
4450,0.0
4451,0.0
4452,0.0
4453,0.0
4454,0.0
4455,0.0
4456,0.0
4457,0.0
4458,0.0
4459,0.0
4460,0.0
4461,0.0
4462,0.0
4463,0.0
4464,0.0
4465,0.0
4466,0.0
4467,0.0
4468,0.0
4469,0.0
4470,0.0
4471,0.0
4472,0.0
4473,0.0
4474,0.0
4475,0.0
4476,0.0
4477,0.0
4478,0.0
4479,0.0
4480,0.0
4481,0.0
4482,0.0
4483,0.0
4484,0.0
4485,0.0
4486,0.0
4487,0.0
4488,0.0
4489,0.0
4490,0.0
4491,0.0
4492,0.0
4493,0.0
4494,0.0
4495,0.0
4496,0.0
4497,0.0
4498,0.0
4499,0.0
4500,0.0
4501,0.0
4502,0.0
4503,0.0
4504,0.0
4505,0.0
4506,0.0
4507,0.0
4508,0.0
4509,0.0
4510,0.0
4511,0.0
4512,0.0
4513,0.0
4514,0.0
4515,0.0
4516,0.0
4517,0.0
4518,0.0
4519,0.0
4520,0.0
4521,0.0
4522,0.0
4523,0.0
4524,0.0
4525,0.0
4526,0.0
4527,0.0
4528,0.0
4529,0.0
4530,0.0
4531,0.0
4532,0.0
4533,0.0
4534,0.0
4535,0.0
4536,0.0
4537,0.0
4538,0.0
4539,0.0
4540,0.0
4541,0.0
4542,0.0
4543,0.0
4544,0.0
4545,0.0
4546,0.0
4547,0.0
4548,0.0
4549,0.0
4550,0.0
4551,0.0
4552,0.0
4553,0.0
4554,0.0
4555,0.0
4556,0.0
4557,0.0
4558,0.0
4559,0.0
4560,0.0
4561,0.0
4562,0.0
4563,0.0
4564,0.0
4565,0.0
4566,0.0
4567,0.0
4568,0.0
4569,0.0
4570,0.0
4571,0.0
4572,0.0
4573,0.0
4574,0.0
4575,0.0
4576,0.0
4577,0.0
4578,0.0
4579,0.0
4580,0.0
4581,0.0
4582,0.0
4583,0.0
4584,0.0
4585,0.0
4586,0.0
4587,0.0
4588,0.0
4589,0.0
4590,0.0
4591,0.0
4592,0.0
4593,0.0
4594,0.0
4595,0.0
4596,0.0
4597,0.0
4598,0.0
4599,0.0
4600,0.0
4601,0.0
4602,0.0
4603,0.0
4604,0.0
4605,0.0
4606,0.0
4607,0.0
4608,0.0
4609,0.0
4610,0.0
4611,0.0
4612,0.0
4613,0.0
4614,0.0
4615,0.0
4616,0.0
4617,0.0
4618,0.0
4619,0.0
4620,0.0
4621,0.0
4622,0.0
4623,0.0
4624,0.0
4625,0.0
4626,0.0
4627,0.0
4628,0.0
4629,0.0
4630,0.0
4631,0.0
4632,0.0
4633,0.0
4634,0.0
4635,0.0
4636,0.0
4637,0.0
4638,0.0
4639,0.0
4640,0.0
4641,0.0
4642,0.0
4643,0.0
4644,0.0
4645,0.0
4646,0.0
4647,0.0
4648,0.0
4649,0.0
4650,0.0
4651,0.0
4652,0.0
4653,0.0
4654,0.0
4655,0.0
4656,0.0
4657,0.0
4658,0.0
4659,0.0
4660,0.0
4661,0.0
4662,0.0
4663,0.0
4664,0.0
4665,0.0
4666,0.0
4667,0.0
4668,0.0
4669,0.0
4670,0.0
4671,0.0
4672,0.0
4673,0.0
4674,0.0
4675,0.0
4676,0.0
4677,0.0
4678,0.0
4679,0.0
4680,0.0
4681,0.0
4682,0.0
4683,0.0
4684,0.0
4685,0.0
4686,0.0
4687,0.0
4688,0.0
4689,0.0
4690,0.0
4691,0.0
4692,0.0
4693,0.0
4694,0.0
4695,0.0
4696,0.0
4697,0.0
4698,0.0
4699,0.0
4700,0.0
4701,0.0
4702,0.0
4703,0.0
4704,0.0
4705,0.0
4706,0.0
4707,0.0
4708,0.0
4709,0.0
4710,0.0
4711,0.0
4712,0.0
4713,0.0
4714,0.0
4715,0.0
4716,0.0
4717,0.0
4718,0.0
4719,0.0
4720,0.0
4721,0.0
4722,0.0
4723,0.0
4724,0.0
4725,0.0
4726,0.0
4727,0.0
4728,0.0
4729,0.0
4730,0.0
4731,0.0
4732,0.0
4733,0.0
4734,0.0
4735,0.0
4736,0.0
4737,0.0
4738,0.0
4739,0.0
4740,0.0
4741,0.0
4742,0.0
4743,0.0
4744,0.0
4745,0.0
4746,0.0
4747,0.0
4748,0.0
4749,0.0
4750,0.0
4751,0.0
4752,0.0
4753,0.0
4754,0.0
4755,0.0
4756,0.0
4757,0.0
4758,0.0
4759,0.0
4760,0.0
4761,0.0
4762,0.0
4763,0.0
4764,0.0
4765,0.0
4766,0.0
4767,0.0
4768,0.0
4769,0.0
4770,0.0
4771,0.0
4772,0.0
4773,0.0
4774,0.0
4775,0.0
4776,0.0
4777,0.0
4778,0.0
4779,0.0
4780,0.0
4781,0.0
4782,0.0
4783,0.0
4784,0.0
4785,0.0
4786,0.0
4787,0.0
4788,0.0
4789,0.0
4790,0.0
4791,0.0
4792,0.0
4793,0.0
4794,0.0
4795,0.0
4796,0.0
4797,0.0
4798,0.0
4799,0.0
4800,0.0
4801,0.0
4802,0.0
4803,0.0
4804,0.0
4805,0.0
4806,0.0
4807,0.0
4808,0.0
4809,0.0
4810,0.0
4811,0.0
4812,0.0
4813,0.0
4814,0.0
4815,0.0
4816,0.0
4817,0.0
4818,0.0
4819,0.0
4820,0.0
4821,0.0
4822,0.0
4823,0.0
4824,0.0
4825,0.0
4826,0.0
4827,0.0
4828,0.0
4829,0.0
4830,0.0
4831,0.0
4832,0.0
4833,0.0
4834,0.0
4835,0.0
4836,0.0
4837,0.0
4838,0.0
4839,0.0
4840,0.0
4841,0.0
4842,0.0
4843,0.0
4844,0.0
4845,0.0
4846,0.0
4847,0.0
4848,0.0
4849,0.0
4850,0.0
4851,0.0
4852,0.0
4853,0.0
4854,0.0
4855,0.0
4856,0.0
4857,0.0
4858,0.0
4859,0.0
4860,0.0
4861,0.0
4862,0.0
4863,0.0
4864,0.0
4865,0.0
4866,0.0
4867,0.0
4868,0.0
4869,0.0
4870,0.0
4871,0.0
4872,0.0
4873,0.0
4874,0.0
4875,0.0
4876,0.0
4877,0.0
4878,0.0
4879,0.0
4880,0.0
4881,0.0
4882,0.0
4883,0.0
4884,0.0
4885,0.0
4886,0.0
4887,0.0
4888,0.0
4889,0.0
4890,0.0
4891,0.0
4892,0.0
4893,0.0
4894,0.0
4895,0.0
4896,0.0
4897,0.0
4898,0.0
4899,0.0
4900,0.0
4901,0.0
4902,0.0
4903,0.0
4904,0.0
4905,0.0
4906,0.0
4907,0.0
4908,0.0
4909,0.0
4910,0.0
4911,0.0
4912,0.0
4913,0.0
4914,0.0
4915,0.0
4916,0.0
4917,0.0
4918,0.0
4919,0.0
4920,0.0
4921,0.0
4922,0.0
4923,0.0
4924,0.0
4925,0.0
4926,0.0
4927,0.0
4928,0.0
4929,0.0
4930,0.0
4931,0.0
4932,0.0
4933,0.0
4934,0.0
4935,0.0
4936,0.0
4937,0.0
4938,0.0
4939,0.0
4940,0.0
4941,0.0
4942,0.0
4943,0.0
4944,0.0
4945,0.0
4946,0.0
4947,0.0
4948,0.0
4949,0.0
4950,0.0
4951,0.0
4952,0.0
4953,0.0
4954,0.0
4955,0.0
4956,0.0
4957,0.0
4958,0.0
4959,0.0
4960,0.0
4961,0.0
4962,0.0
4963,0.0
4964,0.0
4965,0.0
4966,0.0
4967,0.0
4968,0.0
4969,0.0
4970,0.0
4971,0.0
4972,0.0
4973,0.0
4974,0.0
4975,0.0
4976,0.0
4977,0.0
4978,0.0
4979,0.0
4980,0.0
4981,0.0
4982,0.0
4983,0.0
4984,0.0
4985,0.0
4986,0.0
4987,0.0
4988,0.0
4989,0.0
4990,0.0
4991,0.0
4992,0.0
4993,0.0
4994,0.0
4995,0.0
4996,0.0
4997,0.0
4998,0.0
4999,0.0
5000,0.0
5001,0.0
5002,0.0
5003,0.0
5004,0.0
5005,0.0
5006,0.0
5007,0.0
5008,0.0
5009,0.0
5010,0.0
5011,0.0
5012,0.0
5013,0.0
5014,0.0
5015,0.0
5016,0.0
5017,0.0
5018,0.0
5019,0.0
5020,0.0
5021,0.0
5022,0.0
5023,0.0
5024,0.0
5025,0.0
5026,0.0
5027,0.0
5028,0.0
5029,0.0
5030,0.0
5031,0.0
5032,0.0
5033,0.0
5034,0.0
5035,0.0
5036,0.0
5037,0.0
5038,0.0
5039,0.0
5040,0.0
5041,0.0
5042,0.0
5043,0.0
5044,0.0
5045,0.0
5046,0.0
5047,0.0
5048,0.0
5049,0.0
5050,0.0
5051,0.0
5052,0.0
5053,0.0
5054,0.0
5055,0.0
5056,0.0
5057,0.0
5058,0.0
5059,0.0
5060,0.0
5061,0.0
5062,0.0
5063,0.0
5064,0.0
5065,0.0
5066,0.0
5067,0.0
5068,0.0
5069,0.0
5070,0.0
5071,0.0
5072,0.0
5073,0.0
5074,0.0
5075,0.0
5076,0.0
5077,0.0
5078,0.0
5079,0.0
5080,0.0
5081,0.0
5082,0.0
5083,0.0
5084,0.0
5085,0.0
5086,0.0
5087,0.0
5088,0.0
5089,0.0
5090,0.0
5091,0.0
5092,0.0
5093,0.0
5094,0.0
5095,0.0
5096,0.0
5097,0.0
5098,0.0
5099,0.0
5100,0.0
5101,0.0
5102,0.0
5103,0.0
5104,0.0
5105,0.0
5106,0.0
5107,0.0
5108,0.0
5109,0.0
5110,0.0
5111,0.0
5112,0.0
5113,0.0
5114,0.0
5115,0.0
5116,0.0
5117,0.0
5118,0.0
5119,0.0
5120,0.0
5121,0.0
5122,0.0
5123,0.0
5124,0.0
5125,0.0
5126,0.0
5127,0.0
5128,0.0
5129,0.0
5130,0.0
5131,0.0
5132,0.0
5133,0.0
5134,0.0
5135,0.0
5136,0.0
5137,0.0
5138,0.0
5139,0.0
5140,0.0
5141,0.0
5142,0.0
5143,0.0
5144,0.0
5145,0.0
5146,0.0
5147,0.0
5148,0.0
5149,0.0
5150,0.0
5151,0.0
5152,0.0
5153,0.0
5154,0.0
5155,0.0
5156,0.0
5157,0.0
5158,0.0
5159,0.0
5160,0.0
5161,0.0
5162,0.0
5163,0.0
5164,0.0
5165,0.0
5166,0.0
5167,0.0
5168,0.0
5169,0.0
5170,0.0
5171,0.0
5172,0.0
5173,0.0
5174,0.0
5175,0.0
5176,0.0
5177,0.0
5178,0.0
5179,0.0
5180,0.0
5181,0.0
5182,0.0
5183,0.0
5184,0.0
5185,0.0
5186,0.0
5187,0.0
5188,0.0
5189,0.0
5190,0.0
5191,0.0
5192,0.0
5193,0.0
5194,0.0
5195,0.0
5196,0.0
5197,0.0
5198,0.0
5199,0.0
5200,0.0
5201,0.0
5202,0.0
5203,0.0
5204,0.0
5205,0.0
5206,0.0
5207,0.0
5208,0.0
5209,0.0
5210,0.0
5211,0.0
5212,0.0
5213,0.0
5214,0.0
5215,0.0
5216,0.0
5217,0.0
5218,0.0
5219,0.0
5220,0.0
5221,0.0
5222,0.0
5223,0.0
5224,0.0
5225,0.0
5226,0.0
5227,0.0
5228,0.0
5229,0.0
5230,0.0
5231,0.0
5232,0.0
5233,0.0
5234,0.0
5235,0.0
5236,0.0
5237,0.0
5238,0.0
5239,0.0
5240,0.0
5241,0.0
5242,0.0
5243,0.0
5244,0.0
5245,0.0
5246,0.0
5247,0.0
5248,0.0
5249,0.0
5250,0.0
5251,0.0
5252,0.0
5253,0.0
5254,0.0
5255,0.0
5256,0.0
5257,0.0
5258,0.0
5259,0.0
5260,0.0
5261,0.0
5262,0.0
5263,0.0
5264,0.0
5265,0.0
5266,0.0
5267,0.0
5268,0.0
5269,0.0
5270,0.0
5271,0.0
5272,0.0
5273,0.0
5274,0.0
5275,0.0
5276,0.0
5277,0.0
5278,0.0
5279,0.0
5280,0.0
5281,0.0
5282,0.0
5283,0.0
5284,0.0
5285,0.0
5286,0.0
5287,0.0
5288,0.0
5289,0.0
5290,0.0
5291,0.0
5292,0.0
5293,0.0
5294,0.0
5295,0.0
5296,0.0
5297,0.0
5298,0.0
5299,0.0
5300,0.0
5301,0.0
5302,0.0
5303,0.0
5304,0.0
5305,0.0
5306,0.0
5307,0.0
5308,0.0
5309,0.0
5310,0.0
5311,0.0
5312,0.0
5313,0.0
5314,0.0
5315,0.0
5316,0.0
5317,0.0
5318,0.0
5319,0.0
5320,0.0
5321,0.0
5322,0.0
5323,0.0
5324,0.0
5325,0.0
5326,0.0
5327,0.0
5328,0.0
5329,0.0
5330,0.0
5331,0.0
5332,0.0
5333,0.0
5334,0.0
5335,0.0
5336,0.0
5337,0.0
5338,0.0
5339,0.0
5340,0.0
5341,0.0
5342,0.0
5343,0.0
5344,0.0
5345,0.0
5346,0.0
5347,0.0
5348,0.0
5349,0.0
5350,0.0
5351,0.0
5352,0.0
5353,0.0
5354,0.0
5355,0.0
5356,0.0
5357,0.0
5358,0.0
5359,0.0
5360,0.0
5361,0.0
5362,0.0
5363,0.0
5364,0.0
5365,0.0
5366,0.0
5367,0.0
5368,0.0
5369,0.0
5370,0.0
5371,0.0
5372,0.0
5373,0.0
5374,0.0
5375,0.0
5376,0.0
5377,0.0
5378,0.0
5379,0.0
5380,0.0
5381,0.0
5382,0.0
5383,0.0
5384,0.0
5385,0.0
5386,0.0
5387,0.0
5388,0.0
5389,0.0
5390,0.0
5391,0.0
5392,0.0
5393,0.0
5394,0.0
5395,0.0
5396,0.0
5397,0.0
5398,0.0
5399,0.0
5400,0.0
5401,0.0
5402,0.0
5403,0.0
5404,0.0
5405,0.0
5406,0.0
5407,0.0
5408,0.0
5409,0.0
5410,0.0
5411,0.0
5412,0.0
5413,0.0
5414,0.0
5415,0.0
5416,0.0
5417,0.0
5418,0.0
5419,0.0
5420,0.0
5421,0.0
5422,0.0
5423,0.0
5424,0.0
5425,0.0
5426,0.0
5427,0.0
5428,0.0
5429,0.0
5430,0.0
5431,0.0
5432,0.0
5433,0.0
5434,0.0
5435,0.0
5436,0.0
5437,0.0
5438,0.0
5439,0.0
5440,0.0
5441,0.0
5442,0.0
5443,0.0
5444,0.0
5445,0.0
5446,0.0
5447,0.0
5448,0.0
5449,0.0
5450,0.0
5451,0.0
5452,0.0
5453,0.0
5454,0.0
5455,0.0
5456,0.0
5457,0.0
5458,0.0
5459,0.0
5460,0.0
5461,0.0
5462,0.0
5463,0.0
5464,0.0
5465,0.0
5466,0.0
5467,0.0
5468,0.0
5469,0.0
5470,0.0
5471,0.0
5472,0.0
5473,0.0
5474,0.0
5475,0.0
5476,0.0
5477,0.0
5478,0.0
5479,0.0
5480,0.0
5481,0.0
5482,0.0
5483,0.0
5484,0.0
5485,0.0
5486,0.0
5487,0.0
5488,0.0
5489,0.0
5490,0.0
5491,0.0
5492,0.0
5493,0.0
5494,0.0
5495,0.0
5496,0.0
5497,0.0
5498,0.0
5499,0.0
5500,0.0
5501,0.0
5502,0.0
5503,0.0
5504,0.0
5505,0.0
5506,0.0
5507,0.0
5508,0.0
5509,0.0
5510,0.0
5511,0.0
5512,0.0
5513,0.0
5514,0.0
5515,0.0
5516,0.0
5517,0.0
5518,0.0
5519,0.0
5520,0.0
5521,0.0
5522,0.0
5523,0.0
5524,0.0
5525,0.0
5526,0.0
5527,0.0
5528,0.0
5529,0.0
5530,0.0
5531,0.0
5532,0.0
5533,0.0
5534,0.0
5535,0.0
5536,0.0
5537,0.0
5538,0.0
5539,0.0
5540,0.0
5541,0.0
5542,0.0
5543,0.0
5544,0.0
5545,0.0
5546,0.0
5547,0.0
5548,0.0
5549,0.0
5550,0.0
5551,0.0
5552,0.0
5553,0.0
5554,0.0
5555,0.0
5556,0.0
5557,0.0
5558,0.0
5559,0.0
5560,0.0
5561,0.0
5562,0.0
5563,0.0
5564,0.0
5565,0.0
5566,0.0
5567,0.0
5568,0.0
5569,0.0
5570,0.0
5571,0.0
5572,0.0
5573,0.0
5574,0.0
5575,0.0
5576,0.0
5577,0.0
5578,0.0
5579,0.0
5580,0.0
5581,0.0
5582,0.0
5583,0.0
5584,0.0
5585,0.0
5586,0.0
5587,0.0
5588,0.0
5589,0.0
5590,0.0
5591,0.0
5592,0.0
5593,0.0
5594,0.0
5595,0.0
5596,0.0
5597,0.0
5598,0.0
5599,0.0
5600,0.0
5601,0.0
5602,0.0
5603,0.0
5604,0.0
5605,0.0
5606,0.0
5607,0.0
5608,0.0
5609,0.0
5610,0.0
5611,0.0
5612,0.0
5613,0.0
5614,0.0
5615,0.0
5616,0.0
5617,0.0
5618,0.0
5619,0.0
5620,0.0
5621,0.0
5622,0.0
5623,0.0
5624,0.0
5625,0.0
5626,0.0
5627,0.0
5628,0.0
5629,0.0
5630,0.0
5631,0.0
5632,0.0
5633,0.0
5634,0.0
5635,0.0
5636,0.0
5637,0.0
5638,0.0
5639,0.0
5640,0.0
5641,0.0
5642,0.0
5643,0.0
5644,0.0
5645,0.0
5646,0.0
5647,0.0
5648,0.0
5649,0.0
5650,0.0
5651,0.0
5652,0.0
5653,0.0
5654,0.0
5655,0.0
5656,0.0
5657,0.0
5658,0.0
5659,0.0
5660,0.0
5661,0.0
5662,0.0
5663,0.0
5664,0.0
5665,0.0
5666,0.0
5667,0.0
5668,0.0
5669,0.0
5670,0.0
5671,0.0
5672,0.0
5673,0.0
5674,0.0
5675,0.0
5676,0.0
5677,0.0
5678,0.0
5679,0.0
5680,0.0
5681,0.0
5682,0.0
5683,0.0
5684,0.0
5685,0.0
5686,0.0
5687,0.0
5688,0.0
5689,0.0
5690,0.0
5691,0.0
5692,0.0
5693,0.0
5694,0.0
5695,0.0
5696,0.0
5697,0.0
5698,0.0
5699,0.0
5700,0.0
5701,0.0
5702,0.0
5703,0.0
5704,0.0
5705,0.0
5706,0.0
5707,0.0
5708,0.0
5709,0.0
5710,0.0
5711,0.0
5712,0.0
5713,0.0
5714,0.0
5715,0.0
5716,0.0
5717,0.0
5718,0.0
5719,0.0
5720,0.0
5721,0.0
5722,0.0
5723,0.0
5724,0.0
5725,0.0
5726,0.0
5727,0.0
5728,0.0
5729,0.0
5730,0.0
5731,0.0
5732,0.0
5733,0.0
5734,0.0
5735,0.0
5736,0.0
5737,0.0
5738,0.0
5739,0.0
5740,0.0
5741,0.0
5742,0.0
5743,0.0
5744,0.0
5745,0.0
5746,0.0
5747,0.0
5748,0.0
5749,0.0
5750,0.0
5751,0.0
5752,0.0
5753,0.0
5754,0.0
5755,0.0
5756,0.0
5757,0.0
5758,0.0
5759,0.0
5760,0.0
5761,0.0
5762,0.0
5763,0.0
5764,0.0
5765,0.0
5766,0.0
5767,0.0
5768,0.0
5769,0.0
5770,0.0
5771,0.0
5772,0.0
5773,0.0
5774,0.0
5775,0.0
5776,0.0
5777,0.0
5778,0.0
5779,0.0
5780,0.0
5781,0.0
5782,0.0
5783,0.0
5784,0.0
5785,0.0
5786,0.0
5787,0.0
5788,0.0
5789,0.0
5790,0.0
5791,0.0
5792,0.0
5793,0.0
5794,0.0
5795,0.0
5796,0.0
5797,0.0
5798,0.0
5799,0.0
5800,0.0
5801,0.0
5802,0.0
5803,0.0
5804,0.0
5805,0.0
5806,0.0
5807,0.0
5808,0.0
5809,0.0
5810,0.0
5811,0.0
5812,0.0
5813,0.0
5814,0.0
5815,0.0
5816,0.0
5817,0.0
5818,0.0
5819,0.0
5820,0.0
5821,0.0
5822,0.0
5823,0.0
5824,0.0
5825,0.0
5826,0.0
5827,0.0
5828,0.0
5829,0.0
5830,0.0
5831,0.0
5832,0.0
5833,0.0
5834,0.0
5835,0.0
5836,0.0
5837,0.0
5838,0.0
5839,0.0
5840,0.0
5841,0.0
5842,0.0
5843,0.0
5844,0.0
5845,0.0
5846,0.0
5847,0.0
5848,0.0
5849,0.0
5850,0.0
5851,0.0
5852,0.0
5853,0.0
5854,0.0
5855,0.0
5856,0.0
5857,0.0
5858,0.0
5859,0.0
5860,0.0
5861,0.0
5862,0.0
5863,0.0
5864,0.0
5865,0.0
5866,0.0
5867,0.0
5868,0.0
5869,0.0
5870,0.0
5871,0.0
5872,0.0
5873,0.0
5874,0.0
5875,0.0
5876,0.0
5877,0.0
5878,0.0
5879,0.0
5880,0.0
5881,0.0
5882,0.0
5883,0.0
5884,0.0
5885,0.0
5886,0.0
5887,0.0
5888,0.0
5889,0.0
5890,0.0
5891,0.0
5892,0.0
5893,0.0
5894,0.0
5895,0.0
5896,0.0
5897,0.0
5898,0.0
5899,0.0
5900,0.0
5901,0.0
5902,0.0
5903,0.0
5904,0.0
5905,0.0
5906,0.0
5907,0.0
5908,0.0
5909,0.0
5910,0.0
5911,0.0
5912,0.0
5913,0.0
5914,0.0
5915,0.0
5916,0.0
5917,0.0
5918,0.0
5919,0.0
5920,0.0
5921,0.0
5922,0.0
5923,0.0
5924,0.0
5925,0.0
5926,0.0
5927,0.0
5928,0.0
5929,0.0
5930,0.0
5931,0.0
5932,0.0
5933,0.0
5934,0.0
5935,0.0
5936,0.0
5937,0.0
5938,0.0
5939,0.0
5940,0.0
5941,0.0
5942,0.0
5943,0.0
5944,0.0
5945,0.0
5946,0.0
5947,0.0
5948,0.0
5949,0.0
5950,0.0
5951,0.0
5952,0.0
5953,0.0
5954,0.0
5955,0.0
5956,0.0
5957,0.0
5958,0.0
5959,0.0
5960,0.0
5961,0.0
5962,0.0
5963,0.0
5964,0.0
5965,0.0
5966,0.0
5967,0.0
5968,0.0
5969,0.0
5970,0.0
5971,0.0
5972,0.0
5973,0.0
5974,0.0
5975,0.0
5976,0.0
5977,0.0
5978,0.0
5979,0.0
5980,0.0
5981,0.0
5982,0.0
5983,0.0
5984,0.0
5985,0.0
5986,0.0
5987,0.0
5988,0.0
5989,0.0
5990,0.0
5991,0.0
5992,0.0
5993,0.0
5994,0.0
5995,0.0
5996,0.0
5997,0.0
5998,0.0
5999,0.0
6000,0.0
6001,0.0
6002,0.0
6003,0.0
6004,0.0
6005,0.0
6006,0.0
6007,0.0
6008,0.0
6009,0.0
6010,0.0
6011,0.0
6012,0.0
6013,0.0
6014,0.0
6015,0.0
6016,0.0
6017,0.0
6018,0.0
6019,0.0
6020,0.0
6021,0.0
6022,0.0
6023,0.0
6024,0.0
6025,0.0
6026,0.0
6027,0.0
6028,0.0
6029,0.0
6030,0.0
6031,0.0
6032,0.0
6033,0.0
6034,0.0
6035,0.0
6036,0.0
6037,0.0
6038,0.0
6039,0.0
6040,0.0
6041,0.0
6042,0.0
6043,0.0
6044,0.0
6045,0.0
6046,0.0
6047,0.0
6048,0.0
6049,0.0
6050,0.0
6051,0.0
6052,0.0
6053,0.0
6054,0.0
6055,0.0
6056,0.0
6057,0.0
6058,0.0
6059,0.0
6060,0.0
6061,0.0
6062,0.0
6063,0.0
6064,0.0
6065,0.0
6066,0.0
6067,0.0
6068,0.0
6069,0.0
6070,0.0
6071,0.0
6072,0.0
6073,0.0
6074,0.0
6075,0.0
6076,0.0
6077,0.0
6078,0.0
6079,0.0
6080,0.0
6081,0.0
6082,0.0
6083,0.0
6084,0.0
6085,0.0
6086,0.0
6087,0.0
6088,0.0
6089,0.0
6090,0.0
6091,0.0
6092,0.0
6093,0.0
6094,0.0
6095,0.0
6096,0.0
6097,0.0
6098,0.0
6099,0.0
6100,0.0
6101,0.0
6102,0.0
6103,0.0
6104,0.0
6105,0.0
6106,0.0
6107,0.0
6108,0.0
6109,0.0
6110,0.0
6111,0.0
6112,0.0
6113,0.0
6114,0.0
6115,0.0
6116,0.0
6117,0.0
6118,0.0
6119,0.0
6120,0.0
6121,0.0
6122,0.0
6123,0.0
6124,0.0
6125,0.0
6126,0.0
6127,0.0
6128,0.0
6129,0.0
6130,0.0
6131,0.0
6132,0.0
6133,0.0
6134,0.0
6135,0.0
6136,0.0
6137,0.0
6138,0.0
6139,0.0
6140,0.0
6141,0.0
6142,0.0
6143,0.0
6144,0.0
6145,0.0
6146,0.0
6147,0.0
6148,0.0
6149,0.0
6150,0.0
6151,168.9835859008552
6152,168.9835859008552
6153,168.98299834223462
6154,168.98299834223462
6155,163.820073503095
6156,163.820073503095
6157,163.820073503095
6158,168.9835859008552
6159,168.9835859008552
6160,168.98299834223462
6161,168.98299834223462
6162,163.820073503095
6163,163.820073503095
6164,163.820073503095
6165,168.9835859008552
6166,168.9835859008552
6167,168.98299834223462
6168,168.98299834223462
6169,163.820073503095
6170,163.820073503095
6171,163.820073503095
6172,168.9835859008552
6173,168.9835859008552
6174,168.98299834223462
6175,168.98299834223462
6176,163.820073503095
6177,163.820073503095
6178,163.820073503095
6179,168.9835859008552
6180,168.9835859008552
6181,168.98299834223462
6182,168.98299834223462
6183,163.820073503095
6184,163.820073503095
6185,163.820073503095
6186,168.9835859008552
6187,168.9835859008552
6188,168.98299834223462
6189,168.98299834223462
6190,163.820073503095
6191,163.820073503095
6192,163.820073503095
6193,168.9835859008552
6194,168.9835859008552
6195,168.98299834223462
6196,168.98299834223462
6197,163.820073503095
6198,163.820073503095
6199,163.820073503095
6200,168.9835859008552
6201,168.9835859008552
6202,168.98299834223462
6203,168.98299834223462
6204,163.820073503095
6205,163.820073503095
6206,163.820073503095
6207,168.9835859008552
6208,168.9835859008552
6209,168.98299834223462
6210,168.98299834223462
6211,163.820073503095
6212,163.820073503095
6213,163.820073503095
6214,168.9835859008552
6215,168.9835859008552
6216,168.98299834223462
6217,168.98299834223462
6218,163.820073503095
6219,163.820073503095
6220,163.820073503095
6221,168.9835859008552
6222,168.9835859008552
6223,168.98299834223462
6224,168.98299834223462
6225,163.820073503095
6226,163.820073503095
6227,163.820073503095
6228,168.9835859008552
6229,168.9835859008552
6230,168.98299834223462
6231,168.98299834223462
6232,163.820073503095
6233,163.820073503095
6234,163.820073503095
6235,168.9835859008552
6236,168.9835859008552
6237,168.98299834223462
6238,168.98299834223462
6239,163.820073503095
6240,163.820073503095
6241,163.820073503095
6242,168.9835859008552
6243,168.9835859008552
6244,168.98299834223462
6245,168.98299834223462
6246,163.820073503095
6247,163.820073503095
6248,163.820073503095
6249,168.9835859008552
6250,168.9835859008552
6251,168.98299834223462
6252,168.98299834223462
6253,163.820073503095
6254,163.820073503095
6255,163.820073503095
6256,168.9835859008552
6257,168.9835859008552
6258,168.98299834223462
6259,168.98299834223462
6260,163.820073503095
6261,163.820073503095
6262,163.820073503095
6263,168.9835859008552
6264,168.9835859008552
6265,168.98299834223462
6266,168.98299834223462
6267,163.820073503095
6268,163.820073503095
6269,163.820073503095
6270,168.9835859008552
6271,168.9835859008552
6272,168.98299834223462
6273,168.98299834223462
6274,163.820073503095
6275,163.820073503095
6276,163.820073503095
6277,168.9835859008552
6278,168.9835859008552
6279,168.98299834223462
6280,168.98299834223462
6281,163.820073503095
6282,163.820073503095
6283,163.820073503095
6284,168.9835859008552
6285,168.9835859008552
6286,168.98299834223462
6287,168.98299834223462
6288,163.820073503095
6289,163.820073503095
6290,163.820073503095
6291,168.9835859008552
6292,168.9835859008552
6293,168.98299834223462
6294,168.98299834223462
6295,163.820073503095
6296,163.820073503095
6297,163.820073503095
6298,168.9835859008552
6299,168.9835859008552
6300,168.98299834223462
6301,0.0
6302,0.0
6303,0.0
6304,0.0
6305,0.0
6306,0.0
6307,0.0
6308,0.0
6309,0.0
6310,0.0
6311,0.0
6312,0.0
6313,0.0
6314,0.0
6315,0.0
6316,0.0
6317,0.0
6318,0.0
6319,0.0
6320,0.0
6321,0.0
6322,0.0
6323,0.0
6324,0.0
6325,0.0
6326,0.0
6327,0.0
6328,0.0
6329,0.0
6330,0.0
6331,0.0
6332,0.0
6333,0.0
6334,0.0
6335,0.0
6336,0.0
6337,0.0
6338,0.0
6339,0.0
6340,0.0
6341,0.0
6342,0.0
6343,0.0
6344,0.0
6345,0.0
6346,0.0
6347,0.0
6348,0.0
6349,0.0
6350,0.0
6351,0.0
6352,0.0
6353,0.0
6354,0.0
6355,0.0
6356,0.0
6357,0.0
6358,0.0
6359,0.0
6360,0.0
6361,0.0
6362,0.0
6363,0.0
6364,0.0
6365,0.0
6366,0.0
6367,0.0
6368,0.0
6369,0.0
6370,0.0
6371,0.0
6372,0.0
6373,0.0
6374,0.0
6375,0.0
6376,0.0
6377,0.0
6378,0.0
6379,0.0
6380,0.0
6381,0.0
6382,0.0
6383,0.0
6384,0.0
6385,0.0
6386,0.0
6387,0.0
6388,0.0
6389,0.0
6390,0.0
6391,0.0
6392,0.0
6393,0.0
6394,0.0
6395,0.0
6396,0.0
6397,0.0
6398,0.0
6399,0.0
6400,0.0
6401,0.0
6402,0.0
6403,0.0
6404,0.0
6405,0.0
6406,0.0
6407,0.0
6408,0.0
6409,0.0
6410,0.0
6411,0.0
6412,0.0
6413,0.0
6414,0.0
6415,0.0
6416,0.0
6417,0.0
6418,0.0
6419,0.0
6420,0.0
6421,0.0
6422,0.0
6423,0.0
6424,0.0
6425,0.0
6426,0.0
6427,0.0
6428,0.0
6429,0.0
6430,0.0
6431,0.0
6432,0.0
6433,0.0
6434,0.0
6435,0.0
6436,0.0
6437,0.0
6438,0.0
6439,0.0
6440,0.0
6441,0.0
6442,0.0
6443,0.0
6444,0.0
6445,0.0
6446,0.0
6447,0.0
6448,0.0
6449,0.0
6450,0.0
6451,0.0
6452,0.0
6453,0.0
6454,0.0
6455,0.0
6456,0.0
6457,0.0
6458,0.0
6459,0.0
6460,0.0
6461,0.0
6462,0.0
6463,0.0
6464,0.0
6465,0.0
6466,0.0
6467,0.0
6468,0.0
6469,0.0
6470,0.0
6471,0.0
6472,0.0
6473,0.0
6474,0.0
6475,0.0
6476,0.0
6477,0.0
6478,0.0
6479,0.0
6480,0.0
6481,0.0
6482,0.0
6483,0.0
6484,0.0
6485,0.0
6486,0.0
6487,0.0
6488,0.0
6489,0.0
6490,0.0
6491,0.0
6492,0.0
6493,0.0
6494,0.0
6495,0.0
6496,0.0
6497,0.0
6498,0.0
6499,0.0
6500,0.0
6501,0.0
6502,0.0
6503,0.0
6504,0.0
6505,0.0
6506,0.0
6507,0.0
6508,0.0
6509,0.0
6510,0.0
6511,0.0
6512,0.0
6513,0.0
6514,0.0
6515,0.0
6516,0.0
6517,0.0
6518,0.0
6519,0.0
6520,0.0
6521,0.0
6522,0.0
6523,0.0
6524,0.0
6525,0.0
6526,0.0
6527,0.0
6528,0.0
6529,0.0
6530,0.0
6531,0.0
6532,0.0
6533,0.0
6534,0.0
6535,0.0
6536,0.0
6537,0.0
6538,0.0
6539,0.0
6540,0.0
6541,0.0
6542,0.0
6543,0.0
6544,0.0
6545,0.0
6546,0.0
6547,0.0
6548,0.0
6549,0.0
6550,0.0
6551,0.0
6552,0.0
6553,0.0
6554,0.0
6555,0.0
6556,0.0
6557,0.0
6558,0.0
6559,0.0
6560,0.0
6561,0.0
6562,0.0
6563,0.0
6564,0.0
6565,0.0
6566,0.0
6567,0.0
6568,0.0
6569,0.0
6570,0.0
6571,0.0
6572,0.0
6573,0.0
6574,0.0
6575,0.0
6576,0.0
6577,0.0
6578,0.0
6579,0.0
6580,0.0
6581,0.0
6582,0.0
6583,0.0
6584,0.0
6585,0.0
6586,0.0
6587,0.0
6588,0.0
6589,0.0
6590,0.0
6591,0.0
6592,0.0
6593,0.0
6594,0.0
6595,0.0
6596,0.0
6597,0.0
6598,0.0
6599,0.0
6600,0.0
6601,0.0
6602,0.0
6603,0.0
6604,0.0
6605,0.0
6606,0.0
6607,0.0
6608,0.0
6609,0.0
6610,0.0
6611,0.0
6612,0.0
6613,0.0
6614,0.0
6615,0.0
6616,0.0
6617,0.0
6618,0.0
6619,0.0
6620,0.0
6621,0.0
6622,0.0
6623,0.0
6624,0.0
6625,0.0
6626,0.0
6627,0.0
6628,0.0
6629,0.0
6630,0.0
6631,0.0
6632,0.0
6633,0.0
6634,0.0
6635,0.0
6636,0.0
6637,0.0
6638,0.0
6639,0.0
6640,0.0
6641,0.0
6642,0.0
6643,0.0
6644,0.0
6645,0.0
6646,0.0
6647,0.0
6648,0.0
6649,0.0
6650,0.0
6651,0.0
6652,0.0
6653,0.0
6654,0.0
6655,0.0
6656,0.0
6657,0.0
6658,0.0
6659,0.0
6660,0.0
6661,0.0
6662,0.0
6663,0.0
6664,0.0
6665,0.0
6666,0.0
6667,0.0
6668,0.0
6669,0.0
6670,0.0
6671,0.0
6672,0.0
6673,0.0
6674,0.0
6675,0.0
6676,0.0
6677,0.0
6678,0.0
6679,0.0
6680,0.0
6681,0.0
6682,0.0
6683,0.0
6684,0.0
6685,0.0
6686,0.0
6687,0.0
6688,0.0
6689,0.0
6690,0.0
6691,0.0
6692,0.0
6693,0.0
6694,0.0
6695,0.0
6696,0.0
6697,0.0
6698,0.0
6699,0.0
6700,0.0
6701,0.0
6702,0.0
6703,0.0
6704,0.0
6705,0.0
6706,0.0
6707,0.0
6708,0.0
6709,0.0
6710,0.0
6711,0.0
6712,0.0
6713,0.0
6714,0.0
6715,0.0
6716,0.0
6717,0.0
6718,0.0
6719,0.0
6720,0.0
6721,0.0
6722,0.0
6723,0.0
6724,0.0
6725,0.0
6726,0.0
6727,0.0
6728,0.0
6729,0.0
6730,0.0
6731,0.0
6732,0.0
6733,0.0
6734,0.0
6735,0.0
6736,0.0
6737,0.0
6738,0.0
6739,0.0
6740,0.0
6741,0.0
6742,0.0
6743,0.0
6744,0.0
6745,0.0
6746,0.0
6747,0.0
6748,0.0
6749,0.0
6750,0.0
6751,26.062104139974522
6752,26.062104139974522
6753,26.061957279084424
6754,26.061957279084424
6755,26.062104139974522
6756,26.062104139974522
6757,26.062104139974522
6758,26.062104139974522
6759,26.062104139974522
6760,26.061957279084424
6761,26.061957279084424
6762,26.062104139974522
6763,26.062104139974522
6764,26.062104139974522
6765,26.062104139974522
6766,26.062104139974522
6767,26.061957279084424
6768,26.061957279084424
6769,26.062104139974522
6770,26.062104139974522
6771,26.062104139974522
6772,26.062104139974522
6773,26.062104139974522
6774,26.061957279084424
6775,26.061957279084424
6776,26.062104139974522
6777,26.062104139974522
6778,26.062104139974522
6779,26.062104139974522
6780,26.062104139974522
6781,26.061957279084424
6782,26.061957279084424
6783,26.062104139974522
6784,26.062104139974522
6785,26.062104139974522
6786,26.062104139974522
6787,26.062104139974522
6788,26.061957279084424
6789,26.061957279084424
6790,26.062104139974522
6791,26.062104139974522
6792,26.062104139974522
6793,26.062104139974522
6794,26.062104139974522
6795,26.061957279084424
6796,26.061957279084424
6797,26.062104139974522
6798,26.062104139974522
6799,26.062104139974522
6800,26.062104139974522
6801,26.062104139974522
6802,26.061957279084424
6803,26.061957279084424
6804,26.062104139974522
6805,26.062104139974522
6806,26.062104139974522
6807,26.062104139974522
6808,26.062104139974522
6809,26.061957279084424
6810,26.061957279084424
6811,26.062104139974522
6812,26.062104139974522
6813,26.062104139974522
6814,26.062104139974522
6815,26.062104139974522
6816,26.061957279084424
6817,26.061957279084424
6818,26.062104139974522
6819,26.062104139974522
6820,26.062104139974522
6821,26.062104139974522
6822,26.062104139974522
6823,26.061957279084424
6824,26.061957279084424
6825,26.062104139974522
6826,26.062104139974522
6827,26.062104139974522
6828,26.062104139974522
6829,26.062104139974522
6830,26.061957279084424
6831,26.061957279084424
6832,26.062104139974522
6833,26.062104139974522
6834,26.062104139974522
6835,26.062104139974522
6836,26.062104139974522
6837,26.061957279084424
6838,26.061957279084424
6839,26.062104139974522
6840,26.062104139974522
6841,26.062104139974522
6842,26.062104139974522
6843,26.062104139974522
6844,26.061957279084424
6845,26.061957279084424
6846,26.062104139974522
6847,26.062104139974522
6848,26.062104139974522
6849,26.062104139974522
6850,26.062104139974522
6851,26.061957279084424
6852,26.061957279084424
6853,26.062104139974522
6854,26.062104139974522
6855,26.062104139974522
6856,26.062104139974522
6857,26.062104139974522
6858,26.061957279084424
6859,26.061957279084424
6860,26.062104139974522
6861,26.062104139974522
6862,26.062104139974522
6863,26.062104139974522
6864,26.062104139974522
6865,26.061957279084424
6866,26.061957279084424
6867,26.062104139974522
6868,26.062104139974522
6869,26.062104139974522
6870,26.062104139974522
6871,26.062104139974522
6872,26.061957279084424
6873,26.061957279084424
6874,26.062104139974522
6875,26.062104139974522
6876,26.062104139974522
6877,26.062104139974522
6878,26.062104139974522
6879,26.061957279084424
6880,26.061957279084424
6881,26.062104139974522
6882,26.062104139974522
6883,26.062104139974522
6884,26.062104139974522
6885,26.062104139974522
6886,26.061957279084424
6887,26.061957279084424
6888,26.062104139974522
6889,26.062104139974522
6890,26.062104139974522
6891,26.062104139974522
6892,26.062104139974522
6893,26.061957279084424
6894,26.061957279084424
6895,26.062104139974522
6896,26.062104139974522
6897,26.062104139974522
6898,26.062104139974522
6899,26.062104139974522
6900,26.061957279084424
6901,0.0
6902,0.0
6903,0.0
6904,0.0
6905,0.0
6906,0.0
6907,0.0
6908,0.0
6909,0.0
6910,0.0
6911,0.0
6912,0.0
6913,0.0
6914,0.0
6915,0.0
6916,0.0
6917,0.0
6918,0.0
6919,0.0
6920,0.0
6921,0.0
6922,0.0
6923,0.0
6924,0.0
6925,0.0
6926,0.0
6927,0.0
6928,0.0
6929,0.0
6930,0.0
6931,0.0
6932,0.0
6933,0.0
6934,0.0
6935,0.0
6936,0.0
6937,0.0
6938,0.0
6939,0.0
6940,0.0
6941,0.0
6942,0.0
6943,0.0
6944,0.0
6945,0.0
6946,0.0
6947,0.0
6948,0.0
6949,0.0
6950,0.0
6951,0.0
6952,0.0
6953,0.0
6954,0.0
6955,0.0
6956,0.0
6957,0.0
6958,0.0
6959,0.0
6960,0.0
6961,0.0
6962,0.0
6963,0.0
6964,0.0
6965,0.0
6966,0.0
6967,0.0
6968,0.0
6969,0.0
6970,0.0
6971,0.0
6972,0.0
6973,0.0
6974,0.0
6975,0.0
6976,0.0
6977,0.0
6978,0.0
6979,0.0
6980,0.0
6981,0.0
6982,0.0
6983,0.0
6984,0.0
6985,0.0
6986,0.0
6987,0.0
6988,0.0
6989,0.0
6990,0.0
6991,0.0
6992,0.0
6993,0.0
6994,0.0
6995,0.0
6996,0.0
6997,0.0
6998,0.0
6999,0.0
7000,0.0
7001,0.0
7002,0.0
7003,0.0
7004,0.0
7005,0.0
7006,0.0
7007,0.0
7008,0.0
7009,0.0
7010,0.0
7011,0.0
7012,0.0
7013,0.0
7014,0.0
7015,0.0
7016,0.0
7017,0.0
7018,0.0
7019,0.0
7020,0.0
7021,0.0
7022,0.0
7023,0.0
7024,0.0
7025,0.0
7026,0.0
7027,0.0
7028,0.0
7029,0.0
7030,0.0
7031,0.0
7032,0.0
7033,0.0
7034,0.0
7035,0.0
7036,0.0
7037,0.0
7038,0.0
7039,0.0
7040,0.0
7041,0.0
7042,0.0
7043,0.0
7044,0.0
7045,0.0
7046,0.0
7047,0.0
7048,0.0
7049,0.0
7050,0.0
7051,0.0
7052,0.0
7053,0.0
7054,0.0
7055,0.0
7056,0.0
7057,0.0
7058,0.0
7059,0.0
7060,0.0
7061,0.0
7062,0.0
7063,0.0
7064,0.0
7065,0.0
7066,0.0
7067,0.0
7068,0.0
7069,0.0
7070,0.0
7071,0.0
7072,0.0
7073,0.0
7074,0.0
7075,0.0
7076,0.0
7077,0.0
7078,0.0
7079,0.0
7080,0.0
7081,0.0
7082,0.0
7083,0.0
7084,0.0
7085,0.0
7086,0.0
7087,0.0
7088,0.0
7089,0.0
7090,0.0
7091,0.0
7092,0.0
7093,0.0
7094,0.0
7095,0.0
7096,0.0
7097,0.0
7098,0.0
7099,0.0
7100,0.0
7101,0.0
7102,0.0
7103,0.0
7104,0.0
7105,0.0
7106,0.0
7107,0.0
7108,0.0
7109,0.0
7110,0.0
7111,0.0
7112,0.0
7113,0.0
7114,0.0
7115,0.0
7116,0.0
7117,0.0
7118,0.0
7119,0.0
7120,0.0
7121,0.0
7122,0.0
7123,0.0
7124,0.0
7125,0.0
7126,0.0
7127,0.0
7128,0.0
7129,0.0
7130,0.0
7131,0.0
7132,0.0
7133,0.0
7134,0.0
7135,0.0
7136,0.0
7137,0.0
7138,0.0
7139,0.0
7140,0.0
7141,0.0
7142,0.0
7143,0.0
7144,0.0
7145,0.0
7146,0.0
7147,0.0
7148,0.0
7149,0.0
7150,0.0
7151,0.0
7152,0.0
7153,0.0
7154,0.0
7155,0.0
7156,0.0
7157,0.0
7158,0.0
7159,0.0
7160,0.0
7161,0.0
7162,0.0
7163,0.0
7164,0.0
7165,0.0
7166,0.0
7167,0.0
7168,0.0
7169,0.0
7170,0.0
7171,0.0
7172,0.0
7173,0.0
7174,0.0
7175,0.0
7176,0.0
7177,0.0
7178,0.0
7179,0.0
7180,0.0
7181,0.0
7182,0.0
7183,0.0
7184,0.0
7185,0.0
7186,0.0
7187,0.0
7188,0.0
7189,0.0
7190,0.0
7191,0.0
7192,0.0
7193,0.0
7194,0.0
7195,0.0
7196,0.0
7197,0.0
7198,0.0
7199,0.0
7200,0.0
7201,0.0
7202,0.0
7203,0.0
7204,0.0
7205,0.0
7206,0.0
7207,0.0
7208,0.0
7209,0.0
7210,0.0
7211,0.0
7212,0.0
7213,0.0
7214,0.0
7215,0.0
7216,0.0
7217,0.0
7218,0.0
7219,0.0
7220,0.0
7221,0.0
7222,0.0
7223,0.0
7224,0.0
7225,0.0
7226,0.0
7227,0.0
7228,0.0
7229,0.0
7230,0.0
7231,0.0
7232,0.0
7233,0.0
7234,0.0
7235,0.0
7236,0.0
7237,0.0
7238,0.0
7239,0.0
7240,0.0
7241,0.0
7242,0.0
7243,0.0
7244,0.0
7245,0.0
7246,0.0
7247,0.0
7248,0.0
7249,0.0
7250,0.0
7251,0.0
7252,0.0
7253,0.0
7254,0.0
7255,0.0
7256,0.0
7257,0.0
7258,0.0
7259,0.0
7260,0.0
7261,0.0
7262,0.0
7263,0.0
7264,0.0
7265,0.0
7266,0.0
7267,0.0
7268,0.0
7269,0.0
7270,0.0
7271,0.0
7272,0.0
7273,0.0
7274,0.0
7275,0.0
7276,0.0
7277,0.0
7278,0.0
7279,0.0
7280,0.0
7281,0.0
7282,0.0
7283,0.0
7284,0.0
7285,0.0
7286,0.0
7287,0.0
7288,0.0
7289,0.0
7290,0.0
7291,0.0
7292,0.0
7293,0.0
7294,0.0
7295,0.0
7296,0.0
7297,0.0
7298,0.0
7299,0.0
7300,0.0
7301,0.0
7302,0.0
7303,0.0
7304,0.0
7305,0.0
7306,0.0
7307,0.0
7308,0.0
7309,0.0
7310,0.0
7311,0.0
7312,0.0
7313,0.0
7314,0.0
7315,0.0
7316,0.0
7317,0.0
7318,0.0
7319,0.0
7320,0.0
7321,0.0
7322,0.0
7323,0.0
7324,0.0
7325,0.0
7326,0.0
7327,0.0
7328,0.0
7329,0.0
7330,0.0
7331,0.0
7332,0.0
7333,0.0
7334,0.0
7335,0.0
7336,0.0
7337,0.0
7338,0.0
7339,0.0
7340,0.0
7341,0.0
7342,0.0
7343,0.0
7344,0.0
7345,0.0
7346,0.0
7347,0.0
7348,0.0
7349,0.0
7350,0.0
7351,0.0
7352,0.0
7353,0.0
7354,0.0
7355,0.0
7356,0.0
7357,0.0
7358,0.0
7359,0.0
7360,0.0
7361,0.0
7362,0.0
7363,0.0
7364,0.0
7365,0.0
7366,0.0
7367,0.0
7368,0.0
7369,0.0
7370,0.0
7371,0.0
7372,0.0
7373,0.0
7374,0.0
7375,0.0
7376,0.0
7377,0.0
7378,0.0
7379,0.0
7380,0.0
7381,0.0
7382,0.0
7383,0.0
7384,0.0
7385,0.0
7386,0.0
7387,0.0
7388,0.0
7389,0.0
7390,0.0
7391,0.0
7392,0.0
7393,0.0
7394,0.0
7395,0.0
7396,0.0
7397,0.0
7398,0.0
7399,0.0
7400,0.0
7401,0.0
7402,0.0
7403,0.0
7404,0.0
7405,0.0
7406,0.0
7407,0.0
7408,0.0
7409,0.0
7410,0.0
7411,0.0
7412,0.0
7413,0.0
7414,0.0
7415,0.0
7416,0.0
7417,0.0
7418,0.0
7419,0.0
7420,0.0
7421,0.0
7422,0.0
7423,0.0
7424,0.0
7425,0.0
7426,0.0
7427,0.0
7428,0.0
7429,0.0
7430,0.0
7431,0.0
7432,0.0
7433,0.0
7434,0.0
7435,0.0
7436,0.0
7437,0.0
7438,0.0
7439,0.0
7440,0.0
7441,0.0
7442,0.0
7443,0.0
7444,0.0
7445,0.0
7446,0.0
7447,0.0
7448,0.0
7449,0.0
7450,0.0
7451,0.0
7452,0.0
7453,0.0
7454,0.0
7455,0.0
7456,0.0
7457,0.0
7458,0.0
7459,0.0
7460,0.0
7461,0.0
7462,0.0
7463,0.0
7464,0.0
7465,0.0
7466,0.0
7467,0.0
7468,0.0
7469,0.0
7470,0.0
7471,0.0
7472,0.0
7473,0.0
7474,0.0
7475,0.0
7476,0.0
7477,0.0
7478,0.0
7479,0.0
7480,0.0
7481,0.0
7482,0.0
7483,0.0
7484,0.0
7485,0.0
7486,0.0
7487,0.0
7488,0.0
7489,0.0
7490,0.0
7491,0.0
7492,0.0
7493,0.0
7494,0.0
7495,0.0
7496,0.0
7497,0.0
7498,0.0
7499,0.0
7500,0.0
7501,654.147352368458
7502,654.147352368458
7503,654.1467648098375
7504,654.1467648098375
7505,654.147352368458
7506,654.147352368458
7507,654.147352368458
7508,654.147352368458
7509,654.147352368458
7510,654.1467648098375
7511,654.1467648098375
7512,654.147352368458
7513,654.147352368458
7514,654.147352368458
7515,654.147352368458
7516,654.147352368458
7517,654.1467648098375
7518,654.1467648098375
7519,654.147352368458
7520,654.147352368458
7521,654.147352368458
7522,654.147352368458
7523,654.147352368458
7524,654.1467648098375
7525,654.1467648098375
7526,654.147352368458
7527,654.147352368458
7528,654.147352368458
7529,654.147352368458
7530,654.147352368458
7531,654.1467648098375
7532,654.1467648098375
7533,654.147352368458
7534,654.147352368458
7535,654.147352368458
7536,654.147352368458
7537,654.147352368458
7538,654.1467648098375
7539,654.1467648098375
7540,654.147352368458
7541,654.147352368458
7542,654.147352368458
7543,654.147352368458
7544,654.147352368458
7545,654.1467648098375
7546,654.1467648098375
7547,654.147352368458
7548,654.147352368458
7549,654.147352368458
7550,654.147352368458
7551,654.147352368458
7552,654.1467648098375
7553,654.1467648098375
7554,654.147352368458
7555,654.147352368458
7556,654.147352368458
7557,654.147352368458
7558,654.147352368458
7559,654.1467648098375
7560,654.1467648098375
7561,654.147352368458
7562,654.147352368458
7563,654.147352368458
7564,654.147352368458
7565,654.147352368458
7566,654.1467648098375
7567,654.1467648098375
7568,654.147352368458
7569,654.147352368458
7570,654.147352368458
7571,654.147352368458
7572,654.147352368458
7573,654.1467648098375
7574,654.1467648098375
7575,654.147352368458
7576,654.147352368458
7577,654.147352368458
7578,654.147352368458
7579,654.147352368458
7580,654.1467648098375
7581,654.1467648098375
7582,654.147352368458
7583,654.147352368458
7584,654.147352368458
7585,654.147352368458
7586,654.147352368458
7587,654.1467648098375
7588,654.1467648098375
7589,654.147352368458
7590,654.147352368458
7591,654.147352368458
7592,654.147352368458
7593,654.147352368458
7594,654.1467648098375
7595,654.1467648098375
7596,654.147352368458
7597,654.147352368458
7598,654.147352368458
7599,654.147352368458
7600,654.147352368458
7601,654.1467648098375
7602,654.1467648098375
7603,654.147352368458
7604,654.147352368458
7605,654.147352368458
7606,654.147352368458
7607,654.147352368458
7608,654.1467648098375
7609,654.1467648098375
7610,654.147352368458
7611,654.147352368458
7612,654.147352368458
7613,654.147352368458
7614,654.147352368458
7615,654.1467648098375
7616,654.1467648098375
7617,654.147352368458
7618,654.147352368458
7619,654.147352368458
7620,654.147352368458
7621,654.147352368458
7622,654.1467648098375
7623,654.1467648098375
7624,654.147352368458
7625,654.147352368458
7626,654.147352368458
7627,654.147352368458
7628,654.147352368458
7629,654.1467648098375
7630,654.1467648098375
7631,654.147352368458
7632,654.147352368458
7633,654.147352368458
7634,654.147352368458
7635,654.147352368458
7636,654.1467648098375
7637,654.1467648098375
7638,654.147352368458
7639,654.147352368458
7640,654.147352368458
7641,654.147352368458
7642,654.147352368458
7643,654.1467648098375
7644,654.1467648098375
7645,654.147352368458
7646,654.147352368458
7647,654.147352368458
7648,654.147352368458
7649,654.147352368458
7650,654.1467648098375
7651,772.1321904097457
7652,772.1321904097457
7653,772.0306985499459
7654,772.0306985499459
7655,772.1321904097457
7656,772.1321904097457
7657,772.1321904097457
7658,772.1321904097457
7659,772.1321904097457
7660,772.0306985499459
7661,772.0306985499459
7662,772.1321904097457
7663,772.1321904097457
7664,772.1321904097457
7665,772.1321904097457
7666,772.1321904097457
7667,772.0306985499459
7668,772.0306985499459
7669,772.1321904097457
7670,772.1321904097457
7671,772.1321904097457
7672,772.1321904097457
7673,772.1321904097457
7674,772.0306985499459
7675,772.0306985499459
7676,772.1321904097457
7677,772.1321904097457
7678,772.1321904097457
7679,772.1321904097457
7680,772.1321904097457
7681,772.0306985499459
7682,772.0306985499459
7683,772.1321904097457
7684,772.1321904097457
7685,772.1321904097457
7686,772.1321904097457
7687,772.1321904097457
7688,772.0306985499459
7689,772.0306985499459
7690,772.1321904097457
7691,772.1321904097457
7692,772.1321904097457
7693,772.1321904097457
7694,772.1321904097457
7695,772.0306985499459
7696,772.0306985499459
7697,772.1321904097457
7698,772.1321904097457
7699,772.1321904097457
7700,772.1321904097457
7701,772.1321904097457
7702,772.0306985499459
7703,772.0306985499459
7704,772.1321904097457
7705,772.1321904097457
7706,772.1321904097457
7707,772.1321904097457
7708,772.1321904097457
7709,772.0306985499459
7710,772.0306985499459
7711,772.1321904097457
7712,772.1321904097457
7713,772.1321904097457
7714,772.1321904097457
7715,772.1321904097457
7716,772.0306985499459
7717,772.0306985499459
7718,772.1321904097457
7719,772.1321904097457
7720,772.1321904097457
7721,772.1321904097457
7722,772.1321904097457
7723,772.0306985499459
7724,772.0306985499459
7725,772.1321904097457
7726,772.1321904097457
7727,772.1321904097457
7728,772.1321904097457
7729,772.1321904097457
7730,772.0306985499459
7731,772.0306985499459
7732,772.1321904097457
7733,772.1321904097457
7734,772.1321904097457
7735,772.1321904097457
7736,772.1321904097457
7737,772.0306985499459
7738,772.0306985499459
7739,772.1321904097457
7740,772.1321904097457
7741,772.1321904097457
7742,772.1321904097457
7743,772.1321904097457
7744,772.0306985499459
7745,772.0306985499459
7746,772.1321904097457
7747,772.1321904097457
7748,772.1321904097457
7749,772.1321904097457
7750,772.1321904097457
7751,772.0306985499459
7752,772.0306985499459
7753,772.1321904097457
7754,772.1321904097457
7755,772.1321904097457
7756,772.1321904097457
7757,772.1321904097457
7758,772.0306985499459
7759,772.0306985499459
7760,772.1321904097457
7761,772.1321904097457
7762,772.1321904097457
7763,772.1321904097457
7764,772.1321904097457
7765,772.0306985499459
7766,772.0306985499459
7767,772.1321904097457
7768,772.1321904097457
7769,772.1321904097457
7770,772.1321904097457
7771,772.1321904097457
7772,772.0306985499459
7773,772.0306985499459
7774,772.1321904097457
7775,772.1321904097457
7776,772.1321904097457
7777,772.1321904097457
7778,772.1321904097457
7779,772.0306985499459
7780,772.0306985499459
7781,772.1321904097457
7782,772.1321904097457
7783,772.1321904097457
7784,772.1321904097457
7785,772.1321904097457
7786,772.0306985499459
7787,772.0306985499459
7788,772.1321904097457
7789,772.1321904097457
7790,772.1321904097457
7791,772.1321904097457
7792,772.1321904097457
7793,772.0306985499459
7794,772.0306985499459
7795,772.1321904097457
7796,772.1321904097457
7797,772.1321904097457
7798,772.1321904097457
7799,772.1321904097457
7800,772.0306985499459
7801,771.7203243261279
7802,771.7203243261279
7803,771.6188324663281
7804,771.6188324663281
7805,771.7203243261279
7806,771.7203243261279
7807,771.7203243261279
7808,771.7203243261279
7809,771.7203243261279
7810,771.6188324663281
7811,771.6188324663281
7812,771.7203243261279
7813,771.7203243261279
7814,771.7203243261279
7815,771.7203243261279
7816,771.7203243261279
7817,771.6188324663281
7818,771.6188324663281
7819,771.7203243261279
7820,771.7203243261279
7821,771.7203243261279
7822,771.7203243261279
7823,771.7203243261279
7824,771.6188324663281
7825,771.6188324663281
7826,771.7203243261279
7827,771.7203243261279
7828,771.7203243261279
7829,771.7203243261279
7830,771.7203243261279
7831,771.6188324663281
7832,771.6188324663281
7833,771.7203243261279
7834,771.7203243261279
7835,771.7203243261279
7836,771.7203243261279
7837,771.7203243261279
7838,771.6188324663281
7839,771.6188324663281
7840,771.7203243261279
7841,771.7203243261279
7842,771.7203243261279
7843,771.7203243261279
7844,771.7203243261279
7845,771.6188324663281
7846,771.6188324663281
7847,771.7203243261279
7848,771.7203243261279
7849,771.7203243261279
7850,771.7203243261279
7851,771.7203243261279
7852,771.6188324663281
7853,771.6188324663281
7854,771.7203243261279
7855,771.7203243261279
7856,771.7203243261279
7857,771.7203243261279
7858,771.7203243261279
7859,771.6188324663281
7860,771.6188324663281
7861,771.7203243261279
7862,771.7203243261279
7863,771.7203243261279
7864,771.7203243261279
7865,771.7203243261279
7866,771.6188324663281
7867,771.6188324663281
7868,771.7203243261279
7869,771.7203243261279
7870,771.7203243261279
7871,771.7203243261279
7872,771.7203243261279
7873,771.6188324663281
7874,771.6188324663281
7875,771.7203243261279
7876,771.7203243261279
7877,771.7203243261279
7878,771.7203243261279
7879,771.7203243261279
7880,771.6188324663281
7881,771.6188324663281
7882,771.7203243261279
7883,771.7203243261279
7884,771.7203243261279
7885,771.7203243261279
7886,771.7203243261279
7887,771.6188324663281
7888,771.6188324663281
7889,771.7203243261279
7890,771.7203243261279
7891,771.7203243261279
7892,771.7203243261279
7893,771.7203243261279
7894,771.6188324663281
7895,771.6188324663281
7896,771.7203243261279
7897,771.7203243261279
7898,771.7203243261279
7899,771.7203243261279
7900,771.7203243261279
7901,771.6188324663281
7902,771.6188324663281
7903,771.7203243261279
7904,771.7203243261279
7905,771.7203243261279
7906,771.7203243261279
7907,771.7203243261279
7908,771.6188324663281
7909,771.6188324663281
7910,771.7203243261279
7911,771.7203243261279
7912,771.7203243261279
7913,771.7203243261279
7914,771.7203243261279
7915,771.6188324663281
7916,771.6188324663281
7917,771.7203243261279
7918,771.7203243261279
7919,771.7203243261279
7920,771.7203243261279
7921,771.7203243261279
7922,771.6188324663281
7923,771.6188324663281
7924,771.7203243261279
7925,771.7203243261279
7926,771.7203243261279
7927,771.7203243261279
7928,771.7203243261279
7929,771.6188324663281
7930,771.6188324663281
7931,771.7203243261279
7932,771.7203243261279
7933,771.7203243261279
7934,771.7203243261279
7935,771.7203243261279
7936,771.6188324663281
7937,771.6188324663281
7938,771.7203243261279
7939,771.7203243261279
7940,771.7203243261279
7941,771.7203243261279
7942,771.7203243261279
7943,771.6188324663281
7944,771.6188324663281
7945,771.7203243261279
7946,771.7203243261279
7947,771.7203243261279
7948,771.7203243261279
7949,771.7203243261279
7950,771.6188324663281
7951,0.0
7952,0.0
7953,0.0
7954,0.0
7955,0.0
7956,0.0
7957,0.0
7958,0.0
7959,0.0
7960,0.0
7961,0.0
7962,0.0
7963,0.0
7964,0.0
7965,0.0
7966,0.0
7967,0.0
7968,0.0
7969,0.0
7970,0.0
7971,0.0
7972,0.0
7973,0.0
7974,0.0
7975,0.0
7976,0.0
7977,0.0
7978,0.0
7979,0.0
7980,0.0
7981,0.0
7982,0.0
7983,0.0
7984,0.0
7985,0.0
7986,0.0
7987,0.0
7988,0.0
7989,0.0
7990,0.0
7991,0.0
7992,0.0
7993,0.0
7994,0.0
7995,0.0
7996,0.0
7997,0.0
7998,0.0
7999,0.0
8000,0.0
8001,0.0
8002,0.0
8003,0.0
8004,0.0
8005,0.0
8006,0.0
8007,0.0
8008,0.0
8009,0.0
8010,0.0
8011,0.0
8012,0.0
8013,0.0
8014,0.0
8015,0.0
8016,0.0
8017,0.0
8018,0.0
8019,0.0
8020,0.0
8021,0.0
8022,0.0
8023,0.0
8024,0.0
8025,0.0
8026,0.0
8027,0.0
8028,0.0
8029,0.0
8030,0.0
8031,0.0
8032,0.0
8033,0.0
8034,0.0
8035,0.0
8036,0.0
8037,0.0
8038,0.0
8039,0.0
8040,0.0
8041,0.0
8042,0.0
8043,0.0
8044,0.0
8045,0.0
8046,0.0
8047,0.0
8048,0.0
8049,0.0
8050,0.0
8051,0.0
8052,0.0
8053,0.0
8054,0.0
8055,0.0
8056,0.0
8057,0.0
8058,0.0
8059,0.0
8060,0.0
8061,0.0
8062,0.0
8063,0.0
8064,0.0
8065,0.0
8066,0.0
8067,0.0
8068,0.0
8069,0.0
8070,0.0
8071,0.0
8072,0.0
8073,0.0
8074,0.0
8075,0.0
8076,0.0
8077,0.0
8078,0.0
8079,0.0
8080,0.0
8081,0.0
8082,0.0
8083,0.0
8084,0.0
8085,0.0
8086,0.0
8087,0.0
8088,0.0
8089,0.0
8090,0.0
8091,0.0
8092,0.0
8093,0.0
8094,0.0
8095,0.0
8096,0.0
8097,0.0
8098,0.0
8099,0.0
8100,0.0
8101,0.0
8102,0.0
8103,0.0
8104,0.0
8105,0.0
8106,0.0
8107,0.0
8108,0.0
8109,0.0
8110,0.0
8111,0.0
8112,0.0
8113,0.0
8114,0.0
8115,0.0
8116,0.0
8117,0.0
8118,0.0
8119,0.0
8120,0.0
8121,0.0
8122,0.0
8123,0.0
8124,0.0
8125,0.0
8126,0.0
8127,0.0
8128,0.0
8129,0.0
8130,0.0
8131,0.0
8132,0.0
8133,0.0
8134,0.0
8135,0.0
8136,0.0
8137,0.0
8138,0.0
8139,0.0
8140,0.0
8141,0.0
8142,0.0
8143,0.0
8144,0.0
8145,0.0
8146,0.0
8147,0.0
8148,0.0
8149,0.0
8150,0.0
8151,0.0
8152,0.0
8153,0.0
8154,0.0
8155,0.0
8156,0.0
8157,0.0
8158,0.0
8159,0.0
8160,0.0
8161,0.0
8162,0.0
8163,0.0
8164,0.0
8165,0.0
8166,0.0
8167,0.0
8168,0.0
8169,0.0
8170,0.0
8171,0.0
8172,0.0
8173,0.0
8174,0.0
8175,0.0
8176,0.0
8177,0.0
8178,0.0
8179,0.0
8180,0.0
8181,0.0
8182,0.0
8183,0.0
8184,0.0
8185,0.0
8186,0.0
8187,0.0
8188,0.0
8189,0.0
8190,0.0
8191,0.0
8192,0.0
8193,0.0
8194,0.0
8195,0.0
8196,0.0
8197,0.0
8198,0.0
8199,0.0
8200,0.0
8201,0.0
8202,0.0
8203,0.0
8204,0.0
8205,0.0
8206,0.0
8207,0.0
8208,0.0
8209,0.0
8210,0.0
8211,0.0
8212,0.0
8213,0.0
8214,0.0
8215,0.0
8216,0.0
8217,0.0
8218,0.0
8219,0.0
8220,0.0
8221,0.0
8222,0.0
8223,0.0
8224,0.0
8225,0.0
8226,0.0
8227,0.0
8228,0.0
8229,0.0
8230,0.0
8231,0.0
8232,0.0
8233,0.0
8234,0.0
8235,0.0
8236,0.0
8237,0.0
8238,0.0
8239,0.0
8240,0.0
8241,0.0
8242,0.0
8243,0.0
8244,0.0
8245,0.0
8246,0.0
8247,0.0
8248,0.0
8249,0.0
8250,0.0
8251,0.0
8252,0.0
8253,0.0
8254,0.0
8255,0.0
8256,0.0
8257,0.0
8258,0.0
8259,0.0
8260,0.0
8261,0.0
8262,0.0
8263,0.0
8264,0.0
8265,0.0
8266,0.0
8267,0.0
8268,0.0
8269,0.0
8270,0.0
8271,0.0
8272,0.0
8273,0.0
8274,0.0
8275,0.0
8276,0.0
8277,0.0
8278,0.0
8279,0.0
8280,0.0
8281,0.0
8282,0.0
8283,0.0
8284,0.0
8285,0.0
8286,0.0
8287,0.0
8288,0.0
8289,0.0
8290,0.0
8291,0.0
8292,0.0
8293,0.0
8294,0.0
8295,0.0
8296,0.0
8297,0.0
8298,0.0
8299,0.0
8300,0.0
8301,0.0
8302,0.0
8303,0.0
8304,0.0
8305,0.0
8306,0.0
8307,0.0
8308,0.0
8309,0.0
8310,0.0
8311,0.0
8312,0.0
8313,0.0
8314,0.0
8315,0.0
8316,0.0
8317,0.0
8318,0.0
8319,0.0
8320,0.0
8321,0.0
8322,0.0
8323,0.0
8324,0.0
8325,0.0
8326,0.0
8327,0.0
8328,0.0
8329,0.0
8330,0.0
8331,0.0
8332,0.0
8333,0.0
8334,0.0
8335,0.0
8336,0.0
8337,0.0
8338,0.0
8339,0.0
8340,0.0
8341,0.0
8342,0.0
8343,0.0
8344,0.0
8345,0.0
8346,0.0
8347,0.0
8348,0.0
8349,0.0
8350,0.0
8351,0.0
8352,0.0
8353,0.0
8354,0.0
8355,0.0
8356,0.0
8357,0.0
8358,0.0
8359,0.0
8360,0.0
8361,0.0
8362,0.0
8363,0.0
8364,0.0
8365,0.0
8366,0.0
8367,0.0
8368,0.0
8369,0.0
8370,0.0
8371,0.0
8372,0.0
8373,0.0
8374,0.0
8375,0.0
8376,0.0
8377,0.0
8378,0.0
8379,0.0
8380,0.0
8381,0.0
8382,0.0
8383,0.0
8384,0.0
8385,0.0
8386,0.0
8387,0.0
8388,0.0
8389,0.0
8390,0.0
8391,0.0
8392,0.0
8393,0.0
8394,0.0
8395,0.0
8396,0.0
8397,0.0
8398,0.0
8399,0.0
8400,0.0
8401,0.0
8402,0.0
8403,0.0
8404,0.0
8405,0.0
8406,0.0
8407,0.0
8408,0.0
8409,0.0
8410,0.0
8411,0.0
8412,0.0
8413,0.0
8414,0.0
8415,0.0
8416,0.0
8417,0.0
8418,0.0
8419,0.0
8420,0.0
8421,0.0
8422,0.0
8423,0.0
8424,0.0
8425,0.0
8426,0.0
8427,0.0
8428,0.0
8429,0.0
8430,0.0
8431,0.0
8432,0.0
8433,0.0
8434,0.0
8435,0.0
8436,0.0
8437,0.0
8438,0.0
8439,0.0
8440,0.0
8441,0.0
8442,0.0
8443,0.0
8444,0.0
8445,0.0
8446,0.0
8447,0.0
8448,0.0
8449,0.0
8450,0.0
8451,0.0
8452,0.0
8453,0.0
8454,0.0
8455,0.0
8456,0.0
8457,0.0
8458,0.0
8459,0.0
8460,0.0
8461,0.0
8462,0.0
8463,0.0
8464,0.0
8465,0.0
8466,0.0
8467,0.0
8468,0.0
8469,0.0
8470,0.0
8471,0.0
8472,0.0
8473,0.0
8474,0.0
8475,0.0
8476,0.0
8477,0.0
8478,0.0
8479,0.0
8480,0.0
8481,0.0
8482,0.0
8483,0.0
8484,0.0
8485,0.0
8486,0.0
8487,0.0
8488,0.0
8489,0.0
8490,0.0
8491,0.0
8492,0.0
8493,0.0
8494,0.0
8495,0.0
8496,0.0
8497,0.0
8498,0.0
8499,0.0
8500,0.0
8501,0.0
8502,0.0
8503,0.0
8504,0.0
8505,0.0
8506,0.0
8507,0.0
8508,0.0
8509,0.0
8510,0.0
8511,0.0
8512,0.0
8513,0.0
8514,0.0
8515,0.0
8516,0.0
8517,0.0
8518,0.0
8519,0.0
8520,0.0
8521,0.0
8522,0.0
8523,0.0
8524,0.0
8525,0.0
8526,0.0
8527,0.0
8528,0.0
8529,0.0
8530,0.0
8531,0.0
8532,0.0
8533,0.0
8534,0.0
8535,0.0
8536,0.0
8537,0.0
8538,0.0
8539,0.0
8540,0.0
8541,0.0
8542,0.0
8543,0.0
8544,0.0
8545,0.0
8546,0.0
8547,0.0
8548,0.0
8549,0.0
8550,0.0
8551,0.0
8552,0.0
8553,0.0
8554,0.0
8555,0.0
8556,0.0
8557,0.0
8558,0.0
8559,0.0
8560,0.0
8561,0.0
8562,0.0
8563,0.0
8564,0.0
8565,0.0
8566,0.0
8567,0.0
8568,0.0
8569,0.0
8570,0.0
8571,0.0
8572,0.0
8573,0.0
8574,0.0
8575,0.0
8576,0.0
8577,0.0
8578,0.0
8579,0.0
8580,0.0
8581,0.0
8582,0.0
8583,0.0
8584,0.0
8585,0.0
8586,0.0
8587,0.0
8588,0.0
8589,0.0
8590,0.0
8591,0.0
8592,0.0
8593,0.0
8594,0.0
8595,0.0
8596,0.0
8597,0.0
8598,0.0
8599,0.0
8600,0.0
8601,0.0
8602,0.0
8603,0.0
8604,0.0
8605,0.0
8606,0.0
8607,0.0
8608,0.0
8609,0.0
8610,0.0
8611,0.0
8612,0.0
8613,0.0
8614,0.0
8615,0.0
8616,0.0
8617,0.0
8618,0.0
8619,0.0
8620,0.0
8621,0.0
8622,0.0
8623,0.0
8624,0.0
8625,0.0
8626,0.0
8627,0.0
8628,0.0
8629,0.0
8630,0.0
8631,0.0
8632,0.0
8633,0.0
8634,0.0
8635,0.0
8636,0.0
8637,0.0
8638,0.0
8639,0.0
8640,0.0
8641,0.0
8642,0.0
8643,0.0
8644,0.0
8645,0.0
8646,0.0
8647,0.0
8648,0.0
8649,0.0
8650,0.0
8651,0.0
8652,0.0
8653,0.0
8654,0.0
8655,0.0
8656,0.0
8657,0.0
8658,0.0
8659,0.0
8660,0.0
8661,0.0
8662,0.0
8663,0.0
8664,0.0
8665,0.0
8666,0.0
8667,0.0
8668,0.0
8669,0.0
8670,0.0
8671,0.0
8672,0.0
8673,0.0
8674,0.0
8675,0.0
8676,0.0
8677,0.0
8678,0.0
8679,0.0
8680,0.0
8681,0.0
8682,0.0
8683,0.0
8684,0.0
8685,0.0
8686,0.0
8687,0.0
8688,0.0
8689,0.0
8690,0.0
8691,0.0
8692,0.0
8693,0.0
8694,0.0
8695,0.0
8696,0.0
8697,0.0
8698,0.0
8699,0.0
8700,0.0
8701,0.0
8702,0.0
8703,0.0
8704,0.0
8705,0.0
8706,0.0
8707,0.0
8708,0.0
8709,0.0
8710,0.0
8711,0.0
8712,0.0
8713,0.0
8714,0.0
8715,0.0
8716,0.0
8717,0.0
8718,0.0
8719,0.0
8720,0.0
8721,0.0
8722,0.0
8723,0.0
8724,0.0
8725,0.0
8726,0.0
8727,0.0
8728,0.0
8729,0.0
8730,0.0
8731,0.0
8732,0.0
8733,0.0
8734,0.0
8735,0.0
8736,0.0
8737,0.0
8738,0.0
8739,0.0
8740,0.0
8741,0.0
8742,0.0
8743,0.0
8744,0.0
8745,0.0
8746,0.0
8747,0.0
8748,0.0
8749,0.0
8750,0.0
8751,0.0
8752,0.0
8753,0.0
8754,0.0
8755,0.0
8756,0.0
8757,0.0
8758,0.0
8759,0.0
8760,0.0
8761,0.0
8762,0.0
8763,0.0
8764,0.0
8765,0.0
8766,0.0
8767,0.0
8768,0.0
8769,0.0
8770,0.0
8771,0.0
8772,0.0
8773,0.0
8774,0.0
8775,0.0
8776,0.0
8777,0.0
8778,0.0
8779,0.0
8780,0.0
8781,0.0
8782,0.0
8783,0.0
8784,0.0
8785,0.0
8786,0.0
8787,0.0
8788,0.0
8789,0.0
8790,0.0
8791,0.0
8792,0.0
8793,0.0
8794,0.0
8795,0.0
8796,0.0
8797,0.0
8798,0.0
8799,0.0
8800,0.0
8801,0.0
8802,0.0
8803,0.0
8804,0.0
8805,0.0
8806,0.0
8807,0.0
8808,0.0
8809,0.0
8810,0.0
8811,0.0
8812,0.0
8813,0.0
8814,0.0
8815,0.0
8816,0.0
8817,0.0
8818,0.0
8819,0.0
8820,0.0
8821,0.0
8822,0.0
8823,0.0
8824,0.0
8825,0.0
8826,0.0
8827,0.0
8828,0.0
8829,0.0
8830,0.0
8831,0.0
8832,0.0
8833,0.0
8834,0.0
8835,0.0
8836,0.0
8837,0.0
8838,0.0
8839,0.0
8840,0.0
8841,0.0
8842,0.0
8843,0.0
8844,0.0
8845,0.0
8846,0.0
8847,0.0
8848,0.0
8849,0.0
8850,0.0
8851,0.0
8852,0.0
8853,0.0
8854,0.0
8855,0.0
8856,0.0
8857,0.0
8858,0.0
8859,0.0
8860,0.0
8861,0.0
8862,0.0
8863,0.0
8864,0.0
8865,0.0
8866,0.0
8867,0.0
8868,0.0
8869,0.0
8870,0.0
8871,0.0
8872,0.0
8873,0.0
8874,0.0
8875,0.0
8876,0.0
8877,0.0
8878,0.0
8879,0.0
8880,0.0
8881,0.0
8882,0.0
8883,0.0
8884,0.0
8885,0.0
8886,0.0
8887,0.0
8888,0.0
8889,0.0
8890,0.0
8891,0.0
8892,0.0
8893,0.0
8894,0.0
8895,0.0
8896,0.0
8897,0.0
8898,0.0
8899,0.0
8900,0.0
8901,0.0
8902,0.0
8903,0.0
8904,0.0
8905,0.0
8906,0.0
8907,0.0
8908,0.0
8909,0.0
8910,0.0
8911,0.0
8912,0.0
8913,0.0
8914,0.0
8915,0.0
8916,0.0
8917,0.0
8918,0.0
8919,0.0
8920,0.0
8921,0.0
8922,0.0
8923,0.0
8924,0.0
8925,0.0
8926,0.0
8927,0.0
8928,0.0
8929,0.0
8930,0.0
8931,0.0
8932,0.0
8933,0.0
8934,0.0
8935,0.0
8936,0.0
8937,0.0
8938,0.0
8939,0.0
8940,0.0
8941,0.0
8942,0.0
8943,0.0
8944,0.0
8945,0.0
8946,0.0
8947,0.0
8948,0.0
8949,0.0
8950,0.0
8951,0.0
8952,0.0
8953,0.0
8954,0.0
8955,0.0
8956,0.0
8957,0.0
8958,0.0
8959,0.0
8960,0.0
8961,0.0
8962,0.0
8963,0.0
8964,0.0
8965,0.0
8966,0.0
8967,0.0
8968,0.0
8969,0.0
8970,0.0
8971,0.0
8972,0.0
8973,0.0
8974,0.0
8975,0.0
8976,0.0
8977,0.0
8978,0.0
8979,0.0
8980,0.0
8981,0.0
8982,0.0
8983,0.0
8984,0.0
8985,0.0
8986,0.0
8987,0.0
8988,0.0
8989,0.0
8990,0.0
8991,0.0
8992,0.0
8993,0.0
8994,0.0
8995,0.0
8996,0.0
8997,0.0
8998,0.0
8999,0.0
9000,0.0
9001,0.0
9002,0.0
9003,0.0
9004,0.0
9005,0.0
9006,0.0
9007,0.0
9008,0.0
9009,0.0
9010,0.0
9011,0.0
9012,0.0
9013,0.0
9014,0.0
9015,0.0
9016,0.0
9017,0.0
9018,0.0
9019,0.0
9020,0.0
9021,0.0
9022,0.0
9023,0.0
9024,0.0
9025,0.0
9026,0.0
9027,0.0
9028,0.0
9029,0.0
9030,0.0
9031,0.0
9032,0.0
9033,0.0
9034,0.0
9035,0.0
9036,0.0
9037,0.0
9038,0.0
9039,0.0
9040,0.0
9041,0.0
9042,0.0
9043,0.0
9044,0.0
9045,0.0
9046,0.0
9047,0.0
9048,0.0
9049,0.0
9050,0.0
9051,0.0
9052,0.0
9053,0.0
9054,0.0
9055,0.0
9056,0.0
9057,0.0
9058,0.0
9059,0.0
9060,0.0
9061,0.0
9062,0.0
9063,0.0
9064,0.0
9065,0.0
9066,0.0
9067,0.0
9068,0.0
9069,0.0
9070,0.0
9071,0.0
9072,0.0
9073,0.0
9074,0.0
9075,0.0
9076,0.0
9077,0.0
9078,0.0
9079,0.0
9080,0.0
9081,0.0
9082,0.0
9083,0.0
9084,0.0
9085,0.0
9086,0.0
9087,0.0
9088,0.0
9089,0.0
9090,0.0
9091,0.0
9092,0.0
9093,0.0
9094,0.0
9095,0.0
9096,0.0
9097,0.0
9098,0.0
9099,0.0
9100,0.0
9101,0.0
9102,0.0
9103,0.0
9104,0.0
9105,0.0
9106,0.0
9107,0.0
9108,0.0
9109,0.0
9110,0.0
9111,0.0
9112,0.0
9113,0.0
9114,0.0
9115,0.0
9116,0.0
9117,0.0
9118,0.0
9119,0.0
9120,0.0
9121,0.0
9122,0.0
9123,0.0
9124,0.0
9125,0.0
9126,0.0
9127,0.0
9128,0.0
9129,0.0
9130,0.0
9131,0.0
9132,0.0
9133,0.0
9134,0.0
9135,0.0
9136,0.0
9137,0.0
9138,0.0
9139,0.0
9140,0.0
9141,0.0
9142,0.0
9143,0.0
9144,0.0
9145,0.0
9146,0.0
9147,0.0
9148,0.0
9149,0.0
9150,0.0
9151,0.0
9152,0.0
9153,0.0
9154,0.0
9155,0.0
9156,0.0
9157,0.0
9158,0.0
9159,0.0
9160,0.0
9161,0.0
9162,0.0
9163,0.0
9164,0.0
9165,0.0
9166,0.0
9167,0.0
9168,0.0
9169,0.0
9170,0.0
9171,0.0
9172,0.0
9173,0.0
9174,0.0
9175,0.0
9176,0.0
9177,0.0
9178,0.0
9179,0.0
9180,0.0
9181,0.0
9182,0.0
9183,0.0
9184,0.0
9185,0.0
9186,0.0
9187,0.0
9188,0.0
9189,0.0
9190,0.0
9191,0.0
9192,0.0
9193,0.0
9194,0.0
9195,0.0
9196,0.0
9197,0.0
9198,0.0
9199,0.0
9200,0.0
9201,0.0
9202,0.0
9203,0.0
9204,0.0
9205,0.0
9206,0.0
9207,0.0
9208,0.0
9209,0.0
9210,0.0
9211,0.0
9212,0.0
9213,0.0
9214,0.0
9215,0.0
9216,0.0
9217,0.0
9218,0.0
9219,0.0
9220,0.0
9221,0.0
9222,0.0
9223,0.0
9224,0.0
9225,0.0
9226,0.0
9227,0.0
9228,0.0
9229,0.0
9230,0.0
9231,0.0
9232,0.0
9233,0.0
9234,0.0
9235,0.0
9236,0.0
9237,0.0
9238,0.0
9239,0.0
9240,0.0
9241,0.0
9242,0.0
9243,0.0
9244,0.0
9245,0.0
9246,0.0
9247,0.0
9248,0.0
9249,0.0
9250,0.0
9251,0.0
9252,0.0
9253,0.0
9254,0.0
9255,0.0
9256,0.0
9257,0.0
9258,0.0
9259,0.0
9260,0.0
9261,0.0
9262,0.0
9263,0.0
9264,0.0
9265,0.0
9266,0.0
9267,0.0
9268,0.0
9269,0.0
9270,0.0
9271,0.0
9272,0.0
9273,0.0
9274,0.0
9275,0.0
9276,0.0
9277,0.0
9278,0.0
9279,0.0
9280,0.0
9281,0.0
9282,0.0
9283,0.0
9284,0.0
9285,0.0
9286,0.0
9287,0.0
9288,0.0
9289,0.0
9290,0.0
9291,0.0
9292,0.0
9293,0.0
9294,0.0
9295,0.0
9296,0.0
9297,0.0
9298,0.0
9299,0.0
9300,0.0
9301,0.0
9302,0.0
9303,0.0
9304,0.0
9305,0.0
9306,0.0
9307,0.0
9308,0.0
9309,0.0
9310,0.0
9311,0.0
9312,0.0
9313,0.0
9314,0.0
9315,0.0
9316,0.0
9317,0.0
9318,0.0
9319,0.0
9320,0.0
9321,0.0
9322,0.0
9323,0.0
9324,0.0
9325,0.0
9326,0.0
9327,0.0
9328,0.0
9329,0.0
9330,0.0
9331,0.0
9332,0.0
9333,0.0
9334,0.0
9335,0.0
9336,0.0
9337,0.0
9338,0.0
9339,0.0
9340,0.0
9341,0.0
9342,0.0
9343,0.0
9344,0.0
9345,0.0
9346,0.0
9347,0.0
9348,0.0
9349,0.0
9350,0.0
9351,0.0
9352,0.0
9353,0.0
9354,0.0
9355,0.0
9356,0.0
9357,0.0
9358,0.0
9359,0.0
9360,0.0
9361,0.0
9362,0.0
9363,0.0
9364,0.0
9365,0.0
9366,0.0
9367,0.0
9368,0.0
9369,0.0
9370,0.0
9371,0.0
9372,0.0
9373,0.0
9374,0.0
9375,0.0
9376,0.0
9377,0.0
9378,0.0
9379,0.0
9380,0.0
9381,0.0
9382,0.0
9383,0.0
9384,0.0
9385,0.0
9386,0.0
9387,0.0
9388,0.0
9389,0.0
9390,0.0
9391,0.0
9392,0.0
9393,0.0
9394,0.0
9395,0.0
9396,0.0
9397,0.0
9398,0.0
9399,0.0
9400,0.0
9401,0.0
9402,0.0
9403,0.0
9404,0.0
9405,0.0
9406,0.0
9407,0.0
9408,0.0
9409,0.0
9410,0.0
9411,0.0
9412,0.0
9413,0.0
9414,0.0
9415,0.0
9416,0.0
9417,0.0
9418,0.0
9419,0.0
9420,0.0
9421,0.0
9422,0.0
9423,0.0
9424,0.0
9425,0.0
9426,0.0
9427,0.0
9428,0.0
9429,0.0
9430,0.0
9431,0.0
9432,0.0
9433,0.0
9434,0.0
9435,0.0
9436,0.0
9437,0.0
9438,0.0
9439,0.0
9440,0.0
9441,0.0
9442,0.0
9443,0.0
9444,0.0
9445,0.0
9446,0.0
9447,0.0
9448,0.0
9449,0.0
9450,0.0
9451,0.0
9452,0.0
9453,0.0
9454,0.0
9455,0.0
9456,0.0
9457,0.0
9458,0.0
9459,0.0
9460,0.0
9461,0.0
9462,0.0
9463,0.0
9464,0.0
9465,0.0
9466,0.0
9467,0.0
9468,0.0
9469,0.0
9470,0.0
9471,0.0
9472,0.0
9473,0.0
9474,0.0
9475,0.0
9476,0.0
9477,0.0
9478,0.0
9479,0.0
9480,0.0
9481,0.0
9482,0.0
9483,0.0
9484,0.0
9485,0.0
9486,0.0
9487,0.0
9488,0.0
9489,0.0
9490,0.0
9491,0.0
9492,0.0
9493,0.0
9494,0.0
9495,0.0
9496,0.0
9497,0.0
9498,0.0
9499,0.0
9500,0.0
9501,0.0
9502,0.0
9503,0.0
9504,0.0
9505,0.0
9506,0.0
9507,0.0
9508,0.0
9509,0.0
9510,0.0
9511,0.0
9512,0.0
9513,0.0
9514,0.0
9515,0.0
9516,0.0
9517,0.0
9518,0.0
9519,0.0
9520,0.0
9521,0.0
9522,0.0
9523,0.0
9524,0.0
9525,0.0
9526,0.0
9527,0.0
9528,0.0
9529,0.0
9530,0.0
9531,0.0
9532,0.0
9533,0.0
9534,0.0
9535,0.0
9536,0.0
9537,0.0
9538,0.0
9539,0.0
9540,0.0
9541,0.0
9542,0.0
9543,0.0
9544,0.0
9545,0.0
9546,0.0
9547,0.0
9548,0.0
9549,0.0
9550,0.0
9551,0.0
9552,0.0
9553,0.0
9554,0.0
9555,0.0
9556,0.0
9557,0.0
9558,0.0
9559,0.0
9560,0.0
9561,0.0
9562,0.0
9563,0.0
9564,0.0
9565,0.0
9566,0.0
9567,0.0
9568,0.0
9569,0.0
9570,0.0
9571,0.0
9572,0.0
9573,0.0
9574,0.0
9575,0.0
9576,0.0
9577,0.0
9578,0.0
9579,0.0
9580,0.0
9581,0.0
9582,0.0
9583,0.0
9584,0.0
9585,0.0
9586,0.0
9587,0.0
9588,0.0
9589,0.0
9590,0.0
9591,0.0
9592,0.0
9593,0.0
9594,0.0
9595,0.0
9596,0.0
9597,0.0
9598,0.0
9599,0.0
9600,0.0
9601,0.0
9602,0.0
9603,0.0
9604,0.0
9605,0.0
9606,0.0
9607,0.0
9608,0.0
9609,0.0
9610,0.0
9611,0.0
9612,0.0
9613,0.0
9614,0.0
9615,0.0
9616,0.0
9617,0.0
9618,0.0
9619,0.0
9620,0.0
9621,0.0
9622,0.0
9623,0.0
9624,0.0
9625,0.0
9626,0.0
9627,0.0
9628,0.0
9629,0.0
9630,0.0
9631,0.0
9632,0.0
9633,0.0
9634,0.0
9635,0.0
9636,0.0
9637,0.0
9638,0.0
9639,0.0
9640,0.0
9641,0.0
9642,0.0
9643,0.0
9644,0.0
9645,0.0
9646,0.0
9647,0.0
9648,0.0
9649,0.0
9650,0.0
9651,0.0
9652,0.0
9653,0.0
9654,0.0
9655,0.0
9656,0.0
9657,0.0
9658,0.0
9659,0.0
9660,0.0
9661,0.0
9662,0.0
9663,0.0
9664,0.0
9665,0.0
9666,0.0
9667,0.0
9668,0.0
9669,0.0
9670,0.0
9671,0.0
9672,0.0
9673,0.0
9674,0.0
9675,0.0
9676,0.0
9677,0.0
9678,0.0
9679,0.0
9680,0.0
9681,0.0
9682,0.0
9683,0.0
9684,0.0
9685,0.0
9686,0.0
9687,0.0
9688,0.0
9689,0.0
9690,0.0
9691,0.0
9692,0.0
9693,0.0
9694,0.0
9695,0.0
9696,0.0
9697,0.0
9698,0.0
9699,0.0
9700,0.0
9701,0.0
9702,0.0
9703,0.0
9704,0.0
9705,0.0
9706,0.0
9707,0.0
9708,0.0
9709,0.0
9710,0.0
9711,0.0
9712,0.0
9713,0.0
9714,0.0
9715,0.0
9716,0.0
9717,0.0
9718,0.0
9719,0.0
9720,0.0
9721,0.0
9722,0.0
9723,0.0
9724,0.0
9725,0.0
9726,0.0
9727,0.0
9728,0.0
9729,0.0
9730,0.0
9731,0.0
9732,0.0
9733,0.0
9734,0.0
9735,0.0
9736,0.0
9737,0.0
9738,0.0
9739,0.0
9740,0.0
9741,0.0
9742,0.0
9743,0.0
9744,0.0
9745,0.0
9746,0.0
9747,0.0
9748,0.0
9749,0.0
9750,0.0
9751,0.0
9752,0.0
9753,0.0
9754,0.0
9755,0.0
9756,0.0
9757,0.0
9758,0.0
9759,0.0
9760,0.0
9761,0.0
9762,0.0
9763,0.0
9764,0.0
9765,0.0
9766,0.0
9767,0.0
9768,0.0
9769,0.0
9770,0.0
9771,0.0
9772,0.0
9773,0.0
9774,0.0
9775,0.0
9776,0.0
9777,0.0
9778,0.0
9779,0.0
9780,0.0
9781,0.0
9782,0.0
9783,0.0
9784,0.0
9785,0.0
9786,0.0
9787,0.0
9788,0.0
9789,0.0
9790,0.0
9791,0.0
9792,0.0
9793,0.0
9794,0.0
9795,0.0
9796,0.0
9797,0.0
9798,0.0
9799,0.0
9800,0.0
9801,0.0
9802,0.0
9803,0.0
9804,0.0
9805,0.0
9806,0.0
9807,0.0
9808,0.0
9809,0.0
9810,0.0
9811,0.0
9812,0.0
9813,0.0
9814,0.0
9815,0.0
9816,0.0
9817,0.0
9818,0.0
9819,0.0
9820,0.0
9821,0.0
9822,0.0
9823,0.0
9824,0.0
9825,0.0
9826,0.0
9827,0.0
9828,0.0
9829,0.0
9830,0.0
9831,0.0
9832,0.0
9833,0.0
9834,0.0
9835,0.0
9836,0.0
9837,0.0
9838,0.0
9839,0.0
9840,0.0
9841,0.0
9842,0.0
9843,0.0
9844,0.0
9845,0.0
9846,0.0
9847,0.0
9848,0.0
9849,0.0
9850,0.0
9851,0.0
9852,0.0
9853,0.0
9854,0.0
9855,0.0
9856,0.0
9857,0.0
9858,0.0
9859,0.0
9860,0.0
9861,0.0
9862,0.0
9863,0.0
9864,0.0
9865,0.0
9866,0.0
9867,0.0
9868,0.0
9869,0.0
9870,0.0
9871,0.0
9872,0.0
9873,0.0
9874,0.0
9875,0.0
9876,0.0
9877,0.0
9878,0.0
9879,0.0
9880,0.0
9881,0.0
9882,0.0
9883,0.0
9884,0.0
9885,0.0
9886,0.0
9887,0.0
9888,0.0
9889,0.0
9890,0.0
9891,0.0
9892,0.0
9893,0.0
9894,0.0
9895,0.0
9896,0.0
9897,0.0
9898,0.0
9899,0.0
9900,0.0
9901,394.28229544674565
9902,394.28229544674565
9903,0.0
9904,0.0
9905,394.28229544674565
9906,394.28229544674565
9907,394.28229544674565
9908,394.28229544674565
9909,394.28229544674565
9910,0.0
9911,0.0
9912,394.28229544674565
9913,394.28229544674565
9914,394.28229544674565
9915,394.28229544674565
9916,394.28229544674565
9917,0.0
9918,0.0
9919,394.28229544674565
9920,394.28229544674565
9921,394.28229544674565
9922,394.28229544674565
9923,394.28229544674565
9924,0.0
9925,0.0
9926,394.28229544674565
9927,394.28229544674565
9928,394.28229544674565
9929,394.28229544674565
9930,394.28229544674565
9931,0.0
9932,0.0
9933,394.28229544674565
9934,394.28229544674565
9935,394.28229544674565
9936,394.28229544674565
9937,394.28229544674565
9938,0.0
9939,0.0
9940,394.28229544674565
9941,394.28229544674565
9942,394.28229544674565
9943,394.28229544674565
9944,394.28229544674565
9945,0.0
9946,0.0
9947,394.28229544674565
9948,394.28229544674565
9949,394.28229544674565
9950,394.28229544674565
9951,394.28229544674565
9952,0.0
9953,0.0
9954,394.28229544674565
9955,394.28229544674565
9956,394.28229544674565
9957,394.28229544674565
9958,394.28229544674565
9959,0.0
9960,0.0
9961,394.28229544674565
9962,394.28229544674565
9963,394.28229544674565
9964,394.28229544674565
9965,394.28229544674565
9966,0.0
9967,0.0
9968,394.28229544674565
9969,394.28229544674565
9970,394.28229544674565
9971,394.28229544674565
9972,394.28229544674565
9973,0.0
9974,0.0
9975,394.28229544674565
9976,394.28229544674565
9977,394.28229544674565
9978,394.28229544674565
9979,394.28229544674565
9980,0.0
9981,0.0
9982,394.28229544674565
9983,394.28229544674565
9984,394.28229544674565
9985,394.28229544674565
9986,394.28229544674565
9987,0.0
9988,0.0
9989,394.28229544674565
9990,394.28229544674565
9991,394.28229544674565
9992,394.28229544674565
9993,394.28229544674565
9994,0.0
9995,0.0
9996,394.28229544674565
9997,394.28229544674565
9998,394.28229544674565
9999,394.28229544674565
10000,394.28229544674565
10001,0.0
10002,0.0
10003,394.28229544674565
10004,394.28229544674565
10005,394.28229544674565
10006,394.28229544674565
10007,394.28229544674565
10008,0.0
10009,0.0
10010,394.28229544674565
10011,394.28229544674565
10012,394.28229544674565
10013,394.28229544674565
10014,394.28229544674565
10015,0.0
10016,0.0
10017,394.28229544674565
10018,394.28229544674565
10019,394.28229544674565
10020,394.28229544674565
10021,394.28229544674565
10022,0.0
10023,0.0
10024,394.28229544674565
10025,394.28229544674565
10026,394.28229544674565
10027,394.28229544674565
10028,394.28229544674565
10029,0.0
10030,0.0
10031,394.28229544674565
10032,394.28229544674565
10033,394.28229544674565
10034,394.28229544674565
10035,394.28229544674565
10036,0.0
10037,0.0
10038,394.28229544674565
10039,394.28229544674565
10040,394.28229544674565
10041,394.28229544674565
10042,394.28229544674565
10043,0.0
10044,0.0
10045,394.28229544674565
10046,394.28229544674565
10047,394.28229544674565
10048,394.28229544674565
10049,394.28229544674565
10050,0.0
10051,0.0
10052,0.0
10053,0.0
10054,0.0
10055,0.0
10056,0.0
10057,0.0
10058,0.0
10059,0.0
10060,0.0
10061,0.0
10062,0.0
10063,0.0
10064,0.0
10065,0.0
10066,0.0
10067,0.0
10068,0.0
10069,0.0
10070,0.0
10071,0.0
10072,0.0
10073,0.0
10074,0.0
10075,0.0
10076,0.0
10077,0.0
10078,0.0
10079,0.0
10080,0.0
10081,0.0
10082,0.0
10083,0.0
10084,0.0
10085,0.0
10086,0.0
10087,0.0
10088,0.0
10089,0.0
10090,0.0
10091,0.0
10092,0.0
10093,0.0
10094,0.0
10095,0.0
10096,0.0
10097,0.0
10098,0.0
10099,0.0
10100,0.0
10101,0.0
10102,0.0
10103,0.0
10104,0.0
10105,0.0
10106,0.0
10107,0.0
10108,0.0
10109,0.0
10110,0.0
10111,0.0
10112,0.0
10113,0.0
10114,0.0
10115,0.0
10116,0.0
10117,0.0
10118,0.0
10119,0.0
10120,0.0
10121,0.0
10122,0.0
10123,0.0
10124,0.0
10125,0.0
10126,0.0
10127,0.0
10128,0.0
10129,0.0
10130,0.0
10131,0.0
10132,0.0
10133,0.0
10134,0.0
10135,0.0
10136,0.0
10137,0.0
10138,0.0
10139,0.0
10140,0.0
10141,0.0
10142,0.0
10143,0.0
10144,0.0
10145,0.0
10146,0.0
10147,0.0
10148,0.0
10149,0.0
10150,0.0
10151,0.0
10152,0.0
10153,0.0
10154,0.0
10155,0.0
10156,0.0
10157,0.0
10158,0.0
10159,0.0
10160,0.0
10161,0.0
10162,0.0
10163,0.0
10164,0.0
10165,0.0
10166,0.0
10167,0.0
10168,0.0
10169,0.0
10170,0.0
10171,0.0
10172,0.0
10173,0.0
10174,0.0
10175,0.0
10176,0.0
10177,0.0
10178,0.0
10179,0.0
10180,0.0
10181,0.0
10182,0.0
10183,0.0
10184,0.0
10185,0.0
10186,0.0
10187,0.0
10188,0.0
10189,0.0
10190,0.0
10191,0.0
10192,0.0
10193,0.0
10194,0.0
10195,0.0
10196,0.0
10197,0.0
10198,0.0
10199,0.0
10200,0.0
10201,0.0
10202,0.0
10203,0.0
10204,0.0
10205,0.0
10206,0.0
10207,0.0
10208,0.0
10209,0.0
10210,0.0
10211,0.0
10212,0.0
10213,0.0
10214,0.0
10215,0.0
10216,0.0
10217,0.0
10218,0.0
10219,0.0
10220,0.0
10221,0.0
10222,0.0
10223,0.0
10224,0.0
10225,0.0
10226,0.0
10227,0.0
10228,0.0
10229,0.0
10230,0.0
10231,0.0
10232,0.0
10233,0.0
10234,0.0
10235,0.0
10236,0.0
10237,0.0
10238,0.0
10239,0.0
10240,0.0
10241,0.0
10242,0.0
10243,0.0
10244,0.0
10245,0.0
10246,0.0
10247,0.0
10248,0.0
10249,0.0
10250,0.0
10251,0.0
10252,0.0
10253,0.0
10254,0.0
10255,0.0
10256,0.0
10257,0.0
10258,0.0
10259,0.0
10260,0.0
10261,0.0
10262,0.0
10263,0.0
10264,0.0
10265,0.0
10266,0.0
10267,0.0
10268,0.0
10269,0.0
10270,0.0
10271,0.0
10272,0.0
10273,0.0
10274,0.0
10275,0.0
10276,0.0
10277,0.0
10278,0.0
10279,0.0
10280,0.0
10281,0.0
10282,0.0
10283,0.0
10284,0.0
10285,0.0
10286,0.0
10287,0.0
10288,0.0
10289,0.0
10290,0.0
10291,0.0
10292,0.0
10293,0.0
10294,0.0
10295,0.0
10296,0.0
10297,0.0
10298,0.0
10299,0.0
10300,0.0
10301,0.0
10302,0.0
10303,0.0
10304,0.0
10305,0.0
10306,0.0
10307,0.0
10308,0.0
10309,0.0
10310,0.0
10311,0.0
10312,0.0
10313,0.0
10314,0.0
10315,0.0
10316,0.0
10317,0.0
10318,0.0
10319,0.0
10320,0.0
10321,0.0
10322,0.0
10323,0.0
10324,0.0
10325,0.0
10326,0.0
10327,0.0
10328,0.0
10329,0.0
10330,0.0
10331,0.0
10332,0.0
10333,0.0
10334,0.0
10335,0.0
10336,0.0
10337,0.0
10338,0.0
10339,0.0
10340,0.0
10341,0.0
10342,0.0
10343,0.0
10344,0.0
10345,0.0
10346,0.0
10347,0.0
10348,0.0
10349,0.0
10350,0.0
10351,338.35184698404504
10352,338.35184698404504
10353,338.35184698404504
10354,338.35184698404504
10355,338.35184698404504
10356,338.35184698404504
10357,338.35184698404504
10358,338.35184698404504
10359,338.35184698404504
10360,338.35184698404504
10361,338.35184698404504
10362,338.35184698404504
10363,338.35184698404504
10364,338.35184698404504
10365,338.35184698404504
10366,338.35184698404504
10367,338.35184698404504
10368,338.35184698404504
10369,338.35184698404504
10370,338.35184698404504
10371,338.35184698404504
10372,338.35184698404504
10373,338.35184698404504
10374,338.35184698404504
10375,338.35184698404504
10376,338.35184698404504
10377,338.35184698404504
10378,338.35184698404504
10379,338.35184698404504
10380,338.35184698404504
10381,338.35184698404504
10382,338.35184698404504
10383,338.35184698404504
10384,338.35184698404504
10385,338.35184698404504
10386,338.35184698404504
10387,338.35184698404504
10388,338.35184698404504
10389,338.35184698404504
10390,338.35184698404504
10391,338.35184698404504
10392,338.35184698404504
10393,338.35184698404504
10394,338.35184698404504
10395,338.35184698404504
10396,338.35184698404504
10397,338.35184698404504
10398,338.35184698404504
10399,338.35184698404504
10400,338.35184698404504
10401,338.35184698404504
10402,338.35184698404504
10403,338.35184698404504
10404,338.35184698404504
10405,338.35184698404504
10406,338.35184698404504
10407,338.35184698404504
10408,338.35184698404504
10409,338.35184698404504
10410,338.35184698404504
10411,338.35184698404504
10412,338.35184698404504
10413,338.35184698404504
10414,338.35184698404504
10415,338.35184698404504
10416,338.35184698404504
10417,338.35184698404504
10418,338.35184698404504
10419,338.35184698404504
10420,338.35184698404504
10421,338.35184698404504
10422,338.35184698404504
10423,338.35184698404504
10424,338.35184698404504
10425,338.35184698404504
10426,338.35184698404504
10427,338.35184698404504
10428,338.35184698404504
10429,338.35184698404504
10430,338.35184698404504
10431,338.35184698404504
10432,338.35184698404504
10433,338.35184698404504
10434,338.35184698404504
10435,338.35184698404504
10436,338.35184698404504
10437,338.35184698404504
10438,338.35184698404504
10439,338.35184698404504
10440,338.35184698404504
10441,338.35184698404504
10442,338.35184698404504
10443,338.35184698404504
10444,338.35184698404504
10445,338.35184698404504
10446,338.35184698404504
10447,338.35184698404504
10448,338.35184698404504
10449,338.35184698404504
10450,338.35184698404504
10451,338.35184698404504
10452,338.35184698404504
10453,338.35184698404504
10454,338.35184698404504
10455,338.35184698404504
10456,338.35184698404504
10457,338.35184698404504
10458,338.35184698404504
10459,338.35184698404504
10460,338.35184698404504
10461,338.35184698404504
10462,338.35184698404504
10463,338.35184698404504
10464,338.35184698404504
10465,338.35184698404504
10466,338.35184698404504
10467,338.35184698404504
10468,338.35184698404504
10469,338.35184698404504
10470,338.35184698404504
10471,338.35184698404504
10472,338.35184698404504
10473,338.35184698404504
10474,338.35184698404504
10475,338.35184698404504
10476,338.35184698404504
10477,338.35184698404504
10478,338.35184698404504
10479,338.35184698404504
10480,338.35184698404504
10481,338.35184698404504
10482,338.35184698404504
10483,338.35184698404504
10484,338.35184698404504
10485,338.35184698404504
10486,338.35184698404504
10487,338.35184698404504
10488,338.35184698404504
10489,338.35184698404504
10490,338.35184698404504
10491,338.35184698404504
10492,338.35184698404504
10493,338.35184698404504
10494,338.35184698404504
10495,338.35184698404504
10496,338.35184698404504
10497,338.35184698404504
10498,338.35184698404504
10499,338.35184698404504
10500,338.35184698404504
10501,0.0
10502,0.0
10503,0.0
10504,0.0
10505,0.0
10506,0.0
10507,0.0
10508,0.0
10509,0.0
10510,0.0
10511,0.0
10512,0.0
10513,0.0
10514,0.0
10515,0.0
10516,0.0
10517,0.0
10518,0.0
10519,0.0
10520,0.0
10521,0.0
10522,0.0
10523,0.0
10524,0.0
10525,0.0
10526,0.0
10527,0.0
10528,0.0
10529,0.0
10530,0.0
10531,0.0
10532,0.0
10533,0.0
10534,0.0
10535,0.0
10536,0.0
10537,0.0
10538,0.0
10539,0.0
10540,0.0
10541,0.0
10542,0.0
10543,0.0
10544,0.0
10545,0.0
10546,0.0
10547,0.0
10548,0.0
10549,0.0
10550,0.0
10551,0.0
10552,0.0
10553,0.0
10554,0.0
10555,0.0
10556,0.0
10557,0.0
10558,0.0
10559,0.0
10560,0.0
10561,0.0
10562,0.0
10563,0.0
10564,0.0
10565,0.0
10566,0.0
10567,0.0
10568,0.0
10569,0.0
10570,0.0
10571,0.0
10572,0.0
10573,0.0
10574,0.0
10575,0.0
10576,0.0
10577,0.0
10578,0.0
10579,0.0
10580,0.0
10581,0.0
10582,0.0
10583,0.0
10584,0.0
10585,0.0
10586,0.0
10587,0.0
10588,0.0
10589,0.0
10590,0.0
10591,0.0
10592,0.0
10593,0.0
10594,0.0
10595,0.0
10596,0.0
10597,0.0
10598,0.0
10599,0.0
10600,0.0
10601,0.0
10602,0.0
10603,0.0
10604,0.0
10605,0.0
10606,0.0
10607,0.0
10608,0.0
10609,0.0
10610,0.0
10611,0.0
10612,0.0
10613,0.0
10614,0.0
10615,0.0
10616,0.0
10617,0.0
10618,0.0
10619,0.0
10620,0.0
10621,0.0
10622,0.0
10623,0.0
10624,0.0
10625,0.0
10626,0.0
10627,0.0
10628,0.0
10629,0.0
10630,0.0
10631,0.0
10632,0.0
10633,0.0
10634,0.0
10635,0.0
10636,0.0
10637,0.0
10638,0.0
10639,0.0
10640,0.0
10641,0.0
10642,0.0
10643,0.0
10644,0.0
10645,0.0
10646,0.0
10647,0.0
10648,0.0
10649,0.0
10650,0.0
10651,0.0
10652,0.0
10653,0.0
10654,0.0
10655,0.0
10656,0.0
10657,0.0
10658,0.0
10659,0.0
10660,0.0
10661,0.0
10662,0.0
10663,0.0
10664,0.0
10665,0.0
10666,0.0
10667,0.0
10668,0.0
10669,0.0
10670,0.0
10671,0.0
10672,0.0
10673,0.0
10674,0.0
10675,0.0
10676,0.0
10677,0.0
10678,0.0
10679,0.0
10680,0.0
10681,0.0
10682,0.0
10683,0.0
10684,0.0
10685,0.0
10686,0.0
10687,0.0
10688,0.0
10689,0.0
10690,0.0
10691,0.0
10692,0.0
10693,0.0
10694,0.0
10695,0.0
10696,0.0
10697,0.0
10698,0.0
10699,0.0
10700,0.0
10701,0.0
10702,0.0
10703,0.0
10704,0.0
10705,0.0
10706,0.0
10707,0.0
10708,0.0
10709,0.0
10710,0.0
10711,0.0
10712,0.0
10713,0.0
10714,0.0
10715,0.0
10716,0.0
10717,0.0
10718,0.0
10719,0.0
10720,0.0
10721,0.0
10722,0.0
10723,0.0
10724,0.0
10725,0.0
10726,0.0
10727,0.0
10728,0.0
10729,0.0
10730,0.0
10731,0.0
10732,0.0
10733,0.0
10734,0.0
10735,0.0
10736,0.0
10737,0.0
10738,0.0
10739,0.0
10740,0.0
10741,0.0
10742,0.0
10743,0.0
10744,0.0
10745,0.0
10746,0.0
10747,0.0
10748,0.0
10749,0.0
10750,0.0
10751,0.0
10752,0.0
10753,0.0
10754,0.0
10755,0.0
10756,0.0
10757,0.0
10758,0.0
10759,0.0
10760,0.0
10761,0.0
10762,0.0
10763,0.0
10764,0.0
10765,0.0
10766,0.0
10767,0.0
10768,0.0
10769,0.0
10770,0.0
10771,0.0
10772,0.0
10773,0.0
10774,0.0
10775,0.0
10776,0.0
10777,0.0
10778,0.0
10779,0.0
10780,0.0
10781,0.0
10782,0.0
10783,0.0
10784,0.0
10785,0.0
10786,0.0
10787,0.0
10788,0.0
10789,0.0
10790,0.0
10791,0.0
10792,0.0
10793,0.0
10794,0.0
10795,0.0
10796,0.0
10797,0.0
10798,0.0
10799,0.0
10800,0.0
10801,0.0
10802,0.0
10803,0.0
10804,0.0
10805,0.0
10806,0.0
10807,0.0
10808,0.0
10809,0.0
10810,0.0
10811,0.0
10812,0.0
10813,0.0
10814,0.0
10815,0.0
10816,0.0
10817,0.0
10818,0.0
10819,0.0
10820,0.0
10821,0.0
10822,0.0
10823,0.0
10824,0.0
10825,0.0
10826,0.0
10827,0.0
10828,0.0
10829,0.0
10830,0.0
10831,0.0
10832,0.0
10833,0.0
10834,0.0
10835,0.0
10836,0.0
10837,0.0
10838,0.0
10839,0.0
10840,0.0
10841,0.0
10842,0.0
10843,0.0
10844,0.0
10845,0.0
10846,0.0
10847,0.0
10848,0.0
10849,0.0
10850,0.0
10851,0.0
10852,0.0
10853,0.0
10854,0.0
10855,0.0
10856,0.0
10857,0.0
10858,0.0
10859,0.0
10860,0.0
10861,0.0
10862,0.0
10863,0.0
10864,0.0
10865,0.0
10866,0.0
10867,0.0
10868,0.0
10869,0.0
10870,0.0
10871,0.0
10872,0.0
10873,0.0
10874,0.0
10875,0.0
10876,0.0
10877,0.0
10878,0.0
10879,0.0
10880,0.0
10881,0.0
10882,0.0
10883,0.0
10884,0.0
10885,0.0
10886,0.0
10887,0.0
10888,0.0
10889,0.0
10890,0.0
10891,0.0
10892,0.0
10893,0.0
10894,0.0
10895,0.0
10896,0.0
10897,0.0
10898,0.0
10899,0.0
10900,0.0
10901,0.0
10902,0.0
10903,0.0
10904,0.0
10905,0.0
10906,0.0
10907,0.0
10908,0.0
10909,0.0
10910,0.0
10911,0.0
10912,0.0
10913,0.0
10914,0.0
10915,0.0
10916,0.0
10917,0.0
10918,0.0
10919,0.0
10920,0.0
10921,0.0
10922,0.0
10923,0.0
10924,0.0
10925,0.0
10926,0.0
10927,0.0
10928,0.0
10929,0.0
10930,0.0
10931,0.0
10932,0.0
10933,0.0
10934,0.0
10935,0.0
10936,0.0
10937,0.0
10938,0.0
10939,0.0
10940,0.0
10941,0.0
10942,0.0
10943,0.0
10944,0.0
10945,0.0
10946,0.0
10947,0.0
10948,0.0
10949,0.0
10950,0.0
10951,0.0
10952,0.0
10953,0.0
10954,0.0
10955,0.0
10956,0.0
10957,0.0
10958,0.0
10959,0.0
10960,0.0
10961,0.0
10962,0.0
10963,0.0
10964,0.0
10965,0.0
10966,0.0
10967,0.0
10968,0.0
10969,0.0
10970,0.0
10971,0.0
10972,0.0
10973,0.0
10974,0.0
10975,0.0
10976,0.0
10977,0.0
10978,0.0
10979,0.0
10980,0.0
10981,0.0
10982,0.0
10983,0.0
10984,0.0
10985,0.0
10986,0.0
10987,0.0
10988,0.0
10989,0.0
10990,0.0
10991,0.0
10992,0.0
10993,0.0
10994,0.0
10995,0.0
10996,0.0
10997,0.0
10998,0.0
10999,0.0
11000,0.0
11001,0.0
11002,0.0
11003,0.0
11004,0.0
11005,0.0
11006,0.0
11007,0.0
11008,0.0
11009,0.0
11010,0.0
11011,0.0
11012,0.0
11013,0.0
11014,0.0
11015,0.0
11016,0.0
11017,0.0
11018,0.0
11019,0.0
11020,0.0
11021,0.0
11022,0.0
11023,0.0
11024,0.0
11025,0.0
11026,0.0
11027,0.0
11028,0.0
11029,0.0
11030,0.0
11031,0.0
11032,0.0
11033,0.0
11034,0.0
11035,0.0
11036,0.0
11037,0.0
11038,0.0
11039,0.0
11040,0.0
11041,0.0
11042,0.0
11043,0.0
11044,0.0
11045,0.0
11046,0.0
11047,0.0
11048,0.0
11049,0.0
11050,0.0
11051,0.0
11052,0.0
11053,0.0
11054,0.0
11055,0.0
11056,0.0
11057,0.0
11058,0.0
11059,0.0
11060,0.0
11061,0.0
11062,0.0
11063,0.0
11064,0.0
11065,0.0
11066,0.0
11067,0.0
11068,0.0
11069,0.0
11070,0.0
11071,0.0
11072,0.0
11073,0.0
11074,0.0
11075,0.0
11076,0.0
11077,0.0
11078,0.0
11079,0.0
11080,0.0
11081,0.0
11082,0.0
11083,0.0
11084,0.0
11085,0.0
11086,0.0
11087,0.0
11088,0.0
11089,0.0
11090,0.0
11091,0.0
11092,0.0
11093,0.0
11094,0.0
11095,0.0
11096,0.0
11097,0.0
11098,0.0
11099,0.0
11100,0.0
11101,1315.5784692818202
11102,1315.5784692818202
11103,0.0
11104,0.0
11105,1315.5784692818202
11106,1315.5784692818202
11107,1315.5784692818202
11108,1315.5784692818202
11109,1315.5784692818202
11110,0.0
11111,0.0
11112,1315.5784692818202
11113,1315.5784692818202
11114,1315.5784692818202
11115,1315.5784692818202
11116,1315.5784692818202
11117,0.0
11118,0.0
11119,1315.5784692818202
11120,1315.5784692818202
11121,1315.5784692818202
11122,1315.5784692818202
11123,1315.5784692818202
11124,0.0
11125,0.0
11126,1315.5784692818202
11127,1315.5784692818202
11128,1315.5784692818202
11129,1315.5784692818202
11130,1315.5784692818202
11131,0.0
11132,0.0
11133,1315.5784692818202
11134,1315.5784692818202
11135,1315.5784692818202
11136,1315.5784692818202
11137,1315.5784692818202
11138,0.0
11139,0.0
11140,1315.5784692818202
11141,1315.5784692818202
11142,1315.5784692818202
11143,1315.5784692818202
11144,1315.5784692818202
11145,0.0
11146,0.0
11147,1315.5784692818202
11148,1315.5784692818202
11149,1315.5784692818202
11150,1315.5784692818202
11151,1315.5784692818202
11152,0.0
11153,0.0
11154,1315.5784692818202
11155,1315.5784692818202
11156,1315.5784692818202
11157,1315.5784692818202
11158,1315.5784692818202
11159,0.0
11160,0.0
11161,1315.5784692818202
11162,1315.5784692818202
11163,1315.5784692818202
11164,1315.5784692818202
11165,1315.5784692818202
11166,0.0
11167,0.0
11168,1315.5784692818202
11169,1315.5784692818202
11170,1315.5784692818202
11171,1315.5784692818202
11172,1315.5784692818202
11173,0.0
11174,0.0
11175,1315.5784692818202
11176,1315.5784692818202
11177,1315.5784692818202
11178,1315.5784692818202
11179,1315.5784692818202
11180,0.0
11181,0.0
11182,1315.5784692818202
11183,1315.5784692818202
11184,1315.5784692818202
11185,1315.5784692818202
11186,1315.5784692818202
11187,0.0
11188,0.0
11189,1315.5784692818202
11190,1315.5784692818202
11191,1315.5784692818202
11192,1315.5784692818202
11193,1315.5784692818202
11194,0.0
11195,0.0
11196,1315.5784692818202
11197,1315.5784692818202
11198,1315.5784692818202
11199,1315.5784692818202
11200,1315.5784692818202
11201,0.0
11202,0.0
11203,1315.5784692818202
11204,1315.5784692818202
11205,1315.5784692818202
11206,1315.5784692818202
11207,1315.5784692818202
11208,0.0
11209,0.0
11210,1315.5784692818202
11211,1315.5784692818202
11212,1315.5784692818202
11213,1315.5784692818202
11214,1315.5784692818202
11215,0.0
11216,0.0
11217,1315.5784692818202
11218,1315.5784692818202
11219,1315.5784692818202
11220,1315.5784692818202
11221,1315.5784692818202
11222,0.0
11223,0.0
11224,1315.5784692818202
11225,1315.5784692818202
11226,1315.5784692818202
11227,1315.5784692818202
11228,1315.5784692818202
11229,0.0
11230,0.0
11231,1315.5784692818202
11232,1315.5784692818202
11233,1315.5784692818202
11234,1315.5784692818202
11235,1315.5784692818202
11236,0.0
11237,0.0
11238,1315.5784692818202
11239,1315.5784692818202
11240,1315.5784692818202
11241,1315.5784692818202
11242,1315.5784692818202
11243,0.0
11244,0.0
11245,1315.5784692818202
11246,1315.5784692818202
11247,1315.5784692818202
11248,1315.5784692818202
11249,1315.5784692818202
11250,0.0
11251,0.0
11252,0.0
11253,0.0
11254,0.0
11255,0.0
11256,0.0
11257,0.0
11258,0.0
11259,0.0
11260,0.0
11261,0.0
11262,0.0
11263,0.0
11264,0.0
11265,0.0
11266,0.0
11267,0.0
11268,0.0
11269,0.0
11270,0.0
11271,0.0
11272,0.0
11273,0.0
11274,0.0
11275,0.0
11276,0.0
11277,0.0
11278,0.0
11279,0.0
11280,0.0
11281,0.0
11282,0.0
11283,0.0
11284,0.0
11285,0.0
11286,0.0
11287,0.0
11288,0.0
11289,0.0
11290,0.0
11291,0.0
11292,0.0
11293,0.0
11294,0.0
11295,0.0
11296,0.0
11297,0.0
11298,0.0
11299,0.0
11300,0.0
11301,0.0
11302,0.0
11303,0.0
11304,0.0
11305,0.0
11306,0.0
11307,0.0
11308,0.0
11309,0.0
11310,0.0
11311,0.0
11312,0.0
11313,0.0
11314,0.0
11315,0.0
11316,0.0
11317,0.0
11318,0.0
11319,0.0
11320,0.0
11321,0.0
11322,0.0
11323,0.0
11324,0.0
11325,0.0
11326,0.0
11327,0.0
11328,0.0
11329,0.0
11330,0.0
11331,0.0
11332,0.0
11333,0.0
11334,0.0
11335,0.0
11336,0.0
11337,0.0
11338,0.0
11339,0.0
11340,0.0
11341,0.0
11342,0.0
11343,0.0
11344,0.0
11345,0.0
11346,0.0
11347,0.0
11348,0.0
11349,0.0
11350,0.0
11351,0.0
11352,0.0
11353,0.0
11354,0.0
11355,0.0
11356,0.0
11357,0.0
11358,0.0
11359,0.0
11360,0.0
11361,0.0
11362,0.0
11363,0.0
11364,0.0
11365,0.0
11366,0.0
11367,0.0
11368,0.0
11369,0.0
11370,0.0
11371,0.0
11372,0.0
11373,0.0
11374,0.0
11375,0.0
11376,0.0
11377,0.0
11378,0.0
11379,0.0
11380,0.0
11381,0.0
11382,0.0
11383,0.0
11384,0.0
11385,0.0
11386,0.0
11387,0.0
11388,0.0
11389,0.0
11390,0.0
11391,0.0
11392,0.0
11393,0.0
11394,0.0
11395,0.0
11396,0.0
11397,0.0
11398,0.0
11399,0.0
11400,0.0
11401,53858.827429175406
11402,51490.94571441143
11403,50530.275855501444
11404,50082.88389422618
11405,54371.020295565504
11406,54371.020295565504
11407,54371.020295565504
11408,53858.827429175406
11409,51490.94571441143
11410,50530.275855501444
11411,50082.88389422618
11412,54371.020295565504
11413,54371.020295565504
11414,54371.020295565504
11415,53858.827429175406
11416,51490.94571441143
11417,50530.275855501444
11418,50082.88389422618
11419,54371.020295565504
11420,54371.020295565504
11421,54371.020295565504
11422,53858.827429175406
11423,51490.94571441143
11424,50530.275855501444
11425,50082.88389422618
11426,54371.020295565504
11427,54371.020295565504
11428,54371.020295565504
11429,53858.827429175406
11430,56678.41700571655
11431,50530.275855501444
11432,50082.88389422618
11433,54371.020295565504
11434,54371.020295565504
11435,54371.020295565504
11436,53858.827429175406
11437,51490.94571441143
11438,50530.275855501444
11439,50082.88389422618
11440,54371.020295565504
11441,54371.020295565504
11442,54371.020295565504
11443,53858.827429175406
11444,51490.94571441143
11445,50530.275855501444
11446,50082.88389422618
11447,54371.020295565504
11448,54371.020295565504
11449,54371.020295565504
11450,53858.827429175406
11451,51490.94571441143
11452,50530.275855501444
11453,50082.88389422618
11454,54371.020295565504
11455,54371.020295565504
11456,54371.020295565504
11457,53858.827429175406
11458,56678.41700571655
11459,50530.275855501444
11460,50082.88389422618
11461,54371.020295565504
11462,54371.020295565504
11463,54371.020295565504
11464,53858.827429175406
11465,51490.94571441143
11466,50530.275855501444
11467,50082.88389422618
11468,54371.020295565504
11469,54371.020295565504
11470,54371.020295565504
11471,53858.827429175406
11472,51490.94571441143
11473,50530.275855501444
11474,50082.88389422618
11475,54371.020295565504
11476,54371.020295565504
11477,54371.020295565504
11478,53858.827429175406
11479,51490.94571441143
11480,50530.275855501444
11481,50082.88389422618
11482,54371.020295565504
11483,54371.020295565504
11484,54371.020295565504
11485,53858.827429175406
11486,51490.94571441143
11487,50530.275855501444
11488,50082.88389422618
11489,59558.49158687062
11490,54371.020295565504
11491,54371.020295565504
11492,53858.827429175406
11493,51490.94571441143
11494,50530.275855501444
11495,50082.88389422618
11496,54371.020295565504
11497,54371.020295565504
11498,54371.020295565504
11499,53858.827429175406
11500,51490.94571441143
11501,50530.275855501444
11502,50082.88389422618
11503,54371.020295565504
11504,54371.020295565504
11505,54371.020295565504
11506,53858.827429175406
11507,51490.94571441143
11508,50530.275855501444
11509,50082.88389422618
11510,54371.020295565504
11511,54371.020295565504
11512,54371.020295565504
11513,53858.827429175406
11514,51490.94571441143
11515,50530.275855501444
11516,50082.88389422618
11517,54371.020295565504
11518,54371.020295565504
11519,59558.49158687062
11520,53858.827429175406
11521,51490.94571441143
11522,50530.275855501444
11523,50082.88389422618
11524,54371.020295565504
11525,54371.020295565504
11526,54371.020295565504
11527,53858.827429175406
11528,51490.94571441143
11529,50530.275855501444
11530,50082.88389422618
11531,54371.020295565504
11532,54371.020295565504
11533,54371.020295565504
11534,53858.827429175406
11535,51490.94571441143
11536,50530.275855501444
11537,50082.88389422618
11538,54371.020295565504
11539,54371.020295565504
11540,54371.020295565504
11541,53858.827429175406
11542,51490.94571441143
11543,50530.275855501444
11544,50082.88389422618
11545,54371.020295565504
11546,54371.020295565504
11547,54371.020295565504
11548,53858.827429175406
11549,51490.94571441143
11550,50530.275855501444
11551,384.90312248210756
11552,384.90312248210756
11553,0.0
11554,0.0
11555,384.90312248210756
11556,384.90312248210756
11557,384.90312248210756
11558,384.90312248210756
11559,384.90312248210756
11560,0.0
11561,0.0
11562,384.90312248210756
11563,384.90312248210756
11564,384.90312248210756
11565,384.90312248210756
11566,384.90312248210756
11567,0.0
11568,0.0
11569,384.90312248210756
11570,384.90312248210756
11571,384.90312248210756
11572,384.90312248210756
11573,384.90312248210756
11574,0.0
11575,0.0
11576,384.90312248210756
11577,384.90312248210756
11578,384.90312248210756
11579,384.90312248210756
11580,384.90312248210756
11581,0.0
11582,0.0
11583,384.90312248210756
11584,384.90312248210756
11585,384.90312248210756
11586,384.90312248210756
11587,384.90312248210756
11588,0.0
11589,0.0
11590,384.90312248210756
11591,384.90312248210756
11592,384.90312248210756
11593,384.90312248210756
11594,384.90312248210756
11595,0.0
11596,0.0
11597,384.90312248210756
11598,384.90312248210756
11599,384.90312248210756
11600,384.90312248210756
11601,384.90312248210756
11602,0.0
11603,0.0
11604,384.90312248210756
11605,384.90312248210756
11606,384.90312248210756
11607,384.90312248210756
11608,384.90312248210756
11609,0.0
11610,0.0
11611,384.90312248210756
11612,384.90312248210756
11613,384.90312248210756
11614,384.90312248210756
11615,384.90312248210756
11616,0.0
11617,0.0
11618,384.90312248210756
11619,384.90312248210756
11620,384.90312248210756
11621,384.90312248210756
11622,384.90312248210756
11623,0.0
11624,0.0
11625,384.90312248210756
11626,384.90312248210756
11627,384.90312248210756
11628,384.90312248210756
11629,384.90312248210756
11630,0.0
11631,0.0
11632,384.90312248210756
11633,384.90312248210756
11634,384.90312248210756
11635,384.90312248210756
11636,384.90312248210756
11637,0.0
11638,0.0
11639,384.90312248210756
11640,384.90312248210756
11641,384.90312248210756
11642,384.90312248210756
11643,384.90312248210756
11644,0.0
11645,0.0
11646,384.90312248210756
11647,384.90312248210756
11648,384.90312248210756
11649,384.90312248210756
11650,384.90312248210756
11651,0.0
11652,0.0
11653,384.90312248210756
11654,384.90312248210756
11655,384.90312248210756
11656,384.90312248210756
11657,384.90312248210756
11658,0.0
11659,0.0
11660,384.90312248210756
11661,384.90312248210756
11662,384.90312248210756
11663,384.90312248210756
11664,384.90312248210756
11665,0.0
11666,0.0
11667,384.90312248210756
11668,384.90312248210756
11669,384.90312248210756
11670,384.90312248210756
11671,384.90312248210756
11672,0.0
11673,0.0
11674,384.90312248210756
11675,384.90312248210756
11676,384.90312248210756
11677,384.90312248210756
11678,384.90312248210756
11679,0.0
11680,0.0
11681,384.90312248210756
11682,384.90312248210756
11683,384.90312248210756
11684,384.90312248210756
11685,384.90312248210756
11686,0.0
11687,0.0
11688,384.90312248210756
11689,384.90312248210756
11690,384.90312248210756
11691,384.90312248210756
11692,384.90312248210756
11693,0.0
11694,0.0
11695,384.90312248210756
11696,384.90312248210756
11697,384.90312248210756
11698,384.90312248210756
11699,384.90312248210756
11700,0.0
11701,0.0
11702,0.0
11703,0.0
11704,0.0
11705,0.0
11706,0.0
11707,0.0
11708,0.0
11709,0.0
11710,0.0
11711,0.0
11712,0.0
11713,0.0
11714,0.0
11715,0.0
11716,0.0
11717,0.0
11718,0.0
11719,0.0
11720,0.0
11721,0.0
11722,0.0
11723,0.0
11724,0.0
11725,0.0
11726,0.0
11727,0.0
11728,0.0
11729,0.0
11730,0.0
11731,0.0
11732,0.0
11733,0.0
11734,0.0
11735,0.0
11736,0.0
11737,0.0
11738,0.0
11739,0.0
11740,0.0
11741,0.0
11742,0.0
11743,0.0
11744,0.0
11745,0.0
11746,0.0
11747,0.0
11748,0.0
11749,0.0
11750,0.0
11751,0.0
11752,0.0
11753,0.0
11754,0.0
11755,0.0
11756,0.0
11757,0.0
11758,0.0
11759,0.0
11760,0.0
11761,0.0
11762,0.0
11763,0.0
11764,0.0
11765,0.0
11766,0.0
11767,0.0
11768,0.0
11769,0.0
11770,0.0
11771,0.0
11772,0.0
11773,0.0
11774,0.0
11775,0.0
11776,0.0
11777,0.0
11778,0.0
11779,0.0
11780,0.0
11781,0.0
11782,0.0
11783,0.0
11784,0.0
11785,0.0
11786,0.0
11787,0.0
11788,0.0
11789,0.0
11790,0.0
11791,0.0
11792,0.0
11793,0.0
11794,0.0
11795,0.0
11796,0.0
11797,0.0
11798,0.0
11799,0.0
11800,0.0
11801,0.0
11802,0.0
11803,0.0
11804,0.0
11805,0.0
11806,0.0
11807,0.0
11808,0.0
11809,0.0
11810,0.0
11811,0.0
11812,0.0
11813,0.0
11814,0.0
11815,0.0
11816,0.0
11817,0.0
11818,0.0
11819,0.0
11820,0.0
11821,0.0
11822,0.0
11823,0.0
11824,0.0
11825,0.0
11826,0.0
11827,0.0
11828,0.0
11829,0.0
11830,0.0
11831,0.0
11832,0.0
11833,0.0
11834,0.0
11835,0.0
11836,0.0
11837,0.0
11838,0.0
11839,0.0
11840,0.0
11841,0.0
11842,0.0
11843,0.0
11844,0.0
11845,0.0
11846,0.0
11847,0.0
11848,0.0
11849,0.0
11850,0.0
11851,0.0
11852,0.0
11853,0.0
11854,0.0
11855,0.0
11856,0.0
11857,0.0
11858,0.0
11859,0.0
11860,0.0
11861,0.0
11862,0.0
11863,0.0
11864,0.0
11865,0.0
11866,0.0
11867,0.0
11868,0.0
11869,0.0
11870,0.0
11871,0.0
11872,0.0
11873,0.0
11874,0.0
11875,0.0
11876,0.0
11877,0.0
11878,0.0
11879,0.0
11880,0.0
11881,0.0
11882,0.0
11883,0.0
11884,0.0
11885,0.0
11886,0.0
11887,0.0
11888,0.0
11889,0.0
11890,0.0
11891,0.0
11892,0.0
11893,0.0
11894,0.0
11895,0.0
11896,0.0
11897,0.0
11898,0.0
11899,0.0
11900,0.0
11901,0.0
11902,0.0
11903,0.0
11904,0.0
11905,0.0
11906,0.0
11907,0.0
11908,0.0
11909,0.0
11910,0.0
11911,0.0
11912,0.0
11913,0.0
11914,0.0
11915,0.0
11916,0.0
11917,0.0
11918,0.0
11919,0.0
11920,0.0
11921,0.0
11922,0.0
11923,0.0
11924,0.0
11925,0.0
11926,0.0
11927,0.0
11928,0.0
11929,0.0
11930,0.0
11931,0.0
11932,0.0
11933,0.0
11934,0.0
11935,0.0
11936,0.0
11937,0.0
11938,0.0
11939,0.0
11940,0.0
11941,0.0
11942,0.0
11943,0.0
11944,0.0
11945,0.0
11946,0.0
11947,0.0
11948,0.0
11949,0.0
11950,0.0
11951,0.0
11952,0.0
11953,0.0
11954,0.0
11955,0.0
11956,0.0
11957,0.0
11958,0.0
11959,0.0
11960,0.0
11961,0.0
11962,0.0
11963,0.0
11964,0.0
11965,0.0
11966,0.0
11967,0.0
11968,0.0
11969,0.0
11970,0.0
11971,0.0
11972,0.0
11973,0.0
11974,0.0
11975,0.0
11976,0.0
11977,0.0
11978,0.0
11979,0.0
11980,0.0
11981,0.0
11982,0.0
11983,0.0
11984,0.0
11985,0.0
11986,0.0
11987,0.0
11988,0.0
11989,0.0
11990,0.0
11991,0.0
11992,0.0
11993,0.0
11994,0.0
11995,0.0
11996,0.0
11997,0.0
11998,0.0
11999,0.0
12000,0.0
12001,0.0
12002,0.0
12003,0.0
12004,0.0
12005,0.0
12006,0.0
12007,0.0
12008,0.0
12009,0.0
12010,0.0
12011,0.0
12012,0.0
12013,0.0
12014,0.0
12015,0.0
12016,0.0
12017,0.0
12018,0.0
12019,0.0
12020,0.0
12021,0.0
12022,0.0
12023,0.0
12024,0.0
12025,0.0
12026,0.0
12027,0.0
12028,0.0
12029,0.0
12030,0.0
12031,0.0
12032,0.0
12033,0.0
12034,0.0
12035,0.0
12036,0.0
12037,0.0
12038,0.0
12039,0.0
12040,0.0
12041,0.0
12042,0.0
12043,0.0
12044,0.0
12045,0.0
12046,0.0
12047,0.0
12048,0.0
12049,0.0
12050,0.0
12051,0.0
12052,0.0
12053,0.0
12054,0.0
12055,0.0
12056,0.0
12057,0.0
12058,0.0
12059,0.0
12060,0.0
12061,0.0
12062,0.0
12063,0.0
12064,0.0
12065,0.0
12066,0.0
12067,0.0
12068,0.0
12069,0.0
12070,0.0
12071,0.0
12072,0.0
12073,0.0
12074,0.0
12075,0.0
12076,0.0
12077,0.0
12078,0.0
12079,0.0
12080,0.0
12081,0.0
12082,0.0
12083,0.0
12084,0.0
12085,0.0
12086,0.0
12087,0.0
12088,0.0
12089,0.0
12090,0.0
12091,0.0
12092,0.0
12093,0.0
12094,0.0
12095,0.0
12096,0.0
12097,0.0
12098,0.0
12099,0.0
12100,0.0
12101,0.0
12102,0.0
12103,0.0
12104,0.0
12105,0.0
12106,0.0
12107,0.0
12108,0.0
12109,0.0
12110,0.0
12111,0.0
12112,0.0
12113,0.0
12114,0.0
12115,0.0
12116,0.0
12117,0.0
12118,0.0
12119,0.0
12120,0.0
12121,0.0
12122,0.0
12123,0.0
12124,0.0
12125,0.0
12126,0.0
12127,0.0
12128,0.0
12129,0.0
12130,0.0
12131,0.0
12132,0.0
12133,0.0
12134,0.0
12135,0.0
12136,0.0
12137,0.0
12138,0.0
12139,0.0
12140,0.0
12141,0.0
12142,0.0
12143,0.0
12144,0.0
12145,0.0
12146,0.0
12147,0.0
12148,0.0
12149,0.0
12150,0.0
12151,3375.7789970180306
12152,3375.7789970180306
12153,1629.3287215163093
12154,1181.9367602410307
12155,3375.7789970180306
12156,3375.7789970180306
12157,3375.7789970180306
12158,3375.7789970180306
12159,3375.7789970180306
12160,1629.3287215163093
12161,1181.9367602410307
12162,3375.7789970180306
12163,3375.7789970180306
12164,3375.7789970180306
12165,3375.7789970180306
12166,3375.7789970180306
12167,1629.3287215163093
12168,1181.9367602410307
12169,3375.7789970180306
12170,3375.7789970180306
12171,3375.7789970180306
12172,3375.7789970180306
12173,3375.7789970180306
12174,1629.3287215163093
12175,1181.9367602410307
12176,3375.7789970180306
12177,3375.7789970180306
12178,3375.7789970180306
12179,3375.7789970180306
12180,3375.7789970180306
12181,1629.3287215163093
12182,1181.9367602410307
12183,3375.7789970180306
12184,3375.7789970180306
12185,3375.7789970180306
12186,3375.7789970180306
12187,3375.7789970180306
12188,1629.3287215163093
12189,1181.9367602410307
12190,3375.7789970180306
12191,3375.7789970180306
12192,3375.7789970180306
12193,3375.7789970180306
12194,3375.7789970180306
12195,1629.3287215163093
12196,1181.9367602410307
12197,3375.7789970180306
12198,3375.7789970180306
12199,3375.7789970180306
12200,3375.7789970180306
12201,3375.7789970180306
12202,1629.3287215163093
12203,1181.9367602410307
12204,3375.7789970180306
12205,3375.7789970180306
12206,3375.7789970180306
12207,3375.7789970180306
12208,3375.7789970180306
12209,1629.3287215163093
12210,1181.9367602410307
12211,3375.7789970180306
12212,3375.7789970180306
12213,3375.7789970180306
12214,3375.7789970180306
12215,3375.7789970180306
12216,1629.3287215163093
12217,1181.9367602410307
12218,3375.7789970180306
12219,3375.7789970180306
12220,3375.7789970180306
12221,3375.7789970180306
12222,3375.7789970180306
12223,1629.3287215163093
12224,1181.9367602410307
12225,3375.7789970180306
12226,3375.7789970180306
12227,3375.7789970180306
12228,3375.7789970180306
12229,3375.7789970180306
12230,1629.3287215163093
12231,1181.9367602410307
12232,3375.7789970180306
12233,3375.7789970180306
12234,3375.7789970180306
12235,3375.7789970180306
12236,3375.7789970180306
12237,1629.3287215163093
12238,1181.9367602410307
12239,3375.7789970180306
12240,3375.7789970180306
12241,3375.7789970180306
12242,3375.7789970180306
12243,3375.7789970180306
12244,1629.3287215163093
12245,1181.9367602410307
12246,3375.7789970180306
12247,3375.7789970180306
12248,3375.7789970180306
12249,3375.7789970180306
12250,3375.7789970180306
12251,1629.3287215163093
12252,1181.9367602410307
12253,3375.7789970180306
12254,3375.7789970180306
12255,3375.7789970180306
12256,3375.7789970180306
12257,3375.7789970180306
12258,1629.3287215163093
12259,1181.9367602410307
12260,3375.7789970180306
12261,3375.7789970180306
12262,3375.7789970180306
12263,3375.7789970180306
12264,3375.7789970180306
12265,1629.3287215163093
12266,1181.9367602410307
12267,3375.7789970180306
12268,3375.7789970180306
12269,3375.7789970180306
12270,3375.7789970180306
12271,3375.7789970180306
12272,1629.3287215163093
12273,1181.9367602410307
12274,3375.7789970180306
12275,3375.7789970180306
12276,3375.7789970180306
12277,3375.7789970180306
12278,3375.7789970180306
12279,1629.3287215163093
12280,1181.9367602410307
12281,3375.7789970180306
12282,3375.7789970180306
12283,3375.7789970180306
12284,3375.7789970180306
12285,3375.7789970180306
12286,1629.3287215163093
12287,1181.9367602410307
12288,3375.7789970180306
12289,3375.7789970180306
12290,3375.7789970180306
12291,3375.7789970180306
12292,3375.7789970180306
12293,1629.3287215163093
12294,1181.9367602410307
12295,3375.7789970180306
12296,3375.7789970180306
12297,3375.7789970180306
12298,3375.7789970180306
12299,3375.7789970180306
12300,1629.3287215163093
12301,0.0
12302,0.0
12303,0.0
12304,0.0
12305,0.0
12306,0.0
12307,0.0
12308,0.0
12309,0.0
12310,0.0
12311,0.0
12312,0.0
12313,0.0
12314,0.0
12315,0.0
12316,0.0
12317,0.0
12318,0.0
12319,0.0
12320,0.0
12321,0.0
12322,0.0
12323,0.0
12324,0.0
12325,0.0
12326,0.0
12327,0.0
12328,0.0
12329,0.0
12330,0.0
12331,0.0
12332,0.0
12333,0.0
12334,0.0
12335,0.0
12336,0.0
12337,0.0
12338,0.0
12339,0.0
12340,0.0
12341,0.0
12342,0.0
12343,0.0
12344,0.0
12345,0.0
12346,0.0
12347,0.0
12348,0.0
12349,0.0
12350,0.0
12351,0.0
12352,0.0
12353,0.0
12354,0.0
12355,0.0
12356,0.0
12357,0.0
12358,0.0
12359,0.0
12360,0.0
12361,0.0
12362,0.0
12363,0.0
12364,0.0
12365,0.0
12366,0.0
12367,0.0
12368,0.0
12369,0.0
12370,0.0
12371,0.0
12372,0.0
12373,0.0
12374,0.0
12375,0.0
12376,0.0
12377,0.0
12378,0.0
12379,0.0
12380,0.0
12381,0.0
12382,0.0
12383,0.0
12384,0.0
12385,0.0
12386,0.0
12387,0.0
12388,0.0
12389,0.0
12390,0.0
12391,0.0
12392,0.0
12393,0.0
12394,0.0
12395,0.0
12396,0.0
12397,0.0
12398,0.0
12399,0.0
12400,0.0
12401,0.0
12402,0.0
12403,0.0
12404,0.0
12405,0.0
12406,0.0
12407,0.0
12408,0.0
12409,0.0
12410,0.0
12411,0.0
12412,0.0
12413,0.0
12414,0.0
12415,0.0
12416,0.0
12417,0.0
12418,0.0
12419,0.0
12420,0.0
12421,0.0
12422,0.0
12423,0.0
12424,0.0
12425,0.0
12426,0.0
12427,0.0
12428,0.0
12429,0.0
12430,0.0
12431,0.0
12432,0.0
12433,0.0
12434,0.0
12435,0.0
12436,0.0
12437,0.0
12438,0.0
12439,0.0
12440,0.0
12441,0.0
12442,0.0
12443,0.0
12444,0.0
12445,0.0
12446,0.0
12447,0.0
12448,0.0
12449,0.0
12450,0.0
12451,19.30857152292226
12452,19.30857152292226
12453,19.30857152292226
12454,19.30857152292226
12455,19.30857152292226
12456,19.30857152292226
12457,19.30857152292226
12458,19.30857152292226
12459,19.30857152292226
12460,19.30857152292226
12461,19.30857152292226
12462,19.30857152292226
12463,19.30857152292226
12464,19.30857152292226
12465,19.30857152292226
12466,19.30857152292226
12467,19.30857152292226
12468,19.30857152292226
12469,19.30857152292226
12470,19.30857152292226
12471,19.30857152292226
12472,19.30857152292226
12473,19.30857152292226
12474,19.30857152292226
12475,19.30857152292226
12476,19.30857152292226
12477,19.30857152292226
12478,19.30857152292226
12479,19.30857152292226
12480,19.30857152292226
12481,19.30857152292226
12482,19.30857152292226
12483,19.30857152292226
12484,19.30857152292226
12485,19.30857152292226
12486,19.30857152292226
12487,19.30857152292226
12488,19.30857152292226
12489,19.30857152292226
12490,19.30857152292226
12491,19.30857152292226
12492,19.30857152292226
12493,19.30857152292226
12494,19.30857152292226
12495,19.30857152292226
12496,19.30857152292226
12497,19.30857152292226
12498,19.30857152292226
12499,19.30857152292226
12500,19.30857152292226
12501,19.30857152292226
12502,19.30857152292226
12503,19.30857152292226
12504,19.30857152292226
12505,19.30857152292226
12506,19.30857152292226
12507,19.30857152292226
12508,19.30857152292226
12509,19.30857152292226
12510,19.30857152292226
12511,19.30857152292226
12512,19.30857152292226
12513,19.30857152292226
12514,19.30857152292226
12515,19.30857152292226
12516,19.30857152292226
12517,19.30857152292226
12518,19.30857152292226
12519,19.30857152292226
12520,19.30857152292226
12521,19.30857152292226
12522,19.30857152292226
12523,19.30857152292226
12524,19.30857152292226
12525,19.30857152292226
12526,19.30857152292226
12527,19.30857152292226
12528,19.30857152292226
12529,19.30857152292226
12530,19.30857152292226
12531,19.30857152292226
12532,19.30857152292226
12533,19.30857152292226
12534,19.30857152292226
12535,19.30857152292226
12536,19.30857152292226
12537,19.30857152292226
12538,19.30857152292226
12539,19.30857152292226
12540,19.30857152292226
12541,19.30857152292226
12542,19.30857152292226
12543,19.30857152292226
12544,19.30857152292226
12545,19.30857152292226
12546,19.30857152292226
12547,19.30857152292226
12548,19.30857152292226
12549,19.30857152292226
12550,19.30857152292226
12551,19.30857152292226
12552,19.30857152292226
12553,19.30857152292226
12554,19.30857152292226
12555,19.30857152292226
12556,19.30857152292226
12557,19.30857152292226
12558,19.30857152292226
12559,19.30857152292226
12560,19.30857152292226
12561,19.30857152292226
12562,19.30857152292226
12563,19.30857152292226
12564,19.30857152292226
12565,19.30857152292226
12566,19.30857152292226
12567,19.30857152292226
12568,19.30857152292226
12569,19.30857152292226
12570,19.30857152292226
12571,19.30857152292226
12572,19.30857152292226
12573,19.30857152292226
12574,19.30857152292226
12575,19.30857152292226
12576,19.30857152292226
12577,19.30857152292226
12578,19.30857152292226
12579,19.30857152292226
12580,19.30857152292226
12581,19.30857152292226
12582,19.30857152292226
12583,19.30857152292226
12584,19.30857152292226
12585,19.30857152292226
12586,19.30857152292226
12587,19.30857152292226
12588,19.30857152292226
12589,19.30857152292226
12590,19.30857152292226
12591,19.30857152292226
12592,19.30857152292226
12593,19.30857152292226
12594,19.30857152292226
12595,19.30857152292226
12596,19.30857152292226
12597,19.30857152292226
12598,19.30857152292226
12599,19.30857152292226
12600,19.30857152292226
12601,0.0
12602,0.0
12603,0.0
12604,0.0
12605,0.0
12606,0.0
12607,0.0
12608,0.0
12609,0.0
12610,0.0
12611,0.0
12612,0.0
12613,0.0
12614,0.0
12615,0.0
12616,0.0
12617,0.0
12618,0.0
12619,0.0
12620,0.0
12621,0.0
12622,0.0
12623,0.0
12624,0.0
12625,0.0
12626,0.0
12627,0.0
12628,0.0
12629,0.0
12630,0.0
12631,0.0
12632,0.0
12633,0.0
12634,0.0
12635,0.0
12636,0.0
12637,0.0
12638,0.0
12639,0.0
12640,0.0
12641,0.0
12642,0.0
12643,0.0
12644,0.0
12645,0.0
12646,0.0
12647,0.0
12648,0.0
12649,0.0
12650,0.0
12651,0.0
12652,0.0
12653,0.0
12654,0.0
12655,0.0
12656,0.0
12657,0.0
12658,0.0
12659,0.0
12660,0.0
12661,0.0
12662,0.0
12663,0.0
12664,0.0
12665,0.0
12666,0.0
12667,0.0
12668,0.0
12669,0.0
12670,0.0
12671,0.0
12672,0.0
12673,0.0
12674,0.0
12675,0.0
12676,0.0
12677,0.0
12678,0.0
12679,0.0
12680,0.0
12681,0.0
12682,0.0
12683,0.0
12684,0.0
12685,0.0
12686,0.0
12687,0.0
12688,0.0
12689,0.0
12690,0.0
12691,0.0
12692,0.0
12693,0.0
12694,0.0
12695,0.0
12696,0.0
12697,0.0
12698,0.0
12699,0.0
12700,0.0
12701,0.0
12702,0.0
12703,0.0
12704,0.0
12705,0.0
12706,0.0
12707,0.0
12708,0.0
12709,0.0
12710,0.0
12711,0.0
12712,0.0
12713,0.0
12714,0.0
12715,0.0
12716,0.0
12717,0.0
12718,0.0
12719,0.0
12720,0.0
12721,0.0
12722,0.0
12723,0.0
12724,0.0
12725,0.0
12726,0.0
12727,0.0
12728,0.0
12729,0.0
12730,0.0
12731,0.0
12732,0.0
12733,0.0
12734,0.0
12735,0.0
12736,0.0
12737,0.0
12738,0.0
12739,0.0
12740,0.0
12741,0.0
12742,0.0
12743,0.0
12744,0.0
12745,0.0
12746,0.0
12747,0.0
12748,0.0
12749,0.0
12750,0.0
12751,127.56243249798018
12752,127.56243249798018
12753,127.56243249798018
12754,127.56243249798018
12755,127.56243249798018
12756,127.56243249798018
12757,127.56243249798018
12758,127.56243249798018
12759,127.56243249798018
12760,127.56243249798018
12761,127.56243249798018
12762,127.56243249798018
12763,127.56243249798018
12764,127.56243249798018
12765,127.56243249798018
12766,127.56243249798018
12767,127.56243249798018
12768,127.56243249798018
12769,127.56243249798018
12770,127.56243249798018
12771,127.56243249798018
12772,127.56243249798018
12773,127.56243249798018
12774,127.56243249798018
12775,127.56243249798018
12776,127.56243249798018
12777,127.56243249798018
12778,127.56243249798018
12779,127.56243249798018
12780,127.56243249798018
12781,127.56243249798018
12782,127.56243249798018
12783,127.56243249798018
12784,127.56243249798018
12785,127.56243249798018
12786,127.56243249798018
12787,127.56243249798018
12788,127.56243249798018
12789,127.56243249798018
12790,127.56243249798018
12791,127.56243249798018
12792,127.56243249798018
12793,127.56243249798018
12794,127.56243249798018
12795,127.56243249798018
12796,127.56243249798018
12797,127.56243249798018
12798,127.56243249798018
12799,127.56243249798018
12800,127.56243249798018
12801,127.56243249798018
12802,127.56243249798018
12803,127.56243249798018
12804,127.56243249798018
12805,127.56243249798018
12806,127.56243249798018
12807,127.56243249798018
12808,127.56243249798018
12809,127.56243249798018
12810,127.56243249798018
12811,127.56243249798018
12812,127.56243249798018
12813,127.56243249798018
12814,127.56243249798018
12815,127.56243249798018
12816,127.56243249798018
12817,127.56243249798018
12818,127.56243249798018
12819,127.56243249798018
12820,127.56243249798018
12821,127.56243249798018
12822,127.56243249798018
12823,127.56243249798018
12824,127.56243249798018
12825,127.56243249798018
12826,127.56243249798018
12827,127.56243249798018
12828,127.56243249798018
12829,127.56243249798018
12830,127.56243249798018
12831,127.56243249798018
12832,127.56243249798018
12833,127.56243249798018
12834,127.56243249798018
12835,127.56243249798018
12836,127.56243249798018
12837,127.56243249798018
12838,127.56243249798018
12839,127.56243249798018
12840,127.56243249798018
12841,127.56243249798018
12842,127.56243249798018
12843,127.56243249798018
12844,127.56243249798018
12845,127.56243249798018
12846,127.56243249798018
12847,127.56243249798018
12848,127.56243249798018
12849,127.56243249798018
12850,127.56243249798018
12851,127.56243249798018
12852,127.56243249798018
12853,127.56243249798018
12854,127.56243249798018
12855,127.56243249798018
12856,127.56243249798018
12857,127.56243249798018
12858,127.56243249798018
12859,127.56243249798018
12860,127.56243249798018
12861,127.56243249798018
12862,127.56243249798018
12863,127.56243249798018
12864,127.56243249798018
12865,127.56243249798018
12866,127.56243249798018
12867,127.56243249798018
12868,127.56243249798018
12869,127.56243249798018
12870,127.56243249798018
12871,127.56243249798018
12872,127.56243249798018
12873,127.56243249798018
12874,127.56243249798018
12875,127.56243249798018
12876,127.56243249798018
12877,127.56243249798018
12878,127.56243249798018
12879,127.56243249798018
12880,127.56243249798018
12881,127.56243249798018
12882,127.56243249798018
12883,127.56243249798018
12884,127.56243249798018
12885,127.56243249798018
12886,127.56243249798018
12887,127.56243249798018
12888,127.56243249798018
12889,127.56243249798018
12890,127.56243249798018
12891,127.56243249798018
12892,127.56243249798018
12893,127.56243249798018
12894,127.56243249798018
12895,127.56243249798018
12896,127.56243249798018
12897,127.56243249798018
12898,127.56243249798018
12899,127.56243249798018
12900,127.56243249798018
12901,0.0
12902,0.0
12903,0.0
12904,0.0
12905,0.0
12906,0.0
12907,0.0
12908,0.0
12909,0.0
12910,0.0
12911,0.0
12912,0.0
12913,0.0
12914,0.0
12915,0.0
12916,0.0
12917,0.0
12918,0.0
12919,0.0
12920,0.0
12921,0.0
12922,0.0
12923,0.0
12924,0.0
12925,0.0
12926,0.0
12927,0.0
12928,0.0
12929,0.0
12930,0.0
12931,0.0
12932,0.0
12933,0.0
12934,0.0
12935,0.0
12936,0.0
12937,0.0
12938,0.0
12939,0.0
12940,0.0
12941,0.0
12942,0.0
12943,0.0
12944,0.0
12945,0.0
12946,0.0
12947,0.0
12948,0.0
12949,0.0
12950,0.0
12951,0.0
12952,0.0
12953,0.0
12954,0.0
12955,0.0
12956,0.0
12957,0.0
12958,0.0
12959,0.0
12960,0.0
12961,0.0
12962,0.0
12963,0.0
12964,0.0
12965,0.0
12966,0.0
12967,0.0
12968,0.0
12969,0.0
12970,0.0
12971,0.0
12972,0.0
12973,0.0
12974,0.0
12975,0.0
12976,0.0
12977,0.0
12978,0.0
12979,0.0
12980,0.0
12981,0.0
12982,0.0
12983,0.0
12984,0.0
12985,0.0
12986,0.0
12987,0.0
12988,0.0
12989,0.0
12990,0.0
12991,0.0
12992,0.0
12993,0.0
12994,0.0
12995,0.0
12996,0.0
12997,0.0
12998,0.0
12999,0.0
13000,0.0
13001,0.0
13002,0.0
13003,0.0
13004,0.0
13005,0.0
13006,0.0
13007,0.0
13008,0.0
13009,0.0
13010,0.0
13011,0.0
13012,0.0
13013,0.0
13014,0.0
13015,0.0
13016,0.0
13017,0.0
13018,0.0
13019,0.0
13020,0.0
13021,0.0
13022,0.0
13023,0.0
13024,0.0
13025,0.0
13026,0.0
13027,0.0
13028,0.0
13029,0.0
13030,0.0
13031,0.0
13032,0.0
13033,0.0
13034,0.0
13035,0.0
13036,0.0
13037,0.0
13038,0.0
13039,0.0
13040,0.0
13041,0.0
13042,0.0
13043,0.0
13044,0.0
13045,0.0
13046,0.0
13047,0.0
13048,0.0
13049,0.0
13050,0.0
13051,0.0
13052,0.0
13053,0.0
13054,0.0
13055,0.0
13056,0.0
13057,0.0
13058,0.0
13059,0.0
13060,0.0
13061,0.0
13062,0.0
13063,0.0
13064,0.0
13065,0.0
13066,0.0
13067,0.0
13068,0.0
13069,0.0
13070,0.0
13071,0.0
13072,0.0
13073,0.0
13074,0.0
13075,0.0
13076,0.0
13077,0.0
13078,0.0
13079,0.0
13080,0.0
13081,0.0
13082,0.0
13083,0.0
13084,0.0
13085,0.0
13086,0.0
13087,0.0
13088,0.0
13089,0.0
13090,0.0
13091,0.0
13092,0.0
13093,0.0
13094,0.0
13095,0.0
13096,0.0
13097,0.0
13098,0.0
13099,0.0
13100,0.0
13101,0.0
13102,0.0
13103,0.0
13104,0.0
13105,0.0
13106,0.0
13107,0.0
13108,0.0
13109,0.0
13110,0.0
13111,0.0
13112,0.0
13113,0.0
13114,0.0
13115,0.0
13116,0.0
13117,0.0
13118,0.0
13119,0.0
13120,0.0
13121,0.0
13122,0.0
13123,0.0
13124,0.0
13125,0.0
13126,0.0
13127,0.0
13128,0.0
13129,0.0
13130,0.0
13131,0.0
13132,0.0
13133,0.0
13134,0.0
13135,0.0
13136,0.0
13137,0.0
13138,0.0
13139,0.0
13140,0.0
13141,0.0
13142,0.0
13143,0.0
13144,0.0
13145,0.0
13146,0.0
13147,0.0
13148,0.0
13149,0.0
13150,0.0
13151,0.0
13152,0.0
13153,0.0
13154,0.0
13155,0.0
13156,0.0
13157,0.0
13158,0.0
13159,0.0
13160,0.0
13161,0.0
13162,0.0
13163,0.0
13164,0.0
13165,0.0
13166,0.0
13167,0.0
13168,0.0
13169,0.0
13170,0.0
13171,0.0
13172,0.0
13173,0.0
13174,0.0
13175,0.0
13176,0.0
13177,0.0
13178,0.0
13179,0.0
13180,0.0
13181,0.0
13182,0.0
13183,0.0
13184,0.0
13185,0.0
13186,0.0
13187,0.0
13188,0.0
13189,0.0
13190,0.0
13191,0.0
13192,0.0
13193,0.0
13194,0.0
13195,0.0
13196,0.0
13197,0.0
13198,0.0
13199,0.0
13200,0.0
13201,0.0
13202,0.0
13203,0.0
13204,0.0
13205,0.0
13206,0.0
13207,0.0
13208,0.0
13209,0.0
13210,0.0
13211,0.0
13212,0.0
13213,0.0
13214,0.0
13215,0.0
13216,0.0
13217,0.0
13218,0.0
13219,0.0
13220,0.0
13221,0.0
13222,0.0
13223,0.0
13224,0.0
13225,0.0
13226,0.0
13227,0.0
13228,0.0
13229,0.0
13230,0.0
13231,0.0
13232,0.0
13233,0.0
13234,0.0
13235,0.0
13236,0.0
13237,0.0
13238,0.0
13239,0.0
13240,0.0
13241,0.0
13242,0.0
13243,0.0
13244,0.0
13245,0.0
13246,0.0
13247,0.0
13248,0.0
13249,0.0
13250,0.0
13251,0.0
13252,0.0
13253,0.0
13254,0.0
13255,0.0
13256,0.0
13257,0.0
13258,0.0
13259,0.0
13260,0.0
13261,0.0
13262,0.0
13263,0.0
13264,0.0
13265,0.0
13266,0.0
13267,0.0
13268,0.0
13269,0.0
13270,0.0
13271,0.0
13272,0.0
13273,0.0
13274,0.0
13275,0.0
13276,0.0
13277,0.0
13278,0.0
13279,0.0
13280,0.0
13281,0.0
13282,0.0
13283,0.0
13284,0.0
13285,0.0
13286,0.0
13287,0.0
13288,0.0
13289,0.0
13290,0.0
13291,0.0
13292,0.0
13293,0.0
13294,0.0
13295,0.0
13296,0.0
13297,0.0
13298,0.0
13299,0.0
13300,0.0
13301,0.0
13302,0.0
13303,0.0
13304,0.0
13305,0.0
13306,0.0
13307,0.0
13308,0.0
13309,0.0
13310,0.0
13311,0.0
13312,0.0
13313,0.0
13314,0.0
13315,0.0
13316,0.0
13317,0.0
13318,0.0
13319,0.0
13320,0.0
13321,0.0
13322,0.0
13323,0.0
13324,0.0
13325,0.0
13326,0.0
13327,0.0
13328,0.0
13329,0.0
13330,0.0
13331,0.0
13332,0.0
13333,0.0
13334,0.0
13335,0.0
13336,0.0
13337,0.0
13338,0.0
13339,0.0
13340,0.0
13341,0.0
13342,0.0
13343,0.0
13344,0.0
13345,0.0
13346,0.0
13347,0.0
13348,0.0
13349,0.0
13350,0.0
13351,0.0
13352,0.0
13353,0.0
13354,0.0
13355,0.0
13356,0.0
13357,0.0
13358,0.0
13359,0.0
13360,0.0
13361,0.0
13362,0.0
13363,0.0
13364,0.0
13365,0.0
13366,0.0
13367,0.0
13368,0.0
13369,0.0
13370,0.0
13371,0.0
13372,0.0
13373,0.0
13374,0.0
13375,0.0
13376,0.0
13377,0.0
13378,0.0
13379,0.0
13380,0.0
13381,0.0
13382,0.0
13383,0.0
13384,0.0
13385,0.0
13386,0.0
13387,0.0
13388,0.0
13389,0.0
13390,0.0
13391,0.0
13392,0.0
13393,0.0
13394,0.0
13395,0.0
13396,0.0
13397,0.0
13398,0.0
13399,0.0
13400,0.0
13401,0.0
13402,0.0
13403,0.0
13404,0.0
13405,0.0
13406,0.0
13407,0.0
13408,0.0
13409,0.0
13410,0.0
13411,0.0
13412,0.0
13413,0.0
13414,0.0
13415,0.0
13416,0.0
13417,0.0
13418,0.0
13419,0.0
13420,0.0
13421,0.0
13422,0.0
13423,0.0
13424,0.0
13425,0.0
13426,0.0
13427,0.0
13428,0.0
13429,0.0
13430,0.0
13431,0.0
13432,0.0
13433,0.0
13434,0.0
13435,0.0
13436,0.0
13437,0.0
13438,0.0
13439,0.0
13440,0.0
13441,0.0
13442,0.0
13443,0.0
13444,0.0
13445,0.0
13446,0.0
13447,0.0
13448,0.0
13449,0.0
13450,0.0
13451,0.0
13452,0.0
13453,0.0
13454,0.0
13455,0.0
13456,0.0
13457,0.0
13458,0.0
13459,0.0
13460,0.0
13461,0.0
13462,0.0
13463,0.0
13464,0.0
13465,0.0
13466,0.0
13467,0.0
13468,0.0
13469,0.0
13470,0.0
13471,0.0
13472,0.0
13473,0.0
13474,0.0
13475,0.0
13476,0.0
13477,0.0
13478,0.0
13479,0.0
13480,0.0
13481,0.0
13482,0.0
13483,0.0
13484,0.0
13485,0.0
13486,0.0
13487,0.0
13488,0.0
13489,0.0
13490,0.0
13491,0.0
13492,0.0
13493,0.0
13494,0.0
13495,0.0
13496,0.0
13497,0.0
13498,0.0
13499,0.0
13500,0.0
13501,0.0
13502,0.0
13503,0.0
13504,0.0
13505,0.0
13506,0.0
13507,0.0
13508,0.0
13509,0.0
13510,0.0
13511,0.0
13512,0.0
13513,0.0
13514,0.0
13515,0.0
13516,0.0
13517,0.0
13518,0.0
13519,0.0
13520,0.0
13521,0.0
13522,0.0
13523,0.0
13524,0.0
13525,0.0
13526,0.0
13527,0.0
13528,0.0
13529,0.0
13530,0.0
13531,0.0
13532,0.0
13533,0.0
13534,0.0
13535,0.0
13536,0.0
13537,0.0
13538,0.0
13539,0.0
13540,0.0
13541,0.0
13542,0.0
13543,0.0
13544,0.0
13545,0.0
13546,0.0
13547,0.0
13548,0.0
13549,0.0
13550,0.0
13551,0.0
13552,0.0
13553,0.0
13554,0.0
13555,0.0
13556,0.0
13557,0.0
13558,0.0
13559,0.0
13560,0.0
13561,0.0
13562,0.0
13563,0.0
13564,0.0
13565,0.0
13566,0.0
13567,0.0
13568,0.0
13569,0.0
13570,0.0
13571,0.0
13572,0.0
13573,0.0
13574,0.0
13575,0.0
13576,0.0
13577,0.0
13578,0.0
13579,0.0
13580,0.0
13581,0.0
13582,0.0
13583,0.0
13584,0.0
13585,0.0
13586,0.0
13587,0.0
13588,0.0
13589,0.0
13590,0.0
13591,0.0
13592,0.0
13593,0.0
13594,0.0
13595,0.0
13596,0.0
13597,0.0
13598,0.0
13599,0.0
13600,0.0
13601,0.0
13602,0.0
13603,0.0
13604,0.0
13605,0.0
13606,0.0
13607,0.0
13608,0.0
13609,0.0
13610,0.0
13611,0.0
13612,0.0
13613,0.0
13614,0.0
13615,0.0
13616,0.0
13617,0.0
13618,0.0
13619,0.0
13620,0.0
13621,0.0
13622,0.0
13623,0.0
13624,0.0
13625,0.0
13626,0.0
13627,0.0
13628,0.0
13629,0.0
13630,0.0
13631,0.0
13632,0.0
13633,0.0
13634,0.0
13635,0.0
13636,0.0
13637,0.0
13638,0.0
13639,0.0
13640,0.0
13641,0.0
13642,0.0
13643,0.0
13644,0.0
13645,0.0
13646,0.0
13647,0.0
13648,0.0
13649,0.0
13650,0.0
13651,0.0
13652,0.0
13653,0.0
13654,0.0
13655,0.0
13656,0.0
13657,0.0
13658,0.0
13659,0.0
13660,0.0
13661,0.0
13662,0.0
13663,0.0
13664,0.0
13665,0.0
13666,0.0
13667,0.0
13668,0.0
13669,0.0
13670,0.0
13671,0.0
13672,0.0
13673,0.0
13674,0.0
13675,0.0
13676,0.0
13677,0.0
13678,0.0
13679,0.0
13680,0.0
13681,0.0
13682,0.0
13683,0.0
13684,0.0
13685,0.0
13686,0.0
13687,0.0
13688,0.0
13689,0.0
13690,0.0
13691,0.0
13692,0.0
13693,0.0
13694,0.0
13695,0.0
13696,0.0
13697,0.0
13698,0.0
13699,0.0
13700,0.0
13701,0.0
13702,0.0
13703,0.0
13704,0.0
13705,0.0
13706,0.0
13707,0.0
13708,0.0
13709,0.0
13710,0.0
13711,0.0
13712,0.0
13713,0.0
13714,0.0
13715,0.0
13716,0.0
13717,0.0
13718,0.0
13719,0.0
13720,0.0
13721,0.0
13722,0.0
13723,0.0
13724,0.0
13725,0.0
13726,0.0
13727,0.0
13728,0.0
13729,0.0
13730,0.0
13731,0.0
13732,0.0
13733,0.0
13734,0.0
13735,0.0
13736,0.0
13737,0.0
13738,0.0
13739,0.0
13740,0.0
13741,0.0
13742,0.0
13743,0.0
13744,0.0
13745,0.0
13746,0.0
13747,0.0
13748,0.0
13749,0.0
13750,0.0
13751,0.0
13752,0.0
13753,0.0
13754,0.0
13755,0.0
13756,0.0
13757,0.0
13758,0.0
13759,0.0
13760,0.0
13761,0.0
13762,0.0
13763,0.0
13764,0.0
13765,0.0
13766,0.0
13767,0.0
13768,0.0
13769,0.0
13770,0.0
13771,0.0
13772,0.0
13773,0.0
13774,0.0
13775,0.0
13776,0.0
13777,0.0
13778,0.0
13779,0.0
13780,0.0
13781,0.0
13782,0.0
13783,0.0
13784,0.0
13785,0.0
13786,0.0
13787,0.0
13788,0.0
13789,0.0
13790,0.0
13791,0.0
13792,0.0
13793,0.0
13794,0.0
13795,0.0
13796,0.0
13797,0.0
13798,0.0
13799,0.0
13800,0.0
13801,0.0
13802,0.0
13803,0.0
13804,0.0
13805,0.0
13806,0.0
13807,0.0
13808,0.0
13809,0.0
13810,0.0
13811,0.0
13812,0.0
13813,0.0
13814,0.0
13815,0.0
13816,0.0
13817,0.0
13818,0.0
13819,0.0
13820,0.0
13821,0.0
13822,0.0
13823,0.0
13824,0.0
13825,0.0
13826,0.0
13827,0.0
13828,0.0
13829,0.0
13830,0.0
13831,0.0
13832,0.0
13833,0.0
13834,0.0
13835,0.0
13836,0.0
13837,0.0
13838,0.0
13839,0.0
13840,0.0
13841,0.0
13842,0.0
13843,0.0
13844,0.0
13845,0.0
13846,0.0
13847,0.0
13848,0.0
13849,0.0
13850,0.0
13851,0.0
13852,0.0
13853,0.0
13854,0.0
13855,0.0
13856,0.0
13857,0.0
13858,0.0
13859,0.0
13860,0.0
13861,0.0
13862,0.0
13863,0.0
13864,0.0
13865,0.0
13866,0.0
13867,0.0
13868,0.0
13869,0.0
13870,0.0
13871,0.0
13872,0.0
13873,0.0
13874,0.0
13875,0.0
13876,0.0
13877,0.0
13878,0.0
13879,0.0
13880,0.0
13881,0.0
13882,0.0
13883,0.0
13884,0.0
13885,0.0
13886,0.0
13887,0.0
13888,0.0
13889,0.0
13890,0.0
13891,0.0
13892,0.0
13893,0.0
13894,0.0
13895,0.0
13896,0.0
13897,0.0
13898,0.0
13899,0.0
13900,0.0
13901,0.0
13902,0.0
13903,0.0
13904,0.0
13905,0.0
13906,0.0
13907,0.0
13908,0.0
13909,0.0
13910,0.0
13911,0.0
13912,0.0
13913,0.0
13914,0.0
13915,0.0
13916,0.0
13917,0.0
13918,0.0
13919,0.0
13920,0.0
13921,0.0
13922,0.0
13923,0.0
13924,0.0
13925,0.0
13926,0.0
13927,0.0
13928,0.0
13929,0.0
13930,0.0
13931,0.0
13932,0.0
13933,0.0
13934,0.0
13935,0.0
13936,0.0
13937,0.0
13938,0.0
13939,0.0
13940,0.0
13941,0.0
13942,0.0
13943,0.0
13944,0.0
13945,0.0
13946,0.0
13947,0.0
13948,0.0
13949,0.0
13950,0.0
13951,0.0
13952,0.0
13953,0.0
13954,0.0
13955,0.0
13956,0.0
13957,0.0
13958,0.0
13959,0.0
13960,0.0
13961,0.0
13962,0.0
13963,0.0
13964,0.0
13965,0.0
13966,0.0
13967,0.0
13968,0.0
13969,0.0
13970,0.0
13971,0.0
13972,0.0
13973,0.0
13974,0.0
13975,0.0
13976,0.0
13977,0.0
13978,0.0
13979,0.0
13980,0.0
13981,0.0
13982,0.0
13983,0.0
13984,0.0
13985,0.0
13986,0.0
13987,0.0
13988,0.0
13989,0.0
13990,0.0
13991,0.0
13992,0.0
13993,0.0
13994,0.0
13995,0.0
13996,0.0
13997,0.0
13998,0.0
13999,0.0
14000,0.0
14001,0.0
14002,0.0
14003,0.0
14004,0.0
14005,0.0
14006,0.0
14007,0.0
14008,0.0
14009,0.0
14010,0.0
14011,0.0
14012,0.0
14013,0.0
14014,0.0
14015,0.0
14016,0.0
14017,0.0
14018,0.0
14019,0.0
14020,0.0
14021,0.0
14022,0.0
14023,0.0
14024,0.0
14025,0.0
14026,0.0
14027,0.0
14028,0.0
14029,0.0
14030,0.0
14031,0.0
14032,0.0
14033,0.0
14034,0.0
14035,0.0
14036,0.0
14037,0.0
14038,0.0
14039,0.0
14040,0.0
14041,0.0
14042,0.0
14043,0.0
14044,0.0
14045,0.0
14046,0.0
14047,0.0
14048,0.0
14049,0.0
14050,0.0
14051,0.0
14052,0.0
14053,0.0
14054,0.0
14055,0.0
14056,0.0
14057,0.0
14058,0.0
14059,0.0
14060,0.0
14061,0.0
14062,0.0
14063,0.0
14064,0.0
14065,0.0
14066,0.0
14067,0.0
14068,0.0
14069,0.0
14070,0.0
14071,0.0
14072,0.0
14073,0.0
14074,0.0
14075,0.0
14076,0.0
14077,0.0
14078,0.0
14079,0.0
14080,0.0
14081,0.0
14082,0.0
14083,0.0
14084,0.0
14085,0.0
14086,0.0
14087,0.0
14088,0.0
14089,0.0
14090,0.0
14091,0.0
14092,0.0
14093,0.0
14094,0.0
14095,0.0
14096,0.0
14097,0.0
14098,0.0
14099,0.0
14100,0.0
14101,0.0
14102,0.0
14103,0.0
14104,0.0
14105,0.0
14106,0.0
14107,0.0
14108,0.0
14109,0.0
14110,0.0
14111,0.0
14112,0.0
14113,0.0
14114,0.0
14115,0.0
14116,0.0
14117,0.0
14118,0.0
14119,0.0
14120,0.0
14121,0.0
14122,0.0
14123,0.0
14124,0.0
14125,0.0
14126,0.0
14127,0.0
14128,0.0
14129,0.0
14130,0.0
14131,0.0
14132,0.0
14133,0.0
14134,0.0
14135,0.0
14136,0.0
14137,0.0
14138,0.0
14139,0.0
14140,0.0
14141,0.0
14142,0.0
14143,0.0
14144,0.0
14145,0.0
14146,0.0
14147,0.0
14148,0.0
14149,0.0
14150,0.0
14151,0.0
14152,0.0
14153,0.0
14154,0.0
14155,0.0
14156,0.0
14157,0.0
14158,0.0
14159,0.0
14160,0.0
14161,0.0
14162,0.0
14163,0.0
14164,0.0
14165,0.0
14166,0.0
14167,0.0
14168,0.0
14169,0.0
14170,0.0
14171,0.0
14172,0.0
14173,0.0
14174,0.0
14175,0.0
14176,0.0
14177,0.0
14178,0.0
14179,0.0
14180,0.0
14181,0.0
14182,0.0
14183,0.0
14184,0.0
14185,0.0
14186,0.0
14187,0.0
14188,0.0
14189,0.0
14190,0.0
14191,0.0
14192,0.0
14193,0.0
14194,0.0
14195,0.0
14196,0.0
14197,0.0
14198,0.0
14199,0.0
14200,0.0
14201,0.0
14202,0.0
14203,0.0
14204,0.0
14205,0.0
14206,0.0
14207,0.0
14208,0.0
14209,0.0
14210,0.0
14211,0.0
14212,0.0
14213,0.0
14214,0.0
14215,0.0
14216,0.0
14217,0.0
14218,0.0
14219,0.0
14220,0.0
14221,0.0
14222,0.0
14223,0.0
14224,0.0
14225,0.0
14226,0.0
14227,0.0
14228,0.0
14229,0.0
14230,0.0
14231,0.0
14232,0.0
14233,0.0
14234,0.0
14235,0.0
14236,0.0
14237,0.0
14238,0.0
14239,0.0
14240,0.0
14241,0.0
14242,0.0
14243,0.0
14244,0.0
14245,0.0
14246,0.0
14247,0.0
14248,0.0
14249,0.0
14250,0.0
14251,0.0
14252,0.0
14253,0.0
14254,0.0
14255,0.0
14256,0.0
14257,0.0
14258,0.0
14259,0.0
14260,0.0
14261,0.0
14262,0.0
14263,0.0
14264,0.0
14265,0.0
14266,0.0
14267,0.0
14268,0.0
14269,0.0
14270,0.0
14271,0.0
14272,0.0
14273,0.0
14274,0.0
14275,0.0
14276,0.0
14277,0.0
14278,0.0
14279,0.0
14280,0.0
14281,0.0
14282,0.0
14283,0.0
14284,0.0
14285,0.0
14286,0.0
14287,0.0
14288,0.0
14289,0.0
14290,0.0
14291,0.0
14292,0.0
14293,0.0
14294,0.0
14295,0.0
14296,0.0
14297,0.0
14298,0.0
14299,0.0
14300,0.0
14301,0.0
14302,0.0
14303,0.0
14304,0.0
14305,0.0
14306,0.0
14307,0.0
14308,0.0
14309,0.0
14310,0.0
14311,0.0
14312,0.0
14313,0.0
14314,0.0
14315,0.0
14316,0.0
14317,0.0
14318,0.0
14319,0.0
14320,0.0
14321,0.0
14322,0.0
14323,0.0
14324,0.0
14325,0.0
14326,0.0
14327,0.0
14328,0.0
14329,0.0
14330,0.0
14331,0.0
14332,0.0
14333,0.0
14334,0.0
14335,0.0
14336,0.0
14337,0.0
14338,0.0
14339,0.0
14340,0.0
14341,0.0
14342,0.0
14343,0.0
14344,0.0
14345,0.0
14346,0.0
14347,0.0
14348,0.0
14349,0.0
14350,0.0
14351,0.0
14352,0.0
14353,0.0
14354,0.0
14355,0.0
14356,0.0
14357,0.0
14358,0.0
14359,0.0
14360,0.0
14361,0.0
14362,0.0
14363,0.0
14364,0.0
14365,0.0
14366,0.0
14367,0.0
14368,0.0
14369,0.0
14370,0.0
14371,0.0
14372,0.0
14373,0.0
14374,0.0
14375,0.0
14376,0.0
14377,0.0
14378,0.0
14379,0.0
14380,0.0
14381,0.0
14382,0.0
14383,0.0
14384,0.0
14385,0.0
14386,0.0
14387,0.0
14388,0.0
14389,0.0
14390,0.0
14391,0.0
14392,0.0
14393,0.0
14394,0.0
14395,0.0
14396,0.0
14397,0.0
14398,0.0
14399,0.0
14400,0.0
14401,0.0
14402,0.0
14403,0.0
14404,0.0
14405,0.0
14406,0.0
14407,0.0
14408,0.0
14409,0.0
14410,0.0
14411,0.0
14412,0.0
14413,0.0
14414,0.0
14415,0.0
14416,0.0
14417,0.0
14418,0.0
14419,0.0
14420,0.0
14421,0.0
14422,0.0
14423,0.0
14424,0.0
14425,0.0
14426,0.0
14427,0.0
14428,0.0
14429,0.0
14430,0.0
14431,0.0
14432,0.0
14433,0.0
14434,0.0
14435,0.0
14436,0.0
14437,0.0
14438,0.0
14439,0.0
14440,0.0
14441,0.0
14442,0.0
14443,0.0
14444,0.0
14445,0.0
14446,0.0
14447,0.0
14448,0.0
14449,0.0
14450,0.0
14451,0.0
14452,0.0
14453,0.0
14454,0.0
14455,0.0
14456,0.0
14457,0.0
14458,0.0
14459,0.0
14460,0.0
14461,0.0
14462,0.0
14463,0.0
14464,0.0
14465,0.0
14466,0.0
14467,0.0
14468,0.0
14469,0.0
14470,0.0
14471,0.0
14472,0.0
14473,0.0
14474,0.0
14475,0.0
14476,0.0
14477,0.0
14478,0.0
14479,0.0
14480,0.0
14481,0.0
14482,0.0
14483,0.0
14484,0.0
14485,0.0
14486,0.0
14487,0.0
14488,0.0
14489,0.0
14490,0.0
14491,0.0
14492,0.0
14493,0.0
14494,0.0
14495,0.0
14496,0.0
14497,0.0
14498,0.0
14499,0.0
14500,0.0
14501,0.0
14502,0.0
14503,0.0
14504,0.0
14505,0.0
14506,0.0
14507,0.0
14508,0.0
14509,0.0
14510,0.0
14511,0.0
14512,0.0
14513,0.0
14514,0.0
14515,0.0
14516,0.0
14517,0.0
14518,0.0
14519,0.0
14520,0.0
14521,0.0
14522,0.0
14523,0.0
14524,0.0
14525,0.0
14526,0.0
14527,0.0
14528,0.0
14529,0.0
14530,0.0
14531,0.0
14532,0.0
14533,0.0
14534,0.0
14535,0.0
14536,0.0
14537,0.0
14538,0.0
14539,0.0
14540,0.0
14541,0.0
14542,0.0
14543,0.0
14544,0.0
14545,0.0
14546,0.0
14547,0.0
14548,0.0
14549,0.0
14550,0.0
14551,0.0
14552,0.0
14553,0.0
14554,0.0
14555,0.0
14556,0.0
14557,0.0
14558,0.0
14559,0.0
14560,0.0
14561,0.0
14562,0.0
14563,0.0
14564,0.0
14565,0.0
14566,0.0
14567,0.0
14568,0.0
14569,0.0
14570,0.0
14571,0.0
14572,0.0
14573,0.0
14574,0.0
14575,0.0
14576,0.0
14577,0.0
14578,0.0
14579,0.0
14580,0.0
14581,0.0
14582,0.0
14583,0.0
14584,0.0
14585,0.0
14586,0.0
14587,0.0
14588,0.0
14589,0.0
14590,0.0
14591,0.0
14592,0.0
14593,0.0
14594,0.0
14595,0.0
14596,0.0
14597,0.0
14598,0.0
14599,0.0
14600,0.0
14601,0.0
14602,0.0
14603,0.0
14604,0.0
14605,0.0
14606,0.0
14607,0.0
14608,0.0
14609,0.0
14610,0.0
14611,0.0
14612,0.0
14613,0.0
14614,0.0
14615,0.0
14616,0.0
14617,0.0
14618,0.0
14619,0.0
14620,0.0
14621,0.0
14622,0.0
14623,0.0
14624,0.0
14625,0.0
14626,0.0
14627,0.0
14628,0.0
14629,0.0
14630,0.0
14631,0.0
14632,0.0
14633,0.0
14634,0.0
14635,0.0
14636,0.0
14637,0.0
14638,0.0
14639,0.0
14640,0.0
14641,0.0
14642,0.0
14643,0.0
14644,0.0
14645,0.0
14646,0.0
14647,0.0
14648,0.0
14649,0.0
14650,0.0
14651,0.0
14652,0.0
14653,0.0
14654,0.0
14655,0.0
14656,0.0
14657,0.0
14658,0.0
14659,0.0
14660,0.0
14661,0.0
14662,0.0
14663,0.0
14664,0.0
14665,0.0
14666,0.0
14667,0.0
14668,0.0
14669,0.0
14670,0.0
14671,0.0
14672,0.0
14673,0.0
14674,0.0
14675,0.0
14676,0.0
14677,0.0
14678,0.0
14679,0.0
14680,0.0
14681,0.0
14682,0.0
14683,0.0
14684,0.0
14685,0.0
14686,0.0
14687,0.0
14688,0.0
14689,0.0
14690,0.0
14691,0.0
14692,0.0
14693,0.0
14694,0.0
14695,0.0
14696,0.0
14697,0.0
14698,0.0
14699,0.0
14700,0.0
14701,0.0
14702,0.0
14703,0.0
14704,0.0
14705,0.0
14706,0.0
14707,0.0
14708,0.0
14709,0.0
14710,0.0
14711,0.0
14712,0.0
14713,0.0
14714,0.0
14715,0.0
14716,0.0
14717,0.0
14718,0.0
14719,0.0
14720,0.0
14721,0.0
14722,0.0
14723,0.0
14724,0.0
14725,0.0
14726,0.0
14727,0.0
14728,0.0
14729,0.0
14730,0.0
14731,0.0
14732,0.0
14733,0.0
14734,0.0
14735,0.0
14736,0.0
14737,0.0
14738,0.0
14739,0.0
14740,0.0
14741,0.0
14742,0.0
14743,0.0
14744,0.0
14745,0.0
14746,0.0
14747,0.0
14748,0.0
14749,0.0
14750,0.0
14751,0.0
14752,0.0
14753,0.0
14754,0.0
14755,0.0
14756,0.0
14757,0.0
14758,0.0
14759,0.0
14760,0.0
14761,0.0
14762,0.0
14763,0.0
14764,0.0
14765,0.0
14766,0.0
14767,0.0
14768,0.0
14769,0.0
14770,0.0
14771,0.0
14772,0.0
14773,0.0
14774,0.0
14775,0.0
14776,0.0
14777,0.0
14778,0.0
14779,0.0
14780,0.0
14781,0.0
14782,0.0
14783,0.0
14784,0.0
14785,0.0
14786,0.0
14787,0.0
14788,0.0
14789,0.0
14790,0.0
14791,0.0
14792,0.0
14793,0.0
14794,0.0
14795,0.0
14796,0.0
14797,0.0
14798,0.0
14799,0.0
14800,0.0
14801,0.0
14802,0.0
14803,0.0
14804,0.0
14805,0.0
14806,0.0
14807,0.0
14808,0.0
14809,0.0
14810,0.0
14811,0.0
14812,0.0
14813,0.0
14814,0.0
14815,0.0
14816,0.0
14817,0.0
14818,0.0
14819,0.0
14820,0.0
14821,0.0
14822,0.0
14823,0.0
14824,0.0
14825,0.0
14826,0.0
14827,0.0
14828,0.0
14829,0.0
14830,0.0
14831,0.0
14832,0.0
14833,0.0
14834,0.0
14835,0.0
14836,0.0
14837,0.0
14838,0.0
14839,0.0
14840,0.0
14841,0.0
14842,0.0
14843,0.0
14844,0.0
14845,0.0
14846,0.0
14847,0.0
14848,0.0
14849,0.0
14850,0.0
14851,0.0
14852,0.0
14853,0.0
14854,0.0
14855,0.0
14856,0.0
14857,0.0
14858,0.0
14859,0.0
14860,0.0
14861,0.0
14862,0.0
14863,0.0
14864,0.0
14865,0.0
14866,0.0
14867,0.0
14868,0.0
14869,0.0
14870,0.0
14871,0.0
14872,0.0
14873,0.0
14874,0.0
14875,0.0
14876,0.0
14877,0.0
14878,0.0
14879,0.0
14880,0.0
14881,0.0
14882,0.0
14883,0.0
14884,0.0
14885,0.0
14886,0.0
14887,0.0
14888,0.0
14889,0.0
14890,0.0
14891,0.0
14892,0.0
14893,0.0
14894,0.0
14895,0.0
14896,0.0
14897,0.0
14898,0.0
14899,0.0
14900,0.0
14901,0.0
14902,0.0
14903,0.0
14904,0.0
14905,0.0
14906,0.0
14907,0.0
14908,0.0
14909,0.0
14910,0.0
14911,0.0
14912,0.0
14913,0.0
14914,0.0
14915,0.0
14916,0.0
14917,0.0
14918,0.0
14919,0.0
14920,0.0
14921,0.0
14922,0.0
14923,0.0
14924,0.0
14925,0.0
14926,0.0
14927,0.0
14928,0.0
14929,0.0
14930,0.0
14931,0.0
14932,0.0
14933,0.0
14934,0.0
14935,0.0
14936,0.0
14937,0.0
14938,0.0
14939,0.0
14940,0.0
14941,0.0
14942,0.0
14943,0.0
14944,0.0
14945,0.0
14946,0.0
14947,0.0
14948,0.0
14949,0.0
14950,0.0
14951,0.0
14952,0.0
14953,0.0
14954,0.0
14955,0.0
14956,0.0
14957,0.0
14958,0.0
14959,0.0
14960,0.0
14961,0.0
14962,0.0
14963,0.0
14964,0.0
14965,0.0
14966,0.0
14967,0.0
14968,0.0
14969,0.0
14970,0.0
14971,0.0
14972,0.0
14973,0.0
14974,0.0
14975,0.0
14976,0.0
14977,0.0
14978,0.0
14979,0.0
14980,0.0
14981,0.0
14982,0.0
14983,0.0
14984,0.0
14985,0.0
14986,0.0
14987,0.0
14988,0.0
14989,0.0
14990,0.0
14991,0.0
14992,0.0
14993,0.0
14994,0.0
14995,0.0
14996,0.0
14997,0.0
14998,0.0
14999,0.0
15000,0.0
15001,0.0
15002,0.0
15003,0.0
15004,0.0
15005,0.0
15006,0.0
15007,0.0
15008,0.0
15009,0.0
15010,0.0
15011,0.0
15012,0.0
15013,0.0
15014,0.0
15015,0.0
15016,0.0
15017,0.0
15018,0.0
15019,0.0
15020,0.0
15021,0.0
15022,0.0
15023,0.0
15024,0.0
15025,0.0
15026,0.0
15027,0.0
15028,0.0
15029,0.0
15030,0.0
15031,0.0
15032,0.0
15033,0.0
15034,0.0
15035,0.0
15036,0.0
15037,0.0
15038,0.0
15039,0.0
15040,0.0
15041,0.0
15042,0.0
15043,0.0
15044,0.0
15045,0.0
15046,0.0
15047,0.0
15048,0.0
15049,0.0
15050,0.0
15051,0.0
15052,0.0
15053,0.0
15054,0.0
15055,0.0
15056,0.0
15057,0.0
15058,0.0
15059,0.0
15060,0.0
15061,0.0
15062,0.0
15063,0.0
15064,0.0
15065,0.0
15066,0.0
15067,0.0
15068,0.0
15069,0.0
15070,0.0
15071,0.0
15072,0.0
15073,0.0
15074,0.0
15075,0.0
15076,0.0
15077,0.0
15078,0.0
15079,0.0
15080,0.0
15081,0.0
15082,0.0
15083,0.0
15084,0.0
15085,0.0
15086,0.0
15087,0.0
15088,0.0
15089,0.0
15090,0.0
15091,0.0
15092,0.0
15093,0.0
15094,0.0
15095,0.0
15096,0.0
15097,0.0
15098,0.0
15099,0.0
15100,0.0
15101,0.0
15102,0.0
15103,0.0
15104,0.0
15105,0.0
15106,0.0
15107,0.0
15108,0.0
15109,0.0
15110,0.0
15111,0.0
15112,0.0
15113,0.0
15114,0.0
15115,0.0
15116,0.0
15117,0.0
15118,0.0
15119,0.0
15120,0.0
15121,0.0
15122,0.0
15123,0.0
15124,0.0
15125,0.0
15126,0.0
15127,0.0
15128,0.0
15129,0.0
15130,0.0
15131,0.0
15132,0.0
15133,0.0
15134,0.0
15135,0.0
15136,0.0
15137,0.0
15138,0.0
15139,0.0
15140,0.0
15141,0.0
15142,0.0
15143,0.0
15144,0.0
15145,0.0
15146,0.0
15147,0.0
15148,0.0
15149,0.0
15150,0.0
15151,1161.9390811740002
15152,1161.9390811740002
15153,1161.8375893142004
15154,1161.8375893142004
15155,1161.9390811740002
15156,1161.9390811740002
15157,1161.9390811740002
15158,1161.9390811740002
15159,1161.9390811740002
15160,1161.8375893142004
15161,1161.8375893142004
15162,1161.9390811740002
15163,1161.9390811740002
15164,1161.9390811740002
15165,1161.9390811740002
15166,1161.9390811740002
15167,1161.8375893142004
15168,1161.8375893142004
15169,1161.9390811740002
15170,1161.9390811740002
15171,1161.9390811740002
15172,1161.9390811740002
15173,1161.9390811740002
15174,1161.8375893142004
15175,1161.8375893142004
15176,1161.9390811740002
15177,1161.9390811740002
15178,1161.9390811740002
15179,1161.9390811740002
15180,1161.9390811740002
15181,1161.8375893142004
15182,1161.8375893142004
15183,1161.9390811740002
15184,1161.9390811740002
15185,1161.9390811740002
15186,1161.9390811740002
15187,1161.9390811740002
15188,1161.8375893142004
15189,1161.8375893142004
15190,1161.9390811740002
15191,1161.9390811740002
15192,1161.9390811740002
15193,1161.9390811740002
15194,1161.9390811740002
15195,1161.8375893142004
15196,1161.8375893142004
15197,1161.9390811740002
15198,1161.9390811740002
15199,1161.9390811740002
15200,1161.9390811740002
15201,1161.9390811740002
15202,1161.8375893142004
15203,1161.8375893142004
15204,1161.9390811740002
15205,1161.9390811740002
15206,1161.9390811740002
15207,1161.9390811740002
15208,1161.9390811740002
15209,1161.8375893142004
15210,1161.8375893142004
15211,1161.9390811740002
15212,1161.9390811740002
15213,1161.9390811740002
15214,1161.9390811740002
15215,1161.9390811740002
15216,1161.8375893142004
15217,1161.8375893142004
15218,1161.9390811740002
15219,1161.9390811740002
15220,1161.9390811740002
15221,1161.9390811740002
15222,1161.9390811740002
15223,1161.8375893142004
15224,1161.8375893142004
15225,1161.9390811740002
15226,1161.9390811740002
15227,1161.9390811740002
15228,1161.9390811740002
15229,1161.9390811740002
15230,1161.8375893142004
15231,1161.8375893142004
15232,1161.9390811740002
15233,1161.9390811740002
15234,1161.9390811740002
15235,1161.9390811740002
15236,1161.9390811740002
15237,1161.8375893142004
15238,1161.8375893142004
15239,1161.9390811740002
15240,1161.9390811740002
15241,1161.9390811740002
15242,1161.9390811740002
15243,1161.9390811740002
15244,1161.8375893142004
15245,1161.8375893142004
15246,1161.9390811740002
15247,1161.9390811740002
15248,1161.9390811740002
15249,1161.9390811740002
15250,1161.9390811740002
15251,1161.8375893142004
15252,1161.8375893142004
15253,1161.9390811740002
15254,1161.9390811740002
15255,1161.9390811740002
15256,1161.9390811740002
15257,1161.9390811740002
15258,1161.8375893142004
15259,1161.8375893142004
15260,1161.9390811740002
15261,1161.9390811740002
15262,1161.9390811740002
15263,1161.9390811740002
15264,1161.9390811740002
15265,1161.8375893142004
15266,1161.8375893142004
15267,1161.9390811740002
15268,1161.9390811740002
15269,1161.9390811740002
15270,1161.9390811740002
15271,1161.9390811740002
15272,1161.8375893142004
15273,1161.8375893142004
15274,1161.9390811740002
15275,1161.9390811740002
15276,1161.9390811740002
15277,1161.9390811740002
15278,1161.9390811740002
15279,1161.8375893142004
15280,1161.8375893142004
15281,1161.9390811740002
15282,1161.9390811740002
15283,1161.9390811740002
15284,1161.9390811740002
15285,1161.9390811740002
15286,1161.8375893142004
15287,1161.8375893142004
15288,1161.9390811740002
15289,1161.9390811740002
15290,1161.9390811740002
15291,1161.9390811740002
15292,1161.9390811740002
15293,1161.8375893142004
15294,1161.8375893142004
15295,1161.9390811740002
15296,1161.9390811740002
15297,1161.9390811740002
15298,1161.9390811740002
15299,1161.9390811740002
15300,1161.8375893142004
15301,710.9344572407647
15302,710.9344572407647
15303,710.8329653809649
15304,710.8329653809649
15305,710.9344572407647
15306,710.9344572407647
15307,710.9344572407647
15308,710.9344572407647
15309,710.9344572407647
15310,710.8329653809649
15311,710.8329653809649
15312,710.9344572407647
15313,710.9344572407647
15314,710.9344572407647
15315,710.9344572407647
15316,710.9344572407647
15317,710.8329653809649
15318,710.8329653809649
15319,710.9344572407647
15320,710.9344572407647
15321,710.9344572407647
15322,710.9344572407647
15323,710.9344572407647
15324,710.8329653809649
15325,710.8329653809649
15326,710.9344572407647
15327,710.9344572407647
15328,710.9344572407647
15329,710.9344572407647
15330,710.9344572407647
15331,710.8329653809649
15332,710.8329653809649
15333,710.9344572407647
15334,710.9344572407647
15335,710.9344572407647
15336,710.9344572407647
15337,710.9344572407647
15338,710.8329653809649
15339,710.8329653809649
15340,710.9344572407647
15341,710.9344572407647
15342,710.9344572407647
15343,710.9344572407647
15344,710.9344572407647
15345,710.8329653809649
15346,710.8329653809649
15347,710.9344572407647
15348,710.9344572407647
15349,710.9344572407647
15350,710.9344572407647
15351,710.9344572407647
15352,710.8329653809649
15353,710.8329653809649
15354,710.9344572407647
15355,710.9344572407647
15356,710.9344572407647
15357,710.9344572407647
15358,710.9344572407647
15359,710.8329653809649
15360,710.8329653809649
15361,710.9344572407647
15362,710.9344572407647
15363,710.9344572407647
15364,710.9344572407647
15365,710.9344572407647
15366,710.8329653809649
15367,710.8329653809649
15368,710.9344572407647
15369,710.9344572407647
15370,710.9344572407647
15371,710.9344572407647
15372,710.9344572407647
15373,710.8329653809649
15374,710.8329653809649
15375,710.9344572407647
15376,710.9344572407647
15377,710.9344572407647
15378,710.9344572407647
15379,710.9344572407647
15380,710.8329653809649
15381,710.8329653809649
15382,710.9344572407647
15383,710.9344572407647
15384,710.9344572407647
15385,710.9344572407647
15386,710.9344572407647
15387,710.8329653809649
15388,710.8329653809649
15389,710.9344572407647
15390,710.9344572407647
15391,710.9344572407647
15392,710.9344572407647
15393,710.9344572407647
15394,710.8329653809649
15395,710.8329653809649
15396,710.9344572407647
15397,710.9344572407647
15398,710.9344572407647
15399,710.9344572407647
15400,710.9344572407647
15401,710.8329653809649
15402,710.8329653809649
15403,710.9344572407647
15404,710.9344572407647
15405,710.9344572407647
15406,710.9344572407647
15407,710.9344572407647
15408,710.8329653809649
15409,710.8329653809649
15410,710.9344572407647
15411,710.9344572407647
15412,710.9344572407647
15413,710.9344572407647
15414,710.9344572407647
15415,710.8329653809649
15416,710.8329653809649
15417,710.9344572407647
15418,710.9344572407647
15419,710.9344572407647
15420,710.9344572407647
15421,710.9344572407647
15422,710.8329653809649
15423,710.8329653809649
15424,710.9344572407647
15425,710.9344572407647
15426,710.9344572407647
15427,710.9344572407647
15428,710.9344572407647
15429,710.8329653809649
15430,710.8329653809649
15431,710.9344572407647
15432,710.9344572407647
15433,710.9344572407647
15434,710.9344572407647
15435,710.9344572407647
15436,710.8329653809649
15437,710.8329653809649
15438,710.9344572407647
15439,710.9344572407647
15440,710.9344572407647
15441,710.9344572407647
15442,710.9344572407647
15443,710.8329653809649
15444,710.8329653809649
15445,710.9344572407647
15446,710.9344572407647
15447,710.9344572407647
15448,710.9344572407647
15449,710.9344572407647
15450,710.8329653809649
15451,0.0
15452,0.0
15453,0.0
15454,0.0
15455,0.0
15456,0.0
15457,0.0
15458,0.0
15459,0.0
15460,0.0
15461,0.0
15462,0.0
15463,0.0
15464,0.0
15465,0.0
15466,0.0
15467,0.0
15468,0.0
15469,0.0
15470,0.0
15471,0.0
15472,0.0
15473,0.0
15474,0.0
15475,0.0
15476,0.0
15477,0.0
15478,0.0
15479,0.0
15480,0.0
15481,0.0
15482,0.0
15483,0.0
15484,0.0
15485,0.0
15486,0.0
15487,0.0
15488,0.0
15489,0.0
15490,0.0
15491,0.0
15492,0.0
15493,0.0
15494,0.0
15495,0.0
15496,0.0
15497,0.0
15498,0.0
15499,0.0
15500,0.0
15501,0.0
15502,0.0
15503,0.0
15504,0.0
15505,0.0
15506,0.0
15507,0.0
15508,0.0
15509,0.0
15510,0.0
15511,0.0
15512,0.0
15513,0.0
15514,0.0
15515,0.0
15516,0.0
15517,0.0
15518,0.0
15519,0.0
15520,0.0
15521,0.0
15522,0.0
15523,0.0
15524,0.0
15525,0.0
15526,0.0
15527,0.0
15528,0.0
15529,0.0
15530,0.0
15531,0.0
15532,0.0
15533,0.0
15534,0.0
15535,0.0
15536,0.0
15537,0.0
15538,0.0
15539,0.0
15540,0.0
15541,0.0
15542,0.0
15543,0.0
15544,0.0
15545,0.0
15546,0.0
15547,0.0
15548,0.0
15549,0.0
15550,0.0
15551,0.0
15552,0.0
15553,0.0
15554,0.0
15555,0.0
15556,0.0
15557,0.0
15558,0.0
15559,0.0
15560,0.0
15561,0.0
15562,0.0
15563,0.0
15564,0.0
15565,0.0
15566,0.0
15567,0.0
15568,0.0
15569,0.0
15570,0.0
15571,0.0
15572,0.0
15573,0.0
15574,0.0
15575,0.0
15576,0.0
15577,0.0
15578,0.0
15579,0.0
15580,0.0
15581,0.0
15582,0.0
15583,0.0
15584,0.0
15585,0.0
15586,0.0
15587,0.0
15588,0.0
15589,0.0
15590,0.0
15591,0.0
15592,0.0
15593,0.0
15594,0.0
15595,0.0
15596,0.0
15597,0.0
15598,0.0
15599,0.0
15600,0.0
15601,431.7543725837485
15602,431.7543725837485
15603,431.7543725837485
15604,431.7543725837485
15605,431.7543725837485
15606,431.7543725837485
15607,431.7543725837485
15608,431.7543725837485
15609,431.7543725837485
15610,431.7543725837485
15611,431.7543725837485
15612,431.7543725837485
15613,431.7543725837485
15614,431.7543725837485
15615,431.7543725837485
15616,431.7543725837485
15617,431.7543725837485
15618,431.7543725837485
15619,431.7543725837485
15620,431.7543725837485
15621,431.7543725837485
15622,431.7543725837485
15623,431.7543725837485
15624,431.7543725837485
15625,431.7543725837485
15626,431.7543725837485
15627,431.7543725837485
15628,431.7543725837485
15629,431.7543725837485
15630,431.7543725837485
15631,431.7543725837485
15632,431.7543725837485
15633,431.7543725837485
15634,431.7543725837485
15635,431.7543725837485
15636,431.7543725837485
15637,431.7543725837485
15638,431.7543725837485
15639,431.7543725837485
15640,431.7543725837485
15641,431.7543725837485
15642,431.7543725837485
15643,431.7543725837485
15644,431.7543725837485
15645,431.7543725837485
15646,431.7543725837485
15647,431.7543725837485
15648,431.7543725837485
15649,431.7543725837485
15650,431.7543725837485
15651,431.7543725837485
15652,431.7543725837485
15653,431.7543725837485
15654,431.7543725837485
15655,431.7543725837485
15656,431.7543725837485
15657,431.7543725837485
15658,431.7543725837485
15659,431.7543725837485
15660,431.7543725837485
15661,431.7543725837485
15662,431.7543725837485
15663,431.7543725837485
15664,431.7543725837485
15665,431.7543725837485
15666,431.7543725837485
15667,431.7543725837485
15668,431.7543725837485
15669,431.7543725837485
15670,431.7543725837485
15671,431.7543725837485
15672,431.7543725837485
15673,431.7543725837485
15674,431.7543725837485
15675,431.7543725837485
15676,431.7543725837485
15677,431.7543725837485
15678,431.7543725837485
15679,431.7543725837485
15680,431.7543725837485
15681,431.7543725837485
15682,431.7543725837485
15683,431.7543725837485
15684,431.7543725837485
15685,431.7543725837485
15686,431.7543725837485
15687,431.7543725837485
15688,431.7543725837485
15689,431.7543725837485
15690,431.7543725837485
15691,431.7543725837485
15692,431.7543725837485
15693,431.7543725837485
15694,431.7543725837485
15695,431.7543725837485
15696,431.7543725837485
15697,431.7543725837485
15698,431.7543725837485
15699,431.7543725837485
15700,431.7543725837485
15701,431.7543725837485
15702,431.7543725837485
15703,431.7543725837485
15704,431.7543725837485
15705,431.7543725837485
15706,431.7543725837485
15707,431.7543725837485
15708,431.7543725837485
15709,431.7543725837485
15710,431.7543725837485
15711,431.7543725837485
15712,431.7543725837485
15713,431.7543725837485
15714,431.7543725837485
15715,431.7543725837485
15716,431.7543725837485
15717,431.7543725837485
15718,431.7543725837485
15719,431.7543725837485
15720,431.7543725837485
15721,431.7543725837485
15722,431.7543725837485
15723,431.7543725837485
15724,431.7543725837485
15725,431.7543725837485
15726,431.7543725837485
15727,431.7543725837485
15728,431.7543725837485
15729,431.7543725837485
15730,431.7543725837485
15731,431.7543725837485
15732,431.7543725837485
15733,431.7543725837485
15734,431.7543725837485
15735,431.7543725837485
15736,431.7543725837485
15737,431.7543725837485
15738,431.7543725837485
15739,431.7543725837485
15740,431.7543725837485
15741,431.7543725837485
15742,431.7543725837485
15743,431.7543725837485
15744,431.7543725837485
15745,431.7543725837485
15746,431.7543725837485
15747,431.7543725837485
15748,431.7543725837485
15749,431.7543725837485
15750,431.7543725837485
15751,0.0
15752,0.0
15753,0.0
15754,0.0
15755,0.0
15756,0.0
15757,0.0
15758,0.0
15759,0.0
15760,0.0
15761,0.0
15762,0.0
15763,0.0
15764,0.0
15765,0.0
15766,0.0
15767,0.0
15768,0.0
15769,0.0
15770,0.0
15771,0.0
15772,0.0
15773,0.0
15774,0.0
15775,0.0
15776,0.0
15777,0.0
15778,0.0
15779,0.0
15780,0.0
15781,0.0
15782,0.0
15783,0.0
15784,0.0
15785,0.0
15786,0.0
15787,0.0
15788,0.0
15789,0.0
15790,0.0
15791,0.0
15792,0.0
15793,0.0
15794,0.0
15795,0.0
15796,0.0
15797,0.0
15798,0.0
15799,0.0
15800,0.0
15801,0.0
15802,0.0
15803,0.0
15804,0.0
15805,0.0
15806,0.0
15807,0.0
15808,0.0
15809,0.0
15810,0.0
15811,0.0
15812,0.0
15813,0.0
15814,0.0
15815,0.0
15816,0.0
15817,0.0
15818,0.0
15819,0.0
15820,0.0
15821,0.0
15822,0.0
15823,0.0
15824,0.0
15825,0.0
15826,0.0
15827,0.0
15828,0.0
15829,0.0
15830,0.0
15831,0.0
15832,0.0
15833,0.0
15834,0.0
15835,0.0
15836,0.0
15837,0.0
15838,0.0
15839,0.0
15840,0.0
15841,0.0
15842,0.0
15843,0.0
15844,0.0
15845,0.0
15846,0.0
15847,0.0
15848,0.0
15849,0.0
15850,0.0
15851,0.0
15852,0.0
15853,0.0
15854,0.0
15855,0.0
15856,0.0
15857,0.0
15858,0.0
15859,0.0
15860,0.0
15861,0.0
15862,0.0
15863,0.0
15864,0.0
15865,0.0
15866,0.0
15867,0.0
15868,0.0
15869,0.0
15870,0.0
15871,0.0
15872,0.0
15873,0.0
15874,0.0
15875,0.0
15876,0.0
15877,0.0
15878,0.0
15879,0.0
15880,0.0
15881,0.0
15882,0.0
15883,0.0
15884,0.0
15885,0.0
15886,0.0
15887,0.0
15888,0.0
15889,0.0
15890,0.0
15891,0.0
15892,0.0
15893,0.0
15894,0.0
15895,0.0
15896,0.0
15897,0.0
15898,0.0
15899,0.0
15900,0.0
15901,0.0
15902,0.0
15903,0.0
15904,0.0
15905,0.0
15906,0.0
15907,0.0
15908,0.0
15909,0.0
15910,0.0
15911,0.0
15912,0.0
15913,0.0
15914,0.0
15915,0.0
15916,0.0
15917,0.0
15918,0.0
15919,0.0
15920,0.0
15921,0.0
15922,0.0
15923,0.0
15924,0.0
15925,0.0
15926,0.0
15927,0.0
15928,0.0
15929,0.0
15930,0.0
15931,0.0
15932,0.0
15933,0.0
15934,0.0
15935,0.0
15936,0.0
15937,0.0
15938,0.0
15939,0.0
15940,0.0
15941,0.0
15942,0.0
15943,0.0
15944,0.0
15945,0.0
15946,0.0
15947,0.0
15948,0.0
15949,0.0
15950,0.0
15951,0.0
15952,0.0
15953,0.0
15954,0.0
15955,0.0
15956,0.0
15957,0.0
15958,0.0
15959,0.0
15960,0.0
15961,0.0
15962,0.0
15963,0.0
15964,0.0
15965,0.0
15966,0.0
15967,0.0
15968,0.0
15969,0.0
15970,0.0
15971,0.0
15972,0.0
15973,0.0
15974,0.0
15975,0.0
15976,0.0
15977,0.0
15978,0.0
15979,0.0
15980,0.0
15981,0.0
15982,0.0
15983,0.0
15984,0.0
15985,0.0
15986,0.0
15987,0.0
15988,0.0
15989,0.0
15990,0.0
15991,0.0
15992,0.0
15993,0.0
15994,0.0
15995,0.0
15996,0.0
15997,0.0
15998,0.0
15999,0.0
16000,0.0
16001,0.0
16002,0.0
16003,0.0
16004,0.0
16005,0.0
16006,0.0
16007,0.0
16008,0.0
16009,0.0
16010,0.0
16011,0.0
16012,0.0
16013,0.0
16014,0.0
16015,0.0
16016,0.0
16017,0.0
16018,0.0
16019,0.0
16020,0.0
16021,0.0
16022,0.0
16023,0.0
16024,0.0
16025,0.0
16026,0.0
16027,0.0
16028,0.0
16029,0.0
16030,0.0
16031,0.0
16032,0.0
16033,0.0
16034,0.0
16035,0.0
16036,0.0
16037,0.0
16038,0.0
16039,0.0
16040,0.0
16041,0.0
16042,0.0
16043,0.0
16044,0.0
16045,0.0
16046,0.0
16047,0.0
16048,0.0
16049,0.0
16050,0.0
16051,710.9344572407647
16052,710.9344572407647
16053,710.8329653809649
16054,710.8329653809649
16055,710.9344572407647
16056,710.9344572407647
16057,710.9344572407647
16058,710.9344572407647
16059,710.9344572407647
16060,710.8329653809649
16061,710.8329653809649
16062,710.9344572407647
16063,710.9344572407647
16064,710.9344572407647
16065,710.9344572407647
16066,710.9344572407647
16067,710.8329653809649
16068,710.8329653809649
16069,710.9344572407647
16070,710.9344572407647
16071,710.9344572407647
16072,710.9344572407647
16073,710.9344572407647
16074,710.8329653809649
16075,710.8329653809649
16076,710.9344572407647
16077,710.9344572407647
16078,710.9344572407647
16079,710.9344572407647
16080,710.9344572407647
16081,710.8329653809649
16082,710.8329653809649
16083,710.9344572407647
16084,710.9344572407647
16085,710.9344572407647
16086,710.9344572407647
16087,710.9344572407647
16088,710.8329653809649
16089,710.8329653809649
16090,710.9344572407647
16091,710.9344572407647
16092,710.9344572407647
16093,710.9344572407647
16094,710.9344572407647
16095,710.8329653809649
16096,710.8329653809649
16097,710.9344572407647
16098,710.9344572407647
16099,710.9344572407647
16100,710.9344572407647
16101,710.9344572407647
16102,710.8329653809649
16103,710.8329653809649
16104,710.9344572407647
16105,710.9344572407647
16106,710.9344572407647
16107,710.9344572407647
16108,710.9344572407647
16109,710.8329653809649
16110,710.8329653809649
16111,710.9344572407647
16112,710.9344572407647
16113,710.9344572407647
16114,710.9344572407647
16115,710.9344572407647
16116,710.8329653809649
16117,710.8329653809649
16118,710.9344572407647
16119,710.9344572407647
16120,710.9344572407647
16121,710.9344572407647
16122,710.9344572407647
16123,710.8329653809649
16124,710.8329653809649
16125,710.9344572407647
16126,710.9344572407647
16127,710.9344572407647
16128,710.9344572407647
16129,710.9344572407647
16130,710.8329653809649
16131,710.8329653809649
16132,710.9344572407647
16133,710.9344572407647
16134,710.9344572407647
16135,710.9344572407647
16136,710.9344572407647
16137,710.8329653809649
16138,710.8329653809649
16139,710.9344572407647
16140,710.9344572407647
16141,710.9344572407647
16142,710.9344572407647
16143,710.9344572407647
16144,710.8329653809649
16145,710.8329653809649
16146,710.9344572407647
16147,710.9344572407647
16148,710.9344572407647
16149,710.9344572407647
16150,710.9344572407647
16151,710.8329653809649
16152,710.8329653809649
16153,710.9344572407647
16154,710.9344572407647
16155,710.9344572407647
16156,710.9344572407647
16157,710.9344572407647
16158,710.8329653809649
16159,710.8329653809649
16160,710.9344572407647
16161,710.9344572407647
16162,710.9344572407647
16163,710.9344572407647
16164,710.9344572407647
16165,710.8329653809649
16166,710.8329653809649
16167,710.9344572407647
16168,710.9344572407647
16169,710.9344572407647
16170,710.9344572407647
16171,710.9344572407647
16172,710.8329653809649
16173,710.8329653809649
16174,710.9344572407647
16175,710.9344572407647
16176,710.9344572407647
16177,710.9344572407647
16178,710.9344572407647
16179,710.8329653809649
16180,710.8329653809649
16181,710.9344572407647
16182,710.9344572407647
16183,710.9344572407647
16184,710.9344572407647
16185,710.9344572407647
16186,710.8329653809649
16187,710.8329653809649
16188,710.9344572407647
16189,710.9344572407647
16190,710.9344572407647
16191,710.9344572407647
16192,710.9344572407647
16193,710.8329653809649
16194,710.8329653809649
16195,710.9344572407647
16196,710.9344572407647
16197,710.9344572407647
16198,710.9344572407647
16199,710.9344572407647
16200,710.8329653809649
16201,0.0
16202,0.0
16203,0.0
16204,0.0
16205,0.0
16206,0.0
16207,0.0
16208,0.0
16209,0.0
16210,0.0
16211,0.0
16212,0.0
16213,0.0
16214,0.0
16215,0.0
16216,0.0
16217,0.0
16218,0.0
16219,0.0
16220,0.0
16221,0.0
16222,0.0
16223,0.0
16224,0.0
16225,0.0
16226,0.0
16227,0.0
16228,0.0
16229,0.0
16230,0.0
16231,0.0
16232,0.0
16233,0.0
16234,0.0
16235,0.0
16236,0.0
16237,0.0
16238,0.0
16239,0.0
16240,0.0
16241,0.0
16242,0.0
16243,0.0
16244,0.0
16245,0.0
16246,0.0
16247,0.0
16248,0.0
16249,0.0
16250,0.0
16251,0.0
16252,0.0
16253,0.0
16254,0.0
16255,0.0
16256,0.0
16257,0.0
16258,0.0
16259,0.0
16260,0.0
16261,0.0
16262,0.0
16263,0.0
16264,0.0
16265,0.0
16266,0.0
16267,0.0
16268,0.0
16269,0.0
16270,0.0
16271,0.0
16272,0.0
16273,0.0
16274,0.0
16275,0.0
16276,0.0
16277,0.0
16278,0.0
16279,0.0
16280,0.0
16281,0.0
16282,0.0
16283,0.0
16284,0.0
16285,0.0
16286,0.0
16287,0.0
16288,0.0
16289,0.0
16290,0.0
16291,0.0
16292,0.0
16293,0.0
16294,0.0
16295,0.0
16296,0.0
16297,0.0
16298,0.0
16299,0.0
16300,0.0
16301,0.0
16302,0.0
16303,0.0
16304,0.0
16305,0.0
16306,0.0
16307,0.0
16308,0.0
16309,0.0
16310,0.0
16311,0.0
16312,0.0
16313,0.0
16314,0.0
16315,0.0
16316,0.0
16317,0.0
16318,0.0
16319,0.0
16320,0.0
16321,0.0
16322,0.0
16323,0.0
16324,0.0
16325,0.0
16326,0.0
16327,0.0
16328,0.0
16329,0.0
16330,0.0
16331,0.0
16332,0.0
16333,0.0
16334,0.0
16335,0.0
16336,0.0
16337,0.0
16338,0.0
16339,0.0
16340,0.0
16341,0.0
16342,0.0
16343,0.0
16344,0.0
16345,0.0
16346,0.0
16347,0.0
16348,0.0
16349,0.0
16350,0.0
16351,0.0
16352,0.0
16353,0.0
16354,0.0
16355,0.0
16356,0.0
16357,0.0
16358,0.0
16359,0.0
16360,0.0
16361,0.0
16362,0.0
16363,0.0
16364,0.0
16365,0.0
16366,0.0
16367,0.0
16368,0.0
16369,0.0
16370,0.0
16371,0.0
16372,0.0
16373,0.0
16374,0.0
16375,0.0
16376,0.0
16377,0.0
16378,0.0
16379,0.0
16380,0.0
16381,0.0
16382,0.0
16383,0.0
16384,0.0
16385,0.0
16386,0.0
16387,0.0
16388,0.0
16389,0.0
16390,0.0
16391,0.0
16392,0.0
16393,0.0
16394,0.0
16395,0.0
16396,0.0
16397,0.0
16398,0.0
16399,0.0
16400,0.0
16401,0.0
16402,0.0
16403,0.0
16404,0.0
16405,0.0
16406,0.0
16407,0.0
16408,0.0
16409,0.0
16410,0.0
16411,0.0
16412,0.0
16413,0.0
16414,0.0
16415,0.0
16416,0.0
16417,0.0
16418,0.0
16419,0.0
16420,0.0
16421,0.0
16422,0.0
16423,0.0
16424,0.0
16425,0.0
16426,0.0
16427,0.0
16428,0.0
16429,0.0
16430,0.0
16431,0.0
16432,0.0
16433,0.0
16434,0.0
16435,0.0
16436,0.0
16437,0.0
16438,0.0
16439,0.0
16440,0.0
16441,0.0
16442,0.0
16443,0.0
16444,0.0
16445,0.0
16446,0.0
16447,0.0
16448,0.0
16449,0.0
16450,0.0
16451,0.0
16452,0.0
16453,0.0
16454,0.0
16455,0.0
16456,0.0
16457,0.0
16458,0.0
16459,0.0
16460,0.0
16461,0.0
16462,0.0
16463,0.0
16464,0.0
16465,0.0
16466,0.0
16467,0.0
16468,0.0
16469,0.0
16470,0.0
16471,0.0
16472,0.0
16473,0.0
16474,0.0
16475,0.0
16476,0.0
16477,0.0
16478,0.0
16479,0.0
16480,0.0
16481,0.0
16482,0.0
16483,0.0
16484,0.0
16485,0.0
16486,0.0
16487,0.0
16488,0.0
16489,0.0
16490,0.0
16491,0.0
16492,0.0
16493,0.0
16494,0.0
16495,0.0
16496,0.0
16497,0.0
16498,0.0
16499,0.0
16500,0.0
16501,0.0
16502,0.0
16503,0.0
16504,0.0
16505,0.0
16506,0.0
16507,0.0
16508,0.0
16509,0.0
16510,0.0
16511,0.0
16512,0.0
16513,0.0
16514,0.0
16515,0.0
16516,0.0
16517,0.0
16518,0.0
16519,0.0
16520,0.0
16521,0.0
16522,0.0
16523,0.0
16524,0.0
16525,0.0
16526,0.0
16527,0.0
16528,0.0
16529,0.0
16530,0.0
16531,0.0
16532,0.0
16533,0.0
16534,0.0
16535,0.0
16536,0.0
16537,0.0
16538,0.0
16539,0.0
16540,0.0
16541,0.0
16542,0.0
16543,0.0
16544,0.0
16545,0.0
16546,0.0
16547,0.0
16548,0.0
16549,0.0
16550,0.0
16551,0.0
16552,0.0
16553,0.0
16554,0.0
16555,0.0
16556,0.0
16557,0.0
16558,0.0
16559,0.0
16560,0.0
16561,0.0
16562,0.0
16563,0.0
16564,0.0
16565,0.0
16566,0.0
16567,0.0
16568,0.0
16569,0.0
16570,0.0
16571,0.0
16572,0.0
16573,0.0
16574,0.0
16575,0.0
16576,0.0
16577,0.0
16578,0.0
16579,0.0
16580,0.0
16581,0.0
16582,0.0
16583,0.0
16584,0.0
16585,0.0
16586,0.0
16587,0.0
16588,0.0
16589,0.0
16590,0.0
16591,0.0
16592,0.0
16593,0.0
16594,0.0
16595,0.0
16596,0.0
16597,0.0
16598,0.0
16599,0.0
16600,0.0
16601,0.0
16602,0.0
16603,0.0
16604,0.0
16605,0.0
16606,0.0
16607,0.0
16608,0.0
16609,0.0
16610,0.0
16611,0.0
16612,0.0
16613,0.0
16614,0.0
16615,0.0
16616,0.0
16617,0.0
16618,0.0
16619,0.0
16620,0.0
16621,0.0
16622,0.0
16623,0.0
16624,0.0
16625,0.0
16626,0.0
16627,0.0
16628,0.0
16629,0.0
16630,0.0
16631,0.0
16632,0.0
16633,0.0
16634,0.0
16635,0.0
16636,0.0
16637,0.0
16638,0.0
16639,0.0
16640,0.0
16641,0.0
16642,0.0
16643,0.0
16644,0.0
16645,0.0
16646,0.0
16647,0.0
16648,0.0
16649,0.0
16650,0.0
16651,0.0
16652,0.0
16653,0.0
16654,0.0
16655,0.0
16656,0.0
16657,0.0
16658,0.0
16659,0.0
16660,0.0
16661,0.0
16662,0.0
16663,0.0
16664,0.0
16665,0.0
16666,0.0
16667,0.0
16668,0.0
16669,0.0
16670,0.0
16671,0.0
16672,0.0
16673,0.0
16674,0.0
16675,0.0
16676,0.0
16677,0.0
16678,0.0
16679,0.0
16680,0.0
16681,0.0
16682,0.0
16683,0.0
16684,0.0
16685,0.0
16686,0.0
16687,0.0
16688,0.0
16689,0.0
16690,0.0
16691,0.0
16692,0.0
16693,0.0
16694,0.0
16695,0.0
16696,0.0
16697,0.0
16698,0.0
16699,0.0
16700,0.0
16701,0.0
16702,0.0
16703,0.0
16704,0.0
16705,0.0
16706,0.0
16707,0.0
16708,0.0
16709,0.0
16710,0.0
16711,0.0
16712,0.0
16713,0.0
16714,0.0
16715,0.0
16716,0.0
16717,0.0
16718,0.0
16719,0.0
16720,0.0
16721,0.0
16722,0.0
16723,0.0
16724,0.0
16725,0.0
16726,0.0
16727,0.0
16728,0.0
16729,0.0
16730,0.0
16731,0.0
16732,0.0
16733,0.0
16734,0.0
16735,0.0
16736,0.0
16737,0.0
16738,0.0
16739,0.0
16740,0.0
16741,0.0
16742,0.0
16743,0.0
16744,0.0
16745,0.0
16746,0.0
16747,0.0
16748,0.0
16749,0.0
16750,0.0
16751,0.0
16752,0.0
16753,0.0
16754,0.0
16755,0.0
16756,0.0
16757,0.0
16758,0.0
16759,0.0
16760,0.0
16761,0.0
16762,0.0
16763,0.0
16764,0.0
16765,0.0
16766,0.0
16767,0.0
16768,0.0
16769,0.0
16770,0.0
16771,0.0
16772,0.0
16773,0.0
16774,0.0
16775,0.0
16776,0.0
16777,0.0
16778,0.0
16779,0.0
16780,0.0
16781,0.0
16782,0.0
16783,0.0
16784,0.0
16785,0.0
16786,0.0
16787,0.0
16788,0.0
16789,0.0
16790,0.0
16791,0.0
16792,0.0
16793,0.0
16794,0.0
16795,0.0
16796,0.0
16797,0.0
16798,0.0
16799,0.0
16800,0.0
16801,0.0
16802,0.0
16803,0.0
16804,0.0
16805,0.0
16806,0.0
16807,0.0
16808,0.0
16809,0.0
16810,0.0
16811,0.0
16812,0.0
16813,0.0
16814,0.0
16815,0.0
16816,0.0
16817,0.0
16818,0.0
16819,0.0
16820,0.0
16821,0.0
16822,0.0
16823,0.0
16824,0.0
16825,0.0
16826,0.0
16827,0.0
16828,0.0
16829,0.0
16830,0.0
16831,0.0
16832,0.0
16833,0.0
16834,0.0
16835,0.0
16836,0.0
16837,0.0
16838,0.0
16839,0.0
16840,0.0
16841,0.0
16842,0.0
16843,0.0
16844,0.0
16845,0.0
16846,0.0
16847,0.0
16848,0.0
16849,0.0
16850,0.0
16851,0.0
16852,0.0
16853,0.0
16854,0.0
16855,0.0
16856,0.0
16857,0.0
16858,0.0
16859,0.0
16860,0.0
16861,0.0
16862,0.0
16863,0.0
16864,0.0
16865,0.0
16866,0.0
16867,0.0
16868,0.0
16869,0.0
16870,0.0
16871,0.0
16872,0.0
16873,0.0
16874,0.0
16875,0.0
16876,0.0
16877,0.0
16878,0.0
16879,0.0
16880,0.0
16881,0.0
16882,0.0
16883,0.0
16884,0.0
16885,0.0
16886,0.0
16887,0.0
16888,0.0
16889,0.0
16890,0.0
16891,0.0
16892,0.0
16893,0.0
16894,0.0
16895,0.0
16896,0.0
16897,0.0
16898,0.0
16899,0.0
16900,0.0
16901,0.0
16902,0.0
16903,0.0
16904,0.0
16905,0.0
16906,0.0
16907,0.0
16908,0.0
16909,0.0
16910,0.0
16911,0.0
16912,0.0
16913,0.0
16914,0.0
16915,0.0
16916,0.0
16917,0.0
16918,0.0
16919,0.0
16920,0.0
16921,0.0
16922,0.0
16923,0.0
16924,0.0
16925,0.0
16926,0.0
16927,0.0
16928,0.0
16929,0.0
16930,0.0
16931,0.0
16932,0.0
16933,0.0
16934,0.0
16935,0.0
16936,0.0
16937,0.0
16938,0.0
16939,0.0
16940,0.0
16941,0.0
16942,0.0
16943,0.0
16944,0.0
16945,0.0
16946,0.0
16947,0.0
16948,0.0
16949,0.0
16950,0.0
16951,0.0
16952,0.0
16953,0.0
16954,0.0
16955,0.0
16956,0.0
16957,0.0
16958,0.0
16959,0.0
16960,0.0
16961,0.0
16962,0.0
16963,0.0
16964,0.0
16965,0.0
16966,0.0
16967,0.0
16968,0.0
16969,0.0
16970,0.0
16971,0.0
16972,0.0
16973,0.0
16974,0.0
16975,0.0
16976,0.0
16977,0.0
16978,0.0
16979,0.0
16980,0.0
16981,0.0
16982,0.0
16983,0.0
16984,0.0
16985,0.0
16986,0.0
16987,0.0
16988,0.0
16989,0.0
16990,0.0
16991,0.0
16992,0.0
16993,0.0
16994,0.0
16995,0.0
16996,0.0
16997,0.0
16998,0.0
16999,0.0
17000,0.0
17001,0.0
17002,0.0
17003,0.0
17004,0.0
17005,0.0
17006,0.0
17007,0.0
17008,0.0
17009,0.0
17010,0.0
17011,0.0
17012,0.0
17013,0.0
17014,0.0
17015,0.0
17016,0.0
17017,0.0
17018,0.0
17019,0.0
17020,0.0
17021,0.0
17022,0.0
17023,0.0
17024,0.0
17025,0.0
17026,0.0
17027,0.0
17028,0.0
17029,0.0
17030,0.0
17031,0.0
17032,0.0
17033,0.0
17034,0.0
17035,0.0
17036,0.0
17037,0.0
17038,0.0
17039,0.0
17040,0.0
17041,0.0
17042,0.0
17043,0.0
17044,0.0
17045,0.0
17046,0.0
17047,0.0
17048,0.0
17049,0.0
17050,0.0
17051,0.0
17052,0.0
17053,0.0
17054,0.0
17055,0.0
17056,0.0
17057,0.0
17058,0.0
17059,0.0
17060,0.0
17061,0.0
17062,0.0
17063,0.0
17064,0.0
17065,0.0
17066,0.0
17067,0.0
17068,0.0
17069,0.0
17070,0.0
17071,0.0
17072,0.0
17073,0.0
17074,0.0
17075,0.0
17076,0.0
17077,0.0
17078,0.0
17079,0.0
17080,0.0
17081,0.0
17082,0.0
17083,0.0
17084,0.0
17085,0.0
17086,0.0
17087,0.0
17088,0.0
17089,0.0
17090,0.0
17091,0.0
17092,0.0
17093,0.0
17094,0.0
17095,0.0
17096,0.0
17097,0.0
17098,0.0
17099,0.0
17100,0.0
17101,0.0
17102,0.0
17103,0.0
17104,0.0
17105,0.0
17106,0.0
17107,0.0
17108,0.0
17109,0.0
17110,0.0
17111,0.0
17112,0.0
17113,0.0
17114,0.0
17115,0.0
17116,0.0
17117,0.0
17118,0.0
17119,0.0
17120,0.0
17121,0.0
17122,0.0
17123,0.0
17124,0.0
17125,0.0
17126,0.0
17127,0.0
17128,0.0
17129,0.0
17130,0.0
17131,0.0
17132,0.0
17133,0.0
17134,0.0
17135,0.0
17136,0.0
17137,0.0
17138,0.0
17139,0.0
17140,0.0
17141,0.0
17142,0.0
17143,0.0
17144,0.0
17145,0.0
17146,0.0
17147,0.0
17148,0.0
17149,0.0
17150,0.0
17151,0.0
17152,0.0
17153,0.0
17154,0.0
17155,0.0
17156,0.0
17157,0.0
17158,0.0
17159,0.0
17160,0.0
17161,0.0
17162,0.0
17163,0.0
17164,0.0
17165,0.0
17166,0.0
17167,0.0
17168,0.0
17169,0.0
17170,0.0
17171,0.0
17172,0.0
17173,0.0
17174,0.0
17175,0.0
17176,0.0
17177,0.0
17178,0.0
17179,0.0
17180,0.0
17181,0.0
17182,0.0
17183,0.0
17184,0.0
17185,0.0
17186,0.0
17187,0.0
17188,0.0
17189,0.0
17190,0.0
17191,0.0
17192,0.0
17193,0.0
17194,0.0
17195,0.0
17196,0.0
17197,0.0
17198,0.0
17199,0.0
17200,0.0
17201,0.0
17202,0.0
17203,0.0
17204,0.0
17205,0.0
17206,0.0
17207,0.0
17208,0.0
17209,0.0
17210,0.0
17211,0.0
17212,0.0
17213,0.0
17214,0.0
17215,0.0
17216,0.0
17217,0.0
17218,0.0
17219,0.0
17220,0.0
17221,0.0
17222,0.0
17223,0.0
17224,0.0
17225,0.0
17226,0.0
17227,0.0
17228,0.0
17229,0.0
17230,0.0
17231,0.0
17232,0.0
17233,0.0
17234,0.0
17235,0.0
17236,0.0
17237,0.0
17238,0.0
17239,0.0
17240,0.0
17241,0.0
17242,0.0
17243,0.0
17244,0.0
17245,0.0
17246,0.0
17247,0.0
17248,0.0
17249,0.0
17250,0.0
17251,0.0
17252,0.0
17253,0.0
17254,0.0
17255,0.0
17256,0.0
17257,0.0
17258,0.0
17259,0.0
17260,0.0
17261,0.0
17262,0.0
17263,0.0
17264,0.0
17265,0.0
17266,0.0
17267,0.0
17268,0.0
17269,0.0
17270,0.0
17271,0.0
17272,0.0
17273,0.0
17274,0.0
17275,0.0
17276,0.0
17277,0.0
17278,0.0
17279,0.0
17280,0.0
17281,0.0
17282,0.0
17283,0.0
17284,0.0
17285,0.0
17286,0.0
17287,0.0
17288,0.0
17289,0.0
17290,0.0
17291,0.0
17292,0.0
17293,0.0
17294,0.0
17295,0.0
17296,0.0
17297,0.0
17298,0.0
17299,0.0
17300,0.0
17301,0.0
17302,0.0
17303,0.0
17304,0.0
17305,0.0
17306,0.0
17307,0.0
17308,0.0
17309,0.0
17310,0.0
17311,0.0
17312,0.0
17313,0.0
17314,0.0
17315,0.0
17316,0.0
17317,0.0
17318,0.0
17319,0.0
17320,0.0
17321,0.0
17322,0.0
17323,0.0
17324,0.0
17325,0.0
17326,0.0
17327,0.0
17328,0.0
17329,0.0
17330,0.0
17331,0.0
17332,0.0
17333,0.0
17334,0.0
17335,0.0
17336,0.0
17337,0.0
17338,0.0
17339,0.0
17340,0.0
17341,0.0
17342,0.0
17343,0.0
17344,0.0
17345,0.0
17346,0.0
17347,0.0
17348,0.0
17349,0.0
17350,0.0
17351,0.0
17352,0.0
17353,0.0
17354,0.0
17355,0.0
17356,0.0
17357,0.0
17358,0.0
17359,0.0
17360,0.0
17361,0.0
17362,0.0
17363,0.0
17364,0.0
17365,0.0
17366,0.0
17367,0.0
17368,0.0
17369,0.0
17370,0.0
17371,0.0
17372,0.0
17373,0.0
17374,0.0
17375,0.0
17376,0.0
17377,0.0
17378,0.0
17379,0.0
17380,0.0
17381,0.0
17382,0.0
17383,0.0
17384,0.0
17385,0.0
17386,0.0
17387,0.0
17388,0.0
17389,0.0
17390,0.0
17391,0.0
17392,0.0
17393,0.0
17394,0.0
17395,0.0
17396,0.0
17397,0.0
17398,0.0
17399,0.0
17400,0.0
17401,0.0
17402,0.0
17403,0.0
17404,0.0
17405,0.0
17406,0.0
17407,0.0
17408,0.0
17409,0.0
17410,0.0
17411,0.0
17412,0.0
17413,0.0
17414,0.0
17415,0.0
17416,0.0
17417,0.0
17418,0.0
17419,0.0
17420,0.0
17421,0.0
17422,0.0
17423,0.0
17424,0.0
17425,0.0
17426,0.0
17427,0.0
17428,0.0
17429,0.0
17430,0.0
17431,0.0
17432,0.0
17433,0.0
17434,0.0
17435,0.0
17436,0.0
17437,0.0
17438,0.0
17439,0.0
17440,0.0
17441,0.0
17442,0.0
17443,0.0
17444,0.0
17445,0.0
17446,0.0
17447,0.0
17448,0.0
17449,0.0
17450,0.0
17451,0.0
17452,0.0
17453,0.0
17454,0.0
17455,0.0
17456,0.0
17457,0.0
17458,0.0
17459,0.0
17460,0.0
17461,0.0
17462,0.0
17463,0.0
17464,0.0
17465,0.0
17466,0.0
17467,0.0
17468,0.0
17469,0.0
17470,0.0
17471,0.0
17472,0.0
17473,0.0
17474,0.0
17475,0.0
17476,0.0
17477,0.0
17478,0.0
17479,0.0
17480,0.0
17481,0.0
17482,0.0
17483,0.0
17484,0.0
17485,0.0
17486,0.0
17487,0.0
17488,0.0
17489,0.0
17490,0.0
17491,0.0
17492,0.0
17493,0.0
17494,0.0
17495,0.0
17496,0.0
17497,0.0
17498,0.0
17499,0.0
17500,0.0
17501,0.0
17502,0.0
17503,0.0
17504,0.0
17505,0.0
17506,0.0
17507,0.0
17508,0.0
17509,0.0
17510,0.0
17511,0.0
17512,0.0
17513,0.0
17514,0.0
17515,0.0
17516,0.0
17517,0.0
17518,0.0
17519,0.0
17520,0.0
17521,0.0
17522,0.0
17523,0.0
17524,0.0
17525,0.0
17526,0.0
17527,0.0
17528,0.0
17529,0.0
17530,0.0
17531,0.0
17532,0.0
17533,0.0
17534,0.0
17535,0.0
17536,0.0
17537,0.0
17538,0.0
17539,0.0
17540,0.0
17541,0.0
17542,0.0
17543,0.0
17544,0.0
17545,0.0
17546,0.0
17547,0.0
17548,0.0
17549,0.0
17550,0.0
17551,0.0
17552,0.0
17553,0.0
17554,0.0
17555,0.0
17556,0.0
17557,0.0
17558,0.0
17559,0.0
17560,0.0
17561,0.0
17562,0.0
17563,0.0
17564,0.0
17565,0.0
17566,0.0
17567,0.0
17568,0.0
17569,0.0
17570,0.0
17571,0.0
17572,0.0
17573,0.0
17574,0.0
17575,0.0
17576,0.0
17577,0.0
17578,0.0
17579,0.0
17580,0.0
17581,0.0
17582,0.0
17583,0.0
17584,0.0
17585,0.0
17586,0.0
17587,0.0
17588,0.0
17589,0.0
17590,0.0
17591,0.0
17592,0.0
17593,0.0
17594,0.0
17595,0.0
17596,0.0
17597,0.0
17598,0.0
17599,0.0
17600,0.0
17601,0.0
17602,0.0
17603,0.0
17604,0.0
17605,0.0
17606,0.0
17607,0.0
17608,0.0
17609,0.0
17610,0.0
17611,0.0
17612,0.0
17613,0.0
17614,0.0
17615,0.0
17616,0.0
17617,0.0
17618,0.0
17619,0.0
17620,0.0
17621,0.0
17622,0.0
17623,0.0
17624,0.0
17625,0.0
17626,0.0
17627,0.0
17628,0.0
17629,0.0
17630,0.0
17631,0.0
17632,0.0
17633,0.0
17634,0.0
17635,0.0
17636,0.0
17637,0.0
17638,0.0
17639,0.0
17640,0.0
17641,0.0
17642,0.0
17643,0.0
17644,0.0
17645,0.0
17646,0.0
17647,0.0
17648,0.0
17649,0.0
17650,0.0
17651,0.0
17652,0.0
17653,0.0
17654,0.0
17655,0.0
17656,0.0
17657,0.0
17658,0.0
17659,0.0
17660,0.0
17661,0.0
17662,0.0
17663,0.0
17664,0.0
17665,0.0
17666,0.0
17667,0.0
17668,0.0
17669,0.0
17670,0.0
17671,0.0
17672,0.0
17673,0.0
17674,0.0
17675,0.0
17676,0.0
17677,0.0
17678,0.0
17679,0.0
17680,0.0
17681,0.0
17682,0.0
17683,0.0
17684,0.0
17685,0.0
17686,0.0
17687,0.0
17688,0.0
17689,0.0
17690,0.0
17691,0.0
17692,0.0
17693,0.0
17694,0.0
17695,0.0
17696,0.0
17697,0.0
17698,0.0
17699,0.0
17700,0.0
17701,0.0
17702,0.0
17703,0.0
17704,0.0
17705,0.0
17706,0.0
17707,0.0
17708,0.0
17709,0.0
17710,0.0
17711,0.0
17712,0.0
17713,0.0
17714,0.0
17715,0.0
17716,0.0
17717,0.0
17718,0.0
17719,0.0
17720,0.0
17721,0.0
17722,0.0
17723,0.0
17724,0.0
17725,0.0
17726,0.0
17727,0.0
17728,0.0
17729,0.0
17730,0.0
17731,0.0
17732,0.0
17733,0.0
17734,0.0
17735,0.0
17736,0.0
17737,0.0
17738,0.0
17739,0.0
17740,0.0
17741,0.0
17742,0.0
17743,0.0
17744,0.0
17745,0.0
17746,0.0
17747,0.0
17748,0.0
17749,0.0
17750,0.0
17751,0.0
17752,0.0
17753,0.0
17754,0.0
17755,0.0
17756,0.0
17757,0.0
17758,0.0
17759,0.0
17760,0.0
17761,0.0
17762,0.0
17763,0.0
17764,0.0
17765,0.0
17766,0.0
17767,0.0
17768,0.0
17769,0.0
17770,0.0
17771,0.0
17772,0.0
17773,0.0
17774,0.0
17775,0.0
17776,0.0
17777,0.0
17778,0.0
17779,0.0
17780,0.0
17781,0.0
17782,0.0
17783,0.0
17784,0.0
17785,0.0
17786,0.0
17787,0.0
17788,0.0
17789,0.0
17790,0.0
17791,0.0
17792,0.0
17793,0.0
17794,0.0
17795,0.0
17796,0.0
17797,0.0
17798,0.0
17799,0.0
17800,0.0
17801,0.0
17802,0.0
17803,0.0
17804,0.0
17805,0.0
17806,0.0
17807,0.0
17808,0.0
17809,0.0
17810,0.0
17811,0.0
17812,0.0
17813,0.0
17814,0.0
17815,0.0
17816,0.0
17817,0.0
17818,0.0
17819,0.0
17820,0.0
17821,0.0
17822,0.0
17823,0.0
17824,0.0
17825,0.0
17826,0.0
17827,0.0
17828,0.0
17829,0.0
17830,0.0
17831,0.0
17832,0.0
17833,0.0
17834,0.0
17835,0.0
17836,0.0
17837,0.0
17838,0.0
17839,0.0
17840,0.0
17841,0.0
17842,0.0
17843,0.0
17844,0.0
17845,0.0
17846,0.0
17847,0.0
17848,0.0
17849,0.0
17850,0.0
17851,0.0
17852,0.0
17853,0.0
17854,0.0
17855,0.0
17856,0.0
17857,0.0
17858,0.0
17859,0.0
17860,0.0
17861,0.0
17862,0.0
17863,0.0
17864,0.0
17865,0.0
17866,0.0
17867,0.0
17868,0.0
17869,0.0
17870,0.0
17871,0.0
17872,0.0
17873,0.0
17874,0.0
17875,0.0
17876,0.0
17877,0.0
17878,0.0
17879,0.0
17880,0.0
17881,0.0
17882,0.0
17883,0.0
17884,0.0
17885,0.0
17886,0.0
17887,0.0
17888,0.0
17889,0.0
17890,0.0
17891,0.0
17892,0.0
17893,0.0
17894,0.0
17895,0.0
17896,0.0
17897,0.0
17898,0.0
17899,0.0
17900,0.0
17901,0.0
17902,0.0
17903,0.0
17904,0.0
17905,0.0
17906,0.0
17907,0.0
17908,0.0
17909,0.0
17910,0.0
17911,0.0
17912,0.0
17913,0.0
17914,0.0
17915,0.0
17916,0.0
17917,0.0
17918,0.0
17919,0.0
17920,0.0
17921,0.0
17922,0.0
17923,0.0
17924,0.0
17925,0.0
17926,0.0
17927,0.0
17928,0.0
17929,0.0
17930,0.0
17931,0.0
17932,0.0
17933,0.0
17934,0.0
17935,0.0
17936,0.0
17937,0.0
17938,0.0
17939,0.0
17940,0.0
17941,0.0
17942,0.0
17943,0.0
17944,0.0
17945,0.0
17946,0.0
17947,0.0
17948,0.0
17949,0.0
17950,0.0
17951,0.0
17952,0.0
17953,0.0
17954,0.0
17955,0.0
17956,0.0
17957,0.0
17958,0.0
17959,0.0
17960,0.0
17961,0.0
17962,0.0
17963,0.0
17964,0.0
17965,0.0
17966,0.0
17967,0.0
17968,0.0
17969,0.0
17970,0.0
17971,0.0
17972,0.0
17973,0.0
17974,0.0
17975,0.0
17976,0.0
17977,0.0
17978,0.0
17979,0.0
17980,0.0
17981,0.0
17982,0.0
17983,0.0
17984,0.0
17985,0.0
17986,0.0
17987,0.0
17988,0.0
17989,0.0
17990,0.0
17991,0.0
17992,0.0
17993,0.0
17994,0.0
17995,0.0
17996,0.0
17997,0.0
17998,0.0
17999,0.0
18000,0.0
18001,0.0
18002,0.0
18003,0.0
18004,0.0
18005,0.0
18006,0.0
18007,0.0
18008,0.0
18009,0.0
18010,0.0
18011,0.0
18012,0.0
18013,0.0
18014,0.0
18015,0.0
18016,0.0
18017,0.0
18018,0.0
18019,0.0
18020,0.0
18021,0.0
18022,0.0
18023,0.0
18024,0.0
18025,0.0
18026,0.0
18027,0.0
18028,0.0
18029,0.0
18030,0.0
18031,0.0
18032,0.0
18033,0.0
18034,0.0
18035,0.0
18036,0.0
18037,0.0
18038,0.0
18039,0.0
18040,0.0
18041,0.0
18042,0.0
18043,0.0
18044,0.0
18045,0.0
18046,0.0
18047,0.0
18048,0.0
18049,0.0
18050,0.0
18051,0.0
18052,0.0
18053,0.0
18054,0.0
18055,0.0
18056,0.0
18057,0.0
18058,0.0
18059,0.0
18060,0.0
18061,0.0
18062,0.0
18063,0.0
18064,0.0
18065,0.0
18066,0.0
18067,0.0
18068,0.0
18069,0.0
18070,0.0
18071,0.0
18072,0.0
18073,0.0
18074,0.0
18075,0.0
18076,0.0
18077,0.0
18078,0.0
18079,0.0
18080,0.0
18081,0.0
18082,0.0
18083,0.0
18084,0.0
18085,0.0
18086,0.0
18087,0.0
18088,0.0
18089,0.0
18090,0.0
18091,0.0
18092,0.0
18093,0.0
18094,0.0
18095,0.0
18096,0.0
18097,0.0
18098,0.0
18099,0.0
18100,0.0
18101,0.0
18102,0.0
18103,0.0
18104,0.0
18105,0.0
18106,0.0
18107,0.0
18108,0.0
18109,0.0
18110,0.0
18111,0.0
18112,0.0
18113,0.0
18114,0.0
18115,0.0
18116,0.0
18117,0.0
18118,0.0
18119,0.0
18120,0.0
18121,0.0
18122,0.0
18123,0.0
18124,0.0
18125,0.0
18126,0.0
18127,0.0
18128,0.0
18129,0.0
18130,0.0
18131,0.0
18132,0.0
18133,0.0
18134,0.0
18135,0.0
18136,0.0
18137,0.0
18138,0.0
18139,0.0
18140,0.0
18141,0.0
18142,0.0
18143,0.0
18144,0.0
18145,0.0
18146,0.0
18147,0.0
18148,0.0
18149,0.0
18150,0.0
18151,0.0
18152,0.0
18153,0.0
18154,0.0
18155,0.0
18156,0.0
18157,0.0
18158,0.0
18159,0.0
18160,0.0
18161,0.0
18162,0.0
18163,0.0
18164,0.0
18165,0.0
18166,0.0
18167,0.0
18168,0.0
18169,0.0
18170,0.0
18171,0.0
18172,0.0
18173,0.0
18174,0.0
18175,0.0
18176,0.0
18177,0.0
18178,0.0
18179,0.0
18180,0.0
18181,0.0
18182,0.0
18183,0.0
18184,0.0
18185,0.0
18186,0.0
18187,0.0
18188,0.0
18189,0.0
18190,0.0
18191,0.0
18192,0.0
18193,0.0
18194,0.0
18195,0.0
18196,0.0
18197,0.0
18198,0.0
18199,0.0
18200,0.0
18201,0.0
18202,0.0
18203,0.0
18204,0.0
18205,0.0
18206,0.0
18207,0.0
18208,0.0
18209,0.0
18210,0.0
18211,0.0
18212,0.0
18213,0.0
18214,0.0
18215,0.0
18216,0.0
18217,0.0
18218,0.0
18219,0.0
18220,0.0
18221,0.0
18222,0.0
18223,0.0
18224,0.0
18225,0.0
18226,0.0
18227,0.0
18228,0.0
18229,0.0
18230,0.0
18231,0.0
18232,0.0
18233,0.0
18234,0.0
18235,0.0
18236,0.0
18237,0.0
18238,0.0
18239,0.0
18240,0.0
18241,0.0
18242,0.0
18243,0.0
18244,0.0
18245,0.0
18246,0.0
18247,0.0
18248,0.0
18249,0.0
18250,0.0
18251,0.0
18252,0.0
18253,0.0
18254,0.0
18255,0.0
18256,0.0
18257,0.0
18258,0.0
18259,0.0
18260,0.0
18261,0.0
18262,0.0
18263,0.0
18264,0.0
18265,0.0
18266,0.0
18267,0.0
18268,0.0
18269,0.0
18270,0.0
18271,0.0
18272,0.0
18273,0.0
18274,0.0
18275,0.0
18276,0.0
18277,0.0
18278,0.0
18279,0.0
18280,0.0
18281,0.0
18282,0.0
18283,0.0
18284,0.0
18285,0.0
18286,0.0
18287,0.0
18288,0.0
18289,0.0
18290,0.0
18291,0.0
18292,0.0
18293,0.0
18294,0.0
18295,0.0
18296,0.0
18297,0.0
18298,0.0
18299,0.0
18300,0.0
18301,0.0
18302,0.0
18303,0.0
18304,0.0
18305,0.0
18306,0.0
18307,0.0
18308,0.0
18309,0.0
18310,0.0
18311,0.0
18312,0.0
18313,0.0
18314,0.0
18315,0.0
18316,0.0
18317,0.0
18318,0.0
18319,0.0
18320,0.0
18321,0.0
18322,0.0
18323,0.0
18324,0.0
18325,0.0
18326,0.0
18327,0.0
18328,0.0
18329,0.0
18330,0.0
18331,0.0
18332,0.0
18333,0.0
18334,0.0
18335,0.0
18336,0.0
18337,0.0
18338,0.0
18339,0.0
18340,0.0
18341,0.0
18342,0.0
18343,0.0
18344,0.0
18345,0.0
18346,0.0
18347,0.0
18348,0.0
18349,0.0
18350,0.0
18351,0.0
18352,0.0
18353,0.0
18354,0.0
18355,0.0
18356,0.0
18357,0.0
18358,0.0
18359,0.0
18360,0.0
18361,0.0
18362,0.0
18363,0.0
18364,0.0
18365,0.0
18366,0.0
18367,0.0
18368,0.0
18369,0.0
18370,0.0
18371,0.0
18372,0.0
18373,0.0
18374,0.0
18375,0.0
18376,0.0
18377,0.0
18378,0.0
18379,0.0
18380,0.0
18381,0.0
18382,0.0
18383,0.0
18384,0.0
18385,0.0
18386,0.0
18387,0.0
18388,0.0
18389,0.0
18390,0.0
18391,0.0
18392,0.0
18393,0.0
18394,0.0
18395,0.0
18396,0.0
18397,0.0
18398,0.0
18399,0.0
18400,0.0
18401,0.0
18402,0.0
18403,0.0
18404,0.0
18405,0.0
18406,0.0
18407,0.0
18408,0.0
18409,0.0
18410,0.0
18411,0.0
18412,0.0
18413,0.0
18414,0.0
18415,0.0
18416,0.0
18417,0.0
18418,0.0
18419,0.0
18420,0.0
18421,0.0
18422,0.0
18423,0.0
18424,0.0
18425,0.0
18426,0.0
18427,0.0
18428,0.0
18429,0.0
18430,0.0
18431,0.0
18432,0.0
18433,0.0
18434,0.0
18435,0.0
18436,0.0
18437,0.0
18438,0.0
18439,0.0
18440,0.0
18441,0.0
18442,0.0
18443,0.0
18444,0.0
18445,0.0
18446,0.0
18447,0.0
18448,0.0
18449,0.0
18450,0.0
18451,0.0
18452,0.0
18453,0.0
18454,0.0
18455,0.0
18456,0.0
18457,0.0
18458,0.0
18459,0.0
18460,0.0
18461,0.0
18462,0.0
18463,0.0
18464,0.0
18465,0.0
18466,0.0
18467,0.0
18468,0.0
18469,0.0
18470,0.0
18471,0.0
18472,0.0
18473,0.0
18474,0.0
18475,0.0
18476,0.0
18477,0.0
18478,0.0
18479,0.0
18480,0.0
18481,0.0
18482,0.0
18483,0.0
18484,0.0
18485,0.0
18486,0.0
18487,0.0
18488,0.0
18489,0.0
18490,0.0
18491,0.0
18492,0.0
18493,0.0
18494,0.0
18495,0.0
18496,0.0
18497,0.0
18498,0.0
18499,0.0
18500,0.0
18501,0.0
18502,0.0
18503,0.0
18504,0.0
18505,0.0
18506,0.0
18507,0.0
18508,0.0
18509,0.0
18510,0.0
18511,0.0
18512,0.0
18513,0.0
18514,0.0
18515,0.0
18516,0.0
18517,0.0
18518,0.0
18519,0.0
18520,0.0
18521,0.0
18522,0.0
18523,0.0
18524,0.0
18525,0.0
18526,0.0
18527,0.0
18528,0.0
18529,0.0
18530,0.0
18531,0.0
18532,0.0
18533,0.0
18534,0.0
18535,0.0
18536,0.0
18537,0.0
18538,0.0
18539,0.0
18540,0.0
18541,0.0
18542,0.0
18543,0.0
18544,0.0
18545,0.0
18546,0.0
18547,0.0
18548,0.0
18549,0.0
18550,0.0
18551,0.0
18552,0.0
18553,0.0
18554,0.0
18555,0.0
18556,0.0
18557,0.0
18558,0.0
18559,0.0
18560,0.0
18561,0.0
18562,0.0
18563,0.0
18564,0.0
18565,0.0
18566,0.0
18567,0.0
18568,0.0
18569,0.0
18570,0.0
18571,0.0
18572,0.0
18573,0.0
18574,0.0
18575,0.0
18576,0.0
18577,0.0
18578,0.0
18579,0.0
18580,0.0
18581,0.0
18582,0.0
18583,0.0
18584,0.0
18585,0.0
18586,0.0
18587,0.0
18588,0.0
18589,0.0
18590,0.0
18591,0.0
18592,0.0
18593,0.0
18594,0.0
18595,0.0
18596,0.0
18597,0.0
18598,0.0
18599,0.0
18600,0.0
18601,0.0
18602,0.0
18603,0.0
18604,0.0
18605,0.0
18606,0.0
18607,0.0
18608,0.0
18609,0.0
18610,0.0
18611,0.0
18612,0.0
18613,0.0
18614,0.0
18615,0.0
18616,0.0
18617,0.0
18618,0.0
18619,0.0
18620,0.0
18621,0.0
18622,0.0
18623,0.0
18624,0.0
18625,0.0
18626,0.0
18627,0.0
18628,0.0
18629,0.0
18630,0.0
18631,0.0
18632,0.0
18633,0.0
18634,0.0
18635,0.0
18636,0.0
18637,0.0
18638,0.0
18639,0.0
18640,0.0
18641,0.0
18642,0.0
18643,0.0
18644,0.0
18645,0.0
18646,0.0
18647,0.0
18648,0.0
18649,0.0
18650,0.0
18651,0.0
18652,0.0
18653,0.0
18654,0.0
18655,0.0
18656,0.0
18657,0.0
18658,0.0
18659,0.0
18660,0.0
18661,0.0
18662,0.0
18663,0.0
18664,0.0
18665,0.0
18666,0.0
18667,0.0
18668,0.0
18669,0.0
18670,0.0
18671,0.0
18672,0.0
18673,0.0
18674,0.0
18675,0.0
18676,0.0
18677,0.0
18678,0.0
18679,0.0
18680,0.0
18681,0.0
18682,0.0
18683,0.0
18684,0.0
18685,0.0
18686,0.0
18687,0.0
18688,0.0
18689,0.0
18690,0.0
18691,0.0
18692,0.0
18693,0.0
18694,0.0
18695,0.0
18696,0.0
18697,0.0
18698,0.0
18699,0.0
18700,0.0
18701,0.0
18702,0.0
18703,0.0
18704,0.0
18705,0.0
18706,0.0
18707,0.0
18708,0.0
18709,0.0
18710,0.0
18711,0.0
18712,0.0
18713,0.0
18714,0.0
18715,0.0
18716,0.0
18717,0.0
18718,0.0
18719,0.0
18720,0.0
18721,0.0
18722,0.0
18723,0.0
18724,0.0
18725,0.0
18726,0.0
18727,0.0
18728,0.0
18729,0.0
18730,0.0
18731,0.0
18732,0.0
18733,0.0
18734,0.0
18735,0.0
18736,0.0
18737,0.0
18738,0.0
18739,0.0
18740,0.0
18741,0.0
18742,0.0
18743,0.0
18744,0.0
18745,0.0
18746,0.0
18747,0.0
18748,0.0
18749,0.0
18750,0.0
18751,0.0
18752,0.0
18753,0.0
18754,0.0
18755,0.0
18756,0.0
18757,0.0
18758,0.0
18759,0.0
18760,0.0
18761,0.0
18762,0.0
18763,0.0
18764,0.0
18765,0.0
18766,0.0
18767,0.0
18768,0.0
18769,0.0
18770,0.0
18771,0.0
18772,0.0
18773,0.0
18774,0.0
18775,0.0
18776,0.0
18777,0.0
18778,0.0
18779,0.0
18780,0.0
18781,0.0
18782,0.0
18783,0.0
18784,0.0
18785,0.0
18786,0.0
18787,0.0
18788,0.0
18789,0.0
18790,0.0
18791,0.0
18792,0.0
18793,0.0
18794,0.0
18795,0.0
18796,0.0
18797,0.0
18798,0.0
18799,0.0
18800,0.0
18801,0.0
18802,0.0
18803,0.0
18804,0.0
18805,0.0
18806,0.0
18807,0.0
18808,0.0
18809,0.0
18810,0.0
18811,0.0
18812,0.0
18813,0.0
18814,0.0
18815,0.0
18816,0.0
18817,0.0
18818,0.0
18819,0.0
18820,0.0
18821,0.0
18822,0.0
18823,0.0
18824,0.0
18825,0.0
18826,0.0
18827,0.0
18828,0.0
18829,0.0
18830,0.0
18831,0.0
18832,0.0
18833,0.0
18834,0.0
18835,0.0
18836,0.0
18837,0.0
18838,0.0
18839,0.0
18840,0.0
18841,0.0
18842,0.0
18843,0.0
18844,0.0
18845,0.0
18846,0.0
18847,0.0
18848,0.0
18849,0.0
18850,0.0
18851,0.0
18852,0.0
18853,0.0
18854,0.0
18855,0.0
18856,0.0
18857,0.0
18858,0.0
18859,0.0
18860,0.0
18861,0.0
18862,0.0
18863,0.0
18864,0.0
18865,0.0
18866,0.0
18867,0.0
18868,0.0
18869,0.0
18870,0.0
18871,0.0
18872,0.0
18873,0.0
18874,0.0
18875,0.0
18876,0.0
18877,0.0
18878,0.0
18879,0.0
18880,0.0
18881,0.0
18882,0.0
18883,0.0
18884,0.0
18885,0.0
18886,0.0
18887,0.0
18888,0.0
18889,0.0
18890,0.0
18891,0.0
18892,0.0
18893,0.0
18894,0.0
18895,0.0
18896,0.0
18897,0.0
18898,0.0
18899,0.0
18900,0.0
18901,714.955560254302
18902,714.955560254302
18903,714.9549726956814
18904,714.9549726956814
18905,714.955560254302
18906,714.955560254302
18907,714.955560254302
18908,714.955560254302
18909,714.955560254302
18910,714.9549726956814
18911,714.9549726956814
18912,714.955560254302
18913,714.955560254302
18914,714.955560254302
18915,714.955560254302
18916,714.955560254302
18917,714.9549726956814
18918,714.9549726956814
18919,714.955560254302
18920,714.955560254302
18921,714.955560254302
18922,714.955560254302
18923,714.955560254302
18924,714.9549726956814
18925,714.9549726956814
18926,714.955560254302
18927,714.955560254302
18928,714.955560254302
18929,714.955560254302
18930,714.955560254302
18931,714.9549726956814
18932,714.9549726956814
18933,714.955560254302
18934,714.955560254302
18935,714.955560254302
18936,714.955560254302
18937,714.955560254302
18938,714.9549726956814
18939,714.9549726956814
18940,714.955560254302
18941,714.955560254302
18942,714.955560254302
18943,714.955560254302
18944,714.955560254302
18945,714.9549726956814
18946,714.9549726956814
18947,714.955560254302
18948,714.955560254302
18949,714.955560254302
18950,714.955560254302
18951,714.955560254302
18952,714.9549726956814
18953,714.9549726956814
18954,714.955560254302
18955,714.955560254302
18956,714.955560254302
18957,714.955560254302
18958,714.955560254302
18959,714.9549726956814
18960,714.9549726956814
18961,714.955560254302
18962,714.955560254302
18963,714.955560254302
18964,714.955560254302
18965,714.955560254302
18966,714.9549726956814
18967,714.9549726956814
18968,714.955560254302
18969,714.955560254302
18970,714.955560254302
18971,714.955560254302
18972,714.955560254302
18973,714.9549726956814
18974,714.9549726956814
18975,714.955560254302
18976,714.955560254302
18977,714.955560254302
18978,714.955560254302
18979,714.955560254302
18980,714.9549726956814
18981,714.9549726956814
18982,714.955560254302
18983,714.955560254302
18984,714.955560254302
18985,714.955560254302
18986,714.955560254302
18987,714.9549726956814
18988,714.9549726956814
18989,714.955560254302
18990,714.955560254302
18991,714.955560254302
18992,714.955560254302
18993,714.955560254302
18994,714.9549726956814
18995,714.9549726956814
18996,714.955560254302
18997,714.955560254302
18998,714.955560254302
18999,714.955560254302
19000,714.955560254302
19001,714.9549726956814
19002,714.9549726956814
19003,714.955560254302
19004,714.955560254302
19005,714.955560254302
19006,714.955560254302
19007,714.955560254302
19008,714.9549726956814
19009,714.9549726956814
19010,714.955560254302
19011,714.955560254302
19012,714.955560254302
19013,714.955560254302
19014,714.955560254302
19015,714.9549726956814
19016,714.9549726956814
19017,714.955560254302
19018,714.955560254302
19019,714.955560254302
19020,714.955560254302
19021,714.955560254302
19022,714.9549726956814
19023,714.9549726956814
19024,714.955560254302
19025,714.955560254302
19026,714.955560254302
19027,714.955560254302
19028,714.955560254302
19029,714.9549726956814
19030,714.9549726956814
19031,714.955560254302
19032,714.955560254302
19033,714.955560254302
19034,714.955560254302
19035,714.955560254302
19036,714.9549726956814
19037,714.9549726956814
19038,714.955560254302
19039,714.955560254302
19040,714.955560254302
19041,714.955560254302
19042,714.955560254302
19043,714.9549726956814
19044,714.9549726956814
19045,714.955560254302
19046,714.955560254302
19047,714.955560254302
19048,714.955560254302
19049,714.955560254302
19050,714.9549726956814
19051,0.03791172091620555
19052,0.03791172091620555
19053,0.03776486002610824
19054,0.03776486002610824
19055,0.0
19056,0.0
19057,0.0
19058,0.03791172091620555
19059,0.03791172091620555
19060,0.03776486002610824
19061,0.03776486002610824
19062,0.0
19063,0.0
19064,0.0
19065,0.03791172091620555
19066,0.03791172091620555
19067,0.03776486002610824
19068,0.03776486002610824
19069,0.0
19070,0.0
19071,0.0
19072,0.03791172091620555
19073,0.03791172091620555
19074,0.03776486002610824
19075,0.03776486002610824
19076,0.0
19077,0.0
19078,0.0
19079,0.03791172091620555
19080,0.03791172091620555
19081,0.03776486002610824
19082,0.03776486002610824
19083,0.0
19084,0.0
19085,0.0
19086,0.03791172091620555
19087,0.03791172091620555
19088,0.03776486002610824
19089,0.03776486002610824
19090,0.0
19091,0.0
19092,0.0
19093,0.03791172091620555
19094,0.03791172091620555
19095,0.03776486002610824
19096,0.03776486002610824
19097,0.0
19098,0.0
19099,0.0
19100,0.03791172091620555
19101,0.03791172091620555
19102,0.03776486002610824
19103,0.03776486002610824
19104,0.0
19105,0.0
19106,0.0
19107,0.03791172091620555
19108,0.03791172091620555
19109,0.03776486002610824
19110,0.03776486002610824
19111,0.0
19112,0.0
19113,0.0
19114,0.03791172091620555
19115,0.03791172091620555
19116,0.03776486002610824
19117,0.03776486002610824
19118,0.0
19119,0.0
19120,0.0
19121,0.03791172091620555
19122,0.03791172091620555
19123,0.03776486002610824
19124,0.03776486002610824
19125,0.0
19126,0.0
19127,0.0
19128,0.03791172091620555
19129,0.03791172091620555
19130,0.03776486002610824
19131,0.03776486002610824
19132,0.0
19133,0.0
19134,0.0
19135,0.03791172091620555
19136,0.03791172091620555
19137,0.03776486002610824
19138,0.03776486002610824
19139,0.0
19140,0.0
19141,0.0
19142,0.03791172091620555
19143,0.03791172091620555
19144,0.03776486002610824
19145,0.03776486002610824
19146,0.0
19147,0.0
19148,0.0
19149,0.03791172091620555
19150,0.03791172091620555
19151,0.03776486002610824
19152,0.03776486002610824
19153,0.0
19154,0.0
19155,0.0
19156,0.03791172091620555
19157,0.03791172091620555
19158,0.03776486002610824
19159,0.03776486002610824
19160,0.0
19161,0.0
19162,0.0
19163,0.03791172091620555
19164,0.03791172091620555
19165,0.03776486002610824
19166,0.03776486002610824
19167,0.0
19168,0.0
19169,0.0
19170,0.03791172091620555
19171,0.03791172091620555
19172,0.03776486002610824
19173,0.03776486002610824
19174,0.0
19175,0.0
19176,0.0
19177,0.03791172091620555
19178,0.03791172091620555
19179,0.03776486002610824
19180,0.03776486002610824
19181,0.0
19182,0.0
19183,0.0
19184,0.03791172091620555
19185,0.03791172091620555
19186,0.03776486002610824
19187,0.03776486002610824
19188,0.0
19189,0.0
19190,0.0
19191,0.03791172091620555
19192,0.03791172091620555
19193,0.03776486002610824
19194,0.03776486002610824
19195,0.0
19196,0.0
19197,0.0
19198,0.03791172091620555
19199,0.03791172091620555
19200,0.03776486002610824
19201,0.0
19202,0.0
19203,0.0
19204,0.0
19205,0.0
19206,0.0
19207,0.0
19208,0.0
19209,0.0
19210,0.0
19211,0.0
19212,0.0
19213,0.0
19214,0.0
19215,0.0
19216,0.0
19217,0.0
19218,0.0
19219,0.0
19220,0.0
19221,0.0
19222,0.0
19223,0.0
19224,0.0
19225,0.0
19226,0.0
19227,0.0
19228,0.0
19229,0.0
19230,0.0
19231,0.0
19232,0.0
19233,0.0
19234,0.0
19235,0.0
19236,0.0
19237,0.0
19238,0.0
19239,0.0
19240,0.0
19241,0.0
19242,0.0
19243,0.0
19244,0.0
19245,0.0
19246,0.0
19247,0.0
19248,0.0
19249,0.0
19250,0.0
19251,0.0
19252,0.0
19253,0.0
19254,0.0
19255,0.0
19256,0.0
19257,0.0
19258,0.0
19259,0.0
19260,0.0
19261,0.0
19262,0.0
19263,0.0
19264,0.0
19265,0.0
19266,0.0
19267,0.0
19268,0.0
19269,0.0
19270,0.0
19271,0.0
19272,0.0
19273,0.0
19274,0.0
19275,0.0
19276,0.0
19277,0.0
19278,0.0
19279,0.0
19280,0.0
19281,0.0
19282,0.0
19283,0.0
19284,0.0
19285,0.0
19286,0.0
19287,0.0
19288,0.0
19289,0.0
19290,0.0
19291,0.0
19292,0.0
19293,0.0
19294,0.0
19295,0.0
19296,0.0
19297,0.0
19298,0.0
19299,0.0
19300,0.0
19301,0.0
19302,0.0
19303,0.0
19304,0.0
19305,0.0
19306,0.0
19307,0.0
19308,0.0
19309,0.0
19310,0.0
19311,0.0
19312,0.0
19313,0.0
19314,0.0
19315,0.0
19316,0.0
19317,0.0
19318,0.0
19319,0.0
19320,0.0
19321,0.0
19322,0.0
19323,0.0
19324,0.0
19325,0.0
19326,0.0
19327,0.0
19328,0.0
19329,0.0
19330,0.0
19331,0.0
19332,0.0
19333,0.0
19334,0.0
19335,0.0
19336,0.0
19337,0.0
19338,0.0
19339,0.0
19340,0.0
19341,0.0
19342,0.0
19343,0.0
19344,0.0
19345,0.0
19346,0.0
19347,0.0
19348,0.0
19349,0.0
19350,0.0
19351,0.0
19352,0.0
19353,0.0
19354,0.0
19355,0.0
19356,0.0
19357,0.0
19358,0.0
19359,0.0
19360,0.0
19361,0.0
19362,0.0
19363,0.0
19364,0.0
19365,0.0
19366,0.0
19367,0.0
19368,0.0
19369,0.0
19370,0.0
19371,0.0
19372,0.0
19373,0.0
19374,0.0
19375,0.0
19376,0.0
19377,0.0
19378,0.0
19379,0.0
19380,0.0
19381,0.0
19382,0.0
19383,0.0
19384,0.0
19385,0.0
19386,0.0
19387,0.0
19388,0.0
19389,0.0
19390,0.0
19391,0.0
19392,0.0
19393,0.0
19394,0.0
19395,0.0
19396,0.0
19397,0.0
19398,0.0
19399,0.0
19400,0.0
19401,0.0
19402,0.0
19403,0.0
19404,0.0
19405,0.0
19406,0.0
19407,0.0
19408,0.0
19409,0.0
19410,0.0
19411,0.0
19412,0.0
19413,0.0
19414,0.0
19415,0.0
19416,0.0
19417,0.0
19418,0.0
19419,0.0
19420,0.0
19421,0.0
19422,0.0
19423,0.0
19424,0.0
19425,0.0
19426,0.0
19427,0.0
19428,0.0
19429,0.0
19430,0.0
19431,0.0
19432,0.0
19433,0.0
19434,0.0
19435,0.0
19436,0.0
19437,0.0
19438,0.0
19439,0.0
19440,0.0
19441,0.0
19442,0.0
19443,0.0
19444,0.0
19445,0.0
19446,0.0
19447,0.0
19448,0.0
19449,0.0
19450,0.0
19451,0.0
19452,0.0
19453,0.0
19454,0.0
19455,0.0
19456,0.0
19457,0.0
19458,0.0
19459,0.0
19460,0.0
19461,0.0
19462,0.0
19463,0.0
19464,0.0
19465,0.0
19466,0.0
19467,0.0
19468,0.0
19469,0.0
19470,0.0
19471,0.0
19472,0.0
19473,0.0
19474,0.0
19475,0.0
19476,0.0
19477,0.0
19478,0.0
19479,0.0
19480,0.0
19481,0.0
19482,0.0
19483,0.0
19484,0.0
19485,0.0
19486,0.0
19487,0.0
19488,0.0
19489,0.0
19490,0.0
19491,0.0
19492,0.0
19493,0.0
19494,0.0
19495,0.0
19496,0.0
19497,0.0
19498,0.0
19499,0.0
19500,0.0
19501,675.0576976489024
19502,675.0576976489024
19503,675.0571100902818
19504,675.0571100902818
19505,675.0576976489024
19506,675.0576976489024
19507,675.0576976489024
19508,675.0576976489024
19509,675.0576976489024
19510,675.0571100902818
19511,675.0571100902818
19512,675.0576976489024
19513,675.0576976489024
19514,675.0576976489024
19515,675.0576976489024
19516,675.0576976489024
19517,675.0571100902818
19518,675.0571100902818
19519,675.0576976489024
19520,675.0576976489024
19521,675.0576976489024
19522,675.0576976489024
19523,675.0576976489024
19524,675.0571100902818
19525,675.0571100902818
19526,675.0576976489024
19527,675.0576976489024
19528,675.0576976489024
19529,675.0576976489024
19530,675.0576976489024
19531,675.0571100902818
19532,675.0571100902818
19533,675.0576976489024
19534,675.0576976489024
19535,675.0576976489024
19536,675.0576976489024
19537,675.0576976489024
19538,675.0571100902818
19539,675.0571100902818
19540,675.0576976489024
19541,675.0576976489024
19542,675.0576976489024
19543,675.0576976489024
19544,675.0576976489024
19545,675.0571100902818
19546,675.0571100902818
19547,675.0576976489024
19548,675.0576976489024
19549,675.0576976489024
19550,675.0576976489024
19551,675.0576976489024
19552,675.0571100902818
19553,675.0571100902818
19554,675.0576976489024
19555,675.0576976489024
19556,675.0576976489024
19557,675.0576976489024
19558,675.0576976489024
19559,675.0571100902818
19560,675.0571100902818
19561,675.0576976489024
19562,675.0576976489024
19563,675.0576976489024
19564,675.0576976489024
19565,675.0576976489024
19566,675.0571100902818
19567,675.0571100902818
19568,675.0576976489024
19569,675.0576976489024
19570,675.0576976489024
19571,675.0576976489024
19572,675.0576976489024
19573,675.0571100902818
19574,675.0571100902818
19575,675.0576976489024
19576,675.0576976489024
19577,675.0576976489024
19578,675.0576976489024
19579,675.0576976489024
19580,675.0571100902818
19581,675.0571100902818
19582,675.0576976489024
19583,675.0576976489024
19584,675.0576976489024
19585,675.0576976489024
19586,675.0576976489024
19587,675.0571100902818
19588,675.0571100902818
19589,675.0576976489024
19590,675.0576976489024
19591,675.0576976489024
19592,675.0576976489024
19593,675.0576976489024
19594,675.0571100902818
19595,675.0571100902818
19596,675.0576976489024
19597,675.0576976489024
19598,675.0576976489024
19599,675.0576976489024
19600,675.0576976489024
19601,675.0571100902818
19602,675.0571100902818
19603,675.0576976489024
19604,675.0576976489024
19605,675.0576976489024
19606,675.0576976489024
19607,675.0576976489024
19608,675.0571100902818
19609,675.0571100902818
19610,675.0576976489024
19611,675.0576976489024
19612,675.0576976489024
19613,675.0576976489024
19614,675.0576976489024
19615,675.0571100902818
19616,675.0571100902818
19617,675.0576976489024
19618,675.0576976489024
19619,675.0576976489024
19620,675.0576976489024
19621,675.0576976489024
19622,675.0571100902818
19623,675.0571100902818
19624,675.0576976489024
19625,675.0576976489024
19626,675.0576976489024
19627,675.0576976489024
19628,675.0576976489024
19629,675.0571100902818
19630,675.0571100902818
19631,675.0576976489024
19632,675.0576976489024
19633,675.0576976489024
19634,675.0576976489024
19635,675.0576976489024
19636,675.0571100902818
19637,675.0571100902818
19638,675.0576976489024
19639,675.0576976489024
19640,675.0576976489024
19641,675.0576976489024
19642,675.0576976489024
19643,675.0571100902818
19644,675.0571100902818
19645,675.0576976489024
19646,675.0576976489024
19647,675.0576976489024
19648,675.0576976489024
19649,675.0576976489024
19650,675.0571100902818
19651,715.4696538380864
19652,715.4696538380864
19653,715.4690662794658
19654,715.4690662794658
19655,715.4696538380864
19656,715.4696538380864
19657,715.4696538380864
19658,715.4696538380864
19659,715.4696538380864
19660,715.4690662794658
19661,715.4690662794658
19662,715.4696538380864
19663,715.4696538380864
19664,715.4696538380864
19665,715.4696538380864
19666,715.4696538380864
19667,715.4690662794658
19668,715.4690662794658
19669,715.4696538380864
19670,715.4696538380864
19671,715.4696538380864
19672,715.4696538380864
19673,715.4696538380864
19674,715.4690662794658
19675,715.4690662794658
19676,715.4696538380864
19677,715.4696538380864
19678,715.4696538380864
19679,715.4696538380864
19680,715.4696538380864
19681,715.4690662794658
19682,715.4690662794658
19683,715.4696538380864
19684,715.4696538380864
19685,715.4696538380864
19686,715.4696538380864
19687,715.4696538380864
19688,715.4690662794658
19689,715.4690662794658
19690,715.4696538380864
19691,715.4696538380864
19692,715.4696538380864
19693,715.4696538380864
19694,715.4696538380864
19695,715.4690662794658
19696,715.4690662794658
19697,715.4696538380864
19698,715.4696538380864
19699,715.4696538380864
19700,715.4696538380864
19701,715.4696538380864
19702,715.4690662794658
19703,715.4690662794658
19704,715.4696538380864
19705,715.4696538380864
19706,715.4696538380864
19707,715.4696538380864
19708,715.4696538380864
19709,715.4690662794658
19710,715.4690662794658
19711,715.4696538380864
19712,715.4696538380864
19713,715.4696538380864
19714,715.4696538380864
19715,715.4696538380864
19716,715.4690662794658
19717,715.4690662794658
19718,715.4696538380864
19719,715.4696538380864
19720,715.4696538380864
19721,715.4696538380864
19722,715.4696538380864
19723,715.4690662794658
19724,715.4690662794658
19725,715.4696538380864
19726,715.4696538380864
19727,715.4696538380864
19728,715.4696538380864
19729,715.4696538380864
19730,715.4690662794658
19731,715.4690662794658
19732,715.4696538380864
19733,715.4696538380864
19734,715.4696538380864
19735,715.4696538380864
19736,715.4696538380864
19737,715.4690662794658
19738,715.4690662794658
19739,715.4696538380864
19740,715.4696538380864
19741,715.4696538380864
19742,715.4696538380864
19743,715.4696538380864
19744,715.4690662794658
19745,715.4690662794658
19746,715.4696538380864
19747,715.4696538380864
19748,715.4696538380864
19749,715.4696538380864
19750,715.4696538380864
19751,715.4690662794658
19752,715.4690662794658
19753,715.4696538380864
19754,715.4696538380864
19755,715.4696538380864
19756,715.4696538380864
19757,715.4696538380864
19758,715.4690662794658
19759,715.4690662794658
19760,715.4696538380864
19761,715.4696538380864
19762,715.4696538380864
19763,715.4696538380864
19764,715.4696538380864
19765,715.4690662794658
19766,715.4690662794658
19767,715.4696538380864
19768,715.4696538380864
19769,715.4696538380864
19770,715.4696538380864
19771,715.4696538380864
19772,715.4690662794658
19773,715.4690662794658
19774,715.4696538380864
19775,715.4696538380864
19776,715.4696538380864
19777,715.4696538380864
19778,715.4696538380864
19779,715.4690662794658
19780,715.4690662794658
19781,715.4696538380864
19782,715.4696538380864
19783,715.4696538380864
19784,715.4696538380864
19785,715.4696538380864
19786,715.4690662794658
19787,715.4690662794658
19788,715.4696538380864
19789,715.4696538380864
19790,715.4696538380864
19791,715.4696538380864
19792,715.4696538380864
19793,715.4690662794658
19794,715.4690662794658
19795,715.4696538380864
19796,715.4696538380864
19797,715.4696538380864
19798,715.4696538380864
19799,715.4696538380864
19800,715.4690662794658
19801,226.1825568567796
19802,226.1825568567796
19803,226.08106499697982
19804,226.08106499697982
19805,221.01904445901937
19806,221.01904445901937
19807,221.01904445901937
19808,226.1825568567796
19809,226.1825568567796
19810,226.08106499697982
19811,226.08106499697982
19812,221.01904445901937
19813,221.01904445901937
19814,221.01904445901937
19815,226.1825568567796
19816,226.1825568567796
19817,226.08106499697982
19818,226.08106499697982
19819,221.01904445901937
19820,221.01904445901937
19821,221.01904445901937
19822,226.1825568567796
19823,226.1825568567796
19824,226.08106499697982
19825,226.08106499697982
19826,221.01904445901937
19827,221.01904445901937
19828,221.01904445901937
19829,226.1825568567796
19830,226.1825568567796
19831,226.08106499697982
19832,226.08106499697982
19833,221.01904445901937
19834,221.01904445901937
19835,221.01904445901937
19836,226.1825568567796
19837,226.1825568567796
19838,226.08106499697982
19839,226.08106499697982
19840,221.01904445901937
19841,221.01904445901937
19842,221.01904445901937
19843,226.1825568567796
19844,226.1825568567796
19845,226.08106499697982
19846,226.08106499697982
19847,221.01904445901937
19848,221.01904445901937
19849,221.01904445901937
19850,226.1825568567796
19851,226.1825568567796
19852,226.08106499697982
19853,226.08106499697982
19854,221.01904445901937
19855,221.01904445901937
19856,221.01904445901937
19857,226.1825568567796
19858,226.1825568567796
19859,226.08106499697982
19860,226.08106499697982
19861,221.01904445901937
19862,221.01904445901937
19863,221.01904445901937
19864,226.1825568567796
19865,226.1825568567796
19866,226.08106499697982
19867,226.08106499697982
19868,221.01904445901937
19869,221.01904445901937
19870,221.01904445901937
19871,226.1825568567796
19872,226.1825568567796
19873,226.08106499697982
19874,226.08106499697982
19875,221.01904445901937
19876,221.01904445901937
19877,221.01904445901937
19878,226.1825568567796
19879,226.1825568567796
19880,226.08106499697982
19881,226.08106499697982
19882,221.01904445901937
19883,221.01904445901937
19884,221.01904445901937
19885,226.1825568567796
19886,226.1825568567796
19887,226.08106499697982
19888,226.08106499697982
19889,221.01904445901937
19890,221.01904445901937
19891,221.01904445901937
19892,226.1825568567796
19893,226.1825568567796
19894,226.08106499697982
19895,226.08106499697982
19896,221.01904445901937
19897,221.01904445901937
19898,221.01904445901937
19899,226.1825568567796
19900,226.1825568567796
19901,226.08106499697982
19902,226.08106499697982
19903,221.01904445901937
19904,221.01904445901937
19905,221.01904445901937
19906,226.1825568567796
19907,226.1825568567796
19908,226.08106499697982
19909,226.08106499697982
19910,221.01904445901937
19911,221.01904445901937
19912,221.01904445901937
19913,226.1825568567796
19914,226.1825568567796
19915,226.08106499697982
19916,226.08106499697982
19917,221.01904445901937
19918,221.01904445901937
19919,221.01904445901937
19920,226.1825568567796
19921,226.1825568567796
19922,226.08106499697982
19923,226.08106499697982
19924,221.01904445901937
19925,221.01904445901937
19926,221.01904445901937
19927,226.1825568567796
19928,226.1825568567796
19929,226.08106499697982
19930,226.08106499697982
19931,221.01904445901937
19932,221.01904445901937
19933,221.01904445901937
19934,226.1825568567796
19935,226.1825568567796
19936,226.08106499697982
19937,226.08106499697982
19938,221.01904445901937
19939,221.01904445901937
19940,221.01904445901937
19941,226.1825568567796
19942,226.1825568567796
19943,226.08106499697982
19944,226.08106499697982
19945,221.01904445901937
19946,221.01904445901937
19947,221.01904445901937
19948,226.1825568567796
19949,226.1825568567796
19950,226.08106499697982
19951,226.1825568567796
19952,226.1825568567796
19953,226.08106499697982
19954,226.08106499697982
19955,221.01904445901937
19956,221.01904445901937
19957,221.01904445901937
19958,226.1825568567796
19959,226.1825568567796
19960,226.08106499697982
19961,226.08106499697982
19962,221.01904445901937
19963,221.01904445901937
19964,221.01904445901937
19965,226.1825568567796
19966,226.1825568567796
19967,226.08106499697982
19968,226.08106499697982
19969,221.01904445901937
19970,221.01904445901937
19971,221.01904445901937
19972,226.1825568567796
19973,226.1825568567796
19974,226.08106499697982
19975,226.08106499697982
19976,221.01904445901937
19977,221.01904445901937
19978,221.01904445901937
19979,226.1825568567796
19980,226.1825568567796
19981,226.08106499697982
19982,226.08106499697982
19983,221.01904445901937
19984,221.01904445901937
19985,221.01904445901937
19986,226.1825568567796
19987,226.1825568567796
19988,226.08106499697982
19989,226.08106499697982
19990,221.01904445901937
19991,221.01904445901937
19992,221.01904445901937
19993,226.1825568567796
19994,226.1825568567796
19995,226.08106499697982
19996,226.08106499697982
19997,221.01904445901937
19998,221.01904445901937
19999,221.01904445901937
20000,226.1825568567796
20001,226.1825568567796
20002,226.08106499697982
20003,226.08106499697982
20004,221.01904445901937
20005,221.01904445901937
20006,221.01904445901937
20007,226.1825568567796
20008,226.1825568567796
20009,226.08106499697982
20010,226.08106499697982
20011,221.01904445901937
20012,221.01904445901937
20013,221.01904445901937
20014,226.1825568567796
20015,226.1825568567796
20016,226.08106499697982
20017,226.08106499697982
20018,221.01904445901937
20019,221.01904445901937
20020,221.01904445901937
20021,226.1825568567796
20022,226.1825568567796
20023,226.08106499697982
20024,226.08106499697982
20025,221.01904445901937
20026,221.01904445901937
20027,221.01904445901937
20028,226.1825568567796
20029,226.1825568567796
20030,226.08106499697982
20031,226.08106499697982
20032,221.01904445901937
20033,221.01904445901937
20034,221.01904445901937
20035,226.1825568567796
20036,226.1825568567796
20037,226.08106499697982
20038,226.08106499697982
20039,221.01904445901937
20040,221.01904445901937
20041,221.01904445901937
20042,226.1825568567796
20043,226.1825568567796
20044,226.08106499697982
20045,226.08106499697982
20046,221.01904445901937
20047,221.01904445901937
20048,221.01904445901937
20049,226.1825568567796
20050,226.1825568567796
20051,226.08106499697982
20052,226.08106499697982
20053,221.01904445901937
20054,221.01904445901937
20055,221.01904445901937
20056,226.1825568567796
20057,226.1825568567796
20058,226.08106499697982
20059,226.08106499697982
20060,221.01904445901937
20061,221.01904445901937
20062,221.01904445901937
20063,226.1825568567796
20064,226.1825568567796
20065,226.08106499697982
20066,226.08106499697982
20067,221.01904445901937
20068,221.01904445901937
20069,221.01904445901937
20070,226.1825568567796
20071,226.1825568567796
20072,226.08106499697982
20073,226.08106499697982
20074,221.01904445901937
20075,221.01904445901937
20076,221.01904445901937
20077,226.1825568567796
20078,226.1825568567796
20079,226.08106499697982
20080,226.08106499697982
20081,221.01904445901937
20082,221.01904445901937
20083,221.01904445901937
20084,226.1825568567796
20085,226.1825568567796
20086,226.08106499697982
20087,226.08106499697982
20088,221.01904445901937
20089,221.01904445901937
20090,221.01904445901937
20091,226.1825568567796
20092,226.1825568567796
20093,226.08106499697982
20094,226.08106499697982
20095,221.01904445901937
20096,221.01904445901937
20097,221.01904445901937
20098,226.1825568567796
20099,226.1825568567796
20100,226.08106499697982
20101,349.1996729045986
20102,349.1996729045986
20103,349.199085345978
20104,349.199085345978
20105,349.1996729045986
20106,349.1996729045986
20107,349.1996729045986
20108,349.1996729045986
20109,349.1996729045986
20110,349.199085345978
20111,349.199085345978
20112,349.1996729045986
20113,349.1996729045986
20114,349.1996729045986
20115,349.1996729045986
20116,349.1996729045986
20117,349.199085345978
20118,349.199085345978
20119,349.1996729045986
20120,349.1996729045986
20121,349.1996729045986
20122,349.1996729045986
20123,349.1996729045986
20124,349.199085345978
20125,349.199085345978
20126,349.1996729045986
20127,349.1996729045986
20128,349.1996729045986
20129,349.1996729045986
20130,349.1996729045986
20131,349.199085345978
20132,349.199085345978
20133,349.1996729045986
20134,349.1996729045986
20135,349.1996729045986
20136,349.1996729045986
20137,349.1996729045986
20138,349.199085345978
20139,349.199085345978
20140,349.1996729045986
20141,349.1996729045986
20142,349.1996729045986
20143,349.1996729045986
20144,349.1996729045986
20145,349.199085345978
20146,349.199085345978
20147,349.1996729045986
20148,349.1996729045986
20149,349.1996729045986
20150,349.1996729045986
20151,349.1996729045986
20152,349.199085345978
20153,349.199085345978
20154,349.1996729045986
20155,349.1996729045986
20156,349.1996729045986
20157,349.1996729045986
20158,349.1996729045986
20159,349.199085345978
20160,349.199085345978
20161,349.1996729045986
20162,349.1996729045986
20163,349.1996729045986
20164,349.1996729045986
20165,349.1996729045986
20166,349.199085345978
20167,349.199085345978
20168,349.1996729045986
20169,349.1996729045986
20170,349.1996729045986
20171,349.1996729045986
20172,349.1996729045986
20173,349.199085345978
20174,349.199085345978
20175,349.1996729045986
20176,349.1996729045986
20177,349.1996729045986
20178,349.1996729045986
20179,349.1996729045986
20180,349.199085345978
20181,349.199085345978
20182,349.1996729045986
20183,349.1996729045986
20184,349.1996729045986
20185,349.1996729045986
20186,349.1996729045986
20187,349.199085345978
20188,349.199085345978
20189,349.1996729045986
20190,349.1996729045986
20191,349.1996729045986
20192,349.1996729045986
20193,349.1996729045986
20194,349.199085345978
20195,349.199085345978
20196,349.1996729045986
20197,349.1996729045986
20198,349.1996729045986
20199,349.1996729045986
20200,349.1996729045986
20201,349.199085345978
20202,349.199085345978
20203,349.1996729045986
20204,349.1996729045986
20205,349.1996729045986
20206,349.1996729045986
20207,349.1996729045986
20208,349.199085345978
20209,349.199085345978
20210,349.1996729045986
20211,349.1996729045986
20212,349.1996729045986
20213,349.1996729045986
20214,349.1996729045986
20215,349.199085345978
20216,349.199085345978
20217,349.1996729045986
20218,349.1996729045986
20219,349.1996729045986
20220,349.1996729045986
20221,349.1996729045986
20222,349.199085345978
20223,349.199085345978
20224,349.1996729045986
20225,349.1996729045986
20226,349.1996729045986
20227,349.1996729045986
20228,349.1996729045986
20229,349.199085345978
20230,349.199085345978
20231,349.1996729045986
20232,349.1996729045986
20233,349.1996729045986
20234,349.1996729045986
20235,349.1996729045986
20236,349.199085345978
20237,349.199085345978
20238,349.1996729045986
20239,349.1996729045986
20240,349.1996729045986
20241,349.1996729045986
20242,349.1996729045986
20243,349.199085345978
20244,349.199085345978
20245,349.1996729045986
20246,349.1996729045986
20247,349.1996729045986
20248,349.1996729045986
20249,349.1996729045986
20250,349.199085345978
20251,714.955560254302
20252,714.955560254302
20253,714.9549726956814
20254,714.9549726956814
20255,714.955560254302
20256,714.955560254302
20257,714.955560254302
20258,714.955560254302
20259,714.955560254302
20260,714.9549726956814
20261,714.9549726956814
20262,714.955560254302
20263,714.955560254302
20264,714.955560254302
20265,714.955560254302
20266,714.955560254302
20267,714.9549726956814
20268,714.9549726956814
20269,714.955560254302
20270,714.955560254302
20271,714.955560254302
20272,714.955560254302
20273,714.955560254302
20274,714.9549726956814
20275,714.9549726956814
20276,714.955560254302
20277,714.955560254302
20278,714.955560254302
20279,714.955560254302
20280,714.955560254302
20281,714.9549726956814
20282,714.9549726956814
20283,714.955560254302
20284,714.955560254302
20285,714.955560254302
20286,714.955560254302
20287,714.955560254302
20288,714.9549726956814
20289,714.9549726956814
20290,714.955560254302
20291,714.955560254302
20292,714.955560254302
20293,714.955560254302
20294,714.955560254302
20295,714.9549726956814
20296,714.9549726956814
20297,714.955560254302
20298,714.955560254302
20299,714.955560254302
20300,714.955560254302
20301,714.955560254302
20302,714.9549726956814
20303,714.9549726956814
20304,714.955560254302
20305,714.955560254302
20306,714.955560254302
20307,714.955560254302
20308,714.955560254302
20309,714.9549726956814
20310,714.9549726956814
20311,714.955560254302
20312,714.955560254302
20313,714.955560254302
20314,714.955560254302
20315,714.955560254302
20316,714.9549726956814
20317,714.9549726956814
20318,714.955560254302
20319,714.955560254302
20320,714.955560254302
20321,714.955560254302
20322,714.955560254302
20323,714.9549726956814
20324,714.9549726956814
20325,714.955560254302
20326,714.955560254302
20327,714.955560254302
20328,714.955560254302
20329,714.955560254302
20330,714.9549726956814
20331,714.9549726956814
20332,714.955560254302
20333,714.955560254302
20334,714.955560254302
20335,714.955560254302
20336,714.955560254302
20337,714.9549726956814
20338,714.9549726956814
20339,714.955560254302
20340,714.955560254302
20341,714.955560254302
20342,714.955560254302
20343,714.955560254302
20344,714.9549726956814
20345,714.9549726956814
20346,714.955560254302
20347,714.955560254302
20348,714.955560254302
20349,714.955560254302
20350,714.955560254302
20351,714.9549726956814
20352,714.9549726956814
20353,714.955560254302
20354,714.955560254302
20355,714.955560254302
20356,714.955560254302
20357,714.955560254302
20358,714.9549726956814
20359,714.9549726956814
20360,714.955560254302
20361,714.955560254302
20362,714.955560254302
20363,714.955560254302
20364,714.955560254302
20365,714.9549726956814
20366,714.9549726956814
20367,714.955560254302
20368,714.955560254302
20369,714.955560254302
20370,714.955560254302
20371,714.955560254302
20372,714.9549726956814
20373,714.9549726956814
20374,714.955560254302
20375,714.955560254302
20376,714.955560254302
20377,714.955560254302
20378,714.955560254302
20379,714.9549726956814
20380,714.9549726956814
20381,714.955560254302
20382,714.955560254302
20383,714.955560254302
20384,714.955560254302
20385,714.955560254302
20386,714.9549726956814
20387,714.9549726956814
20388,714.955560254302
20389,714.955560254302
20390,714.955560254302
20391,714.955560254302
20392,714.955560254302
20393,714.9549726956814
20394,714.9549726956814
20395,714.955560254302
20396,714.955560254302
20397,714.955560254302
20398,714.955560254302
20399,714.955560254302
20400,714.9549726956814
20401,161.276426492839
20402,161.276426492839
20403,0.0
20404,0.0
20405,161.276426492839
20406,161.276426492839
20407,161.276426492839
20408,161.276426492839
20409,161.276426492839
20410,0.0
20411,0.0
20412,161.276426492839
20413,161.276426492839
20414,161.276426492839
20415,161.276426492839
20416,161.276426492839
20417,0.0
20418,0.0
20419,161.276426492839
20420,161.276426492839
20421,161.276426492839
20422,161.276426492839
20423,161.276426492839
20424,0.0
20425,0.0
20426,161.276426492839
20427,161.276426492839
20428,161.276426492839
20429,161.276426492839
20430,161.276426492839
20431,0.0
20432,0.0
20433,162.94537974632033
20434,162.94537974632033
20435,162.94537974632033
20436,162.94537974632033
20437,162.94537974632033
20438,0.0
20439,0.0
20440,162.94537974632033
20441,162.94537974632033
20442,162.94537974632033
20443,162.94537974632033
20444,162.94537974632033
20445,0.0
20446,0.0
20447,162.94537974632033
20448,162.94537974632033
20449,162.94537974632033
20450,162.94537974632033
20451,162.94537974632033
20452,0.0
20453,0.0
20454,162.94537974632033
20455,162.94537974632033
20456,162.94537974632033
20457,162.94537974632033
20458,162.94537974632033
20459,0.0
20460,0.0
20461,162.94537974632033
20462,162.94537974632033
20463,162.94537974632033
20464,162.94537974632033
20465,162.94537974632033
20466,0.0
20467,0.0
20468,162.94537974632033
20469,162.94537974632033
20470,162.94537974632033
20471,162.94537974632033
20472,162.94537974632033
20473,0.0
20474,0.0
20475,162.94537974632033
20476,162.94537974632033
20477,162.94537974632033
20478,162.94537974632033
20479,162.94537974632033
20480,0.0
20481,0.0
20482,162.94537974632033
20483,162.94537974632033
20484,162.94537974632033
20485,162.94537974632033
20486,162.94537974632033
20487,0.0
20488,0.0
20489,162.94537974632033
20490,162.94537974632033
20491,162.94537974632033
20492,162.94537974632033
20493,162.94537974632033
20494,0.0
20495,0.0
20496,162.94537974632033
20497,162.94537974632033
20498,162.94537974632033
20499,162.94537974632033
20500,162.94537974632033
20501,0.0
20502,0.0
20503,162.94537974632033
20504,162.94537974632033
20505,162.94537974632033
20506,162.94537974632033
20507,162.94537974632033
20508,0.0
20509,0.0
20510,162.94537974632033
20511,162.94537974632033
20512,162.94537974632033
20513,162.94537974632033
20514,162.94537974632033
20515,0.0
20516,0.0
20517,162.94537974632033
20518,162.94537974632033
20519,162.94537974632033
20520,162.94537974632033
20521,162.94537974632033
20522,0.0
20523,0.0
20524,162.94537974632033
20525,162.94537974632033
20526,162.94537974632033
20527,162.94537974632033
20528,162.94537974632033
20529,0.0
20530,0.0
20531,162.94537974632033
20532,162.94537974632033
20533,162.94537974632033
20534,162.94537974632033
20535,162.94537974632033
20536,0.0
20537,0.0
20538,162.94537974632033
20539,162.94537974632033
20540,162.94537974632033
20541,162.94537974632033
20542,162.94537974632033
20543,0.0
20544,0.0
20545,162.94537974632033
20546,162.94537974632033
20547,162.94537974632033
20548,162.94537974632033
20549,162.94537974632033
20550,0.0
20551,735.8659055347464
20552,735.8659055347464
20553,735.8653179761258
20554,735.8653179761258
20555,735.8659055347464
20556,735.8659055347464
20557,735.8659055347464
20558,735.8659055347464
20559,735.8659055347464
20560,735.8653179761258
20561,735.8653179761258
20562,735.8659055347464
20563,735.8659055347464
20564,735.8659055347464
20565,735.8659055347464
20566,735.8659055347464
20567,735.8653179761258
20568,735.8653179761258
20569,735.8659055347464
20570,735.8659055347464
20571,735.8659055347464
20572,735.8659055347464
20573,735.8659055347464
20574,735.8653179761258
20575,735.8653179761258
20576,735.8659055347464
20577,735.8659055347464
20578,735.8659055347464
20579,735.8659055347464
20580,735.8659055347464
20581,735.8653179761258
20582,735.8653179761258
20583,735.8659055347464
20584,735.8659055347464
20585,735.8659055347464
20586,735.8659055347464
20587,735.8659055347464
20588,735.8653179761258
20589,735.8653179761258
20590,735.8659055347464
20591,735.8659055347464
20592,735.8659055347464
20593,735.8659055347464
20594,735.8659055347464
20595,735.8653179761258
20596,735.8653179761258
20597,735.8659055347464
20598,735.8659055347464
20599,735.8659055347464
20600,735.8659055347464
20601,735.8659055347464
20602,735.8653179761258
20603,735.8653179761258
20604,735.8659055347464
20605,735.8659055347464
20606,735.8659055347464
20607,735.8659055347464
20608,735.8659055347464
20609,735.8653179761258
20610,735.8653179761258
20611,735.8659055347464
20612,735.8659055347464
20613,735.8659055347464
20614,735.8659055347464
20615,735.8659055347464
20616,735.8653179761258
20617,735.8653179761258
20618,735.8659055347464
20619,735.8659055347464
20620,735.8659055347464
20621,735.8659055347464
20622,735.8659055347464
20623,735.8653179761258
20624,735.8653179761258
20625,735.8659055347464
20626,735.8659055347464
20627,735.8659055347464
20628,735.8659055347464
20629,735.8659055347464
20630,735.8653179761258
20631,735.8653179761258
20632,735.8659055347464
20633,735.8659055347464
20634,735.8659055347464
20635,735.8659055347464
20636,735.8659055347464
20637,735.8653179761258
20638,735.8653179761258
20639,735.8659055347464
20640,735.8659055347464
20641,735.8659055347464
20642,735.8659055347464
20643,735.8659055347464
20644,735.8653179761258
20645,735.8653179761258
20646,735.8659055347464
20647,735.8659055347464
20648,735.8659055347464
20649,735.8659055347464
20650,735.8659055347464
20651,735.8653179761258
20652,735.8653179761258
20653,735.8659055347464
20654,735.8659055347464
20655,735.8659055347464
20656,735.8659055347464
20657,735.8659055347464
20658,735.8653179761258
20659,735.8653179761258
20660,735.8659055347464
20661,735.8659055347464
20662,735.8659055347464
20663,735.8659055347464
20664,735.8659055347464
20665,735.8653179761258
20666,735.8653179761258
20667,735.8659055347464
20668,735.8659055347464
20669,735.8659055347464
20670,735.8659055347464
20671,735.8659055347464
20672,735.8653179761258
20673,735.8653179761258
20674,735.8659055347464
20675,735.8659055347464
20676,735.8659055347464
20677,735.8659055347464
20678,735.8659055347464
20679,735.8653179761258
20680,735.8653179761258
20681,735.8659055347464
20682,735.8659055347464
20683,735.8659055347464
20684,735.8659055347464
20685,735.8659055347464
20686,735.8653179761258
20687,735.8653179761258
20688,735.8659055347464
20689,735.8659055347464
20690,735.8659055347464
20691,735.8659055347464
20692,735.8659055347464
20693,735.8653179761258
20694,735.8653179761258
20695,735.8659055347464
20696,735.8659055347464
20697,735.8659055347464
20698,735.8659055347464
20699,735.8659055347464
20700,735.8653179761258
20701,0.0
20702,0.0
20703,0.0
20704,0.0
20705,0.0
20706,0.0
20707,0.0
20708,0.0
20709,0.0
20710,0.0
20711,0.0
20712,0.0
20713,0.0
20714,0.0
20715,0.0
20716,0.0
20717,0.0
20718,0.0
20719,0.0
20720,0.0
20721,0.0
20722,0.0
20723,0.0
20724,0.0
20725,0.0
20726,0.0
20727,0.0
20728,0.0
20729,0.0
20730,0.0
20731,0.0
20732,0.0
20733,0.0
20734,0.0
20735,0.0
20736,0.0
20737,0.0
20738,0.0
20739,0.0
20740,0.0
20741,0.0
20742,0.0
20743,0.0
20744,0.0
20745,0.0
20746,0.0
20747,0.0
20748,0.0
20749,0.0
20750,0.0
20751,0.0
20752,0.0
20753,0.0
20754,0.0
20755,0.0
20756,0.0
20757,0.0
20758,0.0
20759,0.0
20760,0.0
20761,0.0
20762,0.0
20763,0.0
20764,0.0
20765,0.0
20766,0.0
20767,0.0
20768,0.0
20769,0.0
20770,0.0
20771,0.0
20772,0.0
20773,0.0
20774,0.0
20775,0.0
20776,0.0
20777,0.0
20778,0.0
20779,0.0
20780,0.0
20781,0.0
20782,0.0
20783,0.0
20784,0.0
20785,0.0
20786,0.0
20787,0.0
20788,0.0
20789,0.0
20790,0.0
20791,0.0
20792,0.0
20793,0.0
20794,0.0
20795,0.0
20796,0.0
20797,0.0
20798,0.0
20799,0.0
20800,0.0
20801,0.0
20802,0.0
20803,0.0
20804,0.0
20805,0.0
20806,0.0
20807,0.0
20808,0.0
20809,0.0
20810,0.0
20811,0.0
20812,0.0
20813,0.0
20814,0.0
20815,0.0
20816,0.0
20817,0.0
20818,0.0
20819,0.0
20820,0.0
20821,0.0
20822,0.0
20823,0.0
20824,0.0
20825,0.0
20826,0.0
20827,0.0
20828,0.0
20829,0.0
20830,0.0
20831,0.0
20832,0.0
20833,0.0
20834,0.0
20835,0.0
20836,0.0
20837,0.0
20838,0.0
20839,0.0
20840,0.0
20841,0.0
20842,0.0
20843,0.0
20844,0.0
20845,0.0
20846,0.0
20847,0.0
20848,0.0
20849,0.0
20850,0.0
20851,0.0
20852,0.0
20853,0.0
20854,0.0
20855,0.0
20856,0.0
20857,0.0
20858,0.0
20859,0.0
20860,0.0
20861,0.0
20862,0.0
20863,0.0
20864,0.0
20865,0.0
20866,0.0
20867,0.0
20868,0.0
20869,0.0
20870,0.0
20871,0.0
20872,0.0
20873,0.0
20874,0.0
20875,0.0
20876,0.0
20877,0.0
20878,0.0
20879,0.0
20880,0.0
20881,0.0
20882,0.0
20883,0.0
20884,0.0
20885,0.0
20886,0.0
20887,0.0
20888,0.0
20889,0.0
20890,0.0
20891,0.0
20892,0.0
20893,0.0
20894,0.0
20895,0.0
20896,0.0
20897,0.0
20898,0.0
20899,0.0
20900,0.0
20901,0.0
20902,0.0
20903,0.0
20904,0.0
20905,0.0
20906,0.0
20907,0.0
20908,0.0
20909,0.0
20910,0.0
20911,0.0
20912,0.0
20913,0.0
20914,0.0
20915,0.0
20916,0.0
20917,0.0
20918,0.0
20919,0.0
20920,0.0
20921,0.0
20922,0.0
20923,0.0
20924,0.0
20925,0.0
20926,0.0
20927,0.0
20928,0.0
20929,0.0
20930,0.0
20931,0.0
20932,0.0
20933,0.0
20934,0.0
20935,0.0
20936,0.0
20937,0.0
20938,0.0
20939,0.0
20940,0.0
20941,0.0
20942,0.0
20943,0.0
20944,0.0
20945,0.0
20946,0.0
20947,0.0
20948,0.0
20949,0.0
20950,0.0
20951,0.0
20952,0.0
20953,0.0
20954,0.0
20955,0.0
20956,0.0
20957,0.0
20958,0.0
20959,0.0
20960,0.0
20961,0.0
20962,0.0
20963,0.0
20964,0.0
20965,0.0
20966,0.0
20967,0.0
20968,0.0
20969,0.0
20970,0.0
20971,0.0
20972,0.0
20973,0.0
20974,0.0
20975,0.0
20976,0.0
20977,0.0
20978,0.0
20979,0.0
20980,0.0
20981,0.0
20982,0.0
20983,0.0
20984,0.0
20985,0.0
20986,0.0
20987,0.0
20988,0.0
20989,0.0
20990,0.0
20991,0.0
20992,0.0
20993,0.0
20994,0.0
20995,0.0
20996,0.0
20997,0.0
20998,0.0
20999,0.0
21000,0.0
21001,772.668624794011
21002,772.668624794011
21003,772.5671329342111
21004,772.5671329342111
21005,772.668624794011
21006,772.668624794011
21007,772.668624794011
21008,772.668624794011
21009,772.668624794011
21010,772.5671329342111
21011,772.5671329342111
21012,772.668624794011
21013,772.668624794011
21014,772.668624794011
21015,772.668624794011
21016,772.668624794011
21017,772.5671329342111
21018,772.5671329342111
21019,772.668624794011
21020,772.668624794011
21021,772.668624794011
21022,772.668624794011
21023,772.668624794011
21024,772.5671329342111
21025,772.5671329342111
21026,772.668624794011
21027,772.668624794011
21028,772.668624794011
21029,772.668624794011
21030,772.668624794011
21031,772.5671329342111
21032,772.5671329342111
21033,772.668624794011
21034,772.668624794011
21035,772.668624794011
21036,772.668624794011
21037,772.668624794011
21038,772.5671329342111
21039,772.5671329342111
21040,772.668624794011
21041,772.668624794011
21042,772.668624794011
21043,772.668624794011
21044,772.668624794011
21045,772.5671329342111
21046,772.5671329342111
21047,772.668624794011
21048,772.668624794011
21049,772.668624794011
21050,772.668624794011
21051,772.668624794011
21052,772.5671329342111
21053,772.5671329342111
21054,772.668624794011
21055,772.668624794011
21056,772.668624794011
21057,772.668624794011
21058,772.668624794011
21059,772.5671329342111
21060,772.5671329342111
21061,772.668624794011
21062,772.668624794011
21063,772.668624794011
21064,772.668624794011
21065,772.668624794011
21066,772.5671329342111
21067,772.5671329342111
21068,772.668624794011
21069,772.668624794011
21070,772.668624794011
21071,772.668624794011
21072,772.668624794011
21073,772.5671329342111
21074,772.5671329342111
21075,772.668624794011
21076,772.668624794011
21077,772.668624794011
21078,772.668624794011
21079,772.668624794011
21080,772.5671329342111
21081,772.5671329342111
21082,772.668624794011
21083,772.668624794011
21084,772.668624794011
21085,772.668624794011
21086,772.668624794011
21087,772.5671329342111
21088,772.5671329342111
21089,772.668624794011
21090,772.668624794011
21091,772.668624794011
21092,772.668624794011
21093,772.668624794011
21094,772.5671329342111
21095,772.5671329342111
21096,772.668624794011
21097,772.668624794011
21098,772.668624794011
21099,772.668624794011
21100,772.668624794011
21101,772.5671329342111
21102,772.5671329342111
21103,772.668624794011
21104,772.668624794011
21105,772.668624794011
21106,772.668624794011
21107,772.668624794011
21108,772.5671329342111
21109,772.5671329342111
21110,772.668624794011
21111,772.668624794011
21112,772.668624794011
21113,772.668624794011
21114,772.668624794011
21115,772.5671329342111
21116,772.5671329342111
21117,772.668624794011
21118,772.668624794011
21119,772.668624794011
21120,772.668624794011
21121,772.668624794011
21122,772.5671329342111
21123,772.5671329342111
21124,772.668624794011
21125,772.668624794011
21126,772.668624794011
21127,772.668624794011
21128,772.668624794011
21129,772.5671329342111
21130,772.5671329342111
21131,772.668624794011
21132,772.668624794011
21133,772.668624794011
21134,772.668624794011
21135,772.668624794011
21136,772.5671329342111
21137,772.5671329342111
21138,772.668624794011
21139,772.668624794011
21140,772.668624794011
21141,772.668624794011
21142,772.668624794011
21143,772.5671329342111
21144,772.5671329342111
21145,772.668624794011
21146,772.668624794011
21147,772.668624794011
21148,772.668624794011
21149,772.668624794011
21150,772.5671329342111
21151,0.0
21152,0.0
21153,0.0
21154,0.0
21155,0.0
21156,0.0
21157,0.0
21158,0.0
21159,0.0
21160,0.0
21161,0.0
21162,0.0
21163,0.0
21164,0.0
21165,0.0
21166,0.0
21167,0.0
21168,0.0
21169,0.0
21170,0.0
21171,0.0
21172,0.0
21173,0.0
21174,0.0
21175,0.0
21176,0.0
21177,0.0
21178,0.0
21179,0.0
21180,0.0
21181,0.0
21182,0.0
21183,0.0
21184,0.0
21185,0.0
21186,0.0
21187,0.0
21188,0.0
21189,0.0
21190,0.0
21191,0.0
21192,0.0
21193,0.0
21194,0.0
21195,0.0
21196,0.0
21197,0.0
21198,0.0
21199,0.0
21200,0.0
21201,0.0
21202,0.0
21203,0.0
21204,0.0
21205,0.0
21206,0.0
21207,0.0
21208,0.0
21209,0.0
21210,0.0
21211,0.0
21212,0.0
21213,0.0
21214,0.0
21215,0.0
21216,0.0
21217,0.0
21218,0.0
21219,0.0
21220,0.0
21221,0.0
21222,0.0
21223,0.0
21224,0.0
21225,0.0
21226,0.0
21227,0.0
21228,0.0
21229,0.0
21230,0.0
21231,0.0
21232,0.0
21233,0.0
21234,0.0
21235,0.0
21236,0.0
21237,0.0
21238,0.0
21239,0.0
21240,0.0
21241,0.0
21242,0.0
21243,0.0
21244,0.0
21245,0.0
21246,0.0
21247,0.0
21248,0.0
21249,0.0
21250,0.0
21251,0.0
21252,0.0
21253,0.0
21254,0.0
21255,0.0
21256,0.0
21257,0.0
21258,0.0
21259,0.0
21260,0.0
21261,0.0
21262,0.0
21263,0.0
21264,0.0
21265,0.0
21266,0.0
21267,0.0
21268,0.0
21269,0.0
21270,0.0
21271,0.0
21272,0.0
21273,0.0
21274,0.0
21275,0.0
21276,0.0
21277,0.0
21278,0.0
21279,0.0
21280,0.0
21281,0.0
21282,0.0
21283,0.0
21284,0.0
21285,0.0
21286,0.0
21287,0.0
21288,0.0
21289,0.0
21290,0.0
21291,0.0
21292,0.0
21293,0.0
21294,0.0
21295,0.0
21296,0.0
21297,0.0
21298,0.0
21299,0.0
21300,0.0
21301,714.9332194538212
21302,714.9332194538212
21303,714.9326318952005
21304,714.9326318952005
21305,714.9332194538212
21306,714.9332194538212
21307,714.9332194538212
21308,714.9332194538212
21309,714.9332194538212
21310,714.9326318952005
21311,714.9326318952005
21312,714.9332194538212
21313,714.9332194538212
21314,714.9332194538212
21315,714.9332194538212
21316,714.9332194538212
21317,714.9326318952005
21318,714.9326318952005
21319,714.9332194538212
21320,714.9332194538212
21321,714.9332194538212
21322,714.9332194538212
21323,714.9332194538212
21324,714.9326318952005
21325,714.9326318952005
21326,714.9332194538212
21327,714.9332194538212
21328,714.9332194538212
21329,714.9332194538212
21330,714.9332194538212
21331,714.9326318952005
21332,714.9326318952005
21333,714.9332194538212
21334,714.9332194538212
21335,714.9332194538212
21336,714.9332194538212
21337,714.9332194538212
21338,714.9326318952005
21339,714.9326318952005
21340,714.9332194538212
21341,714.9332194538212
21342,714.9332194538212
21343,714.9332194538212
21344,714.9332194538212
21345,714.9326318952005
21346,714.9326318952005
21347,714.9332194538212
21348,714.9332194538212
21349,714.9332194538212
21350,714.9332194538212
21351,714.9332194538212
21352,714.9326318952005
21353,714.9326318952005
21354,714.9332194538212
21355,714.9332194538212
21356,714.9332194538212
21357,714.9332194538212
21358,714.9332194538212
21359,714.9326318952005
21360,714.9326318952005
21361,714.9332194538212
21362,714.9332194538212
21363,714.9332194538212
21364,714.9332194538212
21365,714.9332194538212
21366,714.9326318952005
21367,714.9326318952005
21368,714.9332194538212
21369,714.9332194538212
21370,714.9332194538212
21371,714.9332194538212
21372,714.9332194538212
21373,714.9326318952005
21374,714.9326318952005
21375,714.9332194538212
21376,714.9332194538212
21377,714.9332194538212
21378,714.9332194538212
21379,714.9332194538212
21380,714.9326318952005
21381,714.9326318952005
21382,714.9332194538212
21383,714.9332194538212
21384,714.9332194538212
21385,714.9332194538212
21386,714.9332194538212
21387,714.9326318952005
21388,714.9326318952005
21389,714.9332194538212
21390,714.9332194538212
21391,714.9332194538212
21392,714.9332194538212
21393,714.9332194538212
21394,714.9326318952005
21395,714.9326318952005
21396,714.9332194538212
21397,714.9332194538212
21398,714.9332194538212
21399,714.9332194538212
21400,714.9332194538212
21401,714.9326318952005
21402,714.9326318952005
21403,714.9332194538212
21404,714.9332194538212
21405,714.9332194538212
21406,714.9332194538212
21407,714.9332194538212
21408,714.9326318952005
21409,714.9326318952005
21410,714.9332194538212
21411,714.9332194538212
21412,714.9332194538212
21413,714.9332194538212
21414,714.9332194538212
21415,714.9326318952005
21416,714.9326318952005
21417,714.9332194538212
21418,714.9332194538212
21419,714.9332194538212
21420,714.9332194538212
21421,714.9332194538212
21422,714.9326318952005
21423,714.9326318952005
21424,714.9332194538212
21425,714.9332194538212
21426,714.9332194538212
21427,714.9332194538212
21428,714.9332194538212
21429,714.9326318952005
21430,714.9326318952005
21431,714.9332194538212
21432,714.9332194538212
21433,714.9332194538212
21434,714.9332194538212
21435,714.9332194538212
21436,714.9326318952005
21437,714.9326318952005
21438,714.9332194538212
21439,714.9332194538212
21440,714.9332194538212
21441,714.9332194538212
21442,714.9332194538212
21443,714.9326318952005
21444,714.9326318952005
21445,714.9332194538212
21446,714.9332194538212
21447,714.9332194538212
21448,714.9332194538212
21449,714.9332194538212
21450,714.9326318952005
21451,1104.7401102180759
21452,1104.7401102180759
21453,1104.7395226594551
21454,1104.7395226594551
21455,1104.7401102180759
21456,1104.7401102180759
21457,1104.7401102180759
21458,1104.7401102180759
21459,1104.7401102180759
21460,1104.7395226594551
21461,1104.7395226594551
21462,1104.7401102180759
21463,1104.7401102180759
21464,1104.7401102180759
21465,1104.7401102180759
21466,1104.7401102180759
21467,1104.7395226594551
21468,1104.7395226594551
21469,1104.7401102180759
21470,1104.7401102180759
21471,1104.7401102180759
21472,1104.7401102180759
21473,1104.7401102180759
21474,1104.7395226594551
21475,1104.7395226594551
21476,1104.7401102180759
21477,1104.7401102180759
21478,1104.7401102180759
21479,1104.7401102180759
21480,1104.7401102180759
21481,1104.7395226594551
21482,1104.7395226594551
21483,1104.7401102180759
21484,1104.7401102180759
21485,1104.7401102180759
21486,1104.7401102180759
21487,1104.7401102180759
21488,1104.7395226594551
21489,1104.7395226594551
21490,1104.7401102180759
21491,1104.7401102180759
21492,1104.7401102180759
21493,1104.7401102180759
21494,1104.7401102180759
21495,1104.7395226594551
21496,1104.7395226594551
21497,1104.7401102180759
21498,1104.7401102180759
21499,1104.7401102180759
21500,1104.7401102180759
21501,1104.7401102180759
21502,1104.7395226594551
21503,1104.7395226594551
21504,1104.7401102180759
21505,1104.7401102180759
21506,1104.7401102180759
21507,1104.7401102180759
21508,1104.7401102180759
21509,1104.7395226594551
21510,1104.7395226594551
21511,1104.7401102180759
21512,1104.7401102180759
21513,1104.7401102180759
21514,1104.7401102180759
21515,1104.7401102180759
21516,1104.7395226594551
21517,1104.7395226594551
21518,1104.7401102180759
21519,1104.7401102180759
21520,1104.7401102180759
21521,1104.7401102180759
21522,1104.7401102180759
21523,1104.7395226594551
21524,1104.7395226594551
21525,1104.7401102180759
21526,1104.7401102180759
21527,1104.7401102180759
21528,1104.7401102180759
21529,1104.7401102180759
21530,1104.7395226594551
21531,1104.7395226594551
21532,1104.7401102180759
21533,1104.7401102180759
21534,1104.7401102180759
21535,1104.7401102180759
21536,1104.7401102180759
21537,1104.7395226594551
21538,1104.7395226594551
21539,1104.7401102180759
21540,1104.7401102180759
21541,1104.7401102180759
21542,1104.7401102180759
21543,1104.7401102180759
21544,1104.7395226594551
21545,1104.7395226594551
21546,1104.7401102180759
21547,1104.7401102180759
21548,1104.7401102180759
21549,1104.7401102180759
21550,1104.7401102180759
21551,1104.7395226594551
21552,1104.7395226594551
21553,1104.7401102180759
21554,1104.7401102180759
21555,1104.7401102180759
21556,1104.7401102180759
21557,1104.7401102180759
21558,1104.7395226594551
21559,1104.7395226594551
21560,1104.7401102180759
21561,1104.7401102180759
21562,1104.7401102180759
21563,1104.7401102180759
21564,1104.7401102180759
21565,1104.7395226594551
21566,1104.7395226594551
21567,1104.7401102180759
21568,1104.7401102180759
21569,1104.7401102180759
21570,1104.7401102180759
21571,1104.7401102180759
21572,1104.7395226594551
21573,1104.7395226594551
21574,1104.7401102180759
21575,1104.7401102180759
21576,1104.7401102180759
21577,1104.7401102180759
21578,1104.7401102180759
21579,1104.7395226594551
21580,1104.7395226594551
21581,1104.7401102180759
21582,1104.7401102180759
21583,1104.7401102180759
21584,1104.7401102180759
21585,1104.7401102180759
21586,1104.7395226594551
21587,1104.7395226594551
21588,1104.7401102180759
21589,1104.7401102180759
21590,1104.7401102180759
21591,1104.7401102180759
21592,1104.7401102180759
21593,1104.7395226594551
21594,1104.7395226594551
21595,1104.7401102180759
21596,1104.7401102180759
21597,1104.7401102180759
21598,1104.7401102180759
21599,1104.7401102180759
21600,1104.7395226594551
21601,0.0
21602,0.0
21603,0.0
21604,0.0
21605,0.0
21606,0.0
21607,0.0
21608,0.0
21609,0.0
21610,0.0
21611,0.0
21612,0.0
21613,0.0
21614,0.0
21615,0.0
21616,0.0
21617,0.0
21618,0.0
21619,0.0
21620,0.0
21621,0.0
21622,0.0
21623,0.0
21624,0.0
21625,0.0
21626,0.0
21627,0.0
21628,0.0
21629,0.0
21630,0.0
21631,0.0
21632,0.0
21633,0.0
21634,0.0
21635,0.0
21636,0.0
21637,0.0
21638,0.0
21639,0.0
21640,0.0
21641,0.0
21642,0.0
21643,0.0
21644,0.0
21645,0.0
21646,0.0
21647,0.0
21648,0.0
21649,0.0
21650,0.0
21651,0.0
21652,0.0
21653,0.0
21654,0.0
21655,0.0
21656,0.0
21657,0.0
21658,0.0
21659,0.0
21660,0.0
21661,0.0
21662,0.0
21663,0.0
21664,0.0
21665,0.0
21666,0.0
21667,0.0
21668,0.0
21669,0.0
21670,0.0
21671,0.0
21672,0.0
21673,0.0
21674,0.0
21675,0.0
21676,0.0
21677,0.0
21678,0.0
21679,0.0
21680,0.0
21681,0.0
21682,0.0
21683,0.0
21684,0.0
21685,0.0
21686,0.0
21687,0.0
21688,0.0
21689,0.0
21690,0.0
21691,0.0
21692,0.0
21693,0.0
21694,0.0
21695,0.0
21696,0.0
21697,0.0
21698,0.0
21699,0.0
21700,0.0
21701,0.0
21702,0.0
21703,0.0
21704,0.0
21705,0.0
21706,0.0
21707,0.0
21708,0.0
21709,0.0
21710,0.0
21711,0.0
21712,0.0
21713,0.0
21714,0.0
21715,0.0
21716,0.0
21717,0.0
21718,0.0
21719,0.0
21720,0.0
21721,0.0
21722,0.0
21723,0.0
21724,0.0
21725,0.0
21726,0.0
21727,0.0
21728,0.0
21729,0.0
21730,0.0
21731,0.0
21732,0.0
21733,0.0
21734,0.0
21735,0.0
21736,0.0
21737,0.0
21738,0.0
21739,0.0
21740,0.0
21741,0.0
21742,0.0
21743,0.0
21744,0.0
21745,0.0
21746,0.0
21747,0.0
21748,0.0
21749,0.0
21750,0.0
21751,0.0
21752,0.0
21753,0.0
21754,0.0
21755,0.0
21756,0.0
21757,0.0
21758,0.0
21759,0.0
21760,0.0
21761,0.0
21762,0.0
21763,0.0
21764,0.0
21765,0.0
21766,0.0
21767,0.0
21768,0.0
21769,0.0
21770,0.0
21771,0.0
21772,0.0
21773,0.0
21774,0.0
21775,0.0
21776,0.0
21777,0.0
21778,0.0
21779,0.0
21780,0.0
21781,0.0
21782,0.0
21783,0.0
21784,0.0
21785,0.0
21786,0.0
21787,0.0
21788,0.0
21789,0.0
21790,0.0
21791,0.0
21792,0.0
21793,0.0
21794,0.0
21795,0.0
21796,0.0
21797,0.0
21798,0.0
21799,0.0
21800,0.0
21801,0.0
21802,0.0
21803,0.0
21804,0.0
21805,0.0
21806,0.0
21807,0.0
21808,0.0
21809,0.0
21810,0.0
21811,0.0
21812,0.0
21813,0.0
21814,0.0
21815,0.0
21816,0.0
21817,0.0
21818,0.0
21819,0.0
21820,0.0
21821,0.0
21822,0.0
21823,0.0
21824,0.0
21825,0.0
21826,0.0
21827,0.0
21828,0.0
21829,0.0
21830,0.0
21831,0.0
21832,0.0
21833,0.0
21834,0.0
21835,0.0
21836,0.0
21837,0.0
21838,0.0
21839,0.0
21840,0.0
21841,0.0
21842,0.0
21843,0.0
21844,0.0
21845,0.0
21846,0.0
21847,0.0
21848,0.0
21849,0.0
21850,0.0
21851,0.0
21852,0.0
21853,0.0
21854,0.0
21855,0.0
21856,0.0
21857,0.0
21858,0.0
21859,0.0
21860,0.0
21861,0.0
21862,0.0
21863,0.0
21864,0.0
21865,0.0
21866,0.0
21867,0.0
21868,0.0
21869,0.0
21870,0.0
21871,0.0
21872,0.0
21873,0.0
21874,0.0
21875,0.0
21876,0.0
21877,0.0
21878,0.0
21879,0.0
21880,0.0
21881,0.0
21882,0.0
21883,0.0
21884,0.0
21885,0.0
21886,0.0
21887,0.0
21888,0.0
21889,0.0
21890,0.0
21891,0.0
21892,0.0
21893,0.0
21894,0.0
21895,0.0
21896,0.0
21897,0.0
21898,0.0
21899,0.0
21900,0.0
21901,1791.7579777124847
21902,355.112680418284
21903,0.0
21904,0.0
21905,2303.9508441025746
21906,2303.9508441025746
21907,2303.9508441025746
21908,1791.7579777124847
21909,355.112680418284
21910,0.0
21911,0.0
21912,2303.9508441025746
21913,2303.9508441025746
21914,2303.9508441025746
21915,1791.7579777124847
21916,355.112680418284
21917,0.0
21918,0.0
21919,2303.9508441025746
21920,2303.9508441025746
21921,2303.9508441025746
21922,1791.7579777124847
21923,355.112680418284
21924,0.0
21925,0.0
21926,2303.9508441025746
21927,2303.9508441025746
21928,2303.9508441025746
21929,1791.7579777124847
21930,355.112680418284
21931,0.0
21932,0.0
21933,2303.9508441025746
21934,2303.9508441025746
21935,2303.9508441025746
21936,1791.7579777124847
21937,355.112680418284
21938,0.0
21939,0.0
21940,2303.9508441025746
21941,2303.9508441025746
21942,2303.9508441025746
21943,1791.7579777124847
21944,355.112680418284
21945,0.0
21946,0.0
21947,2303.9508441025746
21948,2303.9508441025746
21949,2303.9508441025746
21950,1791.7579777124847
21951,355.112680418284
21952,0.0
21953,0.0
21954,2303.9508441025746
21955,2303.9508441025746
21956,2303.9508441025746
21957,1791.7579777124847
21958,355.112680418284
21959,0.0
21960,0.0
21961,2303.9508441025746
21962,2303.9508441025746
21963,2303.9508441025746
21964,1791.7579777124847
21965,355.112680418284
21966,0.0
21967,0.0
21968,2303.9508441025746
21969,2303.9508441025746
21970,2303.9508441025746
21971,1791.7579777124847
21972,355.112680418284
21973,0.0
21974,0.0
21975,2303.9508441025746
21976,2303.9508441025746
21977,2303.9508441025746
21978,1791.7579777124847
21979,355.112680418284
21980,0.0
21981,0.0
21982,2303.9508441025746
21983,2303.9508441025746
21984,2303.9508441025746
21985,1791.7579777124847
21986,355.112680418284
21987,0.0
21988,0.0
21989,2303.9508441025746
21990,2303.9508441025746
21991,2303.9508441025746
21992,1791.7579777124847
21993,355.112680418284
21994,0.0
21995,0.0
21996,2303.9508441025746
21997,2303.9508441025746
21998,2303.9508441025746
21999,1791.7579777124847
22000,355.112680418284
22001,0.0
22002,0.0
22003,2303.9508441025746
22004,2303.9508441025746
22005,2303.9508441025746
22006,1791.7579777124847
22007,355.112680418284
22008,0.0
22009,0.0
22010,2303.9508441025746
22011,2303.9508441025746
22012,2303.9508441025746
22013,1791.7579777124847
22014,355.112680418284
22015,0.0
22016,0.0
22017,2303.9508441025746
22018,2303.9508441025746
22019,2303.9508441025746
22020,1791.7579777124847
22021,355.112680418284
22022,0.0
22023,0.0
22024,2303.9508441025746
22025,2303.9508441025746
22026,2303.9508441025746
22027,1791.7579777124847
22028,355.112680418284
22029,0.0
22030,0.0
22031,2303.9508441025746
22032,2303.9508441025746
22033,2303.9508441025746
22034,1791.7579777124847
22035,355.112680418284
22036,0.0
22037,0.0
22038,2303.9508441025746
22039,2303.9508441025746
22040,2303.9508441025746
22041,1791.7579777124847
22042,355.112680418284
22043,0.0
22044,0.0
22045,2303.9508441025746
22046,2303.9508441025746
22047,2303.9508441025746
22048,1791.7579777124847
22049,355.112680418284
22050,0.0
22051,7308.860348640326
22052,5872.215051346125
22053,2664.6317849025677
22054,2217.2398236272898
22055,7821.053215030418
22056,7821.053215030418
22057,7821.053215030418
22058,7308.860348640326
22059,5872.215051346125
22060,2664.6317849025677
22061,2217.2398236272898
22062,7821.053215030418
22063,7821.053215030418
22064,7821.053215030418
22065,7308.860348640326
22066,5872.215051346125
22067,2664.6317849025677
22068,2217.2398236272898
22069,7821.053215030418
22070,7821.053215030418
22071,7821.053215030418
22072,7308.860348640326
22073,5872.215051346125
22074,2664.6317849025677
22075,2217.2398236272898
22076,7821.053215030418
22077,7821.053215030418
22078,7821.053215030418
22079,7308.860348640326
22080,5872.215051346125
22081,2664.6317849025677
22082,2217.2398236272898
22083,7821.053215030418
22084,7821.053215030418
22085,7821.053215030418
22086,7308.860348640326
22087,5872.215051346125
22088,2664.6317849025677
22089,2217.2398236272898
22090,7821.053215030418
22091,7821.053215030418
22092,7821.053215030418
22093,7308.860348640326
22094,5872.215051346125
22095,2664.6317849025677
22096,2217.2398236272898
22097,7821.053215030418
22098,7821.053215030418
22099,7821.053215030418
22100,7308.860348640326
22101,5872.215051346125
22102,2664.6317849025677
22103,2217.2398236272898
22104,7821.053215030418
22105,7821.053215030418
22106,7821.053215030418
22107,7308.860348640326
22108,5872.215051346125
22109,2664.6317849025677
22110,2217.2398236272898
22111,7821.053215030418
22112,7821.053215030418
22113,7821.053215030418
22114,7308.860348640326
22115,5872.215051346125
22116,2664.6317849025677
22117,2217.2398236272898
22118,7821.053215030418
22119,7821.053215030418
22120,7821.053215030418
22121,7308.860348640326
22122,5872.215051346125
22123,2664.6317849025677
22124,2217.2398236272898
22125,7821.053215030418
22126,7821.053215030418
22127,7821.053215030418
22128,7308.860348640326
22129,5872.215051346125
22130,2664.6317849025677
22131,2217.2398236272898
22132,7821.053215030418
22133,7821.053215030418
22134,7821.053215030418
22135,7308.860348640326
22136,5872.215051346125
22137,2664.6317849025677
22138,2217.2398236272898
22139,7821.053215030418
22140,7821.053215030418
22141,7821.053215030418
22142,7308.860348640326
22143,5872.215051346125
22144,2664.6317849025677
22145,2217.2398236272898
22146,7821.053215030418
22147,7821.053215030418
22148,7821.053215030418
22149,7308.860348640326
22150,5872.215051346125
22151,2664.6317849025677
22152,2217.2398236272898
22153,7821.053215030418
22154,7821.053215030418
22155,7821.053215030418
22156,7308.860348640326
22157,5872.215051346125
22158,2664.6317849025677
22159,2217.2398236272898
22160,7821.053215030418
22161,7821.053215030418
22162,7821.053215030418
22163,7308.860348640326
22164,5872.215051346125
22165,2664.6317849025677
22166,2217.2398236272898
22167,7821.053215030418
22168,7821.053215030418
22169,7821.053215030418
22170,7308.860348640326
22171,5872.215051346125
22172,2664.6317849025677
22173,2217.2398236272898
22174,7821.053215030418
22175,7821.053215030418
22176,7821.053215030418
22177,7308.860348640326
22178,5872.215051346125
22179,2664.6317849025677
22180,2217.2398236272898
22181,7821.053215030418
22182,7821.053215030418
22183,7821.053215030418
22184,7308.860348640326
22185,5872.215051346125
22186,2664.6317849025677
22187,2217.2398236272898
22188,7821.053215030418
22189,7821.053215030418
22190,7821.053215030418
22191,7308.860348640326
22192,5872.215051346125
22193,2664.6317849025677
22194,2217.2398236272898
22195,7821.053215030418
22196,7821.053215030418
22197,7821.053215030418
22198,7308.860348640326
22199,5872.215051346125
22200,2664.6317849025677
22201,16757.714820203324
22202,14389.833105439342
22203,11182.249838995785
22204,10734.857877720504
22205,17269.907686593415
22206,17269.907686593415
22207,17269.907686593415
22208,16757.714820203324
22209,14389.833105439342
22210,11182.249838995785
22211,10734.857877720504
22212,17269.907686593415
22213,17269.907686593415
22214,17269.907686593415
22215,16757.714820203324
22216,14389.833105439342
22217,11182.249838995785
22218,10734.857877720504
22219,17269.907686593415
22220,17269.907686593415
22221,17269.907686593415
22222,16757.714820203324
22223,14389.833105439342
22224,11182.249838995785
22225,10734.857877720504
22226,17269.907686593415
22227,17269.907686593415
22228,17269.907686593415
22229,16757.714820203324
22230,14389.833105439342
22231,11182.249838995785
22232,10734.857877720504
22233,17269.907686593415
22234,17269.907686593415
22235,17269.907686593415
22236,16757.714820203324
22237,14389.833105439342
22238,11182.249838995785
22239,10734.857877720504
22240,17269.907686593415
22241,17269.907686593415
22242,17269.907686593415
22243,16757.714820203324
22244,14389.833105439342
22245,11182.249838995785
22246,10734.857877720504
22247,17269.907686593415
22248,17269.907686593415
22249,17269.907686593415
22250,16757.714820203324
22251,14389.833105439342
22252,11182.249838995785
22253,10734.857877720504
22254,17269.907686593415
22255,17269.907686593415
22256,17269.907686593415
22257,16757.714820203324
22258,14389.833105439342
22259,11182.249838995785
22260,10734.857877720504
22261,17269.907686593415
22262,17269.907686593415
22263,17269.907686593415
22264,16757.714820203324
22265,14389.833105439342
22266,11182.249838995785
22267,10734.857877720504
22268,17269.907686593415
22269,17269.907686593415
22270,17269.907686593415
22271,16757.714820203324
22272,14389.833105439342
22273,11182.249838995785
22274,10734.857877720504
22275,17269.907686593415
22276,17269.907686593415
22277,17269.907686593415
22278,16757.714820203324
22279,14389.833105439342
22280,11182.249838995785
22281,10734.857877720504
22282,17269.907686593415
22283,17269.907686593415
22284,17269.907686593415
22285,16757.714820203324
22286,14389.833105439342
22287,11182.249838995785
22288,10734.857877720504
22289,17269.907686593415
22290,17269.907686593415
22291,17269.907686593415
22292,16757.714820203324
22293,14389.833105439342
22294,11182.249838995785
22295,10734.857877720504
22296,17269.907686593415
22297,17269.907686593415
22298,17269.907686593415
22299,16757.714820203324
22300,14389.833105439342
22301,11182.249838995785
22302,10734.857877720504
22303,17269.907686593415
22304,17269.907686593415
22305,17269.907686593415
22306,16757.714820203324
22307,14389.833105439342
22308,11182.249838995785
22309,10734.857877720504
22310,17269.907686593415
22311,17269.907686593415
22312,17269.907686593415
22313,16757.714820203324
22314,14389.833105439342
22315,11182.249838995785
22316,10734.857877720504
22317,17269.907686593415
22318,17269.907686593415
22319,17269.907686593415
22320,16757.714820203324
22321,14389.833105439342
22322,11182.249838995785
22323,10734.857877720504
22324,17269.907686593415
22325,17269.907686593415
22326,17269.907686593415
22327,16757.714820203324
22328,14389.833105439342
22329,11182.249838995785
22330,10734.857877720504
22331,17269.907686593415
22332,17269.907686593415
22333,17269.907686593415
22334,16757.714820203324
22335,14389.833105439342
22336,11182.249838995785
22337,10734.857877720504
22338,17269.907686593415
22339,17269.907686593415
22340,17269.907686593415
22341,16757.714820203324
22342,14389.833105439342
22343,11182.249838995785
22344,10734.857877720504
22345,17269.907686593415
22346,17269.907686593415
22347,17269.907686593415
22348,16757.714820203324
22349,14389.833105439342
22350,11182.249838995785
22351,8281.237623935442
22352,6844.592326641236
22353,3637.009060197681
22354,3189.617098922402
22355,8793.430490325532
22356,8793.430490325532
22357,8793.430490325532
22358,8281.237623935442
22359,6844.592326641236
22360,3637.009060197681
22361,3189.617098922402
22362,8793.430490325532
22363,8793.430490325532
22364,8793.430490325532
22365,8281.237623935442
22366,6844.592326641236
22367,3637.009060197681
22368,3189.617098922402
22369,8793.430490325532
22370,8793.430490325532
22371,8793.430490325532
22372,8281.237623935442
22373,6844.592326641236
22374,3637.009060197681
22375,3189.617098922402
22376,8793.430490325532
22377,8793.430490325532
22378,8793.430490325532
22379,8281.237623935442
22380,6844.592326641236
22381,3637.009060197681
22382,3189.617098922402
22383,8793.430490325532
22384,8793.430490325532
22385,8793.430490325532
22386,8281.237623935442
22387,6844.592326641236
22388,3637.009060197681
22389,3189.617098922402
22390,8793.430490325532
22391,8793.430490325532
22392,8793.430490325532
22393,8281.237623935442
22394,6844.592326641236
22395,3637.009060197681
22396,3189.617098922402
22397,8793.430490325532
22398,8793.430490325532
22399,8793.430490325532
22400,8281.237623935442
22401,6844.592326641236
22402,3637.009060197681
22403,3189.617098922402
22404,8793.430490325532
22405,8793.430490325532
22406,8793.430490325532
22407,8281.237623935442
22408,6844.592326641236
22409,3637.009060197681
22410,3189.617098922402
22411,8793.430490325532
22412,8793.430490325532
22413,8793.430490325532
22414,8281.237623935442
22415,6844.592326641236
22416,3637.009060197681
22417,3189.617098922402
22418,8793.430490325532
22419,8793.430490325532
22420,8793.430490325532
22421,8281.237623935442
22422,6844.592326641236
22423,3637.009060197681
22424,3189.617098922402
22425,8793.430490325532
22426,8793.430490325532
22427,8793.430490325532
22428,8281.237623935442
22429,6844.592326641236
22430,3637.009060197681
22431,3189.617098922402
22432,8793.430490325532
22433,8793.430490325532
22434,8793.430490325532
22435,8281.237623935442
22436,6844.592326641236
22437,3637.009060197681
22438,3189.617098922402
22439,8793.430490325532
22440,8793.430490325532
22441,8793.430490325532
22442,8281.237623935442
22443,6844.592326641236
22444,3637.009060197681
22445,3189.617098922402
22446,8793.430490325532
22447,8793.430490325532
22448,8793.430490325532
22449,8281.237623935442
22450,6844.592326641236
22451,3637.009060197681
22452,3189.617098922402
22453,8793.430490325532
22454,8793.430490325532
22455,8793.430490325532
22456,8281.237623935442
22457,6844.592326641236
22458,3637.009060197681
22459,3189.617098922402
22460,8793.430490325532
22461,8793.430490325532
22462,8793.430490325532
22463,8281.237623935442
22464,6844.592326641236
22465,3637.009060197681
22466,3189.617098922402
22467,8793.430490325532
22468,8793.430490325532
22469,8793.430490325532
22470,8281.237623935442
22471,6844.592326641236
22472,3637.009060197681
22473,3189.617098922402
22474,8793.430490325532
22475,8793.430490325532
22476,8793.430490325532
22477,8281.237623935442
22478,6844.592326641236
22479,3637.009060197681
22480,3189.617098922402
22481,8793.430490325532
22482,8793.430490325532
22483,8793.430490325532
22484,8281.237623935442
22485,6844.592326641236
22486,3637.009060197681
22487,3189.617098922402
22488,8793.430490325532
22489,8793.430490325532
22490,8793.430490325532
22491,8281.237623935442
22492,6844.592326641236
22493,3637.009060197681
22494,3189.617098922402
22495,8793.430490325532
22496,8793.430490325532
22497,8793.430490325532
22498,8281.237623935442
22499,6844.592326641236
22500,3637.009060197681
22501,141.4987616181905
22502,141.4987616181905
22503,141.4987616181905
22504,141.4987616181905
22505,141.4987616181905
22506,141.4987616181905
22507,141.4987616181905
22508,141.4987616181905
22509,141.4987616181905
22510,141.4987616181905
22511,141.4987616181905
22512,141.4987616181905
22513,141.4987616181905
22514,141.4987616181905
22515,141.4987616181905
22516,141.4987616181905
22517,141.4987616181905
22518,141.4987616181905
22519,141.4987616181905
22520,141.4987616181905
22521,141.4987616181905
22522,141.4987616181905
22523,141.4987616181905
22524,141.4987616181905
22525,141.4987616181905
22526,141.4987616181905
22527,141.4987616181905
22528,141.4987616181905
22529,141.4987616181905
22530,141.4987616181905
22531,141.4987616181905
22532,141.4987616181905
22533,141.4987616181905
22534,141.4987616181905
22535,141.4987616181905
22536,141.4987616181905
22537,141.4987616181905
22538,141.4987616181905
22539,141.4987616181905
22540,141.4987616181905
22541,141.4987616181905
22542,141.4987616181905
22543,141.4987616181905
22544,141.4987616181905
22545,141.4987616181905
22546,141.4987616181905
22547,141.4987616181905
22548,141.4987616181905
22549,141.4987616181905
22550,141.4987616181905
22551,141.4987616181905
22552,141.4987616181905
22553,141.4987616181905
22554,141.4987616181905
22555,141.4987616181905
22556,141.4987616181905
22557,141.4987616181905
22558,141.4987616181905
22559,141.4987616181905
22560,141.4987616181905
22561,141.4987616181905
22562,141.4987616181905
22563,141.4987616181905
22564,141.4987616181905
22565,141.4987616181905
22566,141.4987616181905
22567,141.4987616181905
22568,141.4987616181905
22569,141.4987616181905
22570,141.4987616181905
22571,141.4987616181905
22572,141.4987616181905
22573,141.4987616181905
22574,141.4987616181905
22575,141.4987616181905
22576,141.4987616181905
22577,141.4987616181905
22578,141.4987616181905
22579,141.4987616181905
22580,141.4987616181905
22581,141.4987616181905
22582,141.4987616181905
22583,141.4987616181905
22584,141.4987616181905
22585,141.4987616181905
22586,141.4987616181905
22587,141.4987616181905
22588,141.4987616181905
22589,141.4987616181905
22590,141.4987616181905
22591,141.4987616181905
22592,141.4987616181905
22593,141.4987616181905
22594,141.4987616181905
22595,141.4987616181905
22596,141.4987616181905
22597,141.4987616181905
22598,141.4987616181905
22599,141.4987616181905
22600,141.4987616181905
22601,141.4987616181905
22602,141.4987616181905
22603,141.4987616181905
22604,141.4987616181905
22605,141.4987616181905
22606,141.4987616181905
22607,141.4987616181905
22608,141.4987616181905
22609,141.4987616181905
22610,141.4987616181905
22611,141.4987616181905
22612,141.4987616181905
22613,141.4987616181905
22614,141.4987616181905
22615,141.4987616181905
22616,141.4987616181905
22617,141.4987616181905
22618,141.4987616181905
22619,141.4987616181905
22620,141.4987616181905
22621,141.4987616181905
22622,141.4987616181905
22623,141.4987616181905
22624,141.4987616181905
22625,141.4987616181905
22626,141.4987616181905
22627,141.4987616181905
22628,141.4987616181905
22629,141.4987616181905
22630,141.4987616181905
22631,141.4987616181905
22632,141.4987616181905
22633,141.4987616181905
22634,141.4987616181905
22635,141.4987616181905
22636,141.4987616181905
22637,141.4987616181905
22638,141.4987616181905
22639,141.4987616181905
22640,141.4987616181905
22641,141.4987616181905
22642,141.4987616181905
22643,141.4987616181905
22644,141.4987616181905
22645,141.4987616181905
22646,141.4987616181905
22647,141.4987616181905
22648,141.4987616181905
22649,141.4987616181905
22650,141.4987616181905
22651,0.0
22652,0.0
22653,0.0
22654,0.0
22655,0.0
22656,0.0
22657,0.0
22658,0.0
22659,0.0
22660,0.0
22661,0.0
22662,0.0
22663,0.0
22664,0.0
22665,0.0
22666,0.0
22667,0.0
22668,0.0
22669,0.0
22670,0.0
22671,0.0
22672,0.0
22673,0.0
22674,0.0
22675,0.0
22676,0.0
22677,0.0
22678,0.0
22679,0.0
22680,0.0
22681,0.0
22682,0.0
22683,0.0
22684,0.0
22685,0.0
22686,0.0
22687,0.0
22688,0.0
22689,0.0
22690,0.0
22691,0.0
22692,0.0
22693,0.0
22694,0.0
22695,0.0
22696,0.0
22697,0.0
22698,0.0
22699,0.0
22700,0.0
22701,0.0
22702,0.0
22703,0.0
22704,0.0
22705,0.0
22706,0.0
22707,0.0
22708,0.0
22709,0.0
22710,0.0
22711,0.0
22712,0.0
22713,0.0
22714,0.0
22715,0.0
22716,0.0
22717,0.0
22718,0.0
22719,0.0
22720,0.0
22721,0.0
22722,0.0
22723,0.0
22724,0.0
22725,0.0
22726,0.0
22727,0.0
22728,0.0
22729,0.0
22730,0.0
22731,0.0
22732,0.0
22733,0.0
22734,0.0
22735,0.0
22736,0.0
22737,0.0
22738,0.0
22739,0.0
22740,0.0
22741,0.0
22742,0.0
22743,0.0
22744,0.0
22745,0.0
22746,0.0
22747,0.0
22748,0.0
22749,0.0
22750,0.0
22751,0.0
22752,0.0
22753,0.0
22754,0.0
22755,0.0
22756,0.0
22757,0.0
22758,0.0
22759,0.0
22760,0.0
22761,0.0
22762,0.0
22763,0.0
22764,0.0
22765,0.0
22766,0.0
22767,0.0
22768,0.0
22769,0.0
22770,0.0
22771,0.0
22772,0.0
22773,0.0
22774,0.0
22775,0.0
22776,0.0
22777,0.0
22778,0.0
22779,0.0
22780,0.0
22781,0.0
22782,0.0
22783,0.0
22784,0.0
22785,0.0
22786,0.0
22787,0.0
22788,0.0
22789,0.0
22790,0.0
22791,0.0
22792,0.0
22793,0.0
22794,0.0
22795,0.0
22796,0.0
22797,0.0
22798,0.0
22799,0.0
22800,0.0
22801,0.0
22802,0.0
22803,0.0
22804,0.0
22805,0.0
22806,0.0
22807,0.0
22808,0.0
22809,0.0
22810,0.0
22811,0.0
22812,0.0
22813,0.0
22814,0.0
22815,0.0
22816,0.0
22817,0.0
22818,0.0
22819,0.0
22820,0.0
22821,0.0
22822,0.0
22823,0.0
22824,0.0
22825,0.0
22826,0.0
22827,0.0
22828,0.0
22829,0.0
22830,0.0
22831,0.0
22832,0.0
22833,0.0
22834,0.0
22835,0.0
22836,0.0
22837,0.0
22838,0.0
22839,0.0
22840,0.0
22841,0.0
22842,0.0
22843,0.0
22844,0.0
22845,0.0
22846,0.0
22847,0.0
22848,0.0
22849,0.0
22850,0.0
22851,0.0
22852,0.0
22853,0.0
22854,0.0
22855,0.0
22856,0.0
22857,0.0
22858,0.0
22859,0.0
22860,0.0
22861,0.0
22862,0.0
22863,0.0
22864,0.0
22865,0.0
22866,0.0
22867,0.0
22868,0.0
22869,0.0
22870,0.0
22871,0.0
22872,0.0
22873,0.0
22874,0.0
22875,0.0
22876,0.0
22877,0.0
22878,0.0
22879,0.0
22880,0.0
22881,0.0
22882,0.0
22883,0.0
22884,0.0
22885,0.0
22886,0.0
22887,0.0
22888,0.0
22889,0.0
22890,0.0
22891,0.0
22892,0.0
22893,0.0
22894,0.0
22895,0.0
22896,0.0
22897,0.0
22898,0.0
22899,0.0
22900,0.0
22901,0.0
22902,0.0
22903,0.0
22904,0.0
22905,0.0
22906,0.0
22907,0.0
22908,0.0
22909,0.0
22910,0.0
22911,0.0
22912,0.0
22913,0.0
22914,0.0
22915,0.0
22916,0.0
22917,0.0
22918,0.0
22919,0.0
22920,0.0
22921,0.0
22922,0.0
22923,0.0
22924,0.0
22925,0.0
22926,0.0
22927,0.0
22928,0.0
22929,0.0
22930,0.0
22931,0.0
22932,0.0
22933,0.0
22934,0.0
22935,0.0
22936,0.0
22937,0.0
22938,0.0
22939,0.0
22940,0.0
22941,0.0
22942,0.0
22943,0.0
22944,0.0
22945,0.0
22946,0.0
22947,0.0
22948,0.0
22949,0.0
22950,0.0
22951,15826.478402733544
22952,14389.833105439342
22953,11182.249838995785
22954,10734.857877720504
22955,16338.671269123635
22956,16338.671269123635
22957,16338.671269123635
22958,15826.478402733544
22959,14389.833105439342
22960,11182.249838995785
22961,10734.857877720504
22962,16338.671269123635
22963,16338.671269123635
22964,16338.671269123635
22965,15826.478402733544
22966,14389.833105439342
22967,11182.249838995785
22968,10734.857877720504
22969,16338.671269123635
22970,16338.671269123635
22971,16338.671269123635
22972,15826.478402733544
22973,14389.833105439342
22974,11182.249838995785
22975,10734.857877720504
22976,16338.671269123635
22977,16338.671269123635
22978,16338.671269123635
22979,15826.478402733544
22980,14389.833105439342
22981,11182.249838995785
22982,10734.857877720504
22983,16338.671269123635
22984,16338.671269123635
22985,16338.671269123635
22986,15826.478402733544
22987,14389.833105439342
22988,11182.249838995785
22989,10734.857877720504
22990,16338.671269123635
22991,16338.671269123635
22992,16338.671269123635
22993,15826.478402733544
22994,14389.833105439342
22995,11182.249838995785
22996,10734.857877720504
22997,16338.671269123635
22998,16338.671269123635
22999,16338.671269123635
23000,15826.478402733544
23001,14389.833105439342
23002,11182.249838995785
23003,10734.857877720504
23004,16338.671269123635
23005,16338.671269123635
23006,16338.671269123635
23007,15826.478402733544
23008,14389.833105439342
23009,11182.249838995785
23010,10734.857877720504
23011,16338.671269123635
23012,16338.671269123635
23013,16338.671269123635
23014,15826.478402733544
23015,14389.833105439342
23016,11182.249838995785
23017,10734.857877720504
23018,16338.671269123635
23019,16338.671269123635
23020,16338.671269123635
23021,15826.478402733544
23022,14389.833105439342
23023,11182.249838995785
23024,10734.857877720504
23025,16338.671269123635
23026,16338.671269123635
23027,16338.671269123635
23028,15826.478402733544
23029,14389.833105439342
23030,11182.249838995785
23031,10734.857877720504
23032,16338.671269123635
23033,16338.671269123635
23034,16338.671269123635
23035,15826.478402733544
23036,14389.833105439342
23037,11182.249838995785
23038,10734.857877720504
23039,16338.671269123635
23040,16338.671269123635
23041,16338.671269123635
23042,15826.478402733544
23043,14389.833105439342
23044,11182.249838995785
23045,10734.857877720504
23046,16338.671269123635
23047,16338.671269123635
23048,16338.671269123635
23049,15826.478402733544
23050,14389.833105439342
23051,11182.249838995785
23052,10734.857877720504
23053,16338.671269123635
23054,16338.671269123635
23055,16338.671269123635
23056,15826.478402733544
23057,14389.833105439342
23058,11182.249838995785
23059,10734.857877720504
23060,16338.671269123635
23061,16338.671269123635
23062,16338.671269123635
23063,15826.478402733544
23064,14389.833105439342
23065,11182.249838995785
23066,10734.857877720504
23067,16338.671269123635
23068,16338.671269123635
23069,16338.671269123635
23070,15826.478402733544
23071,14389.833105439342
23072,11182.249838995785
23073,10734.857877720504
23074,16338.671269123635
23075,16338.671269123635
23076,16338.671269123635
23077,15826.478402733544
23078,14389.833105439342
23079,11182.249838995785
23080,10734.857877720504
23081,16338.671269123635
23082,16338.671269123635
23083,16338.671269123635
23084,15826.478402733544
23085,14389.833105439342
23086,11182.249838995785
23087,10734.857877720504
23088,16338.671269123635
23089,16338.671269123635
23090,16338.671269123635
23091,15826.478402733544
23092,14389.833105439342
23093,11182.249838995785
23094,10734.857877720504
23095,16338.671269123635
23096,16338.671269123635
23097,16338.671269123635
23098,15826.478402733544
23099,14389.833105439342
23100,11182.249838995785
23101,0.0
23102,0.0
23103,0.0
23104,0.0
23105,0.0
23106,0.0
23107,0.0
23108,0.0
23109,0.0
23110,0.0
23111,0.0
23112,0.0
23113,0.0
23114,0.0
23115,0.0
23116,0.0
23117,0.0
23118,0.0
23119,0.0
23120,0.0
23121,0.0
23122,0.0
23123,0.0
23124,0.0
23125,0.0
23126,0.0
23127,0.0
23128,0.0
23129,0.0
23130,0.0
23131,0.0
23132,0.0
23133,0.0
23134,0.0
23135,0.0
23136,0.0
23137,0.0
23138,0.0
23139,0.0
23140,0.0
23141,0.0
23142,0.0
23143,0.0
23144,0.0
23145,0.0
23146,0.0
23147,0.0
23148,0.0
23149,0.0
23150,0.0
23151,0.0
23152,0.0
23153,0.0
23154,0.0
23155,0.0
23156,0.0
23157,0.0
23158,0.0
23159,0.0
23160,0.0
23161,0.0
23162,0.0
23163,0.0
23164,0.0
23165,0.0
23166,0.0
23167,0.0
23168,0.0
23169,0.0
23170,0.0
23171,0.0
23172,0.0
23173,0.0
23174,0.0
23175,0.0
23176,0.0
23177,0.0
23178,0.0
23179,0.0
23180,0.0
23181,0.0
23182,0.0
23183,0.0
23184,0.0
23185,0.0
23186,0.0
23187,0.0
23188,0.0
23189,0.0
23190,0.0
23191,0.0
23192,0.0
23193,0.0
23194,0.0
23195,0.0
23196,0.0
23197,0.0
23198,0.0
23199,0.0
23200,0.0
23201,0.0
23202,0.0
23203,0.0
23204,0.0
23205,0.0
23206,0.0
23207,0.0
23208,0.0
23209,0.0
23210,0.0
23211,0.0
23212,0.0
23213,0.0
23214,0.0
23215,0.0
23216,0.0
23217,0.0
23218,0.0
23219,0.0
23220,0.0
23221,0.0
23222,0.0
23223,0.0
23224,0.0
23225,0.0
23226,0.0
23227,0.0
23228,0.0
23229,0.0
23230,0.0
23231,0.0
23232,0.0
23233,0.0
23234,0.0
23235,0.0
23236,0.0
23237,0.0
23238,0.0
23239,0.0
23240,0.0
23241,0.0
23242,0.0
23243,0.0
23244,0.0
23245,0.0
23246,0.0
23247,0.0
23248,0.0
23249,0.0
23250,0.0
23251,0.0
23252,0.0
23253,0.0
23254,0.0
23255,0.0
23256,0.0
23257,0.0
23258,0.0
23259,0.0
23260,0.0
23261,0.0
23262,0.0
23263,0.0
23264,0.0
23265,0.0
23266,0.0
23267,0.0
23268,0.0
23269,0.0
23270,0.0
23271,0.0
23272,0.0
23273,0.0
23274,0.0
23275,0.0
23276,0.0
23277,0.0
23278,0.0
23279,0.0
23280,0.0
23281,0.0
23282,0.0
23283,0.0
23284,0.0
23285,0.0
23286,0.0
23287,0.0
23288,0.0
23289,0.0
23290,0.0
23291,0.0
23292,0.0
23293,0.0
23294,0.0
23295,0.0
23296,0.0
23297,0.0
23298,0.0
23299,0.0
23300,0.0
23301,0.0
23302,0.0
23303,0.0
23304,0.0
23305,0.0
23306,0.0
23307,0.0
23308,0.0
23309,0.0
23310,0.0
23311,0.0
23312,0.0
23313,0.0
23314,0.0
23315,0.0
23316,0.0
23317,0.0
23318,0.0
23319,0.0
23320,0.0
23321,0.0
23322,0.0
23323,0.0
23324,0.0
23325,0.0
23326,0.0
23327,0.0
23328,0.0
23329,0.0
23330,0.0
23331,0.0
23332,0.0
23333,0.0
23334,0.0
23335,0.0
23336,0.0
23337,0.0
23338,0.0
23339,0.0
23340,0.0
23341,0.0
23342,0.0
23343,0.0
23344,0.0
23345,0.0
23346,0.0
23347,0.0
23348,0.0
23349,0.0
23350,0.0
23351,0.0
23352,0.0
23353,0.0
23354,0.0
23355,0.0
23356,0.0
23357,0.0
23358,0.0
23359,0.0
23360,0.0
23361,0.0
23362,0.0
23363,0.0
23364,0.0
23365,0.0
23366,0.0
23367,0.0
23368,0.0
23369,0.0
23370,0.0
23371,0.0
23372,0.0
23373,0.0
23374,0.0
23375,0.0
23376,0.0
23377,0.0
23378,0.0
23379,0.0
23380,0.0
23381,0.0
23382,0.0
23383,0.0
23384,0.0
23385,0.0
23386,0.0
23387,0.0
23388,0.0
23389,0.0
23390,0.0
23391,0.0
23392,0.0
23393,0.0
23394,0.0
23395,0.0
23396,0.0
23397,0.0
23398,0.0
23399,0.0
23400,0.0
23401,0.0
23402,0.0
23403,0.0
23404,0.0
23405,0.0
23406,0.0
23407,0.0
23408,0.0
23409,0.0
23410,0.0
23411,0.0
23412,0.0
23413,0.0
23414,0.0
23415,0.0
23416,0.0
23417,0.0
23418,0.0
23419,0.0
23420,0.0
23421,0.0
23422,0.0
23423,0.0
23424,0.0
23425,0.0
23426,0.0
23427,0.0
23428,0.0
23429,0.0
23430,0.0
23431,0.0
23432,0.0
23433,0.0
23434,0.0
23435,0.0
23436,0.0
23437,0.0
23438,0.0
23439,0.0
23440,0.0
23441,0.0
23442,0.0
23443,0.0
23444,0.0
23445,0.0
23446,0.0
23447,0.0
23448,0.0
23449,0.0
23450,0.0
23451,0.0
23452,0.0
23453,0.0
23454,0.0
23455,0.0
23456,0.0
23457,0.0
23458,0.0
23459,0.0
23460,0.0
23461,0.0
23462,0.0
23463,0.0
23464,0.0
23465,0.0
23466,0.0
23467,0.0
23468,0.0
23469,0.0
23470,0.0
23471,0.0
23472,0.0
23473,0.0
23474,0.0
23475,0.0
23476,0.0
23477,0.0
23478,0.0
23479,0.0
23480,0.0
23481,0.0
23482,0.0
23483,0.0
23484,0.0
23485,0.0
23486,0.0
23487,0.0
23488,0.0
23489,0.0
23490,0.0
23491,0.0
23492,0.0
23493,0.0
23494,0.0
23495,0.0
23496,0.0
23497,0.0
23498,0.0
23499,0.0
23500,0.0
23501,0.0
23502,0.0
23503,0.0
23504,0.0
23505,0.0
23506,0.0
23507,0.0
23508,0.0
23509,0.0
23510,0.0
23511,0.0
23512,0.0
23513,0.0
23514,0.0
23515,0.0
23516,0.0
23517,0.0
23518,0.0
23519,0.0
23520,0.0
23521,0.0
23522,0.0
23523,0.0
23524,0.0
23525,0.0
23526,0.0
23527,0.0
23528,0.0
23529,0.0
23530,0.0
23531,0.0
23532,0.0
23533,0.0
23534,0.0
23535,0.0
23536,0.0
23537,0.0
23538,0.0
23539,0.0
23540,0.0
23541,0.0
23542,0.0
23543,0.0
23544,0.0
23545,0.0
23546,0.0
23547,0.0
23548,0.0
23549,0.0
23550,0.0
23551,0.0
23552,0.0
23553,0.0
23554,0.0
23555,0.0
23556,0.0
23557,0.0
23558,0.0
23559,0.0
23560,0.0
23561,0.0
23562,0.0
23563,0.0
23564,0.0
23565,0.0
23566,0.0
23567,0.0
23568,0.0
23569,0.0
23570,0.0
23571,0.0
23572,0.0
23573,0.0
23574,0.0
23575,0.0
23576,0.0
23577,0.0
23578,0.0
23579,0.0
23580,0.0
23581,0.0
23582,0.0
23583,0.0
23584,0.0
23585,0.0
23586,0.0
23587,0.0
23588,0.0
23589,0.0
23590,0.0
23591,0.0
23592,0.0
23593,0.0
23594,0.0
23595,0.0
23596,0.0
23597,0.0
23598,0.0
23599,0.0
23600,0.0
23601,0.0
23602,0.0
23603,0.0
23604,0.0
23605,0.0
23606,0.0
23607,0.0
23608,0.0
23609,0.0
23610,0.0
23611,0.0
23612,0.0
23613,0.0
23614,0.0
23615,0.0
23616,0.0
23617,0.0
23618,0.0
23619,0.0
23620,0.0
23621,0.0
23622,0.0
23623,0.0
23624,0.0
23625,0.0
23626,0.0
23627,0.0
23628,0.0
23629,0.0
23630,0.0
23631,0.0
23632,0.0
23633,0.0
23634,0.0
23635,0.0
23636,0.0
23637,0.0
23638,0.0
23639,0.0
23640,0.0
23641,0.0
23642,0.0
23643,0.0
23644,0.0
23645,0.0
23646,0.0
23647,0.0
23648,0.0
23649,0.0
23650,0.0
23651,0.0
23652,0.0
23653,0.0
23654,0.0
23655,0.0
23656,0.0
23657,0.0
23658,0.0
23659,0.0
23660,0.0
23661,0.0
23662,0.0
23663,0.0
23664,0.0
23665,0.0
23666,0.0
23667,0.0
23668,0.0
23669,0.0
23670,0.0
23671,0.0
23672,0.0
23673,0.0
23674,0.0
23675,0.0
23676,0.0
23677,0.0
23678,0.0
23679,0.0
23680,0.0
23681,0.0
23682,0.0
23683,0.0
23684,0.0
23685,0.0
23686,0.0
23687,0.0
23688,0.0
23689,0.0
23690,0.0
23691,0.0
23692,0.0
23693,0.0
23694,0.0
23695,0.0
23696,0.0
23697,0.0
23698,0.0
23699,0.0
23700,0.0
23701,0.0
23702,0.0
23703,0.0
23704,0.0
23705,0.0
23706,0.0
23707,0.0
23708,0.0
23709,0.0
23710,0.0
23711,0.0
23712,0.0
23713,0.0
23714,0.0
23715,0.0
23716,0.0
23717,0.0
23718,0.0
23719,0.0
23720,0.0
23721,0.0
23722,0.0
23723,0.0
23724,0.0
23725,0.0
23726,0.0
23727,0.0
23728,0.0
23729,0.0
23730,0.0
23731,0.0
23732,0.0
23733,0.0
23734,0.0
23735,0.0
23736,0.0
23737,0.0
23738,0.0
23739,0.0
23740,0.0
23741,0.0
23742,0.0
23743,0.0
23744,0.0
23745,0.0
23746,0.0
23747,0.0
23748,0.0
23749,0.0
23750,0.0
23751,0.0
23752,0.0
23753,0.0
23754,0.0
23755,0.0
23756,0.0
23757,0.0
23758,0.0
23759,0.0
23760,0.0
23761,0.0
23762,0.0
23763,0.0
23764,0.0
23765,0.0
23766,0.0
23767,0.0
23768,0.0
23769,0.0
23770,0.0
23771,0.0
23772,0.0
23773,0.0
23774,0.0
23775,0.0
23776,0.0
23777,0.0
23778,0.0
23779,0.0
23780,0.0
23781,0.0
23782,0.0
23783,0.0
23784,0.0
23785,0.0
23786,0.0
23787,0.0
23788,0.0
23789,0.0
23790,0.0
23791,0.0
23792,0.0
23793,0.0
23794,0.0
23795,0.0
23796,0.0
23797,0.0
23798,0.0
23799,0.0
23800,0.0
23801,0.0
23802,0.0
23803,0.0
23804,0.0
23805,0.0
23806,0.0
23807,0.0
23808,0.0
23809,0.0
23810,0.0
23811,0.0
23812,0.0
23813,0.0
23814,0.0
23815,0.0
23816,0.0
23817,0.0
23818,0.0
23819,0.0
23820,0.0
23821,0.0
23822,0.0
23823,0.0
23824,0.0
23825,0.0
23826,0.0
23827,0.0
23828,0.0
23829,0.0
23830,0.0
23831,0.0
23832,0.0
23833,0.0
23834,0.0
23835,0.0
23836,0.0
23837,0.0
23838,0.0
23839,0.0
23840,0.0
23841,0.0
23842,0.0
23843,0.0
23844,0.0
23845,0.0
23846,0.0
23847,0.0
23848,0.0
23849,0.0
23850,0.0
23851,0.0
23852,0.0
23853,0.0
23854,0.0
23855,0.0
23856,0.0
23857,0.0
23858,0.0
23859,0.0
23860,0.0
23861,0.0
23862,0.0
23863,0.0
23864,0.0
23865,0.0
23866,0.0
23867,0.0
23868,0.0
23869,0.0
23870,0.0
23871,0.0
23872,0.0
23873,0.0
23874,0.0
23875,0.0
23876,0.0
23877,0.0
23878,0.0
23879,0.0
23880,0.0
23881,0.0
23882,0.0
23883,0.0
23884,0.0
23885,0.0
23886,0.0
23887,0.0
23888,0.0
23889,0.0
23890,0.0
23891,0.0
23892,0.0
23893,0.0
23894,0.0
23895,0.0
23896,0.0
23897,0.0
23898,0.0
23899,0.0
23900,0.0
23901,0.0
23902,0.0
23903,0.0
23904,0.0
23905,0.0
23906,0.0
23907,0.0
23908,0.0
23909,0.0
23910,0.0
23911,0.0
23912,0.0
23913,0.0
23914,0.0
23915,0.0
23916,0.0
23917,0.0
23918,0.0
23919,0.0
23920,0.0
23921,0.0
23922,0.0
23923,0.0
23924,0.0
23925,0.0
23926,0.0
23927,0.0
23928,0.0
23929,0.0
23930,0.0
23931,0.0
23932,0.0
23933,0.0
23934,0.0
23935,0.0
23936,0.0
23937,0.0
23938,0.0
23939,0.0
23940,0.0
23941,0.0
23942,0.0
23943,0.0
23944,0.0
23945,0.0
23946,0.0
23947,0.0
23948,0.0
23949,0.0
23950,0.0
23951,0.0
23952,0.0
23953,0.0
23954,0.0
23955,0.0
23956,0.0
23957,0.0
23958,0.0
23959,0.0
23960,0.0
23961,0.0
23962,0.0
23963,0.0
23964,0.0
23965,0.0
23966,0.0
23967,0.0
23968,0.0
23969,0.0
23970,0.0
23971,0.0
23972,0.0
23973,0.0
23974,0.0
23975,0.0
23976,0.0
23977,0.0
23978,0.0
23979,0.0
23980,0.0
23981,0.0
23982,0.0
23983,0.0
23984,0.0
23985,0.0
23986,0.0
23987,0.0
23988,0.0
23989,0.0
23990,0.0
23991,0.0
23992,0.0
23993,0.0
23994,0.0
23995,0.0
23996,0.0
23997,0.0
23998,0.0
23999,0.0
24000,0.0
24001,7308.860348640326
24002,5872.215051346125
24003,2664.6317849025677
24004,2217.2398236272898
24005,7821.053215030418
24006,7821.053215030418
24007,7821.053215030418
24008,7308.860348640326
24009,5872.215051346125
24010,2664.6317849025677
24011,2217.2398236272898
24012,7821.053215030418
24013,7821.053215030418
24014,7821.053215030418
24015,7308.860348640326
24016,5872.215051346125
24017,2664.6317849025677
24018,2217.2398236272898
24019,7821.053215030418
24020,7821.053215030418
24021,7821.053215030418
24022,7308.860348640326
24023,5872.215051346125
24024,2664.6317849025677
24025,2217.2398236272898
24026,7821.053215030418
24027,7821.053215030418
24028,7821.053215030418
24029,7308.860348640326
24030,5872.215051346125
24031,2664.6317849025677
24032,2217.2398236272898
24033,7821.053215030418
24034,7821.053215030418
24035,7821.053215030418
24036,7308.860348640326
24037,5872.215051346125
24038,2664.6317849025677
24039,2217.2398236272898
24040,7821.053215030418
24041,7821.053215030418
24042,7821.053215030418
24043,7308.860348640326
24044,5872.215051346125
24045,2664.6317849025677
24046,2217.2398236272898
24047,7821.053215030418
24048,7821.053215030418
24049,7821.053215030418
24050,7308.860348640326
24051,5872.215051346125
24052,2664.6317849025677
24053,2217.2398236272898
24054,7821.053215030418
24055,7821.053215030418
24056,7821.053215030418
24057,7308.860348640326
24058,5872.215051346125
24059,2664.6317849025677
24060,2217.2398236272898
24061,7821.053215030418
24062,7821.053215030418
24063,7821.053215030418
24064,7308.860348640326
24065,5872.215051346125
24066,2664.6317849025677
24067,2217.2398236272898
24068,7821.053215030418
24069,7821.053215030418
24070,7821.053215030418
24071,7308.860348640326
24072,5872.215051346125
24073,2664.6317849025677
24074,2217.2398236272898
24075,7821.053215030418
24076,7821.053215030418
24077,7821.053215030418
24078,7308.860348640326
24079,5872.215051346125
24080,2664.6317849025677
24081,2217.2398236272898
24082,7821.053215030418
24083,7821.053215030418
24084,7821.053215030418
24085,7308.860348640326
24086,5872.215051346125
24087,2664.6317849025677
24088,2217.2398236272898
24089,7821.053215030418
24090,7821.053215030418
24091,7821.053215030418
24092,7308.860348640326
24093,5872.215051346125
24094,2664.6317849025677
24095,2217.2398236272898
24096,7821.053215030418
24097,7821.053215030418
24098,7821.053215030418
24099,7308.860348640326
24100,5872.215051346125
24101,2664.6317849025677
24102,2217.2398236272898
24103,7821.053215030418
24104,7821.053215030418
24105,7821.053215030418
24106,7308.860348640326
24107,5872.215051346125
24108,2664.6317849025677
24109,2217.2398236272898
24110,7821.053215030418
24111,7821.053215030418
24112,7821.053215030418
24113,7308.860348640326
24114,5872.215051346125
24115,2664.6317849025677
24116,2217.2398236272898
24117,7821.053215030418
24118,7821.053215030418
24119,7821.053215030418
24120,7308.860348640326
24121,5872.215051346125
24122,2664.6317849025677
24123,2217.2398236272898
24124,7821.053215030418
24125,7821.053215030418
24126,7821.053215030418
24127,7308.860348640326
24128,5872.215051346125
24129,2664.6317849025677
24130,2217.2398236272898
24131,7821.053215030418
24132,7821.053215030418
24133,7821.053215030418
24134,7308.860348640326
24135,5872.215051346125
24136,2664.6317849025677
24137,2217.2398236272898
24138,7821.053215030418
24139,7821.053215030418
24140,7821.053215030418
24141,7308.860348640326
24142,5872.215051346125
24143,2664.6317849025677
24144,2217.2398236272898
24145,7821.053215030418
24146,7821.053215030418
24147,7821.053215030418
24148,7308.860348640326
24149,5872.215051346125
24150,2664.6317849025677
24151,1657.3775283520552
24152,1657.3775283520552
24153,0.0
24154,0.0
24155,1657.3775283520552
24156,1657.3775283520552
24157,1657.3775283520552
24158,1657.3775283520552
24159,1657.3775283520552
24160,0.0
24161,0.0
24162,1657.3775283520552
24163,1657.3775283520552
24164,1657.3775283520552
24165,1657.3775283520552
24166,1657.3775283520552
24167,0.0
24168,0.0
24169,1657.3775283520552
24170,1657.3775283520552
24171,1657.3775283520552
24172,1657.3775283520552
24173,1657.3775283520552
24174,0.0
24175,0.0
24176,1657.3775283520552
24177,1657.3775283520552
24178,1657.3775283520552
24179,1657.3775283520552
24180,1657.3775283520552
24181,0.0
24182,0.0
24183,1657.3775283520552
24184,1657.3775283520552
24185,1657.3775283520552
24186,1657.3775283520552
24187,1657.3775283520552
24188,0.0
24189,0.0
24190,1657.3775283520552
24191,1657.3775283520552
24192,1657.3775283520552
24193,1657.3775283520552
24194,1657.3775283520552
24195,0.0
24196,0.0
24197,1657.3775283520552
24198,1657.3775283520552
24199,1657.3775283520552
24200,1657.3775283520552
24201,1657.3775283520552
24202,0.0
24203,0.0
24204,1657.3775283520552
24205,1657.3775283520552
24206,1657.3775283520552
24207,1657.3775283520552
24208,1657.3775283520552
24209,0.0
24210,0.0
24211,1657.3775283520552
24212,1657.3775283520552
24213,1657.3775283520552
24214,1657.3775283520552
24215,1657.3775283520552
24216,0.0
24217,0.0
24218,1657.3775283520552
24219,1657.3775283520552
24220,1657.3775283520552
24221,1657.3775283520552
24222,1657.3775283520552
24223,0.0
24224,0.0
24225,1657.3775283520552
24226,1657.3775283520552
24227,1657.3775283520552
24228,1657.3775283520552
24229,1657.3775283520552
24230,0.0
24231,0.0
24232,1657.3775283520552
24233,1657.3775283520552
24234,1657.3775283520552
24235,1657.3775283520552
24236,1657.3775283520552
24237,0.0
24238,0.0
24239,1657.3775283520552
24240,1657.3775283520552
24241,1657.3775283520552
24242,1657.3775283520552
24243,1657.3775283520552
24244,0.0
24245,0.0
24246,1657.3775283520552
24247,1657.3775283520552
24248,1657.3775283520552
24249,1657.3775283520552
24250,1657.3775283520552
24251,0.0
24252,0.0
24253,1657.3775283520552
24254,1657.3775283520552
24255,1657.3775283520552
24256,1657.3775283520552
24257,1657.3775283520552
24258,0.0
24259,0.0
24260,1657.3775283520552
24261,1657.3775283520552
24262,1657.3775283520552
24263,1657.3775283520552
24264,1657.3775283520552
24265,0.0
24266,0.0
24267,1657.3775283520552
24268,1657.3775283520552
24269,1657.3775283520552
24270,1657.3775283520552
24271,1657.3775283520552
24272,0.0
24273,0.0
24274,1657.3775283520552
24275,1657.3775283520552
24276,1657.3775283520552
24277,1657.3775283520552
24278,1657.3775283520552
24279,0.0
24280,0.0
24281,1657.3775283520552
24282,1657.3775283520552
24283,1657.3775283520552
24284,1657.3775283520552
24285,1657.3775283520552
24286,0.0
24287,0.0
24288,1657.3775283520552
24289,1657.3775283520552
24290,1657.3775283520552
24291,1657.3775283520552
24292,1657.3775283520552
24293,0.0
24294,0.0
24295,1657.3775283520552
24296,1657.3775283520552
24297,1657.3775283520552
24298,1657.3775283520552
24299,1657.3775283520552
24300,0.0
24301,0.0
24302,0.0
24303,0.0
24304,0.0
24305,0.0
24306,0.0
24307,0.0
24308,0.0
24309,0.0
24310,0.0
24311,0.0
24312,0.0
24313,0.0
24314,0.0
24315,0.0
24316,0.0
24317,0.0
24318,0.0
24319,0.0
24320,0.0
24321,0.0
24322,0.0
24323,0.0
24324,0.0
24325,0.0
24326,0.0
24327,0.0
24328,0.0
24329,0.0
24330,0.0
24331,0.0
24332,0.0
24333,0.0
24334,0.0
24335,0.0
24336,0.0
24337,0.0
24338,0.0
24339,0.0
24340,0.0
24341,0.0
24342,0.0
24343,0.0
24344,0.0
24345,0.0
24346,0.0
24347,0.0
24348,0.0
24349,0.0
24350,0.0
24351,0.0
24352,0.0
24353,0.0
24354,0.0
24355,0.0
24356,0.0
24357,0.0
24358,0.0
24359,0.0
24360,0.0
24361,0.0
24362,0.0
24363,0.0
24364,0.0
24365,0.0
24366,0.0
24367,0.0
24368,0.0
24369,0.0
24370,0.0
24371,0.0
24372,0.0
24373,0.0
24374,0.0
24375,0.0
24376,0.0
24377,0.0
24378,0.0
24379,0.0
24380,0.0
24381,0.0
24382,0.0
24383,0.0
24384,0.0
24385,0.0
24386,0.0
24387,0.0
24388,0.0
24389,0.0
24390,0.0
24391,0.0
24392,0.0
24393,0.0
24394,0.0
24395,0.0
24396,0.0
24397,0.0
24398,0.0
24399,0.0
24400,0.0
24401,0.0
24402,0.0
24403,0.0
24404,0.0
24405,0.0
24406,0.0
24407,0.0
24408,0.0
24409,0.0
24410,0.0
24411,0.0
24412,0.0
24413,0.0
24414,0.0
24415,0.0
24416,0.0
24417,0.0
24418,0.0
24419,0.0
24420,0.0
24421,0.0
24422,0.0
24423,0.0
24424,0.0
24425,0.0
24426,0.0
24427,0.0
24428,0.0
24429,0.0
24430,0.0
24431,0.0
24432,0.0
24433,0.0
24434,0.0
24435,0.0
24436,0.0
24437,0.0
24438,0.0
24439,0.0
24440,0.0
24441,0.0
24442,0.0
24443,0.0
24444,0.0
24445,0.0
24446,0.0
24447,0.0
24448,0.0
24449,0.0
24450,0.0
24451,0.0
24452,0.0
24453,0.0
24454,0.0
24455,0.0
24456,0.0
24457,0.0
24458,0.0
24459,0.0
24460,0.0
24461,0.0
24462,0.0
24463,0.0
24464,0.0
24465,0.0
24466,0.0
24467,0.0
24468,0.0
24469,0.0
24470,0.0
24471,0.0
24472,0.0
24473,0.0
24474,0.0
24475,0.0
24476,0.0
24477,0.0
24478,0.0
24479,0.0
24480,0.0
24481,0.0
24482,0.0
24483,0.0
24484,0.0
24485,0.0
24486,0.0
24487,0.0
24488,0.0
24489,0.0
24490,0.0
24491,0.0
24492,0.0
24493,0.0
24494,0.0
24495,0.0
24496,0.0
24497,0.0
24498,0.0
24499,0.0
24500,0.0
24501,0.0
24502,0.0
24503,0.0
24504,0.0
24505,0.0
24506,0.0
24507,0.0
24508,0.0
24509,0.0
24510,0.0
24511,0.0
24512,0.0
24513,0.0
24514,0.0
24515,0.0
24516,0.0
24517,0.0
24518,0.0
24519,0.0
24520,0.0
24521,0.0
24522,0.0
24523,0.0
24524,0.0
24525,0.0
24526,0.0
24527,0.0
24528,0.0
24529,0.0
24530,0.0
24531,0.0
24532,0.0
24533,0.0
24534,0.0
24535,0.0
24536,0.0
24537,0.0
24538,0.0
24539,0.0
24540,0.0
24541,0.0
24542,0.0
24543,0.0
24544,0.0
24545,0.0
24546,0.0
24547,0.0
24548,0.0
24549,0.0
24550,0.0
24551,0.0
24552,0.0
24553,0.0
24554,0.0
24555,0.0
24556,0.0
24557,0.0
24558,0.0
24559,0.0
24560,0.0
24561,0.0
24562,0.0
24563,0.0
24564,0.0
24565,0.0
24566,0.0
24567,0.0
24568,0.0
24569,0.0
24570,0.0
24571,0.0
24572,0.0
24573,0.0
24574,0.0
24575,0.0
24576,0.0
24577,0.0
24578,0.0
24579,0.0
24580,0.0
24581,0.0
24582,0.0
24583,0.0
24584,0.0
24585,0.0
24586,0.0
24587,0.0
24588,0.0
24589,0.0
24590,0.0
24591,0.0
24592,0.0
24593,0.0
24594,0.0
24595,0.0
24596,0.0
24597,0.0
24598,0.0
24599,0.0
24600,0.0
24601,0.0
24602,0.0
24603,0.0
24604,0.0
24605,0.0
24606,0.0
24607,0.0
24608,0.0
24609,0.0
24610,0.0
24611,0.0
24612,0.0
24613,0.0
24614,0.0
24615,0.0
24616,0.0
24617,0.0
24618,0.0
24619,0.0
24620,0.0
24621,0.0
24622,0.0
24623,0.0
24624,0.0
24625,0.0
24626,0.0
24627,0.0
24628,0.0
24629,0.0
24630,0.0
24631,0.0
24632,0.0
24633,0.0
24634,0.0
24635,0.0
24636,0.0
24637,0.0
24638,0.0
24639,0.0
24640,0.0
24641,0.0
24642,0.0
24643,0.0
24644,0.0
24645,0.0
24646,0.0
24647,0.0
24648,0.0
24649,0.0
24650,0.0
24651,0.0
24652,0.0
24653,0.0
24654,0.0
24655,0.0
24656,0.0
24657,0.0
24658,0.0
24659,0.0
24660,0.0
24661,0.0
24662,0.0
24663,0.0
24664,0.0
24665,0.0
24666,0.0
24667,0.0
24668,0.0
24669,0.0
24670,0.0
24671,0.0
24672,0.0
24673,0.0
24674,0.0
24675,0.0
24676,0.0
24677,0.0
24678,0.0
24679,0.0
24680,0.0
24681,0.0
24682,0.0
24683,0.0
24684,0.0
24685,0.0
24686,0.0
24687,0.0
24688,0.0
24689,0.0
24690,0.0
24691,0.0
24692,0.0
24693,0.0
24694,0.0
24695,0.0
24696,0.0
24697,0.0
24698,0.0
24699,0.0
24700,0.0
24701,0.0
24702,0.0
24703,0.0
24704,0.0
24705,0.0
24706,0.0
24707,0.0
24708,0.0
24709,0.0
24710,0.0
24711,0.0
24712,0.0
24713,0.0
24714,0.0
24715,0.0
24716,0.0
24717,0.0
24718,0.0
24719,0.0
24720,0.0
24721,0.0
24722,0.0
24723,0.0
24724,0.0
24725,0.0
24726,0.0
24727,0.0
24728,0.0
24729,0.0
24730,0.0
24731,0.0
24732,0.0
24733,0.0
24734,0.0
24735,0.0
24736,0.0
24737,0.0
24738,0.0
24739,0.0
24740,0.0
24741,0.0
24742,0.0
24743,0.0
24744,0.0
24745,0.0
24746,0.0
24747,0.0
24748,0.0
24749,0.0
24750,0.0
24751,0.0
24752,0.0
24753,0.0
24754,0.0
24755,0.0
24756,0.0
24757,0.0
24758,0.0
24759,0.0
24760,0.0
24761,0.0
24762,0.0
24763,0.0
24764,0.0
24765,0.0
24766,0.0
24767,0.0
24768,0.0
24769,0.0
24770,0.0
24771,0.0
24772,0.0
24773,0.0
24774,0.0
24775,0.0
24776,0.0
24777,0.0
24778,0.0
24779,0.0
24780,0.0
24781,0.0
24782,0.0
24783,0.0
24784,0.0
24785,0.0
24786,0.0
24787,0.0
24788,0.0
24789,0.0
24790,0.0
24791,0.0
24792,0.0
24793,0.0
24794,0.0
24795,0.0
24796,0.0
24797,0.0
24798,0.0
24799,0.0
24800,0.0
24801,0.0
24802,0.0
24803,0.0
24804,0.0
24805,0.0
24806,0.0
24807,0.0
24808,0.0
24809,0.0
24810,0.0
24811,0.0
24812,0.0
24813,0.0
24814,0.0
24815,0.0
24816,0.0
24817,0.0
24818,0.0
24819,0.0
24820,0.0
24821,0.0
24822,0.0
24823,0.0
24824,0.0
24825,0.0
24826,0.0
24827,0.0
24828,0.0
24829,0.0
24830,0.0
24831,0.0
24832,0.0
24833,0.0
24834,0.0
24835,0.0
24836,0.0
24837,0.0
24838,0.0
24839,0.0
24840,0.0
24841,0.0
24842,0.0
24843,0.0
24844,0.0
24845,0.0
24846,0.0
24847,0.0
24848,0.0
24849,0.0
24850,0.0
24851,0.0
24852,0.0
24853,0.0
24854,0.0
24855,0.0
24856,0.0
24857,0.0
24858,0.0
24859,0.0
24860,0.0
24861,0.0
24862,0.0
24863,0.0
24864,0.0
24865,0.0
24866,0.0
24867,0.0
24868,0.0
24869,0.0
24870,0.0
24871,0.0
24872,0.0
24873,0.0
24874,0.0
24875,0.0
24876,0.0
24877,0.0
24878,0.0
24879,0.0
24880,0.0
24881,0.0
24882,0.0
24883,0.0
24884,0.0
24885,0.0
24886,0.0
24887,0.0
24888,0.0
24889,0.0
24890,0.0
24891,0.0
24892,0.0
24893,0.0
24894,0.0
24895,0.0
24896,0.0
24897,0.0
24898,0.0
24899,0.0
24900,0.0
24901,754.6939489064619
24902,754.6939489064619
24903,754.6939489064619
24904,754.6939489064619
24905,754.6939489064619
24906,754.6939489064619
24907,754.6939489064619
24908,754.6939489064619
24909,754.6939489064619
24910,754.6939489064619
24911,754.6939489064619
24912,754.6939489064619
24913,754.6939489064619
24914,754.6939489064619
24915,754.6939489064619
24916,754.6939489064619
24917,754.6939489064619
24918,754.6939489064619
24919,754.6939489064619
24920,754.6939489064619
24921,754.6939489064619
24922,754.6939489064619
24923,754.6939489064619
24924,754.6939489064619
24925,754.6939489064619
24926,754.6939489064619
24927,754.6939489064619
24928,754.6939489064619
24929,754.6939489064619
24930,754.6939489064619
24931,754.6939489064619
24932,754.6939489064619
24933,754.6939489064619
24934,754.6939489064619
24935,754.6939489064619
24936,754.6939489064619
24937,754.6939489064619
24938,754.6939489064619
24939,754.6939489064619
24940,754.6939489064619
24941,754.6939489064619
24942,754.6939489064619
24943,754.6939489064619
24944,754.6939489064619
24945,754.6939489064619
24946,754.6939489064619
24947,754.6939489064619
24948,754.6939489064619
24949,754.6939489064619
24950,754.6939489064619
24951,754.6939489064619
24952,754.6939489064619
24953,754.6939489064619
24954,754.6939489064619
24955,754.6939489064619
24956,754.6939489064619
24957,754.6939489064619
24958,754.6939489064619
24959,754.6939489064619
24960,754.6939489064619
24961,754.6939489064619
24962,754.6939489064619
24963,754.6939489064619
24964,754.6939489064619
24965,754.6939489064619
24966,754.6939489064619
24967,754.6939489064619
24968,754.6939489064619
24969,754.6939489064619
24970,754.6939489064619
24971,754.6939489064619
24972,754.6939489064619
24973,754.6939489064619
24974,754.6939489064619
24975,754.6939489064619
24976,754.6939489064619
24977,754.6939489064619
24978,754.6939489064619
24979,754.6939489064619
24980,754.6939489064619
24981,754.6939489064619
24982,754.6939489064619
24983,754.6939489064619
24984,754.6939489064619
24985,754.6939489064619
24986,754.6939489064619
24987,754.6939489064619
24988,754.6939489064619
24989,754.6939489064619
24990,754.6939489064619
24991,754.6939489064619
24992,754.6939489064619
24993,754.6939489064619
24994,754.6939489064619
24995,754.6939489064619
24996,754.6939489064619
24997,754.6939489064619
24998,754.6939489064619
24999,754.6939489064619
25000,754.6939489064619
25001,754.6939489064619
25002,754.6939489064619
25003,754.6939489064619
25004,754.6939489064619
25005,754.6939489064619
25006,754.6939489064619
25007,754.6939489064619
25008,754.6939489064619
25009,754.6939489064619
25010,754.6939489064619
25011,754.6939489064619
25012,754.6939489064619
25013,754.6939489064619
25014,754.6939489064619
25015,754.6939489064619
25016,754.6939489064619
25017,754.6939489064619
25018,754.6939489064619
25019,754.6939489064619
25020,754.6939489064619
25021,754.6939489064619
25022,754.6939489064619
25023,754.6939489064619
25024,754.6939489064619
25025,754.6939489064619
25026,754.6939489064619
25027,754.6939489064619
25028,754.6939489064619
25029,754.6939489064619
25030,754.6939489064619
25031,754.6939489064619
25032,754.6939489064619
25033,754.6939489064619
25034,754.6939489064619
25035,754.6939489064619
25036,754.6939489064619
25037,754.6939489064619
25038,754.6939489064619
25039,754.6939489064619
25040,754.6939489064619
25041,754.6939489064619
25042,754.6939489064619
25043,754.6939489064619
25044,754.6939489064619
25045,754.6939489064619
25046,754.6939489064619
25047,754.6939489064619
25048,754.6939489064619
25049,754.6939489064619
25050,754.6939489064619
25051,0.0
25052,0.0
25053,0.0
25054,0.0
25055,0.0
25056,0.0
25057,0.0
25058,0.0
25059,0.0
25060,0.0
25061,0.0
25062,0.0
25063,0.0
25064,0.0
25065,0.0
25066,0.0
25067,0.0
25068,0.0
25069,0.0
25070,0.0
25071,0.0
25072,0.0
25073,0.0
25074,0.0
25075,0.0
25076,0.0
25077,0.0
25078,0.0
25079,0.0
25080,0.0
25081,0.0
25082,0.0
25083,0.0
25084,0.0
25085,0.0
25086,0.0
25087,0.0
25088,0.0
25089,0.0
25090,0.0
25091,0.0
25092,0.0
25093,0.0
25094,0.0
25095,0.0
25096,0.0
25097,0.0
25098,0.0
25099,0.0
25100,0.0
25101,0.0
25102,0.0
25103,0.0
25104,0.0
25105,0.0
25106,0.0
25107,0.0
25108,0.0
25109,0.0
25110,0.0
25111,0.0
25112,0.0
25113,0.0
25114,0.0
25115,0.0
25116,0.0
25117,0.0
25118,0.0
25119,0.0
25120,0.0
25121,0.0
25122,0.0
25123,0.0
25124,0.0
25125,0.0
25126,0.0
25127,0.0
25128,0.0
25129,0.0
25130,0.0
25131,0.0
25132,0.0
25133,0.0
25134,0.0
25135,0.0
25136,0.0
25137,0.0
25138,0.0
25139,0.0
25140,0.0
25141,0.0
25142,0.0
25143,0.0
25144,0.0
25145,0.0
25146,0.0
25147,0.0
25148,0.0
25149,0.0
25150,0.0
25151,0.0
25152,0.0
25153,0.0
25154,0.0
25155,0.0
25156,0.0
25157,0.0
25158,0.0
25159,0.0
25160,0.0
25161,0.0
25162,0.0
25163,0.0
25164,0.0
25165,0.0
25166,0.0
25167,0.0
25168,0.0
25169,0.0
25170,0.0
25171,0.0
25172,0.0
25173,0.0
25174,0.0
25175,0.0
25176,0.0
25177,0.0
25178,0.0
25179,0.0
25180,0.0
25181,0.0
25182,0.0
25183,0.0
25184,0.0
25185,0.0
25186,0.0
25187,0.0
25188,0.0
25189,0.0
25190,0.0
25191,0.0
25192,0.0
25193,0.0
25194,0.0
25195,0.0
25196,0.0
25197,0.0
25198,0.0
25199,0.0
25200,0.0
25201,0.0
25202,0.0
25203,0.0
25204,0.0
25205,0.0
25206,0.0
25207,0.0
25208,0.0
25209,0.0
25210,0.0
25211,0.0
25212,0.0
25213,0.0
25214,0.0
25215,0.0
25216,0.0
25217,0.0
25218,0.0
25219,0.0
25220,0.0
25221,0.0
25222,0.0
25223,0.0
25224,0.0
25225,0.0
25226,0.0
25227,0.0
25228,0.0
25229,0.0
25230,0.0
25231,0.0
25232,0.0
25233,0.0
25234,0.0
25235,0.0
25236,0.0
25237,0.0
25238,0.0
25239,0.0
25240,0.0
25241,0.0
25242,0.0
25243,0.0
25244,0.0
25245,0.0
25246,0.0
25247,0.0
25248,0.0
25249,0.0
25250,0.0
25251,0.0
25252,0.0
25253,0.0
25254,0.0
25255,0.0
25256,0.0
25257,0.0
25258,0.0
25259,0.0
25260,0.0
25261,0.0
25262,0.0
25263,0.0
25264,0.0
25265,0.0
25266,0.0
25267,0.0
25268,0.0
25269,0.0
25270,0.0
25271,0.0
25272,0.0
25273,0.0
25274,0.0
25275,0.0
25276,0.0
25277,0.0
25278,0.0
25279,0.0
25280,0.0
25281,0.0
25282,0.0
25283,0.0
25284,0.0
25285,0.0
25286,0.0
25287,0.0
25288,0.0
25289,0.0
25290,0.0
25291,0.0
25292,0.0
25293,0.0
25294,0.0
25295,0.0
25296,0.0
25297,0.0
25298,0.0
25299,0.0
25300,0.0
25301,0.0
25302,0.0
25303,0.0
25304,0.0
25305,0.0
25306,0.0
25307,0.0
25308,0.0
25309,0.0
25310,0.0
25311,0.0
25312,0.0
25313,0.0
25314,0.0
25315,0.0
25316,0.0
25317,0.0
25318,0.0
25319,0.0
25320,0.0
25321,0.0
25322,0.0
25323,0.0
25324,0.0
25325,0.0
25326,0.0
25327,0.0
25328,0.0
25329,0.0
25330,0.0
25331,0.0
25332,0.0
25333,0.0
25334,0.0
25335,0.0
25336,0.0
25337,0.0
25338,0.0
25339,0.0
25340,0.0
25341,0.0
25342,0.0
25343,0.0
25344,0.0
25345,0.0
25346,0.0
25347,0.0
25348,0.0
25349,0.0
25350,0.0
25351,0.0
25352,0.0
25353,0.0
25354,0.0
25355,0.0
25356,0.0
25357,0.0
25358,0.0
25359,0.0
25360,0.0
25361,0.0
25362,0.0
25363,0.0
25364,0.0
25365,0.0
25366,0.0
25367,0.0
25368,0.0
25369,0.0
25370,0.0
25371,0.0
25372,0.0
25373,0.0
25374,0.0
25375,0.0
25376,0.0
25377,0.0
25378,0.0
25379,0.0
25380,0.0
25381,0.0
25382,0.0
25383,0.0
25384,0.0
25385,0.0
25386,0.0
25387,0.0
25388,0.0
25389,0.0
25390,0.0
25391,0.0
25392,0.0
25393,0.0
25394,0.0
25395,0.0
25396,0.0
25397,0.0
25398,0.0
25399,0.0
25400,0.0
25401,0.0
25402,0.0
25403,0.0
25404,0.0
25405,0.0
25406,0.0
25407,0.0
25408,0.0
25409,0.0
25410,0.0
25411,0.0
25412,0.0
25413,0.0
25414,0.0
25415,0.0
25416,0.0
25417,0.0
25418,0.0
25419,0.0
25420,0.0
25421,0.0
25422,0.0
25423,0.0
25424,0.0
25425,0.0
25426,0.0
25427,0.0
25428,0.0
25429,0.0
25430,0.0
25431,0.0
25432,0.0
25433,0.0
25434,0.0
25435,0.0
25436,0.0
25437,0.0
25438,0.0
25439,0.0
25440,0.0
25441,0.0
25442,0.0
25443,0.0
25444,0.0
25445,0.0
25446,0.0
25447,0.0
25448,0.0
25449,0.0
25450,0.0
25451,0.0
25452,0.0
25453,0.0
25454,0.0
25455,0.0
25456,0.0
25457,0.0
25458,0.0
25459,0.0
25460,0.0
25461,0.0
25462,0.0
25463,0.0
25464,0.0
25465,0.0
25466,0.0
25467,0.0
25468,0.0
25469,0.0
25470,0.0
25471,0.0
25472,0.0
25473,0.0
25474,0.0
25475,0.0
25476,0.0
25477,0.0
25478,0.0
25479,0.0
25480,0.0
25481,0.0
25482,0.0
25483,0.0
25484,0.0
25485,0.0
25486,0.0
25487,0.0
25488,0.0
25489,0.0
25490,0.0
25491,0.0
25492,0.0
25493,0.0
25494,0.0
25495,0.0
25496,0.0
25497,0.0
25498,0.0
25499,0.0
25500,0.0
25501,0.0
25502,0.0
25503,0.0
25504,0.0
25505,0.0
25506,0.0
25507,0.0
25508,0.0
25509,0.0
25510,0.0
25511,0.0
25512,0.0
25513,0.0
25514,0.0
25515,0.0
25516,0.0
25517,0.0
25518,0.0
25519,0.0
25520,0.0
25521,0.0
25522,0.0
25523,0.0
25524,0.0
25525,0.0
25526,0.0
25527,0.0
25528,0.0
25529,0.0
25530,0.0
25531,0.0
25532,0.0
25533,0.0
25534,0.0
25535,0.0
25536,0.0
25537,0.0
25538,0.0
25539,0.0
25540,0.0
25541,0.0
25542,0.0
25543,0.0
25544,0.0
25545,0.0
25546,0.0
25547,0.0
25548,0.0
25549,0.0
25550,0.0
25551,0.0
25552,0.0
25553,0.0
25554,0.0
25555,0.0
25556,0.0
25557,0.0
25558,0.0
25559,0.0
25560,0.0
25561,0.0
25562,0.0
25563,0.0
25564,0.0
25565,0.0
25566,0.0
25567,0.0
25568,0.0
25569,0.0
25570,0.0
25571,0.0
25572,0.0
25573,0.0
25574,0.0
25575,0.0
25576,0.0
25577,0.0
25578,0.0
25579,0.0
25580,0.0
25581,0.0
25582,0.0
25583,0.0
25584,0.0
25585,0.0
25586,0.0
25587,0.0
25588,0.0
25589,0.0
25590,0.0
25591,0.0
25592,0.0
25593,0.0
25594,0.0
25595,0.0
25596,0.0
25597,0.0
25598,0.0
25599,0.0
25600,0.0
25601,0.0
25602,0.0
25603,0.0
25604,0.0
25605,0.0
25606,0.0
25607,0.0
25608,0.0
25609,0.0
25610,0.0
25611,0.0
25612,0.0
25613,0.0
25614,0.0
25615,0.0
25616,0.0
25617,0.0
25618,0.0
25619,0.0
25620,0.0
25621,0.0
25622,0.0
25623,0.0
25624,0.0
25625,0.0
25626,0.0
25627,0.0
25628,0.0
25629,0.0
25630,0.0
25631,0.0
25632,0.0
25633,0.0
25634,0.0
25635,0.0
25636,0.0
25637,0.0
25638,0.0
25639,0.0
25640,0.0
25641,0.0
25642,0.0
25643,0.0
25644,0.0
25645,0.0
25646,0.0
25647,0.0
25648,0.0
25649,0.0
25650,0.0
25651,0.0
25652,0.0
25653,0.0
25654,0.0
25655,0.0
25656,0.0
25657,0.0
25658,0.0
25659,0.0
25660,0.0
25661,0.0
25662,0.0
25663,0.0
25664,0.0
25665,0.0
25666,0.0
25667,0.0
25668,0.0
25669,0.0
25670,0.0
25671,0.0
25672,0.0
25673,0.0
25674,0.0
25675,0.0
25676,0.0
25677,0.0
25678,0.0
25679,0.0
25680,0.0
25681,0.0
25682,0.0
25683,0.0
25684,0.0
25685,0.0
25686,0.0
25687,0.0
25688,0.0
25689,0.0
25690,0.0
25691,0.0
25692,0.0
25693,0.0
25694,0.0
25695,0.0
25696,0.0
25697,0.0
25698,0.0
25699,0.0
25700,0.0
25701,0.0
25702,0.0
25703,0.0
25704,0.0
25705,0.0
25706,0.0
25707,0.0
25708,0.0
25709,0.0
25710,0.0
25711,0.0
25712,0.0
25713,0.0
25714,0.0
25715,0.0
25716,0.0
25717,0.0
25718,0.0
25719,0.0
25720,0.0
25721,0.0
25722,0.0
25723,0.0
25724,0.0
25725,0.0
25726,0.0
25727,0.0
25728,0.0
25729,0.0
25730,0.0
25731,0.0
25732,0.0
25733,0.0
25734,0.0
25735,0.0
25736,0.0
25737,0.0
25738,0.0
25739,0.0
25740,0.0
25741,0.0
25742,0.0
25743,0.0
25744,0.0
25745,0.0
25746,0.0
25747,0.0
25748,0.0
25749,0.0
25750,0.0
25751,0.0
25752,0.0
25753,0.0
25754,0.0
25755,0.0
25756,0.0
25757,0.0
25758,0.0
25759,0.0
25760,0.0
25761,0.0
25762,0.0
25763,0.0
25764,0.0
25765,0.0
25766,0.0
25767,0.0
25768,0.0
25769,0.0
25770,0.0
25771,0.0
25772,0.0
25773,0.0
25774,0.0
25775,0.0
25776,0.0
25777,0.0
25778,0.0
25779,0.0
25780,0.0
25781,0.0
25782,0.0
25783,0.0
25784,0.0
25785,0.0
25786,0.0
25787,0.0
25788,0.0
25789,0.0
25790,0.0
25791,0.0
25792,0.0
25793,0.0
25794,0.0
25795,0.0
25796,0.0
25797,0.0
25798,0.0
25799,0.0
25800,0.0
25801,11401.359976408798
25802,9964.714679114591
25803,6757.131412671035
25804,6309.739451395757
25805,11913.552842798887
25806,11913.552842798887
25807,11913.552842798887
25808,11401.359976408798
25809,9964.714679114591
25810,6757.131412671035
25811,6309.739451395757
25812,11913.552842798887
25813,11913.552842798887
25814,11913.552842798887
25815,11401.359976408798
25816,9964.714679114591
25817,6757.131412671035
25818,6309.739451395757
25819,11913.552842798887
25820,11913.552842798887
25821,11913.552842798887
25822,11401.359976408798
25823,9964.714679114591
25824,6757.131412671035
25825,6309.739451395757
25826,11913.552842798887
25827,11913.552842798887
25828,11913.552842798887
25829,11401.359976408798
25830,9964.714679114591
25831,6757.131412671035
25832,6309.739451395757
25833,11913.552842798887
25834,11913.552842798887
25835,11913.552842798887
25836,11401.359976408798
25837,9964.714679114591
25838,6757.131412671035
25839,6309.739451395757
25840,11913.552842798887
25841,11913.552842798887
25842,11913.552842798887
25843,11401.359976408798
25844,9964.714679114591
25845,6757.131412671035
25846,6309.739451395757
25847,11913.552842798887
25848,11913.552842798887
25849,11913.552842798887
25850,11401.359976408798
25851,9964.714679114591
25852,6757.131412671035
25853,6309.739451395757
25854,11913.552842798887
25855,11913.552842798887
25856,11913.552842798887
25857,11401.359976408798
25858,9964.714679114591
25859,6757.131412671035
25860,6309.739451395757
25861,11913.552842798887
25862,11913.552842798887
25863,11913.552842798887
25864,11401.359976408798
25865,9964.714679114591
25866,6757.131412671035
25867,6309.739451395757
25868,11913.552842798887
25869,11913.552842798887
25870,11913.552842798887
25871,11401.359976408798
25872,9964.714679114591
25873,6757.131412671035
25874,6309.739451395757
25875,11913.552842798887
25876,11913.552842798887
25877,11913.552842798887
25878,11401.359976408798
25879,9964.714679114591
25880,6757.131412671035
25881,6309.739451395757
25882,11913.552842798887
25883,11913.552842798887
25884,11913.552842798887
25885,11401.359976408798
25886,9964.714679114591
25887,6757.131412671035
25888,6309.739451395757
25889,11913.552842798887
25890,11913.552842798887
25891,11913.552842798887
25892,11401.359976408798
25893,9964.714679114591
25894,6757.131412671035
25895,6309.739451395757
25896,11913.552842798887
25897,11913.552842798887
25898,11913.552842798887
25899,11401.359976408798
25900,9964.714679114591
25901,6757.131412671035
25902,6309.739451395757
25903,11913.552842798887
25904,11913.552842798887
25905,11913.552842798887
25906,11401.359976408798
25907,9964.714679114591
25908,6757.131412671035
25909,6309.739451395757
25910,11913.552842798887
25911,11913.552842798887
25912,11913.552842798887
25913,11401.359976408798
25914,9964.714679114591
25915,6757.131412671035
25916,6309.739451395757
25917,11913.552842798887
25918,11913.552842798887
25919,11913.552842798887
25920,11401.359976408798
25921,9964.714679114591
25922,6757.131412671035
25923,6309.739451395757
25924,11913.552842798887
25925,11913.552842798887
25926,11913.552842798887
25927,11401.359976408798
25928,9964.714679114591
25929,6757.131412671035
25930,6309.739451395757
25931,11913.552842798887
25932,11913.552842798887
25933,11913.552842798887
25934,11401.359976408798
25935,9964.714679114591
25936,6757.131412671035
25937,6309.739451395757
25938,11913.552842798887
25939,11913.552842798887
25940,11913.552842798887
25941,11401.359976408798
25942,9964.714679114591
25943,6757.131412671035
25944,6309.739451395757
25945,11913.552842798887
25946,11913.552842798887
25947,11913.552842798887
25948,11401.359976408798
25949,9964.714679114591
25950,6757.131412671035
25951,887.2303584703855
25952,887.2303584703855
25953,887.2303584703855
25954,887.2303584703855
25955,887.2303584703855
25956,887.2303584703855
25957,887.2303584703855
25958,887.2303584703855
25959,887.2303584703855
25960,887.2303584703855
25961,887.2303584703855
25962,887.2303584703855
25963,887.2303584703855
25964,887.2303584703855
25965,887.2303584703855
25966,887.2303584703855
25967,887.2303584703855
25968,887.2303584703855
25969,887.2303584703855
25970,887.2303584703855
25971,887.2303584703855
25972,887.2303584703855
25973,887.2303584703855
25974,887.2303584703855
25975,887.2303584703855
25976,887.2303584703855
25977,887.2303584703855
25978,887.2303584703855
25979,887.2303584703855
25980,887.2303584703855
25981,887.2303584703855
25982,887.2303584703855
25983,887.2303584703855
25984,887.2303584703855
25985,887.2303584703855
25986,887.2303584703855
25987,887.2303584703855
25988,887.2303584703855
25989,887.2303584703855
25990,887.2303584703855
25991,887.2303584703855
25992,887.2303584703855
25993,887.2303584703855
25994,887.2303584703855
25995,887.2303584703855
25996,887.2303584703855
25997,887.2303584703855
25998,887.2303584703855
25999,887.2303584703855
26000,887.2303584703855
26001,887.2303584703855
26002,887.2303584703855
26003,887.2303584703855
26004,887.2303584703855
26005,887.2303584703855
26006,887.2303584703855
26007,887.2303584703855
26008,887.2303584703855
26009,887.2303584703855
26010,887.2303584703855
26011,887.2303584703855
26012,887.2303584703855
26013,887.2303584703855
26014,887.2303584703855
26015,887.2303584703855
26016,887.2303584703855
26017,887.2303584703855
26018,887.2303584703855
26019,887.2303584703855
26020,887.2303584703855
26021,887.2303584703855
26022,887.2303584703855
26023,887.2303584703855
26024,887.2303584703855
26025,887.2303584703855
26026,887.2303584703855
26027,887.2303584703855
26028,887.2303584703855
26029,887.2303584703855
26030,887.2303584703855
26031,887.2303584703855
26032,887.2303584703855
26033,887.2303584703855
26034,887.2303584703855
26035,887.2303584703855
26036,887.2303584703855
26037,887.2303584703855
26038,887.2303584703855
26039,887.2303584703855
26040,887.2303584703855
26041,887.2303584703855
26042,887.2303584703855
26043,887.2303584703855
26044,887.2303584703855
26045,887.2303584703855
26046,887.2303584703855
26047,887.2303584703855
26048,887.2303584703855
26049,887.2303584703855
26050,887.2303584703855
26051,887.2303584703855
26052,887.2303584703855
26053,887.2303584703855
26054,887.2303584703855
26055,887.2303584703855
26056,887.2303584703855
26057,887.2303584703855
26058,887.2303584703855
26059,887.2303584703855
26060,887.2303584703855
26061,887.2303584703855
26062,887.2303584703855
26063,887.2303584703855
26064,887.2303584703855
26065,887.2303584703855
26066,887.2303584703855
26067,887.2303584703855
26068,887.2303584703855
26069,887.2303584703855
26070,887.2303584703855
26071,887.2303584703855
26072,887.2303584703855
26073,887.2303584703855
26074,887.2303584703855
26075,887.2303584703855
26076,887.2303584703855
26077,887.2303584703855
26078,887.2303584703855
26079,887.2303584703855
26080,887.2303584703855
26081,887.2303584703855
26082,887.2303584703855
26083,887.2303584703855
26084,887.2303584703855
26085,887.2303584703855
26086,887.2303584703855
26087,887.2303584703855
26088,887.2303584703855
26089,887.2303584703855
26090,887.2303584703855
26091,887.2303584703855
26092,887.2303584703855
26093,887.2303584703855
26094,887.2303584703855
26095,887.2303584703855
26096,887.2303584703855
26097,887.2303584703855
26098,887.2303584703855
26099,887.2303584703855
26100,887.2303584703855
26101,0.0
26102,0.0
26103,0.0
26104,0.0
26105,0.0
26106,0.0
26107,0.0
26108,0.0
26109,0.0
26110,0.0
26111,0.0
26112,0.0
26113,0.0
26114,0.0
26115,0.0
26116,0.0
26117,0.0
26118,0.0
26119,0.0
26120,0.0
26121,0.0
26122,0.0
26123,0.0
26124,0.0
26125,0.0
26126,0.0
26127,0.0
26128,0.0
26129,0.0
26130,0.0
26131,0.0
26132,0.0
26133,0.0
26134,0.0
26135,0.0
26136,0.0
26137,0.0
26138,0.0
26139,0.0
26140,0.0
26141,0.0
26142,0.0
26143,0.0
26144,0.0
26145,0.0
26146,0.0
26147,0.0
26148,0.0
26149,0.0
26150,0.0
26151,0.0
26152,0.0
26153,0.0
26154,0.0
26155,0.0
26156,0.0
26157,0.0
26158,0.0
26159,0.0
26160,0.0
26161,0.0
26162,0.0
26163,0.0
26164,0.0
26165,0.0
26166,0.0
26167,0.0
26168,0.0
26169,0.0
26170,0.0
26171,0.0
26172,0.0
26173,0.0
26174,0.0
26175,0.0
26176,0.0
26177,0.0
26178,0.0
26179,0.0
26180,0.0
26181,0.0
26182,0.0
26183,0.0
26184,0.0
26185,0.0
26186,0.0
26187,0.0
26188,0.0
26189,0.0
26190,0.0
26191,0.0
26192,0.0
26193,0.0
26194,0.0
26195,0.0
26196,0.0
26197,0.0
26198,0.0
26199,0.0
26200,0.0
26201,0.0
26202,0.0
26203,0.0
26204,0.0
26205,0.0
26206,0.0
26207,0.0
26208,0.0
26209,0.0
26210,0.0
26211,0.0
26212,0.0
26213,0.0
26214,0.0
26215,0.0
26216,0.0
26217,0.0
26218,0.0
26219,0.0
26220,0.0
26221,0.0
26222,0.0
26223,0.0
26224,0.0
26225,0.0
26226,0.0
26227,0.0
26228,0.0
26229,0.0
26230,0.0
26231,0.0
26232,0.0
26233,0.0
26234,0.0
26235,0.0
26236,0.0
26237,0.0
26238,0.0
26239,0.0
26240,0.0
26241,0.0
26242,0.0
26243,0.0
26244,0.0
26245,0.0
26246,0.0
26247,0.0
26248,0.0
26249,0.0
26250,0.0
26251,0.0
26252,0.0
26253,0.0
26254,0.0
26255,0.0
26256,0.0
26257,0.0
26258,0.0
26259,0.0
26260,0.0
26261,0.0
26262,0.0
26263,0.0
26264,0.0
26265,0.0
26266,0.0
26267,0.0
26268,0.0
26269,0.0
26270,0.0
26271,0.0
26272,0.0
26273,0.0
26274,0.0
26275,0.0
26276,0.0
26277,0.0
26278,0.0
26279,0.0
26280,0.0
26281,0.0
26282,0.0
26283,0.0
26284,0.0
26285,0.0
26286,0.0
26287,0.0
26288,0.0
26289,0.0
26290,0.0
26291,0.0
26292,0.0
26293,0.0
26294,0.0
26295,0.0
26296,0.0
26297,0.0
26298,0.0
26299,0.0
26300,0.0
26301,0.0
26302,0.0
26303,0.0
26304,0.0
26305,0.0
26306,0.0
26307,0.0
26308,0.0
26309,0.0
26310,0.0
26311,0.0
26312,0.0
26313,0.0
26314,0.0
26315,0.0
26316,0.0
26317,0.0
26318,0.0
26319,0.0
26320,0.0
26321,0.0
26322,0.0
26323,0.0
26324,0.0
26325,0.0
26326,0.0
26327,0.0
26328,0.0
26329,0.0
26330,0.0
26331,0.0
26332,0.0
26333,0.0
26334,0.0
26335,0.0
26336,0.0
26337,0.0
26338,0.0
26339,0.0
26340,0.0
26341,0.0
26342,0.0
26343,0.0
26344,0.0
26345,0.0
26346,0.0
26347,0.0
26348,0.0
26349,0.0
26350,0.0
26351,0.0
26352,0.0
26353,0.0
26354,0.0
26355,0.0
26356,0.0
26357,0.0
26358,0.0
26359,0.0
26360,0.0
26361,0.0
26362,0.0
26363,0.0
26364,0.0
26365,0.0
26366,0.0
26367,0.0
26368,0.0
26369,0.0
26370,0.0
26371,0.0
26372,0.0
26373,0.0
26374,0.0
26375,0.0
26376,0.0
26377,0.0
26378,0.0
26379,0.0
26380,0.0
26381,0.0
26382,0.0
26383,0.0
26384,0.0
26385,0.0
26386,0.0
26387,0.0
26388,0.0
26389,0.0
26390,0.0
26391,0.0
26392,0.0
26393,0.0
26394,0.0
26395,0.0
26396,0.0
26397,0.0
26398,0.0
26399,0.0
26400,0.0
26401,0.0
26402,0.0
26403,0.0
26404,0.0
26405,0.0
26406,0.0
26407,0.0
26408,0.0
26409,0.0
26410,0.0
26411,0.0
26412,0.0
26413,0.0
26414,0.0
26415,0.0
26416,0.0
26417,0.0
26418,0.0
26419,0.0
26420,0.0
26421,0.0
26422,0.0
26423,0.0
26424,0.0
26425,0.0
26426,0.0
26427,0.0
26428,0.0
26429,0.0
26430,0.0
26431,0.0
26432,0.0
26433,0.0
26434,0.0
26435,0.0
26436,0.0
26437,0.0
26438,0.0
26439,0.0
26440,0.0
26441,0.0
26442,0.0
26443,0.0
26444,0.0
26445,0.0
26446,0.0
26447,0.0
26448,0.0
26449,0.0
26450,0.0
26451,0.0
26452,0.0
26453,0.0
26454,0.0
26455,0.0
26456,0.0
26457,0.0
26458,0.0
26459,0.0
26460,0.0
26461,0.0
26462,0.0
26463,0.0
26464,0.0
26465,0.0
26466,0.0
26467,0.0
26468,0.0
26469,0.0
26470,0.0
26471,0.0
26472,0.0
26473,0.0
26474,0.0
26475,0.0
26476,0.0
26477,0.0
26478,0.0
26479,0.0
26480,0.0
26481,0.0
26482,0.0
26483,0.0
26484,0.0
26485,0.0
26486,0.0
26487,0.0
26488,0.0
26489,0.0
26490,0.0
26491,0.0
26492,0.0
26493,0.0
26494,0.0
26495,0.0
26496,0.0
26497,0.0
26498,0.0
26499,0.0
26500,0.0
26501,0.0
26502,0.0
26503,0.0
26504,0.0
26505,0.0
26506,0.0
26507,0.0
26508,0.0
26509,0.0
26510,0.0
26511,0.0
26512,0.0
26513,0.0
26514,0.0
26515,0.0
26516,0.0
26517,0.0
26518,0.0
26519,0.0
26520,0.0
26521,0.0
26522,0.0
26523,0.0
26524,0.0
26525,0.0
26526,0.0
26527,0.0
26528,0.0
26529,0.0
26530,0.0
26531,0.0
26532,0.0
26533,0.0
26534,0.0
26535,0.0
26536,0.0
26537,0.0
26538,0.0
26539,0.0
26540,0.0
26541,0.0
26542,0.0
26543,0.0
26544,0.0
26545,0.0
26546,0.0
26547,0.0
26548,0.0
26549,0.0
26550,0.0
26551,21714.883298498185
26552,19347.00158373419
26553,16139.418317290636
26554,15692.026356015356
26555,22227.07616488828
26556,22227.07616488828
26557,22227.07616488828
26558,21714.883298498185
26559,19347.00158373419
26560,16139.418317290636
26561,15692.026356015356
26562,22227.07616488828
26563,22227.07616488828
26564,22227.07616488828
26565,21714.883298498185
26566,19347.00158373419
26567,16139.418317290636
26568,15692.026356015356
26569,22227.07616488828
26570,22227.07616488828
26571,22227.07616488828
26572,21714.883298498185
26573,19347.00158373419
26574,16139.418317290636
26575,15692.026356015356
26576,22227.07616488828
26577,22227.07616488828
26578,22227.07616488828
26579,21714.883298498185
26580,19347.00158373419
26581,16139.418317290636
26582,15692.026356015356
26583,22227.07616488828
26584,22227.07616488828
26585,22227.07616488828
26586,21714.883298498185
26587,19347.00158373419
26588,16139.418317290636
26589,15692.026356015356
26590,22227.07616488828
26591,22227.07616488828
26592,22227.07616488828
26593,21714.883298498185
26594,19347.00158373419
26595,16139.418317290636
26596,15692.026356015356
26597,22227.07616488828
26598,22227.07616488828
26599,22227.07616488828
26600,21714.883298498185
26601,19347.00158373419
26602,16139.418317290636
26603,15692.026356015356
26604,22227.07616488828
26605,22227.07616488828
26606,22227.07616488828
26607,21714.883298498185
26608,19347.00158373419
26609,16139.418317290636
26610,15692.026356015356
26611,22227.07616488828
26612,22227.07616488828
26613,22227.07616488828
26614,21714.883298498185
26615,19347.00158373419
26616,16139.418317290636
26617,15692.026356015356
26618,22227.07616488828
26619,22227.07616488828
26620,22227.07616488828
26621,21714.883298498185
26622,19347.00158373419
26623,16139.418317290636
26624,15692.026356015356
26625,22227.07616488828
26626,22227.07616488828
26627,22227.07616488828
26628,21714.883298498185
26629,19347.00158373419
26630,16139.418317290636
26631,15692.026356015356
26632,22227.07616488828
26633,22227.07616488828
26634,22227.07616488828
26635,21714.883298498185
26636,19347.00158373419
26637,16139.418317290636
26638,15692.026356015356
26639,22227.07616488828
26640,22227.07616488828
26641,22227.07616488828
26642,21714.883298498185
26643,19347.00158373419
26644,16139.418317290636
26645,15692.026356015356
26646,22227.07616488828
26647,22227.07616488828
26648,22227.07616488828
26649,21714.883298498185
26650,19347.00158373419
26651,16139.418317290636
26652,15692.026356015356
26653,22227.07616488828
26654,22227.07616488828
26655,22227.07616488828
26656,21714.883298498185
26657,19347.00158373419
26658,16139.418317290636
26659,15692.026356015356
26660,22227.07616488828
26661,22227.07616488828
26662,22227.07616488828
26663,21714.883298498185
26664,19347.00158373419
26665,16139.418317290636
26666,15692.026356015356
26667,22227.07616488828
26668,22227.07616488828
26669,22227.07616488828
26670,21714.883298498185
26671,19347.00158373419
26672,16139.418317290636
26673,15692.026356015356
26674,22227.07616488828
26675,22227.07616488828
26676,22227.07616488828
26677,21714.883298498185
26678,19347.00158373419
26679,16139.418317290636
26680,15692.026356015356
26681,22227.07616488828
26682,22227.07616488828
26683,22227.07616488828
26684,21714.883298498185
26685,19347.00158373419
26686,16139.418317290636
26687,15692.026356015356
26688,22227.07616488828
26689,22227.07616488828
26690,22227.07616488828
26691,21714.883298498185
26692,19347.00158373419
26693,16139.418317290636
26694,15692.026356015356
26695,22227.07616488828
26696,22227.07616488828
26697,22227.07616488828
26698,21714.883298498185
26699,19347.00158373419
26700,16139.418317290636
26701,0.0
26702,0.0
26703,0.0
26704,0.0
26705,0.0
26706,0.0
26707,0.0
26708,0.0
26709,0.0
26710,0.0
26711,0.0
26712,0.0
26713,0.0
26714,0.0
26715,0.0
26716,0.0
26717,0.0
26718,0.0
26719,0.0
26720,0.0
26721,0.0
26722,0.0
26723,0.0
26724,0.0
26725,0.0
26726,0.0
26727,0.0
26728,0.0
26729,0.0
26730,0.0
26731,0.0
26732,0.0
26733,0.0
26734,0.0
26735,0.0
26736,0.0
26737,0.0
26738,0.0
26739,0.0
26740,0.0
26741,0.0
26742,0.0
26743,0.0
26744,0.0
26745,0.0
26746,0.0
26747,0.0
26748,0.0
26749,0.0
26750,0.0
26751,0.0
26752,0.0
26753,0.0
26754,0.0
26755,0.0
26756,0.0
26757,0.0
26758,0.0
26759,0.0
26760,0.0
26761,0.0
26762,0.0
26763,0.0
26764,0.0
26765,0.0
26766,0.0
26767,0.0
26768,0.0
26769,0.0
26770,0.0
26771,0.0
26772,0.0
26773,0.0
26774,0.0
26775,0.0
26776,0.0
26777,0.0
26778,0.0
26779,0.0
26780,0.0
26781,0.0
26782,0.0
26783,0.0
26784,0.0
26785,0.0
26786,0.0
26787,0.0
26788,0.0
26789,0.0
26790,0.0
26791,0.0
26792,0.0
26793,0.0
26794,0.0
26795,0.0
26796,0.0
26797,0.0
26798,0.0
26799,0.0
26800,0.0
26801,0.0
26802,0.0
26803,0.0
26804,0.0
26805,0.0
26806,0.0
26807,0.0
26808,0.0
26809,0.0
26810,0.0
26811,0.0
26812,0.0
26813,0.0
26814,0.0
26815,0.0
26816,0.0
26817,0.0
26818,0.0
26819,0.0
26820,0.0
26821,0.0
26822,0.0
26823,0.0
26824,0.0
26825,0.0
26826,0.0
26827,0.0
26828,0.0
26829,0.0
26830,0.0
26831,0.0
26832,0.0
26833,0.0
26834,0.0
26835,0.0
26836,0.0
26837,0.0
26838,0.0
26839,0.0
26840,0.0
26841,0.0
26842,0.0
26843,0.0
26844,0.0
26845,0.0
26846,0.0
26847,0.0
26848,0.0
26849,0.0
26850,0.0
26851,0.0
26852,0.0
26853,0.0
26854,0.0
26855,0.0
26856,0.0
26857,0.0
26858,0.0
26859,0.0
26860,0.0
26861,0.0
26862,0.0
26863,0.0
26864,0.0
26865,0.0
26866,0.0
26867,0.0
26868,0.0
26869,0.0
26870,0.0
26871,0.0
26872,0.0
26873,0.0
26874,0.0
26875,0.0
26876,0.0
26877,0.0
26878,0.0
26879,0.0
26880,0.0
26881,0.0
26882,0.0
26883,0.0
26884,0.0
26885,0.0
26886,0.0
26887,0.0
26888,0.0
26889,0.0
26890,0.0
26891,0.0
26892,0.0
26893,0.0
26894,0.0
26895,0.0
26896,0.0
26897,0.0
26898,0.0
26899,0.0
26900,0.0
26901,0.0
26902,0.0
26903,0.0
26904,0.0
26905,0.0
26906,0.0
26907,0.0
26908,0.0
26909,0.0
26910,0.0
26911,0.0
26912,0.0
26913,0.0
26914,0.0
26915,0.0
26916,0.0
26917,0.0
26918,0.0
26919,0.0
26920,0.0
26921,0.0
26922,0.0
26923,0.0
26924,0.0
26925,0.0
26926,0.0
26927,0.0
26928,0.0
26929,0.0
26930,0.0
26931,0.0
26932,0.0
26933,0.0
26934,0.0
26935,0.0
26936,0.0
26937,0.0
26938,0.0
26939,0.0
26940,0.0
26941,0.0
26942,0.0
26943,0.0
26944,0.0
26945,0.0
26946,0.0
26947,0.0
26948,0.0
26949,0.0
26950,0.0
26951,0.0
26952,0.0
26953,0.0
26954,0.0
26955,0.0
26956,0.0
26957,0.0
26958,0.0
26959,0.0
26960,0.0
26961,0.0
26962,0.0
26963,0.0
26964,0.0
26965,0.0
26966,0.0
26967,0.0
26968,0.0
26969,0.0
26970,0.0
26971,0.0
26972,0.0
26973,0.0
26974,0.0
26975,0.0
26976,0.0
26977,0.0
26978,0.0
26979,0.0
26980,0.0
26981,0.0
26982,0.0
26983,0.0
26984,0.0
26985,0.0
26986,0.0
26987,0.0
26988,0.0
26989,0.0
26990,0.0
26991,0.0
26992,0.0
26993,0.0
26994,0.0
26995,0.0
26996,0.0
26997,0.0
26998,0.0
26999,0.0
27000,0.0
27001,1679.7397236227653
27002,243.0944263285652
27003,0.0
27004,0.0
27005,2191.932590012855
27006,2191.932590012855
27007,2191.932590012855
27008,1679.7397236227653
27009,243.0944263285652
27010,0.0
27011,0.0
27012,2191.932590012855
27013,2191.932590012855
27014,2191.932590012855
27015,1679.7397236227653
27016,243.0944263285652
27017,0.0
27018,0.0
27019,2191.932590012855
27020,2191.932590012855
27021,2191.932590012855
27022,1679.7397236227653
27023,243.0944263285652
27024,0.0
27025,0.0
27026,2191.932590012855
27027,2191.932590012855
27028,2191.932590012855
27029,1679.7397236227653
27030,243.0944263285652
27031,0.0
27032,0.0
27033,2191.932590012855
27034,2191.932590012855
27035,2191.932590012855
27036,1679.7397236227653
27037,243.0944263285652
27038,0.0
27039,0.0
27040,2191.932590012855
27041,2191.932590012855
27042,2191.932590012855
27043,1679.7397236227653
27044,243.0944263285652
27045,0.0
27046,0.0
27047,2191.932590012855
27048,2191.932590012855
27049,2191.932590012855
27050,1679.7397236227653
27051,243.0944263285652
27052,0.0
27053,0.0
27054,2191.932590012855
27055,2191.932590012855
27056,2191.932590012855
27057,1679.7397236227653
27058,243.0944263285652
27059,0.0
27060,0.0
27061,2191.932590012855
27062,2191.932590012855
27063,2191.932590012855
27064,1679.7397236227653
27065,243.0944263285652
27066,0.0
27067,0.0
27068,2191.932590012855
27069,2191.932590012855
27070,2191.932590012855
27071,1679.7397236227653
27072,243.0944263285652
27073,0.0
27074,0.0
27075,2191.932590012855
27076,2191.932590012855
27077,2191.932590012855
27078,1679.7397236227653
27079,243.0944263285652
27080,0.0
27081,0.0
27082,2191.932590012855
27083,2191.932590012855
27084,2191.932590012855
27085,1679.7397236227653
27086,243.0944263285652
27087,0.0
27088,0.0
27089,2191.932590012855
27090,2191.932590012855
27091,2191.932590012855
27092,1679.7397236227653
27093,243.0944263285652
27094,0.0
27095,0.0
27096,2191.932590012855
27097,2191.932590012855
27098,2191.932590012855
27099,1679.7397236227653
27100,243.0944263285652
27101,0.0
27102,0.0
27103,2191.932590012855
27104,2191.932590012855
27105,2191.932590012855
27106,1679.7397236227653
27107,243.0944263285652
27108,0.0
27109,0.0
27110,2191.932590012855
27111,2191.932590012855
27112,2191.932590012855
27113,1679.7397236227653
27114,243.0944263285652
27115,0.0
27116,0.0
27117,2191.932590012855
27118,2191.932590012855
27119,2191.932590012855
27120,1679.7397236227653
27121,243.0944263285652
27122,0.0
27123,0.0
27124,2191.932590012855
27125,2191.932590012855
27126,2191.932590012855
27127,1679.7397236227653
27128,243.0944263285652
27129,0.0
27130,0.0
27131,2191.932590012855
27132,2191.932590012855
27133,2191.932590012855
27134,1679.7397236227653
27135,243.0944263285652
27136,0.0
27137,0.0
27138,2191.932590012855
27139,2191.932590012855
27140,2191.932590012855
27141,1679.7397236227653
27142,243.0944263285652
27143,0.0
27144,0.0
27145,2191.932590012855
27146,2191.932590012855
27147,2191.932590012855
27148,1679.7397236227653
27149,243.0944263285652
27150,0.0
27151,0.0
27152,0.0
27153,0.0
27154,0.0
27155,0.0
27156,0.0
27157,0.0
27158,0.0
27159,0.0
27160,0.0
27161,0.0
27162,0.0
27163,0.0
27164,0.0
27165,0.0
27166,0.0
27167,0.0
27168,0.0
27169,0.0
27170,0.0
27171,0.0
27172,0.0
27173,0.0
27174,0.0
27175,0.0
27176,0.0
27177,0.0
27178,0.0
27179,0.0
27180,0.0
27181,0.0
27182,0.0
27183,0.0
27184,0.0
27185,0.0
27186,0.0
27187,0.0
27188,0.0
27189,0.0
27190,0.0
27191,0.0
27192,0.0
27193,0.0
27194,0.0
27195,0.0
27196,0.0
27197,0.0
27198,0.0
27199,0.0
27200,0.0
27201,0.0
27202,0.0
27203,0.0
27204,0.0
27205,0.0
27206,0.0
27207,0.0
27208,0.0
27209,0.0
27210,0.0
27211,0.0
27212,0.0
27213,0.0
27214,0.0
27215,0.0
27216,0.0
27217,0.0
27218,0.0
27219,0.0
27220,0.0
27221,0.0
27222,0.0
27223,0.0
27224,0.0
27225,0.0
27226,0.0
27227,0.0
27228,0.0
27229,0.0
27230,0.0
27231,0.0
27232,0.0
27233,0.0
27234,0.0
27235,0.0
27236,0.0
27237,0.0
27238,0.0
27239,0.0
27240,0.0
27241,0.0
27242,0.0
27243,0.0
27244,0.0
27245,0.0
27246,0.0
27247,0.0
27248,0.0
27249,0.0
27250,0.0
27251,0.0
27252,0.0
27253,0.0
27254,0.0
27255,0.0
27256,0.0
27257,0.0
27258,0.0
27259,0.0
27260,0.0
27261,0.0
27262,0.0
27263,0.0
27264,0.0
27265,0.0
27266,0.0
27267,0.0
27268,0.0
27269,0.0
27270,0.0
27271,0.0
27272,0.0
27273,0.0
27274,0.0
27275,0.0
27276,0.0
27277,0.0
27278,0.0
27279,0.0
27280,0.0
27281,0.0
27282,0.0
27283,0.0
27284,0.0
27285,0.0
27286,0.0
27287,0.0
27288,0.0
27289,0.0
27290,0.0
27291,0.0
27292,0.0
27293,0.0
27294,0.0
27295,0.0
27296,0.0
27297,0.0
27298,0.0
27299,0.0
27300,0.0
27301,773.0474280586023
27302,773.0474280586023
27303,772.9459361988025
27304,772.9459361988025
27305,773.0474280586023
27306,773.0474280586023
27307,773.0474280586023
27308,773.0474280586023
27309,773.0474280586023
27310,772.9459361988025
27311,772.9459361988025
27312,773.0474280586023
27313,773.0474280586023
27314,773.0474280586023
27315,773.0474280586023
27316,773.0474280586023
27317,772.9459361988025
27318,772.9459361988025
27319,773.0474280586023
27320,773.0474280586023
27321,773.0474280586023
27322,773.0474280586023
27323,773.0474280586023
27324,772.9459361988025
27325,772.9459361988025
27326,773.0474280586023
27327,773.0474280586023
27328,773.0474280586023
27329,773.0474280586023
27330,773.0474280586023
27331,772.9459361988025
27332,772.9459361988025
27333,773.0474280586023
27334,773.0474280586023
27335,773.0474280586023
27336,773.0474280586023
27337,773.0474280586023
27338,772.9459361988025
27339,772.9459361988025
27340,773.0474280586023
27341,773.0474280586023
27342,773.0474280586023
27343,773.0474280586023
27344,773.0474280586023
27345,772.9459361988025
27346,772.9459361988025
27347,773.0474280586023
27348,773.0474280586023
27349,773.0474280586023
27350,773.0474280586023
27351,773.0474280586023
27352,772.9459361988025
27353,772.9459361988025
27354,773.0474280586023
27355,773.0474280586023
27356,773.0474280586023
27357,773.0474280586023
27358,773.0474280586023
27359,772.9459361988025
27360,772.9459361988025
27361,773.0474280586023
27362,773.0474280586023
27363,773.0474280586023
27364,773.0474280586023
27365,773.0474280586023
27366,772.9459361988025
27367,772.9459361988025
27368,773.0474280586023
27369,773.0474280586023
27370,773.0474280586023
27371,773.0474280586023
27372,773.0474280586023
27373,772.9459361988025
27374,772.9459361988025
27375,773.0474280586023
27376,773.0474280586023
27377,773.0474280586023
27378,773.0474280586023
27379,773.0474280586023
27380,772.9459361988025
27381,772.9459361988025
27382,773.0474280586023
27383,773.0474280586023
27384,773.0474280586023
27385,773.0474280586023
27386,773.0474280586023
27387,772.9459361988025
27388,772.9459361988025
27389,0.0
27390,0.0
27391,0.0
27392,0.0
27393,0.0
27394,0.0
27395,0.0
27396,0.0
27397,0.0
27398,0.0
27399,0.0
27400,0.0
27401,0.0
27402,0.0
27403,0.0
27404,0.0
27405,0.0
27406,0.0
27407,0.0
27408,0.0
27409,0.0
27410,0.0
27411,0.0
27412,0.0
27413,0.0
27414,0.0
27415,0.0
27416,0.0
27417,0.0
27418,0.0
27419,0.0
27420,0.0
27421,0.0
27422,0.0
27423,0.0
27424,0.0
27425,0.0
27426,0.0
27427,0.0
27428,0.0
27429,0.0
27430,0.0
27431,0.0
27432,0.0
27433,0.0
27434,0.0
27435,0.0
27436,0.0
27437,0.0
27438,0.0
27439,0.0
27440,0.0
27441,0.0
27442,0.0
27443,0.0
27444,0.0
27445,0.0
27446,0.0
27447,0.0
27448,0.0
27449,0.0
27450,0.0
27451,0.0
27452,0.0
27453,0.0
27454,0.0
27455,0.0
27456,0.0
27457,0.0
27458,0.0
27459,0.0
27460,0.0
27461,0.0
27462,0.0
27463,0.0
27464,0.0
27465,0.0
27466,0.0
27467,0.0
27468,0.0
27469,0.0
27470,0.0
27471,0.0
27472,0.0
27473,0.0
27474,0.0
27475,0.0
27476,0.0
27477,0.0
27478,0.0
27479,0.0
27480,0.0
27481,0.0
27482,0.0
27483,0.0
27484,0.0
27485,0.0
27486,0.0
27487,0.0
27488,0.0
27489,0.0
27490,0.0
27491,0.0
27492,0.0
27493,0.0
27494,0.0
27495,0.0
27496,0.0
27497,0.0
27498,0.0
27499,0.0
27500,0.0
27501,0.0
27502,0.0
27503,0.0
27504,0.0
27505,0.0
27506,0.0
27507,0.0
27508,0.0
27509,0.0
27510,0.0
27511,0.0
27512,0.0
27513,0.0
27514,0.0
27515,0.0
27516,0.0
27517,0.0
27518,0.0
27519,0.0
27520,0.0
27521,0.0
27522,0.0
27523,0.0
27524,0.0
27525,0.0
27526,0.0
27527,0.0
27528,0.0
27529,0.0
27530,0.0
27531,0.0
27532,0.0
27533,0.0
27534,0.0
27535,0.0
27536,0.0
27537,0.0
27538,0.0
27539,0.0
27540,0.0
27541,0.0
27542,0.0
27543,0.0
27544,0.0
27545,0.0
27546,0.0
27547,0.0
27548,0.0
27549,0.0
27550,0.0
27551,0.0
27552,0.0
27553,0.0
27554,0.0
27555,0.0
27556,0.0
27557,0.0
27558,0.0
27559,0.0
27560,0.0
27561,0.0
27562,0.0
27563,0.0
27564,0.0
27565,0.0
27566,0.0
27567,0.0
27568,0.0
27569,0.0
27570,0.0
27571,0.0
27572,0.0
27573,0.0
27574,0.0
27575,0.0
27576,0.0
27577,0.0
27578,0.0
27579,0.0
27580,0.0
27581,0.0
27582,0.0
27583,0.0
27584,0.0
27585,0.0
27586,0.0
27587,0.0
27588,0.0
27589,0.0
27590,0.0
27591,0.0
27592,0.0
27593,0.0
27594,0.0
27595,0.0
27596,0.0
27597,0.0
27598,0.0
27599,0.0
27600,0.0
27601,0.0
27602,0.0
27603,0.0
27604,0.0
27605,0.0
27606,0.0
27607,0.0
27608,0.0
27609,0.0
27610,0.0
27611,0.0
27612,0.0
27613,0.0
27614,0.0
27615,0.0
27616,0.0
27617,0.0
27618,0.0
27619,0.0
27620,0.0
27621,0.0
27622,0.0
27623,0.0
27624,0.0
27625,0.0
27626,0.0
27627,0.0
27628,0.0
27629,0.0
27630,0.0
27631,0.0
27632,0.0
27633,0.0
27634,0.0
27635,0.0
27636,0.0
27637,0.0
27638,0.0
27639,0.0
27640,0.0
27641,0.0
27642,0.0
27643,0.0
27644,0.0
27645,0.0
27646,0.0
27647,0.0
27648,0.0
27649,0.0
27650,0.0
27651,0.0
27652,0.0
27653,0.0
27654,0.0
27655,0.0
27656,0.0
27657,0.0
27658,0.0
27659,0.0
27660,0.0
27661,0.0
27662,0.0
27663,0.0
27664,0.0
27665,0.0
27666,0.0
27667,0.0
27668,0.0
27669,0.0
27670,0.0
27671,0.0
27672,0.0
27673,0.0
27674,0.0
27675,0.0
27676,0.0
27677,0.0
27678,0.0
27679,0.0
27680,0.0
27681,0.0
27682,0.0
27683,0.0
27684,0.0
27685,0.0
27686,0.0
27687,0.0
27688,0.0
27689,0.0
27690,0.0
27691,0.0
27692,0.0
27693,0.0
27694,0.0
27695,0.0
27696,0.0
27697,0.0
27698,0.0
27699,0.0
27700,0.0
27701,0.0
27702,0.0
27703,0.0
27704,0.0
27705,0.0
27706,0.0
27707,0.0
27708,0.0
27709,0.0
27710,0.0
27711,0.0
27712,0.0
27713,0.0
27714,0.0
27715,0.0
27716,0.0
27717,0.0
27718,0.0
27719,0.0
27720,0.0
27721,0.0
27722,0.0
27723,0.0
27724,0.0
27725,0.0
27726,0.0
27727,0.0
27728,0.0
27729,0.0
27730,0.0
27731,0.0
27732,0.0
27733,0.0
27734,0.0
27735,0.0
27736,0.0
27737,0.0
27738,0.0
27739,0.0
27740,0.0
27741,0.0
27742,0.0
27743,0.0
27744,0.0
27745,0.0
27746,0.0
27747,0.0
27748,0.0
27749,0.0
27750,0.0
27751,0.0
27752,0.0
27753,0.0
27754,0.0
27755,0.0
27756,0.0
27757,0.0
27758,0.0
27759,0.0
27760,0.0
27761,0.0
27762,0.0
27763,0.0
27764,0.0
27765,0.0
27766,0.0
27767,0.0
27768,0.0
27769,0.0
27770,0.0
27771,0.0
27772,0.0
27773,0.0
27774,0.0
27775,0.0
27776,0.0
27777,0.0
27778,0.0
27779,0.0
27780,0.0
27781,0.0
27782,0.0
27783,0.0
27784,0.0
27785,0.0
27786,0.0
27787,0.0
27788,0.0
27789,0.0
27790,0.0
27791,0.0
27792,0.0
27793,0.0
27794,0.0
27795,0.0
27796,0.0
27797,0.0
27798,0.0
27799,0.0
27800,0.0
27801,0.0
27802,0.0
27803,0.0
27804,0.0
27805,0.0
27806,0.0
27807,0.0
27808,0.0
27809,0.0
27810,0.0
27811,0.0
27812,0.0
27813,0.0
27814,0.0
27815,0.0
27816,0.0
27817,0.0
27818,0.0
27819,0.0
27820,0.0
27821,0.0
27822,0.0
27823,0.0
27824,0.0
27825,0.0
27826,0.0
27827,0.0
27828,0.0
27829,0.0
27830,0.0
27831,0.0
27832,0.0
27833,0.0
27834,0.0
27835,0.0
27836,0.0
27837,0.0
27838,0.0
27839,0.0
27840,0.0
27841,0.0
27842,0.0
27843,0.0
27844,0.0
27845,0.0
27846,0.0
27847,0.0
27848,0.0
27849,0.0
27850,0.0
27851,0.0
27852,0.0
27853,0.0
27854,0.0
27855,0.0
27856,0.0
27857,0.0
27858,0.0
27859,0.0
27860,0.0
27861,0.0
27862,0.0
27863,0.0
27864,0.0
27865,0.0
27866,0.0
27867,0.0
27868,0.0
27869,0.0
27870,0.0
27871,0.0
27872,0.0
27873,0.0
27874,0.0
27875,0.0
27876,0.0
27877,0.0
27878,0.0
27879,0.0
27880,0.0
27881,0.0
27882,0.0
27883,0.0
27884,0.0
27885,0.0
27886,0.0
27887,0.0
27888,0.0
27889,0.0
27890,0.0
27891,0.0
27892,0.0
27893,0.0
27894,0.0
27895,0.0
27896,0.0
27897,0.0
27898,0.0
27899,0.0
27900,0.0
27901,0.0
27902,0.0
27903,0.0
27904,0.0
27905,0.0
27906,0.0
27907,0.0
27908,0.0
27909,0.0
27910,0.0
27911,0.0
27912,0.0
27913,0.0
27914,0.0
27915,0.0
27916,0.0
27917,0.0
27918,0.0
27919,0.0
27920,0.0
27921,0.0
27922,0.0
27923,0.0
27924,0.0
27925,0.0
27926,0.0
27927,0.0
27928,0.0
27929,0.0
27930,0.0
27931,0.0
27932,0.0
27933,0.0
27934,0.0
27935,0.0
27936,0.0
27937,0.0
27938,0.0
27939,0.0
27940,0.0
27941,0.0
27942,0.0
27943,0.0
27944,0.0
27945,0.0
27946,0.0
27947,0.0
27948,0.0
27949,0.0
27950,0.0
27951,0.0
27952,0.0
27953,0.0
27954,0.0
27955,0.0
27956,0.0
27957,0.0
27958,0.0
27959,0.0
27960,0.0
27961,0.0
27962,0.0
27963,0.0
27964,0.0
27965,0.0
27966,0.0
27967,0.0
27968,0.0
27969,0.0
27970,0.0
27971,0.0
27972,0.0
27973,0.0
27974,0.0
27975,0.0
27976,0.0
27977,0.0
27978,0.0
27979,0.0
27980,0.0
27981,0.0
27982,0.0
27983,0.0
27984,0.0
27985,0.0
27986,0.0
27987,0.0
27988,0.0
27989,0.0
27990,0.0
27991,0.0
27992,0.0
27993,0.0
27994,0.0
27995,0.0
27996,0.0
27997,0.0
27998,0.0
27999,0.0
28000,0.0
28001,0.0
28002,0.0
28003,0.0
28004,0.0
28005,0.0
28006,0.0
28007,0.0
28008,0.0
28009,0.0
28010,0.0
28011,0.0
28012,0.0
28013,0.0
28014,0.0
28015,0.0
28016,0.0
28017,0.0
28018,0.0
28019,0.0
28020,0.0
28021,0.0
28022,0.0
28023,0.0
28024,0.0
28025,0.0
28026,0.0
28027,0.0
28028,0.0
28029,0.0
28030,0.0
28031,0.0
28032,0.0
28033,0.0
28034,0.0
28035,0.0
28036,0.0
28037,0.0
28038,0.0
28039,0.0
28040,0.0
28041,0.0
28042,0.0
28043,0.0
28044,0.0
28045,0.0
28046,0.0
28047,0.0
28048,0.0
28049,0.0
28050,0.0
28051,0.0
28052,0.0
28053,0.0
28054,0.0
28055,0.0
28056,0.0
28057,0.0
28058,0.0
28059,0.0
28060,0.0
28061,0.0
28062,0.0
28063,0.0
28064,0.0
28065,0.0
28066,0.0
28067,0.0
28068,0.0
28069,0.0
28070,0.0
28071,0.0
28072,0.0
28073,0.0
28074,0.0
28075,0.0
28076,0.0
28077,0.0
28078,0.0
28079,0.0
28080,0.0
28081,0.0
28082,0.0
28083,0.0
28084,0.0
28085,0.0
28086,0.0
28087,0.0
28088,0.0
28089,0.0
28090,0.0
28091,0.0
28092,0.0
28093,0.0
28094,0.0
28095,0.0
28096,0.0
28097,0.0
28098,0.0
28099,0.0
28100,0.0
28101,0.0
28102,0.0
28103,0.0
28104,0.0
28105,0.0
28106,0.0
28107,0.0
28108,0.0
28109,0.0
28110,0.0
28111,0.0
28112,0.0
28113,0.0
28114,0.0
28115,0.0
28116,0.0
28117,0.0
28118,0.0
28119,0.0
28120,0.0
28121,0.0
28122,0.0
28123,0.0
28124,0.0
28125,0.0
28126,0.0
28127,0.0
28128,0.0
28129,0.0
28130,0.0
28131,0.0
28132,0.0
28133,0.0
28134,0.0
28135,0.0
28136,0.0
28137,0.0
28138,0.0
28139,0.0
28140,0.0
28141,0.0
28142,0.0
28143,0.0
28144,0.0
28145,0.0
28146,0.0
28147,0.0
28148,0.0
28149,0.0
28150,0.0
28151,0.0
28152,0.0
28153,0.0
28154,0.0
28155,0.0
28156,0.0
28157,0.0
28158,0.0
28159,0.0
28160,0.0
28161,0.0
28162,0.0
28163,0.0
28164,0.0
28165,0.0
28166,0.0
28167,0.0
28168,0.0
28169,0.0
28170,0.0
28171,0.0
28172,0.0
28173,0.0
28174,0.0
28175,0.0
28176,0.0
28177,0.0
28178,0.0
28179,0.0
28180,0.0
28181,0.0
28182,0.0
28183,0.0
28184,0.0
28185,0.0
28186,0.0
28187,0.0
28188,0.0
28189,0.0
28190,0.0
28191,0.0
28192,0.0
28193,0.0
28194,0.0
28195,0.0
28196,0.0
28197,0.0
28198,0.0
28199,0.0
28200,0.0
28201,0.0
28202,0.0
28203,0.0
28204,0.0
28205,0.0
28206,0.0
28207,0.0
28208,0.0
28209,0.0
28210,0.0
28211,0.0
28212,0.0
28213,0.0
28214,0.0
28215,0.0
28216,0.0
28217,0.0
28218,0.0
28219,0.0
28220,0.0
28221,0.0
28222,0.0
28223,0.0
28224,0.0
28225,0.0
28226,0.0
28227,0.0
28228,0.0
28229,0.0
28230,0.0
28231,0.0
28232,0.0
28233,0.0
28234,0.0
28235,0.0
28236,0.0
28237,0.0
28238,0.0
28239,0.0
28240,0.0
28241,0.0
28242,0.0
28243,0.0
28244,0.0
28245,0.0
28246,0.0
28247,0.0
28248,0.0
28249,0.0
28250,0.0
28251,0.0
28252,0.0
28253,0.0
28254,0.0
28255,0.0
28256,0.0
28257,0.0
28258,0.0
28259,0.0
28260,0.0
28261,0.0
28262,0.0
28263,0.0
28264,0.0
28265,0.0
28266,0.0
28267,0.0
28268,0.0
28269,0.0
28270,0.0
28271,0.0
28272,0.0
28273,0.0
28274,0.0
28275,0.0
28276,0.0
28277,0.0
28278,0.0
28279,0.0
28280,0.0
28281,0.0
28282,0.0
28283,0.0
28284,0.0
28285,0.0
28286,0.0
28287,0.0
28288,0.0
28289,0.0
28290,0.0
28291,0.0
28292,0.0
28293,0.0
28294,0.0
28295,0.0
28296,0.0
28297,0.0
28298,0.0
28299,0.0
28300,0.0
28301,0.0
28302,0.0
28303,0.0
28304,0.0
28305,0.0
28306,0.0
28307,0.0
28308,0.0
28309,0.0
28310,0.0
28311,0.0
28312,0.0
28313,0.0
28314,0.0
28315,0.0
28316,0.0
28317,0.0
28318,0.0
28319,0.0
28320,0.0
28321,0.0
28322,0.0
28323,0.0
28324,0.0
28325,0.0
28326,0.0
28327,0.0
28328,0.0
28329,0.0
28330,0.0
28331,0.0
28332,0.0
28333,0.0
28334,0.0
28335,0.0
28336,0.0
28337,0.0
28338,0.0
28339,0.0
28340,0.0
28341,0.0
28342,0.0
28343,0.0
28344,0.0
28345,0.0
28346,0.0
28347,0.0
28348,0.0
28349,0.0
28350,0.0
28351,557.9775586714039
28352,557.9775586714039
28353,0.0
28354,0.0
28355,557.9775586714039
28356,557.9775586714039
28357,557.9775586714039
28358,557.9775586714039
28359,557.9775586714039
28360,0.0
28361,0.0
28362,557.9775586714039
28363,557.9775586714039
28364,557.9775586714039
28365,557.9775586714039
28366,557.9775586714039
28367,0.0
28368,0.0
28369,557.9775586714039
28370,557.9775586714039
28371,557.9775586714039
28372,557.9775586714039
28373,557.9775586714039
28374,0.0
28375,0.0
28376,557.9775586714039
28377,557.9775586714039
28378,557.9775586714039
28379,557.9775586714039
28380,557.9775586714039
28381,0.0
28382,0.0
28383,557.9775586714039
28384,557.9775586714039
28385,557.9775586714039
28386,557.9775586714039
28387,557.9775586714039
28388,0.0
28389,0.0
28390,557.9775586714039
28391,557.9775586714039
28392,557.9775586714039
28393,557.9775586714039
28394,557.9775586714039
28395,0.0
28396,0.0
28397,557.9775586714039
28398,557.9775586714039
28399,557.9775586714039
28400,557.9775586714039
28401,557.9775586714039
28402,0.0
28403,0.0
28404,557.9775586714039
28405,557.9775586714039
28406,557.9775586714039
28407,557.9775586714039
28408,557.9775586714039
28409,0.0
28410,0.0
28411,557.9775586714039
28412,557.9775586714039
28413,557.9775586714039
28414,557.9775586714039
28415,557.9775586714039
28416,0.0
28417,0.0
28418,557.9775586714039
28419,557.9775586714039
28420,557.9775586714039
28421,557.9775586714039
28422,557.9775586714039
28423,0.0
28424,0.0
28425,557.9775586714039
28426,557.9775586714039
28427,557.9775586714039
28428,557.9775586714039
28429,557.9775586714039
28430,0.0
28431,0.0
28432,557.9775586714039
28433,557.9775586714039
28434,557.9775586714039
28435,557.9775586714039
28436,557.9775586714039
28437,0.0
28438,0.0
28439,557.9775586714039
28440,557.9775586714039
28441,557.9775586714039
28442,557.9775586714039
28443,557.9775586714039
28444,0.0
28445,0.0
28446,557.9775586714039
28447,557.9775586714039
28448,557.9775586714039
28449,557.9775586714039
28450,557.9775586714039
28451,0.0
28452,0.0
28453,557.9775586714039
28454,557.9775586714039
28455,557.9775586714039
28456,557.9775586714039
28457,557.9775586714039
28458,0.0
28459,0.0
28460,557.9775586714039
28461,557.9775586714039
28462,557.9775586714039
28463,557.9775586714039
28464,557.9775586714039
28465,0.0
28466,0.0
28467,557.9775586714039
28468,557.9775586714039
28469,557.9775586714039
28470,557.9775586714039
28471,557.9775586714039
28472,0.0
28473,0.0
28474,557.9775586714039
28475,557.9775586714039
28476,557.9775586714039
28477,557.9775586714039
28478,557.9775586714039
28479,0.0
28480,0.0
28481,557.9775586714039
28482,557.9775586714039
28483,557.9775586714039
28484,557.9775586714039
28485,557.9775586714039
28486,0.0
28487,0.0
28488,557.9775586714039
28489,557.9775586714039
28490,557.9775586714039
28491,557.9775586714039
28492,557.9775586714039
28493,0.0
28494,0.0
28495,557.9775586714039
28496,557.9775586714039
28497,557.9775586714039
28498,557.9775586714039
28499,557.9775586714039
28500,0.0
28501,350.7134308099811
28502,350.7134308099811
28503,350.7134308099811
28504,350.7134308099811
28505,350.7134308099811
28506,350.7134308099811
28507,350.7134308099811
28508,350.7134308099811
28509,350.7134308099811
28510,350.7134308099811
28511,350.7134308099811
28512,350.7134308099811
28513,350.7134308099811
28514,350.7134308099811
28515,350.7134308099811
28516,350.7134308099811
28517,350.7134308099811
28518,350.7134308099811
28519,350.7134308099811
28520,350.7134308099811
28521,350.7134308099811
28522,350.7134308099811
28523,350.7134308099811
28524,350.7134308099811
28525,350.7134308099811
28526,350.7134308099811
28527,350.7134308099811
28528,350.7134308099811
28529,350.7134308099811
28530,350.7134308099811
28531,350.7134308099811
28532,350.7134308099811
28533,350.7134308099811
28534,350.7134308099811
28535,350.7134308099811
28536,350.7134308099811
28537,350.7134308099811
28538,350.7134308099811
28539,350.7134308099811
28540,350.7134308099811
28541,350.7134308099811
28542,350.7134308099811
28543,350.7134308099811
28544,350.7134308099811
28545,350.7134308099811
28546,350.7134308099811
28547,350.7134308099811
28548,350.7134308099811
28549,350.7134308099811
28550,350.7134308099811
28551,350.7134308099811
28552,350.7134308099811
28553,350.7134308099811
28554,350.7134308099811
28555,350.7134308099811
28556,350.7134308099811
28557,350.7134308099811
28558,350.7134308099811
28559,350.7134308099811
28560,350.7134308099811
28561,350.7134308099811
28562,350.7134308099811
28563,350.7134308099811
28564,350.7134308099811
28565,350.7134308099811
28566,350.7134308099811
28567,350.7134308099811
28568,350.7134308099811
28569,350.7134308099811
28570,350.7134308099811
28571,350.7134308099811
28572,350.7134308099811
28573,350.7134308099811
28574,350.7134308099811
28575,350.7134308099811
28576,350.7134308099811
28577,350.7134308099811
28578,350.7134308099811
28579,350.7134308099811
28580,350.7134308099811
28581,350.7134308099811
28582,350.7134308099811
28583,350.7134308099811
28584,350.7134308099811
28585,350.7134308099811
28586,350.7134308099811
28587,350.7134308099811
28588,350.7134308099811
28589,350.7134308099811
28590,350.7134308099811
28591,350.7134308099811
28592,350.7134308099811
28593,350.7134308099811
28594,350.7134308099811
28595,350.7134308099811
28596,350.7134308099811
28597,350.7134308099811
28598,350.7134308099811
28599,350.7134308099811
28600,350.7134308099811
28601,350.7134308099811
28602,350.7134308099811
28603,350.7134308099811
28604,350.7134308099811
28605,350.7134308099811
28606,350.7134308099811
28607,350.7134308099811
28608,350.7134308099811
28609,350.7134308099811
28610,350.7134308099811
28611,350.7134308099811
28612,350.7134308099811
28613,350.7134308099811
28614,350.7134308099811
28615,350.7134308099811
28616,350.7134308099811
28617,350.7134308099811
28618,350.7134308099811
28619,350.7134308099811
28620,350.7134308099811
28621,350.7134308099811
28622,350.7134308099811
28623,350.7134308099811
28624,350.7134308099811
28625,350.7134308099811
28626,350.7134308099811
28627,350.7134308099811
28628,350.7134308099811
28629,350.7134308099811
28630,350.7134308099811
28631,350.7134308099811
28632,350.7134308099811
28633,350.7134308099811
28634,350.7134308099811
28635,350.7134308099811
28636,350.7134308099811
28637,350.7134308099811
28638,350.7134308099811
28639,350.7134308099811
28640,350.7134308099811
28641,350.7134308099811
28642,350.7134308099811
28643,350.7134308099811
28644,350.7134308099811
28645,350.7134308099811
28646,350.7134308099811
28647,350.7134308099811
28648,350.7134308099811
28649,350.7134308099811
28650,350.7134308099811
28651,0.0
28652,0.0
28653,0.0
28654,0.0
28655,0.0
28656,0.0
28657,0.0
28658,0.0
28659,0.0
28660,0.0
28661,0.0
28662,0.0
28663,0.0
28664,0.0
28665,0.0
28666,0.0
28667,0.0
28668,0.0
28669,0.0
28670,0.0
28671,0.0
28672,0.0
28673,0.0
28674,0.0
28675,0.0
28676,0.0
28677,0.0
28678,0.0
28679,0.0
28680,0.0
28681,0.0
28682,0.0
28683,0.0
28684,0.0
28685,0.0
28686,0.0
28687,0.0
28688,0.0
28689,0.0
28690,0.0
28691,0.0
28692,0.0
28693,0.0
28694,0.0
28695,0.0
28696,0.0
28697,0.0
28698,0.0
28699,0.0
28700,0.0
28701,0.0
28702,0.0
28703,0.0
28704,0.0
28705,0.0
28706,0.0
28707,0.0
28708,0.0
28709,0.0
28710,0.0
28711,0.0
28712,0.0
28713,0.0
28714,0.0
28715,0.0
28716,0.0
28717,0.0
28718,0.0
28719,0.0
28720,0.0
28721,0.0
28722,0.0
28723,0.0
28724,0.0
28725,0.0
28726,0.0
28727,0.0
28728,0.0
28729,0.0
28730,0.0
28731,0.0
28732,0.0
28733,0.0
28734,0.0
28735,0.0
28736,0.0
28737,0.0
28738,0.0
28739,0.0
28740,0.0
28741,0.0
28742,0.0
28743,0.0
28744,0.0
28745,0.0
28746,0.0
28747,0.0
28748,0.0
28749,0.0
28750,0.0
28751,0.0
28752,0.0
28753,0.0
28754,0.0
28755,0.0
28756,0.0
28757,0.0
28758,0.0
28759,0.0
28760,0.0
28761,0.0
28762,0.0
28763,0.0
28764,0.0
28765,0.0
28766,0.0
28767,0.0
28768,0.0
28769,0.0
28770,0.0
28771,0.0
28772,0.0
28773,0.0
28774,0.0
28775,0.0
28776,0.0
28777,0.0
28778,0.0
28779,0.0
28780,0.0
28781,0.0
28782,0.0
28783,0.0
28784,0.0
28785,0.0
28786,0.0
28787,0.0
28788,0.0
28789,0.0
28790,0.0
28791,0.0
28792,0.0
28793,0.0
28794,0.0
28795,0.0
28796,0.0
28797,0.0
28798,0.0
28799,0.0
28800,0.0
28801,0.0
28802,0.0
28803,0.0
28804,0.0
28805,0.0
28806,0.0
28807,0.0
28808,0.0
28809,0.0
28810,0.0
28811,0.0
28812,0.0
28813,0.0
28814,0.0
28815,0.0
28816,0.0
28817,0.0
28818,0.0
28819,0.0
28820,0.0
28821,0.0
28822,0.0
28823,0.0
28824,0.0
28825,0.0
28826,0.0
28827,0.0
28828,0.0
28829,0.0
28830,0.0
28831,0.0
28832,0.0
28833,0.0
28834,0.0
28835,0.0
28836,0.0
28837,0.0
28838,0.0
28839,0.0
28840,0.0
28841,0.0
28842,0.0
28843,0.0
28844,0.0
28845,0.0
28846,0.0
28847,0.0
28848,0.0
28849,0.0
28850,0.0
28851,0.0
28852,0.0
28853,0.0
28854,0.0
28855,0.0
28856,0.0
28857,0.0
28858,0.0
28859,0.0
28860,0.0
28861,0.0
28862,0.0
28863,0.0
28864,0.0
28865,0.0
28866,0.0
28867,0.0
28868,0.0
28869,0.0
28870,0.0
28871,0.0
28872,0.0
28873,0.0
28874,0.0
28875,0.0
28876,0.0
28877,0.0
28878,0.0
28879,0.0
28880,0.0
28881,0.0
28882,0.0
28883,0.0
28884,0.0
28885,0.0
28886,0.0
28887,0.0
28888,0.0
28889,0.0
28890,0.0
28891,0.0
28892,0.0
28893,0.0
28894,0.0
28895,0.0
28896,0.0
28897,0.0
28898,0.0
28899,0.0
28900,0.0
28901,0.0
28902,0.0
28903,0.0
28904,0.0
28905,0.0
28906,0.0
28907,0.0
28908,0.0
28909,0.0
28910,0.0
28911,0.0
28912,0.0
28913,0.0
28914,0.0
28915,0.0
28916,0.0
28917,0.0
28918,0.0
28919,0.0
28920,0.0
28921,0.0
28922,0.0
28923,0.0
28924,0.0
28925,0.0
28926,0.0
28927,0.0
28928,0.0
28929,0.0
28930,0.0
28931,0.0
28932,0.0
28933,0.0
28934,0.0
28935,0.0
28936,0.0
28937,0.0
28938,0.0
28939,0.0
28940,0.0
28941,0.0
28942,0.0
28943,0.0
28944,0.0
28945,0.0
28946,0.0
28947,0.0
28948,0.0
28949,0.0
28950,0.0
28951,0.0
28952,0.0
28953,0.0
28954,0.0
28955,0.0
28956,0.0
28957,0.0
28958,0.0
28959,0.0
28960,0.0
28961,0.0
28962,0.0
28963,0.0
28964,0.0
28965,0.0
28966,0.0
28967,0.0
28968,0.0
28969,0.0
28970,0.0
28971,0.0
28972,0.0
28973,0.0
28974,0.0
28975,0.0
28976,0.0
28977,0.0
28978,0.0
28979,0.0
28980,0.0
28981,0.0
28982,0.0
28983,0.0
28984,0.0
28985,0.0
28986,0.0
28987,0.0
28988,0.0
28989,0.0
28990,0.0
28991,0.0
28992,0.0
28993,0.0
28994,0.0
28995,0.0
28996,0.0
28997,0.0
28998,0.0
28999,0.0
29000,0.0
29001,0.0
29002,0.0
29003,0.0
29004,0.0
29005,0.0
29006,0.0
29007,0.0
29008,0.0
29009,0.0
29010,0.0
29011,0.0
29012,0.0
29013,0.0
29014,0.0
29015,0.0
29016,0.0
29017,0.0
29018,0.0
29019,0.0
29020,0.0
29021,0.0
29022,0.0
29023,0.0
29024,0.0
29025,0.0
29026,0.0
29027,0.0
29028,0.0
29029,0.0
29030,0.0
29031,0.0
29032,0.0
29033,0.0
29034,0.0
29035,0.0
29036,0.0
29037,0.0
29038,0.0
29039,0.0
29040,0.0
29041,0.0
29042,0.0
29043,0.0
29044,0.0
29045,0.0
29046,0.0
29047,0.0
29048,0.0
29049,0.0
29050,0.0
29051,0.0
29052,0.0
29053,0.0
29054,0.0
29055,0.0
29056,0.0
29057,0.0
29058,0.0
29059,0.0
29060,0.0
29061,0.0
29062,0.0
29063,0.0
29064,0.0
29065,0.0
29066,0.0
29067,0.0
29068,0.0
29069,0.0
29070,0.0
29071,0.0
29072,0.0
29073,0.0
29074,0.0
29075,0.0
29076,0.0
29077,0.0
29078,0.0
29079,0.0
29080,0.0
29081,0.0
29082,0.0
29083,0.0
29084,0.0
29085,0.0
29086,0.0
29087,0.0
29088,0.0
29089,0.0
29090,0.0
29091,0.0
29092,0.0
29093,0.0
29094,0.0
29095,0.0
29096,0.0
29097,0.0
29098,0.0
29099,0.0
29100,0.0
29101,169.46307742686955
29102,169.46307742686955
29103,169.36217312569033
29104,169.36217312569033
29105,169.46307742686955
29106,169.46307742686955
29107,169.46307742686955
29108,169.46307742686955
29109,169.46307742686955
29110,169.36217312569033
29111,169.36217312569033
29112,169.46307742686955
29113,169.46307742686955
29114,169.46307742686955
29115,169.46307742686955
29116,169.46307742686955
29117,169.36217312569033
29118,169.36217312569033
29119,169.46307742686955
29120,169.46307742686955
29121,169.46307742686955
29122,169.46307742686955
29123,169.46307742686955
29124,169.36217312569033
29125,169.36217312569033
29126,169.46307742686955
29127,169.46307742686955
29128,169.46307742686955
29129,169.46307742686955
29130,169.46307742686955
29131,169.36217312569033
29132,169.36217312569033
29133,169.46307742686955
29134,169.46307742686955
29135,169.46307742686955
29136,169.46307742686955
29137,169.46307742686955
29138,169.36217312569033
29139,169.36217312569033
29140,169.46307742686955
29141,169.46307742686955
29142,169.46307742686955
29143,169.46307742686955
29144,169.46307742686955
29145,169.36217312569033
29146,169.36217312569033
29147,169.46307742686955
29148,169.46307742686955
29149,169.46307742686955
29150,169.46307742686955
29151,169.46307742686955
29152,169.36217312569033
29153,169.36217312569033
29154,169.46307742686955
29155,169.46307742686955
29156,169.46307742686955
29157,169.46307742686955
29158,169.46307742686955
29159,169.36217312569033
29160,169.36217312569033
29161,169.46307742686955
29162,169.46307742686955
29163,169.46307742686955
29164,169.46307742686955
29165,169.46307742686955
29166,169.36217312569033
29167,169.36217312569033
29168,169.46307742686955
29169,169.46307742686955
29170,169.46307742686955
29171,169.46307742686955
29172,169.46307742686955
29173,169.36217312569033
29174,169.36217312569033
29175,169.46307742686955
29176,169.46307742686955
29177,169.46307742686955
29178,169.46307742686955
29179,169.46307742686955
29180,169.36217312569033
29181,169.36217312569033
29182,169.46307742686955
29183,169.46307742686955
29184,169.46307742686955
29185,169.46307742686955
29186,169.46307742686955
29187,169.36217312569033
29188,169.36217312569033
29189,169.46307742686955
29190,169.46307742686955
29191,169.46307742686955
29192,169.46307742686955
29193,169.46307742686955
29194,169.36217312569033
29195,169.36217312569033
29196,169.46307742686955
29197,169.46307742686955
29198,169.46307742686955
29199,169.46307742686955
29200,169.46307742686955
29201,169.36217312569033
29202,169.36217312569033
29203,169.46307742686955
29204,169.46307742686955
29205,169.46307742686955
29206,169.46307742686955
29207,169.46307742686955
29208,169.36217312569033
29209,169.36217312569033
29210,169.46307742686955
29211,169.46307742686955
29212,169.46307742686955
29213,169.46307742686955
29214,169.46307742686955
29215,169.36217312569033
29216,169.36217312569033
29217,169.46307742686955
29218,169.46307742686955
29219,169.46307742686955
29220,169.46307742686955
29221,169.46307742686955
29222,169.36217312569033
29223,169.36217312569033
29224,169.46307742686955
29225,169.46307742686955
29226,169.46307742686955
29227,169.46307742686955
29228,169.46307742686955
29229,169.36217312569033
29230,169.36217312569033
29231,169.46307742686955
29232,169.46307742686955
29233,169.46307742686955
29234,169.46307742686955
29235,169.46307742686955
29236,169.36217312569033
29237,169.36217312569033
29238,169.46307742686955
29239,169.46307742686955
29240,169.46307742686955
29241,169.46307742686955
29242,169.46307742686955
29243,169.36217312569033
29244,169.36217312569033
29245,169.46307742686955
29246,169.46307742686955
29247,169.46307742686955
29248,169.46307742686955
29249,169.46307742686955
29250,169.36217312569033
29251,0.0
29252,0.0
29253,0.0
29254,0.0
29255,0.0
29256,0.0
29257,0.0
29258,0.0
29259,0.0
29260,0.0
29261,0.0
29262,0.0
29263,0.0
29264,0.0
29265,0.0
29266,0.0
29267,0.0
29268,0.0
29269,0.0
29270,0.0
29271,0.0
29272,0.0
29273,0.0
29274,0.0
29275,0.0
29276,0.0
29277,0.0
29278,0.0
29279,0.0
29280,0.0
29281,0.0
29282,0.0
29283,0.0
29284,0.0
29285,0.0
29286,0.0
29287,0.0
29288,0.0
29289,0.0
29290,0.0
29291,0.0
29292,0.0
29293,0.0
29294,0.0
29295,0.0
29296,0.0
29297,0.0
29298,0.0
29299,0.0
29300,0.0
29301,0.0
29302,0.0
29303,0.0
29304,0.0
29305,0.0
29306,0.0
29307,0.0
29308,0.0
29309,0.0
29310,0.0
29311,0.0
29312,0.0
29313,0.0
29314,0.0
29315,0.0
29316,0.0
29317,0.0
29318,0.0
29319,0.0
29320,0.0
29321,0.0
29322,0.0
29323,0.0
29324,0.0
29325,0.0
29326,0.0
29327,0.0
29328,0.0
29329,0.0
29330,0.0
29331,0.0
29332,0.0
29333,0.0
29334,0.0
29335,0.0
29336,0.0
29337,0.0
29338,0.0
29339,0.0
29340,0.0
29341,0.0
29342,0.0
29343,0.0
29344,0.0
29345,0.0
29346,0.0
29347,0.0
29348,0.0
29349,0.0
29350,0.0
29351,0.0
29352,0.0
29353,0.0
29354,0.0
29355,0.0
29356,0.0
29357,0.0
29358,0.0
29359,0.0
29360,0.0
29361,0.0
29362,0.0
29363,0.0
29364,0.0
29365,0.0
29366,0.0
29367,0.0
29368,0.0
29369,0.0
29370,0.0
29371,0.0
29372,0.0
29373,0.0
29374,0.0
29375,0.0
29376,0.0
29377,0.0
29378,0.0
29379,0.0
29380,0.0
29381,0.0
29382,0.0
29383,0.0
29384,0.0
29385,0.0
29386,0.0
29387,0.0
29388,0.0
29389,0.0
29390,0.0
29391,0.0
29392,0.0
29393,0.0
29394,0.0
29395,0.0
29396,0.0
29397,0.0
29398,0.0
29399,0.0
29400,0.0
29401,0.0
29402,0.0
29403,0.0
29404,0.0
29405,0.0
29406,0.0
29407,0.0
29408,0.0
29409,0.0
29410,0.0
29411,0.0
29412,0.0
29413,0.0
29414,0.0
29415,0.0
29416,0.0
29417,0.0
29418,0.0
29419,0.0
29420,0.0
29421,0.0
29422,0.0
29423,0.0
29424,0.0
29425,0.0
29426,0.0
29427,0.0
29428,0.0
29429,0.0
29430,0.0
29431,0.0
29432,0.0
29433,0.0
29434,0.0
29435,0.0
29436,0.0
29437,0.0
29438,0.0
29439,0.0
29440,0.0
29441,0.0
29442,0.0
29443,0.0
29444,0.0
29445,0.0
29446,0.0
29447,0.0
29448,0.0
29449,0.0
29450,0.0
29451,0.0
29452,0.0
29453,0.0
29454,0.0
29455,0.0
29456,0.0
29457,0.0
29458,0.0
29459,0.0
29460,0.0
29461,0.0
29462,0.0
29463,0.0
29464,0.0
29465,0.0
29466,0.0
29467,0.0
29468,0.0
29469,0.0
29470,0.0
29471,0.0
29472,0.0
29473,0.0
29474,0.0
29475,0.0
29476,0.0
29477,0.0
29478,0.0
29479,0.0
29480,0.0
29481,0.0
29482,0.0
29483,0.0
29484,0.0
29485,0.0
29486,0.0
29487,0.0
29488,0.0
29489,0.0
29490,0.0
29491,0.0
29492,0.0
29493,0.0
29494,0.0
29495,0.0
29496,0.0
29497,0.0
29498,0.0
29499,0.0
29500,0.0
29501,0.0
29502,0.0
29503,0.0
29504,0.0
29505,0.0
29506,0.0
29507,0.0
29508,0.0
29509,0.0
29510,0.0
29511,0.0
29512,0.0
29513,0.0
29514,0.0
29515,0.0
29516,0.0
29517,0.0
29518,0.0
29519,0.0
29520,0.0
29521,0.0
29522,0.0
29523,0.0
29524,0.0
29525,0.0
29526,0.0
29527,0.0
29528,0.0
29529,0.0
29530,0.0
29531,0.0
29532,0.0
29533,0.0
29534,0.0
29535,0.0
29536,0.0
29537,0.0
29538,0.0
29539,0.0
29540,0.0
29541,0.0
29542,0.0
29543,0.0
29544,0.0
29545,0.0
29546,0.0
29547,0.0
29548,0.0
29549,0.0
29550,0.0
29551,350.7134308099811
29552,350.7134308099811
29553,350.7134308099811
29554,350.7134308099811
29555,350.7134308099811
29556,350.7134308099811
29557,350.7134308099811
29558,350.7134308099811
29559,350.7134308099811
29560,350.7134308099811
29561,350.7134308099811
29562,350.7134308099811
29563,350.7134308099811
29564,350.7134308099811
29565,350.7134308099811
29566,350.7134308099811
29567,350.7134308099811
29568,350.7134308099811
29569,350.7134308099811
29570,350.7134308099811
29571,350.7134308099811
29572,350.7134308099811
29573,350.7134308099811
29574,350.7134308099811
29575,350.7134308099811
29576,350.7134308099811
29577,350.7134308099811
29578,350.7134308099811
29579,350.7134308099811
29580,350.7134308099811
29581,350.7134308099811
29582,350.7134308099811
29583,350.7134308099811
29584,350.7134308099811
29585,350.7134308099811
29586,350.7134308099811
29587,350.7134308099811
29588,350.7134308099811
29589,350.7134308099811
29590,350.7134308099811
29591,350.7134308099811
29592,350.7134308099811
29593,350.7134308099811
29594,350.7134308099811
29595,350.7134308099811
29596,350.7134308099811
29597,350.7134308099811
29598,350.7134308099811
29599,350.7134308099811
29600,350.7134308099811
29601,350.7134308099811
29602,350.7134308099811
29603,350.7134308099811
29604,350.7134308099811
29605,350.7134308099811
29606,350.7134308099811
29607,350.7134308099811
29608,350.7134308099811
29609,350.7134308099811
29610,350.7134308099811
29611,350.7134308099811
29612,350.7134308099811
29613,350.7134308099811
29614,350.7134308099811
29615,350.7134308099811
29616,350.7134308099811
29617,350.7134308099811
29618,350.7134308099811
29619,350.7134308099811
29620,350.7134308099811
29621,350.7134308099811
29622,350.7134308099811
29623,350.7134308099811
29624,350.7134308099811
29625,350.7134308099811
29626,350.7134308099811
29627,350.7134308099811
29628,350.7134308099811
29629,350.7134308099811
29630,350.7134308099811
29631,350.7134308099811
29632,350.7134308099811
29633,350.7134308099811
29634,350.7134308099811
29635,350.7134308099811
29636,350.7134308099811
29637,350.7134308099811
29638,350.7134308099811
29639,350.7134308099811
29640,350.7134308099811
29641,350.7134308099811
29642,350.7134308099811
29643,350.7134308099811
29644,350.7134308099811
29645,350.7134308099811
29646,350.7134308099811
29647,350.7134308099811
29648,350.7134308099811
29649,350.7134308099811
29650,350.7134308099811
29651,350.7134308099811
29652,350.7134308099811
29653,350.7134308099811
29654,350.7134308099811
29655,350.7134308099811
29656,350.7134308099811
29657,350.7134308099811
29658,350.7134308099811
29659,350.7134308099811
29660,350.7134308099811
29661,350.7134308099811
29662,350.7134308099811
29663,350.7134308099811
29664,350.7134308099811
29665,350.7134308099811
29666,350.7134308099811
29667,350.7134308099811
29668,350.7134308099811
29669,350.7134308099811
29670,350.7134308099811
29671,350.7134308099811
29672,350.7134308099811
29673,350.7134308099811
29674,350.7134308099811
29675,350.7134308099811
29676,350.7134308099811
29677,350.7134308099811
29678,350.7134308099811
29679,350.7134308099811
29680,350.7134308099811
29681,350.7134308099811
29682,350.7134308099811
29683,350.7134308099811
29684,350.7134308099811
29685,350.7134308099811
29686,350.7134308099811
29687,350.7134308099811
29688,350.7134308099811
29689,350.7134308099811
29690,350.7134308099811
29691,350.7134308099811
29692,350.7134308099811
29693,350.7134308099811
29694,350.7134308099811
29695,350.7134308099811
29696,350.7134308099811
29697,350.7134308099811
29698,350.7134308099811
29699,350.7134308099811
29700,350.7134308099811
29701,0.8178274936400562
29702,0.8178274936400562
29703,0.8178274936400562
29704,0.8178274936400562
29705,0.8178274936400562
29706,0.8178274936400562
29707,0.8178274936400562
29708,0.8178274936400562
29709,0.8178274936400562
29710,0.8178274936400562
29711,0.8178274936400562
29712,0.8178274936400562
29713,0.8178274936400562
29714,0.8178274936400562
29715,0.8178274936400562
29716,0.8178274936400562
29717,0.8178274936400562
29718,0.8178274936400562
29719,0.8178274936400562
29720,0.8178274936400562
29721,0.8178274936400562
29722,0.8178274936400562
29723,0.8178274936400562
29724,0.8178274936400562
29725,0.8178274936400562
29726,0.8178274936400562
29727,0.8178274936400562
29728,0.8178274936400562
29729,0.8178274936400562
29730,0.8178274936400562
29731,0.8178274936400562
29732,0.8178274936400562
29733,0.8178274936400562
29734,0.8178274936400562
29735,0.8178274936400562
29736,0.8178274936400562
29737,0.8178274936400562
29738,0.8178274936400562
29739,0.8178274936400562
29740,0.8178274936400562
29741,0.8178274936400562
29742,0.8178274936400562
29743,0.8178274936400562
29744,0.8178274936400562
29745,0.8178274936400562
29746,0.8178274936400562
29747,0.8178274936400562
29748,0.8178274936400562
29749,0.8178274936400562
29750,0.8178274936400562
29751,0.8178274936400562
29752,0.8178274936400562
29753,0.8178274936400562
29754,0.8178274936400562
29755,0.8178274936400562
29756,0.8178274936400562
29757,0.8178274936400562
29758,0.8178274936400562
29759,0.8178274936400562
29760,0.8178274936400562
29761,0.8178274936400562
29762,0.8178274936400562
29763,0.8178274936400562
29764,0.8178274936400562
29765,0.8178274936400562
29766,0.8178274936400562
29767,0.8178274936400562
29768,0.8178274936400562
29769,0.8178274936400562
29770,0.8178274936400562
29771,0.8178274936400562
29772,0.8178274936400562
29773,0.8178274936400562
29774,0.8178274936400562
29775,0.8178274936400562
29776,0.8178274936400562
29777,0.8178274936400562
29778,0.8178274936400562
29779,0.8178274936400562
29780,0.8178274936400562
29781,0.8178274936400562
29782,0.8178274936400562
29783,0.8178274936400562
29784,0.8178274936400562
29785,0.8178274936400562
29786,0.8178274936400562
29787,0.8178274936400562
29788,0.8178274936400562
29789,0.8178274936400562
29790,0.8178274936400562
29791,0.8178274936400562
29792,0.8178274936400562
29793,0.8178274936400562
29794,0.8178274936400562
29795,0.8178274936400562
29796,0.8178274936400562
29797,0.8178274936400562
29798,0.8178274936400562
29799,0.8178274936400562
29800,0.8178274936400562
29801,0.8178274936400562
29802,0.8178274936400562
29803,0.8178274936400562
29804,0.8178274936400562
29805,0.8178274936400562
29806,0.8178274936400562
29807,0.8178274936400562
29808,0.8178274936400562
29809,0.8178274936400562
29810,0.8178274936400562
29811,0.8178274936400562
29812,0.8178274936400562
29813,0.8178274936400562
29814,0.8178274936400562
29815,0.8178274936400562
29816,0.8178274936400562
29817,0.8178274936400562
29818,0.8178274936400562
29819,0.8178274936400562
29820,0.8178274936400562
29821,0.8178274936400562
29822,0.8178274936400562
29823,0.8178274936400562
29824,0.8178274936400562
29825,0.8178274936400562
29826,0.8178274936400562
29827,0.8178274936400562
29828,0.8178274936400562
29829,0.8178274936400562
29830,0.8178274936400562
29831,0.8178274936400562
29832,0.8178274936400562
29833,0.8178274936400562
29834,0.8178274936400562
29835,0.8178274936400562
29836,0.8178274936400562
29837,0.8178274936400562
29838,0.8178274936400562
29839,0.8178274936400562
29840,0.8178274936400562
29841,0.8178274936400562
29842,0.8178274936400562
29843,0.8178274936400562
29844,0.8178274936400562
29845,0.8178274936400562
29846,0.8178274936400562
29847,0.8178274936400562
29848,0.8178274936400562
29849,0.8178274936400562
29850,0.8178274936400562
29851,0.21032101809664874
29852,0.21032101809664874
29853,0.21032101809664874
29854,0.07182683733528591
29855,0.21032101809664874
29856,0.21032101809664874
29857,0.21032101809664874
29858,0.21032101809664874
29859,0.21032101809664874
29860,0.21032101809664874
29861,0.07182683733528591
29862,0.21032101809664874
29863,0.21032101809664874
29864,0.21032101809664874
29865,0.21032101809664874
29866,0.21032101809664874
29867,0.21032101809664874
29868,0.07182683733528591
29869,0.21032101809664874
29870,0.21032101809664874
29871,0.21032101809664874
29872,0.21032101809664874
29873,0.21032101809664874
29874,0.21032101809664874
29875,0.07182683733528591
29876,0.21032101809664874
29877,0.21032101809664874
29878,0.21032101809664874
29879,0.21032101809664874
29880,0.21032101809664874
29881,0.21032101809664874
29882,0.07182683733528591
29883,0.21032101809664874
29884,0.21032101809664874
29885,0.21032101809664874
29886,0.21032101809664874
29887,0.21032101809664874
29888,0.21032101809664874
29889,0.07182683733528591
29890,0.21032101809664874
29891,0.21032101809664874
29892,0.21032101809664874
29893,0.21032101809664874
29894,0.21032101809664874
29895,0.21032101809664874
29896,0.07182683733528591
29897,0.21032101809664874
29898,0.21032101809664874
29899,0.21032101809664874
29900,0.21032101809664874
29901,0.21032101809664874
29902,0.21032101809664874
29903,0.07182683733528591
29904,0.21032101809664874
29905,0.21032101809664874
29906,0.21032101809664874
29907,0.21032101809664874
29908,0.21032101809664874
29909,0.21032101809664874
29910,0.07182683733528591
29911,0.21032101809664874
29912,0.21032101809664874
29913,0.21032101809664874
29914,0.21032101809664874
29915,0.21032101809664874
29916,0.21032101809664874
29917,0.07182683733528591
29918,0.21032101809664874
29919,0.21032101809664874
29920,0.21032101809664874
29921,0.21032101809664874
29922,0.21032101809664874
29923,0.21032101809664874
29924,0.07182683733528591
29925,0.21032101809664874
29926,0.21032101809664874
29927,0.21032101809664874
29928,0.21032101809664874
29929,0.21032101809664874
29930,0.21032101809664874
29931,0.07182683733528591
29932,0.21032101809664874
29933,0.21032101809664874
29934,0.21032101809664874
29935,0.21032101809664874
29936,0.21032101809664874
29937,0.21032101809664874
29938,0.07182683733528591
29939,0.21032101809664874
29940,0.21032101809664874
29941,0.21032101809664874
29942,0.21032101809664874
29943,0.21032101809664874
29944,0.21032101809664874
29945,0.07182683733528591
29946,0.21032101809664874
29947,0.21032101809664874
29948,0.21032101809664874
29949,0.21032101809664874
29950,0.21032101809664874
29951,0.21032101809664874
29952,0.07182683733528591
29953,0.21032101809664874
29954,0.21032101809664874
29955,0.21032101809664874
29956,0.21032101809664874
29957,0.21032101809664874
29958,0.21032101809664874
29959,0.07182683733528591
29960,0.21032101809664874
29961,0.21032101809664874
29962,0.21032101809664874
29963,0.21032101809664874
29964,0.21032101809664874
29965,0.21032101809664874
29966,0.07182683733528591
29967,0.21032101809664874
29968,0.21032101809664874
29969,0.21032101809664874
29970,0.21032101809664874
29971,0.21032101809664874
29972,0.21032101809664874
29973,0.07182683733528591
29974,0.21032101809664874
29975,0.21032101809664874
29976,0.21032101809664874
29977,0.21032101809664874
29978,0.21032101809664874
29979,0.21032101809664874
29980,0.07182683733528591
29981,0.21032101809664874
29982,0.21032101809664874
29983,0.21032101809664874
29984,0.21032101809664874
29985,0.21032101809664874
29986,0.21032101809664874
29987,0.07182683733528591
29988,0.21032101809664874
29989,0.21032101809664874
29990,0.21032101809664874
29991,0.21032101809664874
29992,0.21032101809664874
29993,0.21032101809664874
29994,0.07182683733528591
29995,0.21032101809664874
29996,0.21032101809664874
29997,0.21032101809664874
29998,0.21032101809664874
29999,0.21032101809664874
30000,0.21032101809664874
30001,0.21032101809664874
30002,0.21032101809664874
30003,0.21032101809664874
30004,0.07182683733528591
30005,0.21032101809664874
30006,0.21032101809664874
30007,0.21032101809664874
30008,0.21032101809664874
30009,0.21032101809664874
30010,0.21032101809664874
30011,0.07182683733528591
30012,0.21032101809664874
30013,0.21032101809664874
30014,0.21032101809664874
30015,0.21032101809664874
30016,0.21032101809664874
30017,0.21032101809664874
30018,0.07182683733528591
30019,0.21032101809664874
30020,0.21032101809664874
30021,0.21032101809664874
30022,0.21032101809664874
30023,0.21032101809664874
30024,0.21032101809664874
30025,0.07182683733528591
30026,0.21032101809664874
30027,0.21032101809664874
30028,0.21032101809664874
30029,0.21032101809664874
30030,0.21032101809664874
30031,0.21032101809664874
30032,0.07182683733528591
30033,0.21032101809664874
30034,0.21032101809664874
30035,0.21032101809664874
30036,0.21032101809664874
30037,0.21032101809664874
30038,0.21032101809664874
30039,0.07182683733528591
30040,0.21032101809664874
30041,0.21032101809664874
30042,0.21032101809664874
30043,0.21032101809664874
30044,0.21032101809664874
30045,0.21032101809664874
30046,0.07182683733528591
30047,0.21032101809664874
30048,0.21032101809664874
30049,0.21032101809664874
30050,0.21032101809664874
30051,0.21032101809664874
30052,0.21032101809664874
30053,0.07182683733528591
30054,0.21032101809664874
30055,0.21032101809664874
30056,0.21032101809664874
30057,0.21032101809664874
30058,0.21032101809664874
30059,0.21032101809664874
30060,0.07182683733528591
30061,0.21032101809664874
30062,0.21032101809664874
30063,0.21032101809664874
30064,0.21032101809664874
30065,0.21032101809664874
30066,0.21032101809664874
30067,0.07182683733528591
30068,0.21032101809664874
30069,0.21032101809664874
30070,0.21032101809664874
30071,0.21032101809664874
30072,0.21032101809664874
30073,0.21032101809664874
30074,0.07182683733528591
30075,0.21032101809664874
30076,0.21032101809664874
30077,0.21032101809664874
30078,0.21032101809664874
30079,0.21032101809664874
30080,0.21032101809664874
30081,0.07182683733528591
30082,0.21032101809664874
30083,0.21032101809664874
30084,0.21032101809664874
30085,0.21032101809664874
30086,0.21032101809664874
30087,0.21032101809664874
30088,0.07182683733528591
30089,0.21032101809664874
30090,0.21032101809664874
30091,0.21032101809664874
30092,0.21032101809664874
30093,0.21032101809664874
30094,0.21032101809664874
30095,0.07182683733528591
30096,0.21032101809664874
30097,0.21032101809664874
30098,0.21032101809664874
30099,0.21032101809664874
30100,0.21032101809664874
30101,0.21032101809664874
30102,0.07182683733528591
30103,0.21032101809664874
30104,0.21032101809664874
30105,0.21032101809664874
30106,0.21032101809664874
30107,0.21032101809664874
30108,0.21032101809664874
30109,0.07182683733528591
30110,0.21032101809664874
30111,0.21032101809664874
30112,0.21032101809664874
30113,0.21032101809664874
30114,0.21032101809664874
30115,0.21032101809664874
30116,0.07182683733528591
30117,0.21032101809664874
30118,0.21032101809664874
30119,0.21032101809664874
30120,0.21032101809664874
30121,0.21032101809664874
30122,0.21032101809664874
30123,0.07182683733528591
30124,0.21032101809664874
30125,0.21032101809664874
30126,0.21032101809664874
30127,0.21032101809664874
30128,0.21032101809664874
30129,0.21032101809664874
30130,0.07182683733528591
30131,0.21032101809664874
30132,0.21032101809664874
30133,0.21032101809664874
30134,0.21032101809664874
30135,0.21032101809664874
30136,0.21032101809664874
30137,0.07182683733528591
30138,0.21032101809664874
30139,0.21032101809664874
30140,0.21032101809664874
30141,0.21032101809664874
30142,0.21032101809664874
30143,0.21032101809664874
30144,0.07182683733528591
30145,0.21032101809664874
30146,0.21032101809664874
30147,0.21032101809664874
30148,0.21032101809664874
30149,0.21032101809664874
30150,0.21032101809664874
30151,0.0
30152,0.0
30153,0.0
30154,0.0
30155,0.0
30156,0.0
30157,0.0
30158,0.0
30159,0.0
30160,0.0
30161,0.0
30162,0.0
30163,0.0
30164,0.0
30165,0.0
30166,0.0
30167,0.0
30168,0.0
30169,0.0
30170,0.0
30171,0.0
30172,0.0
30173,0.0
30174,0.0
30175,0.0
30176,0.0
30177,0.0
30178,0.0
30179,0.0
30180,0.0
30181,0.0
30182,0.0
30183,0.0
30184,0.0
30185,0.0
30186,0.0
30187,0.0
30188,0.0
30189,0.0
30190,0.0
30191,0.0
30192,0.0
30193,0.0
30194,0.0
30195,0.0
30196,0.0
30197,0.0
30198,0.0
30199,0.0
30200,0.0
30201,0.0
30202,0.0
30203,0.0
30204,0.0
30205,0.0
30206,0.0
30207,0.0
30208,0.0
30209,0.0
30210,0.0
30211,0.0
30212,0.0
30213,0.0
30214,0.0
30215,0.0
30216,0.0
30217,0.0
30218,0.0
30219,0.0
30220,0.0
30221,0.0
30222,0.0
30223,0.0
30224,0.0
30225,0.0
30226,0.0
30227,0.0
30228,0.0
30229,0.0
30230,0.0
30231,0.0
30232,0.0
30233,0.0
30234,0.0
30235,0.0
30236,0.0
30237,0.0
30238,0.0
30239,0.0
30240,0.0
30241,0.0
30242,0.0
30243,0.0
30244,0.0
30245,0.0
30246,0.0
30247,0.0
30248,0.0
30249,0.0
30250,0.0
30251,0.0
30252,0.0
30253,0.0
30254,0.0
30255,0.0
30256,0.0
30257,0.0
30258,0.0
30259,0.0
30260,0.0
30261,0.0
30262,0.0
30263,0.0
30264,0.0
30265,0.0
30266,0.0
30267,0.0
30268,0.0
30269,0.0
30270,0.0
30271,0.0
30272,0.0
30273,0.0
30274,0.0
30275,0.0
30276,0.0
30277,0.0
30278,0.0
30279,0.0
30280,0.0
30281,0.0
30282,0.0
30283,0.0
30284,0.0
30285,0.0
30286,0.0
30287,0.0
30288,0.0
30289,0.0
30290,0.0
30291,0.0
30292,0.0
30293,0.0
30294,0.0
30295,0.0
30296,0.0
30297,0.0
30298,0.0
30299,0.0
30300,0.0
30301,297.4215641010456
30302,297.4215641010456
30303,297.4215641010456
30304,297.4215641010456
30305,297.4215641010456
30306,297.4215641010456
30307,297.4215641010456
30308,297.4215641010456
30309,297.4215641010456
30310,297.4215641010456
30311,297.4215641010456
30312,297.4215641010456
30313,297.4215641010456
30314,297.4215641010456
30315,297.4215641010456
30316,297.4215641010456
30317,297.4215641010456
30318,297.4215641010456
30319,297.4215641010456
30320,297.4215641010456
30321,297.4215641010456
30322,297.4215641010456
30323,297.4215641010456
30324,297.4215641010456
30325,297.4215641010456
30326,297.4215641010456
30327,297.4215641010456
30328,297.4215641010456
30329,297.4215641010456
30330,297.4215641010456
30331,297.4215641010456
30332,297.4215641010456
30333,297.4215641010456
30334,297.4215641010456
30335,297.4215641010456
30336,297.4215641010456
30337,297.4215641010456
30338,297.4215641010456
30339,297.4215641010456
30340,297.4215641010456
30341,297.4215641010456
30342,297.4215641010456
30343,297.4215641010456
30344,297.4215641010456
30345,297.4215641010456
30346,297.4215641010456
30347,297.4215641010456
30348,297.4215641010456
30349,297.4215641010456
30350,297.4215641010456
30351,297.4215641010456
30352,297.4215641010456
30353,297.4215641010456
30354,297.4215641010456
30355,297.4215641010456
30356,297.4215641010456
30357,297.4215641010456
30358,297.4215641010456
30359,297.4215641010456
30360,297.4215641010456
30361,297.4215641010456
30362,297.4215641010456
30363,297.4215641010456
30364,297.4215641010456
30365,297.4215641010456
30366,297.4215641010456
30367,297.4215641010456
30368,297.4215641010456
30369,297.4215641010456
30370,297.4215641010456
30371,297.4215641010456
30372,297.4215641010456
30373,297.4215641010456
30374,297.4215641010456
30375,297.4215641010456
30376,297.4215641010456
30377,297.4215641010456
30378,297.4215641010456
30379,297.4215641010456
30380,297.4215641010456
30381,297.4215641010456
30382,297.4215641010456
30383,297.4215641010456
30384,297.4215641010456
30385,297.4215641010456
30386,297.4215641010456
30387,297.4215641010456
30388,297.4215641010456
30389,297.4215641010456
30390,297.4215641010456
30391,297.4215641010456
30392,297.4215641010456
30393,297.4215641010456
30394,297.4215641010456
30395,297.4215641010456
30396,297.4215641010456
30397,297.4215641010456
30398,297.4215641010456
30399,297.4215641010456
30400,297.4215641010456
30401,297.4215641010456
30402,297.4215641010456
30403,297.4215641010456
30404,297.4215641010456
30405,297.4215641010456
30406,297.4215641010456
30407,297.4215641010456
30408,297.4215641010456
30409,297.4215641010456
30410,297.4215641010456
30411,297.4215641010456
30412,297.4215641010456
30413,297.4215641010456
30414,297.4215641010456
30415,297.4215641010456
30416,297.4215641010456
30417,297.4215641010456
30418,297.4215641010456
30419,297.4215641010456
30420,297.4215641010456
30421,297.4215641010456
30422,297.4215641010456
30423,297.4215641010456
30424,297.4215641010456
30425,297.4215641010456
30426,297.4215641010456
30427,297.4215641010456
30428,297.4215641010456
30429,297.4215641010456
30430,297.4215641010456
30431,297.4215641010456
30432,297.4215641010456
30433,297.4215641010456
30434,297.4215641010456
30435,297.4215641010456
30436,297.4215641010456
30437,297.4215641010456
30438,297.4215641010456
30439,297.4215641010456
30440,297.4215641010456
30441,297.4215641010456
30442,297.4215641010456
30443,297.4215641010456
30444,297.4215641010456
30445,297.4215641010456
30446,297.4215641010456
30447,297.4215641010456
30448,297.4215641010456
30449,297.4215641010456
30450,297.4215641010456
