ID,predicted_weight
1,0.0
2,0.0
3,0.0
4,0.0
5,0.0
6,0.0
7,0.0
8,0.0
9,0.0
10,0.0
11,0.0
12,0.0
13,0.0
14,0.0
15,0.0
16,0.0
17,0.0
18,0.0
19,0.0
20,0.0
21,0.0
22,0.0
23,0.0
24,0.0
25,0.0
26,0.0
27,0.0
28,0.0
29,0.0
30,0.0
31,0.0
32,0.0
33,0.0
34,0.0
35,0.0
36,0.0
37,0.0
38,0.0
39,0.0
40,0.0
41,0.0
42,0.0
43,0.0
44,0.0
45,0.0
46,0.0
47,0.0
48,0.0
49,0.0
50,0.0
51,0.0
52,0.0
53,0.0
54,0.0
55,0.0
56,0.0
57,0.0
58,0.0
59,0.0
60,0.0
61,0.0
62,0.0
63,0.0
64,0.0
65,0.0
66,0.0
67,0.0
68,0.0
69,0.0
70,0.0
71,0.0
72,0.0
73,0.0
74,0.0
75,0.0
76,0.0
77,0.0
78,0.0
79,0.0
80,0.0
81,0.0
82,0.0
83,0.0
84,0.0
85,0.0
86,0.0
87,0.0
88,0.0
89,0.0
90,0.0
91,0.0
92,0.0
93,0.0
94,0.0
95,0.0
96,0.0
97,0.0
98,0.0
99,0.0
100,0.0
101,0.0
102,0.0
103,0.0
104,0.0
105,0.0
106,0.0
107,0.0
108,0.0
109,0.0
110,0.0
111,0.0
112,0.0
113,0.0
114,0.0
115,0.0
116,0.0
117,0.0
118,0.0
119,0.0
120,0.0
121,0.0
122,0.0
123,0.0
124,0.0
125,0.0
126,0.0
127,0.0
128,0.0
129,0.0
130,0.0
131,0.0
132,0.0
133,0.0
134,0.0
135,0.0
136,0.0
137,0.0
138,0.0
139,0.0
140,0.0
141,0.0
142,0.0
143,0.0
144,0.0
145,0.0
146,0.0
147,0.0
148,0.0
149,0.0
150,0.0
151,0.0
152,0.0
153,0.0
154,0.0
155,0.0
156,0.0
157,0.0
158,0.0
159,0.0
160,0.0
161,0.0
162,0.0
163,0.0
164,0.0
165,0.0
166,0.0
167,0.0
168,0.0
169,0.0
170,0.0
171,0.0
172,0.0
173,0.0
174,0.0
175,0.0
176,0.0
177,0.0
178,0.0
179,0.0
180,0.0
181,0.0
182,0.0
183,0.0
184,0.0
185,0.0
186,0.0
187,0.0
188,0.0
189,0.0
190,0.0
191,0.0
192,0.0
193,0.0
194,0.0
195,0.0
196,0.0
197,0.0
198,0.0
199,0.0
200,0.0
201,0.0
202,0.0
203,0.0
204,0.0
205,0.0
206,0.0
207,0.0
208,0.0
209,0.0
210,0.0
211,0.0
212,0.0
213,0.0
214,0.0
215,0.0
216,0.0
217,0.0
218,0.0
219,0.0
220,0.0
221,0.0
222,0.0
223,0.0
224,0.0
225,0.0
226,0.0
227,0.0
228,0.0
229,0.0
230,0.0
231,0.0
232,0.0
233,0.0
234,0.0
235,0.0
236,0.0
237,0.0
238,0.0
239,0.0
240,0.0
241,0.0
242,0.0
243,0.0
244,0.0
245,0.0
246,0.0
247,0.0
248,0.0
249,0.0
250,0.0
251,0.0
252,0.0
253,0.0
254,0.0
255,0.0
256,0.0
257,0.0
258,0.0
259,0.0
260,0.0
261,0.0
262,0.0
263,0.0
264,0.0
265,0.0
266,0.0
267,0.0
268,0.0
269,0.0
270,0.0
271,0.0
272,0.0
273,0.0
274,0.0
275,0.0
276,0.0
277,0.0
278,0.0
279,0.0
280,0.0
281,0.0
282,0.0
283,0.0
284,0.0
285,0.0
286,0.0
287,0.0
288,0.0
289,0.0
290,0.0
291,0.0
292,0.0
293,0.0
294,0.0
295,0.0
296,0.0
297,0.0
298,0.0
299,0.0
300,0.0
301,0.0
302,0.0
303,0.0
304,0.0
305,0.0
306,0.0
307,0.0
308,0.0
309,0.0
310,0.0
311,0.0
312,0.0
313,0.0
314,0.0
315,0.0
316,0.0
317,0.0
318,0.0
319,0.0
320,0.0
321,0.0
322,0.0
323,0.0
324,0.0
325,0.0
326,0.0
327,0.0
328,0.0
329,0.0
330,0.0
331,0.0
332,0.0
333,0.0
334,0.0
335,0.0
336,0.0
337,0.0
338,0.0
339,0.0
340,0.0
341,0.0
342,0.0
343,0.0
344,0.0
345,0.0
346,0.0
347,0.0
348,0.0
349,0.0
350,0.0
351,0.0
352,0.0
353,0.0
354,0.0
355,0.0
356,0.0
357,0.0
358,0.0
359,0.0
360,0.0
361,0.0
362,0.0
363,0.0
364,0.0
365,0.0
366,0.0
367,0.0
368,0.0
369,0.0
370,0.0
371,0.0
372,0.0
373,0.0
374,0.0
375,0.0
376,0.0
377,0.0
378,0.0
379,0.0
380,0.0
381,0.0
382,0.0
383,0.0
384,0.0
385,0.0
386,0.0
387,0.0
388,0.0
389,0.0
390,0.0
391,0.0
392,0.0
393,0.0
394,0.0
395,0.0
396,0.0
397,0.0
398,0.0
399,0.0
400,0.0
401,0.0
402,0.0
403,0.0
404,0.0
405,0.0
406,0.0
407,0.0
408,0.0
409,0.0
410,0.0
411,0.0
412,0.0
413,0.0
414,0.0
415,0.0
416,0.0
417,0.0
418,0.0
419,0.0
420,0.0
421,0.0
422,0.0
423,0.0
424,0.0
425,0.0
426,0.0
427,0.0
428,0.0
429,0.0
430,0.0
431,0.0
432,0.0
433,0.0
434,0.0
435,0.0
436,0.0
437,0.0
438,0.0
439,0.0
440,0.0
441,0.0
442,0.0
443,0.0
444,0.0
445,0.0
446,0.0
447,0.0
448,0.0
449,0.0
450,0.0
451,0.0
452,0.0
453,0.0
454,0.0
455,0.0
456,0.0
457,0.0
458,0.0
459,0.0
460,0.0
461,0.0
462,0.0
463,0.0
464,0.0
465,0.0
466,0.0
467,0.0
468,0.0
469,0.0
470,0.0
471,0.0
472,0.0
473,0.0
474,0.0
475,0.0
476,0.0
477,0.0
478,0.0
479,0.0
480,0.0
481,0.0
482,0.0
483,0.0
484,0.0
485,0.0
486,0.0
487,0.0
488,0.0
489,0.0
490,0.0
491,0.0
492,0.0
493,0.0
494,0.0
495,0.0
496,0.0
497,0.0
498,0.0
499,0.0
500,0.0
501,0.0
502,0.0
503,0.0
504,0.0
505,0.0
506,0.0
507,0.0
508,0.0
509,0.0
510,0.0
511,0.0
512,0.0
513,0.0
514,0.0
515,0.0
516,0.0
517,0.0
518,0.0
519,0.0
520,0.0
521,0.0
522,0.0
523,0.0
524,0.0
525,0.0
526,0.0
527,0.0
528,0.0
529,0.0
530,0.0
531,0.0
532,0.0
533,0.0
534,0.0
535,0.0
536,0.0
537,0.0
538,0.0
539,0.0
540,0.0
541,0.0
542,0.0
543,0.0
544,0.0
545,0.0
546,0.0
547,0.0
548,0.0
549,0.0
550,0.0
551,0.0
552,0.0
553,0.0
554,0.0
555,0.0
556,0.0
557,0.0
558,0.0
559,0.0
560,0.0
561,0.0
562,0.0
563,0.0
564,0.0
565,0.0
566,0.0
567,0.0
568,0.0
569,0.0
570,0.0
571,0.0
572,0.0
573,0.0
574,0.0
575,0.0
576,0.0
577,0.0
578,0.0
579,0.0
580,0.0
581,0.0
582,0.0
583,0.0
584,0.0
585,0.0
586,0.0
587,0.0
588,0.0
589,0.0
590,0.0
591,0.0
592,0.0
593,0.0
594,0.0
595,0.0
596,0.0
597,0.0
598,0.0
599,0.0
600,0.0
601,0.0
602,0.0
603,0.0
604,0.0
605,0.0
606,0.0
607,0.0
608,0.0
609,0.0
610,0.0
611,0.0
612,0.0
613,0.0
614,0.0
615,0.0
616,0.0
617,0.0
618,0.0
619,0.0
620,0.0
621,0.0
622,0.0
623,0.0
624,0.0
625,0.0
626,0.0
627,0.0
628,0.0
629,0.0
630,0.0
631,0.0
632,0.0
633,0.0
634,0.0
635,0.0
636,0.0
637,0.0
638,0.0
639,0.0
640,0.0
641,0.0
642,0.0
643,0.0
644,0.0
645,0.0
646,0.0
647,0.0
648,0.0
649,0.0
650,0.0
651,0.0
652,0.0
653,0.0
654,0.0
655,0.0
656,0.0
657,0.0
658,0.0
659,0.0
660,0.0
661,0.0
662,0.0
663,0.0
664,0.0
665,0.0
666,0.0
667,0.0
668,0.0
669,0.0
670,0.0
671,0.0
672,0.0
673,0.0
674,0.0
675,0.0
676,0.0
677,0.0
678,0.0
679,0.0
680,0.0
681,0.0
682,0.0
683,0.0
684,0.0
685,0.0
686,0.0
687,0.0
688,0.0
689,0.0
690,0.0
691,0.0
692,0.0
693,0.0
694,0.0
695,0.0
696,0.0
697,0.0
698,0.0
699,0.0
700,0.0
701,0.0
702,0.0
703,0.0
704,0.0
705,0.0
706,0.0
707,0.0
708,0.0
709,0.0
710,0.0
711,0.0
712,0.0
713,0.0
714,0.0
715,0.0
716,0.0
717,0.0
718,0.0
719,0.0
720,0.0
721,0.0
722,0.0
723,0.0
724,0.0
725,0.0
726,0.0
727,0.0
728,0.0
729,0.0
730,0.0
731,0.0
732,0.0
733,0.0
734,0.0
735,0.0
736,0.0
737,0.0
738,0.0
739,0.0
740,0.0
741,0.0
742,0.0
743,0.0
744,0.0
745,0.0
746,0.0
747,0.0
748,0.0
749,0.0
750,0.0
751,0.0
752,0.0
753,0.0
754,0.0
755,0.0
756,0.0
757,0.0
758,0.0
759,0.0
760,0.0
761,0.0
762,0.0
763,0.0
764,0.0
765,0.0
766,0.0
767,0.0
768,0.0
769,0.0
770,0.0
771,0.0
772,0.0
773,0.0
774,0.0
775,0.0
776,0.0
777,0.0
778,0.0
779,0.0
780,0.0
781,0.0
782,0.0
783,0.0
784,0.0
785,0.0
786,0.0
787,0.0
788,0.0
789,0.0
790,0.0
791,0.0
792,0.0
793,0.0
794,0.0
795,0.0
796,0.0
797,0.0
798,0.0
799,0.0
800,0.0
801,0.0
802,0.0
803,0.0
804,0.0
805,0.0
806,0.0
807,0.0
808,0.0
809,0.0
810,0.0
811,0.0
812,0.0
813,0.0
814,0.0
815,0.0
816,0.0
817,0.0
818,0.0
819,0.0
820,0.0
821,0.0
822,0.0
823,0.0
824,0.0
825,0.0
826,0.0
827,0.0
828,0.0
829,0.0
830,0.0
831,0.0
832,0.0
833,0.0
834,0.0
835,0.0
836,0.0
837,0.0
838,0.0
839,0.0
840,0.0
841,0.0
842,0.0
843,0.0
844,0.0
845,0.0
846,0.0
847,0.0
848,0.0
849,0.0
850,0.0
851,0.0
852,0.0
853,0.0
854,0.0
855,0.0
856,0.0
857,0.0
858,0.0
859,0.0
860,0.0
861,0.0
862,0.0
863,0.0
864,0.0
865,0.0
866,0.0
867,0.0
868,0.0
869,0.0
870,0.0
871,0.0
872,0.0
873,0.0
874,0.0
875,0.0
876,0.0
877,0.0
878,0.0
879,0.0
880,0.0
881,0.0
882,0.0
883,0.0
884,0.0
885,0.0
886,0.0
887,0.0
888,0.0
889,0.0
890,0.0
891,0.0
892,0.0
893,0.0
894,0.0
895,0.0
896,0.0
897,0.0
898,0.0
899,0.0
900,0.0
901,0.0
902,0.0
903,0.0
904,0.0
905,0.0
906,0.0
907,0.0
908,0.0
909,0.0
910,0.0
911,0.0
912,0.0
913,0.0
914,0.0
915,0.0
916,0.0
917,0.0
918,0.0
919,0.0
920,0.0
921,0.0
922,0.0
923,0.0
924,0.0
925,0.0
926,0.0
927,0.0
928,0.0
929,0.0
930,0.0
931,0.0
932,0.0
933,0.0
934,0.0
935,0.0
936,0.0
937,0.0
938,0.0
939,0.0
940,0.0
941,0.0
942,0.0
943,0.0
944,0.0
945,0.0
946,0.0
947,0.0
948,0.0
949,0.0
950,0.0
951,0.0
952,0.0
953,0.0
954,0.0
955,0.0
956,0.0
957,0.0
958,0.0
959,0.0
960,0.0
961,0.0
962,0.0
963,0.0
964,0.0
965,0.0
966,0.0
967,0.0
968,0.0
969,0.0
970,0.0
971,0.0
972,0.0
973,0.0
974,0.0
975,0.0
976,0.0
977,0.0
978,0.0
979,0.0
980,0.0
981,0.0
982,0.0
983,0.0
984,0.0
985,0.0
986,0.0
987,0.0
988,0.0
989,0.0
990,0.0
991,0.0
992,0.0
993,0.0
994,0.0
995,0.0
996,0.0
997,0.0
998,0.0
999,0.0
1000,0.0
1001,0.0
1002,0.0
1003,0.0
1004,0.0
1005,0.0
1006,0.0
1007,0.0
1008,0.0
1009,0.0
1010,0.0
1011,0.0
1012,0.0
1013,0.0
1014,0.0
1015,0.0
1016,0.0
1017,0.0
1018,0.0
1019,0.0
1020,0.0
1021,0.0
1022,0.0
1023,0.0
1024,0.0
1025,0.0
1026,0.0
1027,0.0
1028,0.0
1029,0.0
1030,0.0
1031,0.0
1032,0.0
1033,0.0
1034,0.0
1035,0.0
1036,0.0
1037,0.0
1038,0.0
1039,0.0
1040,0.0
1041,0.0
1042,0.0
1043,0.0
1044,0.0
1045,0.0
1046,0.0
1047,0.0
1048,0.0
1049,0.0
1050,0.0
1051,0.0
1052,0.0
1053,0.0
1054,0.0
1055,0.0
1056,0.0
1057,0.0
1058,0.0
1059,0.0
1060,0.0
1061,0.0
1062,0.0
1063,0.0
1064,0.0
1065,0.0
1066,0.0
1067,0.0
1068,0.0
1069,0.0
1070,0.0
1071,0.0
1072,0.0
1073,0.0
1074,0.0
1075,0.0
1076,0.0
1077,0.0
1078,0.0
1079,0.0
1080,0.0
1081,0.0
1082,0.0
1083,0.0
1084,0.0
1085,0.0
1086,0.0
1087,0.0
1088,0.0
1089,0.0
1090,0.0
1091,0.0
1092,0.0
1093,0.0
1094,0.0
1095,0.0
1096,0.0
1097,0.0
1098,0.0
1099,0.0
1100,0.0
1101,0.0
1102,0.0
1103,0.0
1104,0.0
1105,0.0
1106,0.0
1107,0.0
1108,0.0
1109,0.0
1110,0.0
1111,0.0
1112,0.0
1113,0.0
1114,0.0
1115,0.0
1116,0.0
1117,0.0
1118,0.0
1119,0.0
1120,0.0
1121,0.0
1122,0.0
1123,0.0
1124,0.0
1125,0.0
1126,0.0
1127,0.0
1128,0.0
1129,0.0
1130,0.0
1131,0.0
1132,0.0
1133,0.0
1134,0.0
1135,0.0
1136,0.0
1137,0.0
1138,0.0
1139,0.0
1140,0.0
1141,0.0
1142,0.0
1143,0.0
1144,0.0
1145,0.0
1146,0.0
1147,0.0
1148,0.0
1149,0.0
1150,0.0
1151,0.0
1152,0.0
1153,0.0
1154,0.0
1155,0.0
1156,0.0
1157,0.0
1158,0.0
1159,0.0
1160,0.0
1161,0.0
1162,0.0
1163,0.0
1164,0.0
1165,0.0
1166,0.0
1167,0.0
1168,0.0
1169,0.0
1170,0.0
1171,0.0
1172,0.0
1173,0.0
1174,0.0
1175,0.0
1176,0.0
1177,0.0
1178,0.0
1179,0.0
1180,0.0
1181,0.0
1182,0.0
1183,0.0
1184,0.0
1185,0.0
1186,0.0
1187,0.0
1188,0.0
1189,0.0
1190,0.0
1191,0.0
1192,0.0
1193,0.0
1194,0.0
1195,0.0
1196,0.0
1197,0.0
1198,0.0
1199,0.0
1200,0.0
1201,0.0
1202,0.0
1203,0.0
1204,0.0
1205,0.0
1206,0.0
1207,0.0
1208,0.0
1209,0.0
1210,0.0
1211,0.0
1212,0.0
1213,0.0
1214,0.0
1215,0.0
1216,0.0
1217,0.0
1218,0.0
1219,0.0
1220,0.0
1221,0.0
1222,0.0
1223,0.0
1224,0.0
1225,0.0
1226,0.0
1227,0.0
1228,0.0
1229,0.0
1230,0.0
1231,0.0
1232,0.0
1233,0.0
1234,0.0
1235,0.0
1236,0.0
1237,0.0
1238,0.0
1239,0.0
1240,0.0
1241,0.0
1242,0.0
1243,0.0
1244,0.0
1245,0.0
1246,0.0
1247,0.0
1248,0.0
1249,0.0
1250,0.0
1251,0.0
1252,0.0
1253,0.0
1254,0.0
1255,0.0
1256,0.0
1257,0.0
1258,0.0
1259,0.0
1260,0.0
1261,0.0
1262,0.0
1263,0.0
1264,0.0
1265,0.0
1266,0.0
1267,0.0
1268,0.0
1269,0.0
1270,0.0
1271,0.0
1272,0.0
1273,0.0
1274,0.0
1275,0.0
1276,0.0
1277,0.0
1278,0.0
1279,0.0
1280,0.0
1281,0.0
1282,0.0
1283,0.0
1284,0.0
1285,0.0
1286,0.0
1287,0.0
1288,0.0
1289,0.0
1290,0.0
1291,0.0
1292,0.0
1293,0.0
1294,0.0
1295,0.0
1296,0.0
1297,0.0
1298,0.0
1299,0.0
1300,0.0
1301,0.0
1302,0.0
1303,0.0
1304,0.0
1305,0.0
1306,0.0
1307,0.0
1308,0.0
1309,0.0
1310,0.0
1311,0.0
1312,0.0
1313,0.0
1314,0.0
1315,0.0
1316,0.0
1317,0.0
1318,0.0
1319,0.0
1320,0.0
1321,0.0
1322,0.0
1323,0.0
1324,0.0
1325,0.0
1326,0.0
1327,0.0
1328,0.0
1329,0.0
1330,0.0
1331,0.0
1332,0.0
1333,0.0
1334,0.0
1335,0.0
1336,0.0
1337,0.0
1338,0.0
1339,0.0
1340,0.0
1341,0.0
1342,0.0
1343,0.0
1344,0.0
1345,0.0
1346,0.0
1347,0.0
1348,0.0
1349,0.0
1350,0.0
1351,0.0
1352,0.0
1353,0.0
1354,0.0
1355,0.0
1356,0.0
1357,0.0
1358,0.0
1359,0.0
1360,0.0
1361,0.0
1362,0.0
1363,0.0
1364,0.0
1365,0.0
1366,0.0
1367,0.0
1368,0.0
1369,0.0
1370,0.0
1371,0.0
1372,0.0
1373,0.0
1374,0.0
1375,0.0
1376,0.0
1377,0.0
1378,0.0
1379,0.0
1380,0.0
1381,0.0
1382,0.0
1383,0.0
1384,0.0
1385,0.0
1386,0.0
1387,0.0
1388,0.0
1389,0.0
1390,0.0
1391,0.0
1392,0.0
1393,0.0
1394,0.0
1395,0.0
1396,0.0
1397,0.0
1398,0.0
1399,0.0
1400,0.0
1401,0.0
1402,0.0
1403,0.0
1404,0.0
1405,0.0
1406,0.0
1407,0.0
1408,0.0
1409,0.0
1410,0.0
1411,0.0
1412,0.0
1413,0.0
1414,0.0
1415,0.0
1416,0.0
1417,0.0
1418,0.0
1419,0.0
1420,0.0
1421,0.0
1422,0.0
1423,0.0
1424,0.0
1425,0.0
1426,0.0
1427,0.0
1428,0.0
1429,0.0
1430,0.0
1431,0.0
1432,0.0
1433,0.0
1434,0.0
1435,0.0
1436,0.0
1437,0.0
1438,0.0
1439,0.0
1440,0.0
1441,0.0
1442,0.0
1443,0.0
1444,0.0
1445,0.0
1446,0.0
1447,0.0
1448,0.0
1449,0.0
1450,0.0
1451,0.0
1452,0.0
1453,0.0
1454,0.0
1455,0.0
1456,0.0
1457,0.0
1458,0.0
1459,0.0
1460,0.0
1461,0.0
1462,0.0
1463,0.0
1464,0.0
1465,0.0
1466,0.0
1467,0.0
1468,0.0
1469,0.0
1470,0.0
1471,0.0
1472,0.0
1473,0.0
1474,0.0
1475,0.0
1476,0.0
1477,0.0
1478,0.0
1479,0.0
1480,0.0
1481,0.0
1482,0.0
1483,0.0
1484,0.0
1485,0.0
1486,0.0
1487,0.0
1488,0.0
1489,0.0
1490,0.0
1491,0.0
1492,0.0
1493,0.0
1494,0.0
1495,0.0
1496,0.0
1497,0.0
1498,0.0
1499,0.0
1500,0.0
1501,0.0
1502,0.0
1503,0.0
1504,0.0
1505,0.0
1506,0.0
1507,0.0
1508,0.0
1509,0.0
1510,0.0
1511,0.0
1512,0.0
1513,0.0
1514,0.0
1515,0.0
1516,0.0
1517,0.0
1518,0.0
1519,0.0
1520,0.0
1521,0.0
1522,0.0
1523,0.0
1524,0.0
1525,0.0
1526,0.0
1527,0.0
1528,0.0
1529,0.0
1530,0.0
1531,0.0
1532,0.0
1533,0.0
1534,0.0
1535,0.0
1536,0.0
1537,0.0
1538,0.0
1539,0.0
1540,0.0
1541,0.0
1542,0.0
1543,0.0
1544,0.0
1545,0.0
1546,0.0
1547,0.0
1548,0.0
1549,0.0
1550,0.0
1551,0.0
1552,0.0
1553,0.0
1554,0.0
1555,0.0
1556,0.0
1557,0.0
1558,0.0
1559,0.0
1560,0.0
1561,0.0
1562,0.0
1563,0.0
1564,0.0
1565,0.0
1566,0.0
1567,0.0
1568,0.0
1569,0.0
1570,0.0
1571,0.0
1572,0.0
1573,0.0
1574,0.0
1575,0.0
1576,0.0
1577,0.0
1578,0.0
1579,0.0
1580,0.0
1581,0.0
1582,0.0
1583,0.0
1584,0.0
1585,0.0
1586,0.0
1587,0.0
1588,0.0
1589,0.0
1590,0.0
1591,0.0
1592,0.0
1593,0.0
1594,0.0
1595,0.0
1596,0.0
1597,0.0
1598,0.0
1599,0.0
1600,0.0
1601,0.0
1602,0.0
1603,0.0
1604,0.0
1605,0.0
1606,0.0
1607,0.0
1608,0.0
1609,0.0
1610,0.0
1611,0.0
1612,0.0
1613,0.0
1614,0.0
1615,0.0
1616,0.0
1617,0.0
1618,0.0
1619,0.0
1620,0.0
1621,0.0
1622,0.0
1623,0.0
1624,0.0
1625,0.0
1626,0.0
1627,0.0
1628,0.0
1629,0.0
1630,0.0
1631,0.0
1632,0.0
1633,0.0
1634,0.0
1635,0.0
1636,0.0
1637,0.0
1638,0.0
1639,0.0
1640,0.0
1641,0.0
1642,0.0
1643,0.0
1644,0.0
1645,0.0
1646,0.0
1647,0.0
1648,0.0
1649,0.0
1650,0.0
1651,0.0
1652,0.0
1653,0.0
1654,0.0
1655,0.0
1656,0.0
1657,0.0
1658,0.0
1659,0.0
1660,0.0
1661,0.0
1662,0.0
1663,0.0
1664,0.0
1665,0.0
1666,0.0
1667,0.0
1668,0.0
1669,0.0
1670,0.0
1671,0.0
1672,0.0
1673,0.0
1674,0.0
1675,0.0
1676,0.0
1677,0.0
1678,0.0
1679,0.0
1680,0.0
1681,0.0
1682,0.0
1683,0.0
1684,0.0
1685,0.0
1686,0.0
1687,0.0
1688,0.0
1689,0.0
1690,0.0
1691,0.0
1692,0.0
1693,0.0
1694,0.0
1695,0.0
1696,0.0
1697,0.0
1698,0.0
1699,0.0
1700,0.0
1701,0.0
1702,0.0
1703,0.0
1704,0.0
1705,0.0
1706,0.0
1707,0.0
1708,0.0
1709,0.0
1710,0.0
1711,0.0
1712,0.0
1713,0.0
1714,0.0
1715,0.0
1716,0.0
1717,0.0
1718,0.0
1719,0.0
1720,0.0
1721,0.0
1722,0.0
1723,0.0
1724,0.0
1725,0.0
1726,0.0
1727,0.0
1728,0.0
1729,0.0
1730,0.0
1731,0.0
1732,0.0
1733,0.0
1734,0.0
1735,0.0
1736,0.0
1737,0.0
1738,0.0
1739,0.0
1740,0.0
1741,0.0
1742,0.0
1743,0.0
1744,0.0
1745,0.0
1746,0.0
1747,0.0
1748,0.0
1749,0.0
1750,0.0
1751,0.0
1752,0.0
1753,0.0
1754,0.0
1755,0.0
1756,0.0
1757,0.0
1758,0.0
1759,0.0
1760,0.0
1761,0.0
1762,0.0
1763,0.0
1764,0.0
1765,0.0
1766,0.0
1767,0.0
1768,0.0
1769,0.0
1770,0.0
1771,0.0
1772,0.0
1773,0.0
1774,0.0
1775,0.0
1776,0.0
1777,0.0
1778,0.0
1779,0.0
1780,0.0
1781,0.0
1782,0.0
1783,0.0
1784,0.0
1785,0.0
1786,0.0
1787,0.0
1788,0.0
1789,0.0
1790,0.0
1791,0.0
1792,0.0
1793,0.0
1794,0.0
1795,0.0
1796,0.0
1797,0.0
1798,0.0
1799,0.0
1800,0.0
1801,0.0
1802,0.0
1803,0.0
1804,0.0
1805,0.0
1806,0.0
1807,0.0
1808,0.0
1809,0.0
1810,0.0
1811,0.0
1812,0.0
1813,0.0
1814,0.0
1815,0.0
1816,0.0
1817,0.0
1818,0.0
1819,0.0
1820,0.0
1821,0.0
1822,0.0
1823,0.0
1824,0.0
1825,0.0
1826,0.0
1827,0.0
1828,0.0
1829,0.0
1830,0.0
1831,0.0
1832,0.0
1833,0.0
1834,0.0
1835,0.0
1836,0.0
1837,0.0
1838,0.0
1839,0.0
1840,0.0
1841,0.0
1842,0.0
1843,0.0
1844,0.0
1845,0.0
1846,0.0
1847,0.0
1848,0.0
1849,0.0
1850,0.0
1851,0.0
1852,0.0
1853,0.0
1854,0.0
1855,0.0
1856,0.0
1857,0.0
1858,0.0
1859,0.0
1860,0.0
1861,0.0
1862,0.0
1863,0.0
1864,0.0
1865,0.0
1866,0.0
1867,0.0
1868,0.0
1869,0.0
1870,0.0
1871,0.0
1872,0.0
1873,0.0
1874,0.0
1875,0.0
1876,0.0
1877,0.0
1878,0.0
1879,0.0
1880,0.0
1881,0.0
1882,0.0
1883,0.0
1884,0.0
1885,0.0
1886,0.0
1887,0.0
1888,0.0
1889,0.0
1890,0.0
1891,0.0
1892,0.0
1893,0.0
1894,0.0
1895,0.0
1896,0.0
1897,0.0
1898,0.0
1899,0.0
1900,0.0
1901,0.0
1902,0.0
1903,0.0
1904,0.0
1905,0.0
1906,0.0
1907,0.0
1908,0.0
1909,0.0
1910,0.0
1911,0.0
1912,0.0
1913,0.0
1914,0.0
1915,0.0
1916,0.0
1917,0.0
1918,0.0
1919,0.0
1920,0.0
1921,0.0
1922,0.0
1923,0.0
1924,0.0
1925,0.0
1926,0.0
1927,0.0
1928,0.0
1929,0.0
1930,0.0
1931,0.0
1932,0.0
1933,0.0
1934,0.0
1935,0.0
1936,0.0
1937,0.0
1938,0.0
1939,0.0
1940,0.0
1941,0.0
1942,0.0
1943,0.0
1944,0.0
1945,0.0
1946,0.0
1947,0.0
1948,0.0
1949,0.0
1950,0.0
1951,0.0
1952,0.0
1953,0.0
1954,0.0
1955,0.0
1956,0.0
1957,0.0
1958,0.0
1959,0.0
1960,0.0
1961,0.0
1962,0.0
1963,0.0
1964,0.0
1965,0.0
1966,0.0
1967,0.0
1968,0.0
1969,0.0
1970,0.0
1971,0.0
1972,0.0
1973,0.0
1974,0.0
1975,0.0
1976,0.0
1977,0.0
1978,0.0
1979,0.0
1980,0.0
1981,0.0
1982,0.0
1983,0.0
1984,0.0
1985,0.0
1986,0.0
1987,0.0
1988,0.0
1989,0.0
1990,0.0
1991,0.0
1992,0.0
1993,0.0
1994,0.0
1995,0.0
1996,0.0
1997,0.0
1998,0.0
1999,0.0
2000,0.0
2001,0.0
2002,0.0
2003,0.0
2004,0.0
2005,0.0
2006,0.0
2007,0.0
2008,0.0
2009,0.0
2010,0.0
2011,0.0
2012,0.0
2013,0.0
2014,0.0
2015,0.0
2016,0.0
2017,0.0
2018,0.0
2019,0.0
2020,0.0
2021,0.0
2022,0.0
2023,0.0
2024,0.0
2025,0.0
2026,0.0
2027,0.0
2028,0.0
2029,0.0
2030,0.0
2031,0.0
2032,0.0
2033,0.0
2034,0.0
2035,0.0
2036,0.0
2037,0.0
2038,0.0
2039,0.0
2040,0.0
2041,0.0
2042,0.0
2043,0.0
2044,0.0
2045,0.0
2046,0.0
2047,0.0
2048,0.0
2049,0.0
2050,0.0
2051,0.0
2052,0.0
2053,0.0
2054,0.0
2055,0.0
2056,0.0
2057,0.0
2058,0.0
2059,0.0
2060,0.0
2061,0.0
2062,0.0
2063,0.0
2064,0.0
2065,0.0
2066,0.0
2067,0.0
2068,0.0
2069,0.0
2070,0.0
2071,0.0
2072,0.0
2073,0.0
2074,0.0
2075,0.0
2076,0.0
2077,0.0
2078,0.0
2079,0.0
2080,0.0
2081,0.0
2082,0.0
2083,0.0
2084,0.0
2085,0.0
2086,0.0
2087,0.0
2088,0.0
2089,0.0
2090,0.0
2091,0.0
2092,0.0
2093,0.0
2094,0.0
2095,0.0
2096,0.0
2097,0.0
2098,0.0
2099,0.0
2100,0.0
2101,0.0
2102,0.0
2103,0.0
2104,0.0
2105,0.0
2106,0.0
2107,0.0
2108,0.0
2109,0.0
2110,0.0
2111,0.0
2112,0.0
2113,0.0
2114,0.0
2115,0.0
2116,0.0
2117,0.0
2118,0.0
2119,0.0
2120,0.0
2121,0.0
2122,0.0
2123,0.0
2124,0.0
2125,0.0
2126,0.0
2127,0.0
2128,0.0
2129,0.0
2130,0.0
2131,0.0
2132,0.0
2133,0.0
2134,0.0
2135,0.0
2136,0.0
2137,0.0
2138,0.0
2139,0.0
2140,0.0
2141,0.0
2142,0.0
2143,0.0
2144,0.0
2145,0.0
2146,0.0
2147,0.0
2148,0.0
2149,0.0
2150,0.0
2151,0.0
2152,0.0
2153,0.0
2154,0.0
2155,0.0
2156,0.0
2157,0.0
2158,0.0
2159,0.0
2160,0.0
2161,0.0
2162,0.0
2163,0.0
2164,0.0
2165,0.0
2166,0.0
2167,0.0
2168,0.0
2169,0.0
2170,0.0
2171,0.0
2172,0.0
2173,0.0
2174,0.0
2175,0.0
2176,0.0
2177,0.0
2178,0.0
2179,0.0
2180,0.0
2181,0.0
2182,0.0
2183,0.0
2184,0.0
2185,0.0
2186,0.0
2187,0.0
2188,0.0
2189,0.0
2190,0.0
2191,0.0
2192,0.0
2193,0.0
2194,0.0
2195,0.0
2196,0.0
2197,0.0
2198,0.0
2199,0.0
2200,0.0
2201,0.0
2202,0.0
2203,0.0
2204,0.0
2205,0.0
2206,0.0
2207,0.0
2208,0.0
2209,0.0
2210,0.0
2211,0.0
2212,0.0
2213,0.0
2214,0.0
2215,0.0
2216,0.0
2217,0.0
2218,0.0
2219,0.0
2220,0.0
2221,0.0
2222,0.0
2223,0.0
2224,0.0
2225,0.0
2226,0.0
2227,0.0
2228,0.0
2229,0.0
2230,0.0
2231,0.0
2232,0.0
2233,0.0
2234,0.0
2235,0.0
2236,0.0
2237,0.0
2238,0.0
2239,0.0
2240,0.0
2241,0.0
2242,0.0
2243,0.0
2244,0.0
2245,0.0
2246,0.0
2247,0.0
2248,0.0
2249,0.0
2250,0.0
2251,0.0
2252,0.0
2253,0.0
2254,0.0
2255,0.0
2256,0.0
2257,0.0
2258,0.0
2259,0.0
2260,0.0
2261,0.0
2262,0.0
2263,0.0
2264,0.0
2265,0.0
2266,0.0
2267,0.0
2268,0.0
2269,0.0
2270,0.0
2271,0.0
2272,0.0
2273,0.0
2274,0.0
2275,0.0
2276,0.0
2277,0.0
2278,0.0
2279,0.0
2280,0.0
2281,0.0
2282,0.0
2283,0.0
2284,0.0
2285,0.0
2286,0.0
2287,0.0
2288,0.0
2289,0.0
2290,0.0
2291,0.0
2292,0.0
2293,0.0
2294,0.0
2295,0.0
2296,0.0
2297,0.0
2298,0.0
2299,0.0
2300,0.0
2301,0.0
2302,0.0
2303,0.0
2304,0.0
2305,0.0
2306,0.0
2307,0.0
2308,0.0
2309,0.0
2310,0.0
2311,0.0
2312,0.0
2313,0.0
2314,0.0
2315,0.0
2316,0.0
2317,0.0
2318,0.0
2319,0.0
2320,0.0
2321,0.0
2322,0.0
2323,0.0
2324,0.0
2325,0.0
2326,0.0
2327,0.0
2328,0.0
2329,0.0
2330,0.0
2331,0.0
2332,0.0
2333,0.0
2334,0.0
2335,0.0
2336,0.0
2337,0.0
2338,0.0
2339,0.0
2340,0.0
2341,0.0
2342,0.0
2343,0.0
2344,0.0
2345,0.0
2346,0.0
2347,0.0
2348,0.0
2349,0.0
2350,0.0
2351,0.0
2352,0.0
2353,0.0
2354,0.0
2355,0.0
2356,0.0
2357,0.0
2358,0.0
2359,0.0
2360,0.0
2361,0.0
2362,0.0
2363,0.0
2364,0.0
2365,0.0
2366,0.0
2367,0.0
2368,0.0
2369,0.0
2370,0.0
2371,0.0
2372,0.0
2373,0.0
2374,0.0
2375,0.0
2376,0.0
2377,0.0
2378,0.0
2379,0.0
2380,0.0
2381,0.0
2382,0.0
2383,0.0
2384,0.0
2385,0.0
2386,0.0
2387,0.0
2388,0.0
2389,0.0
2390,0.0
2391,0.0
2392,0.0
2393,0.0
2394,0.0
2395,0.0
2396,0.0
2397,0.0
2398,0.0
2399,0.0
2400,0.0
2401,0.0
2402,0.0
2403,0.0
2404,0.0
2405,0.0
2406,0.0
2407,0.0
2408,0.0
2409,0.0
2410,0.0
2411,0.0
2412,0.0
2413,0.0
2414,0.0
2415,0.0
2416,0.0
2417,0.0
2418,0.0
2419,0.0
2420,0.0
2421,0.0
2422,0.0
2423,0.0
2424,0.0
2425,0.0
2426,0.0
2427,0.0
2428,0.0
2429,0.0
2430,0.0
2431,0.0
2432,0.0
2433,0.0
2434,0.0
2435,0.0
2436,0.0
2437,0.0
2438,0.0
2439,0.0
2440,0.0
2441,0.0
2442,0.0
2443,0.0
2444,0.0
2445,0.0
2446,0.0
2447,0.0
2448,0.0
2449,0.0
2450,0.0
2451,0.0
2452,0.0
2453,0.0
2454,0.0
2455,0.0
2456,0.0
2457,0.0
2458,0.0
2459,0.0
2460,0.0
2461,0.0
2462,0.0
2463,0.0
2464,0.0
2465,0.0
2466,0.0
2467,0.0
2468,0.0
2469,0.0
2470,0.0
2471,0.0
2472,0.0
2473,0.0
2474,0.0
2475,0.0
2476,0.0
2477,0.0
2478,0.0
2479,0.0
2480,0.0
2481,0.0
2482,0.0
2483,0.0
2484,0.0
2485,0.0
2486,0.0
2487,0.0
2488,0.0
2489,0.0
2490,0.0
2491,0.0
2492,0.0
2493,0.0
2494,0.0
2495,0.0
2496,0.0
2497,0.0
2498,0.0
2499,0.0
2500,0.0
2501,0.0
2502,0.0
2503,0.0
2504,0.0
2505,0.0
2506,0.0
2507,0.0
2508,0.0
2509,0.0
2510,0.0
2511,0.0
2512,0.0
2513,0.0
2514,0.0
2515,0.0
2516,0.0
2517,0.0
2518,0.0
2519,0.0
2520,0.0
2521,0.0
2522,0.0
2523,0.0
2524,0.0
2525,0.0
2526,0.0
2527,0.0
2528,0.0
2529,0.0
2530,0.0
2531,0.0
2532,0.0
2533,0.0
2534,0.0
2535,0.0
2536,0.0
2537,0.0
2538,0.0
2539,0.0
2540,0.0
2541,0.0
2542,0.0
2543,0.0
2544,0.0
2545,0.0
2546,0.0
2547,0.0
2548,0.0
2549,0.0
2550,0.0
2551,0.0
2552,0.0
2553,0.0
2554,0.0
2555,0.0
2556,0.0
2557,0.0
2558,0.0
2559,0.0
2560,0.0
2561,0.0
2562,0.0
2563,0.0
2564,0.0
2565,0.0
2566,0.0
2567,0.0
2568,0.0
2569,0.0
2570,0.0
2571,0.0
2572,0.0
2573,0.0
2574,0.0
2575,0.0
2576,0.0
2577,0.0
2578,0.0
2579,0.0
2580,0.0
2581,0.0
2582,0.0
2583,0.0
2584,0.0
2585,0.0
2586,0.0
2587,0.0
2588,0.0
2589,0.0
2590,0.0
2591,0.0
2592,0.0
2593,0.0
2594,0.0
2595,0.0
2596,0.0
2597,0.0
2598,0.0
2599,0.0
2600,0.0
2601,0.0
2602,0.0
2603,0.0
2604,0.0
2605,0.0
2606,0.0
2607,0.0
2608,0.0
2609,0.0
2610,0.0
2611,0.0
2612,0.0
2613,0.0
2614,0.0
2615,0.0
2616,0.0
2617,0.0
2618,0.0
2619,0.0
2620,0.0
2621,0.0
2622,0.0
2623,0.0
2624,0.0
2625,0.0
2626,0.0
2627,0.0
2628,0.0
2629,0.0
2630,0.0
2631,0.0
2632,0.0
2633,0.0
2634,0.0
2635,0.0
2636,0.0
2637,0.0
2638,0.0
2639,0.0
2640,0.0
2641,0.0
2642,0.0
2643,0.0
2644,0.0
2645,0.0
2646,0.0
2647,0.0
2648,0.0
2649,0.0
2650,0.0
2651,0.0
2652,0.0
2653,0.0
2654,0.0
2655,0.0
2656,0.0
2657,0.0
2658,0.0
2659,0.0
2660,0.0
2661,0.0
2662,0.0
2663,0.0
2664,0.0
2665,0.0
2666,0.0
2667,0.0
2668,0.0
2669,0.0
2670,0.0
2671,0.0
2672,0.0
2673,0.0
2674,0.0
2675,0.0
2676,0.0
2677,0.0
2678,0.0
2679,0.0
2680,0.0
2681,0.0
2682,0.0
2683,0.0
2684,0.0
2685,0.0
2686,0.0
2687,0.0
2688,0.0
2689,0.0
2690,0.0
2691,0.0
2692,0.0
2693,0.0
2694,0.0
2695,0.0
2696,0.0
2697,0.0
2698,0.0
2699,0.0
2700,0.0
2701,0.0
2702,0.0
2703,0.0
2704,0.0
2705,0.0
2706,0.0
2707,0.0
2708,0.0
2709,0.0
2710,0.0
2711,0.0
2712,0.0
2713,0.0
2714,0.0
2715,0.0
2716,0.0
2717,0.0
2718,0.0
2719,0.0
2720,0.0
2721,0.0
2722,0.0
2723,0.0
2724,0.0
2725,0.0
2726,0.0
2727,0.0
2728,0.0
2729,0.0
2730,0.0
2731,0.0
2732,0.0
2733,0.0
2734,0.0
2735,0.0
2736,0.0
2737,0.0
2738,0.0
2739,0.0
2740,0.0
2741,0.0
2742,0.0
2743,0.0
2744,0.0
2745,0.0
2746,0.0
2747,0.0
2748,0.0
2749,0.0
2750,0.0
2751,0.0
2752,0.0
2753,0.0
2754,0.0
2755,0.0
2756,0.0
2757,0.0
2758,0.0
2759,0.0
2760,0.0
2761,0.0
2762,0.0
2763,0.0
2764,0.0
2765,0.0
2766,0.0
2767,0.0
2768,0.0
2769,0.0
2770,0.0
2771,0.0
2772,0.0
2773,0.0
2774,0.0
2775,0.0
2776,0.0
2777,0.0
2778,0.0
2779,0.0
2780,0.0
2781,0.0
2782,0.0
2783,0.0
2784,0.0
2785,0.0
2786,0.0
2787,0.0
2788,0.0
2789,0.0
2790,0.0
2791,0.0
2792,0.0
2793,0.0
2794,0.0
2795,0.0
2796,0.0
2797,0.0
2798,0.0
2799,0.0
2800,0.0
2801,0.0
2802,0.0
2803,0.0
2804,0.0
2805,0.0
2806,0.0
2807,0.0
2808,0.0
2809,0.0
2810,0.0
2811,0.0
2812,0.0
2813,0.0
2814,0.0
2815,0.0
2816,0.0
2817,0.0
2818,0.0
2819,0.0
2820,0.0
2821,0.0
2822,0.0
2823,0.0
2824,0.0
2825,0.0
2826,0.0
2827,0.0
2828,0.0
2829,0.0
2830,0.0
2831,0.0
2832,0.0
2833,0.0
2834,0.0
2835,0.0
2836,0.0
2837,0.0
2838,0.0
2839,0.0
2840,0.0
2841,0.0
2842,0.0
2843,0.0
2844,0.0
2845,0.0
2846,0.0
2847,0.0
2848,0.0
2849,0.0
2850,0.0
2851,0.0
2852,0.0
2853,0.0
2854,0.0
2855,0.0
2856,0.0
2857,0.0
2858,0.0
2859,0.0
2860,0.0
2861,0.0
2862,0.0
2863,0.0
2864,0.0
2865,0.0
2866,0.0
2867,0.0
2868,0.0
2869,0.0
2870,0.0
2871,0.0
2872,0.0
2873,0.0
2874,0.0
2875,0.0
2876,0.0
2877,0.0
2878,0.0
2879,0.0
2880,0.0
2881,0.0
2882,0.0
2883,0.0
2884,0.0
2885,0.0
2886,0.0
2887,0.0
2888,0.0
2889,0.0
2890,0.0
2891,0.0
2892,0.0
2893,0.0
2894,0.0
2895,0.0
2896,0.0
2897,0.0
2898,0.0
2899,0.0
2900,0.0
2901,0.0
2902,0.0
2903,0.0
2904,0.0
2905,0.0
2906,0.0
2907,0.0
2908,0.0
2909,0.0
2910,0.0
2911,0.0
2912,0.0
2913,0.0
2914,0.0
2915,0.0
2916,0.0
2917,0.0
2918,0.0
2919,0.0
2920,0.0
2921,0.0
2922,0.0
2923,0.0
2924,0.0
2925,0.0
2926,0.0
2927,0.0
2928,0.0
2929,0.0
2930,0.0
2931,0.0
2932,0.0
2933,0.0
2934,0.0
2935,0.0
2936,0.0
2937,0.0
2938,0.0
2939,0.0
2940,0.0
2941,0.0
2942,0.0
2943,0.0
2944,0.0
2945,0.0
2946,0.0
2947,0.0
2948,0.0
2949,0.0
2950,0.0
2951,0.0
2952,0.0
2953,0.0
2954,0.0
2955,0.0
2956,0.0
2957,0.0
2958,0.0
2959,0.0
2960,0.0
2961,0.0
2962,0.0
2963,0.0
2964,0.0
2965,0.0
2966,0.0
2967,0.0
2968,0.0
2969,0.0
2970,0.0
2971,0.0
2972,0.0
2973,0.0
2974,0.0
2975,0.0
2976,0.0
2977,0.0
2978,0.0
2979,0.0
2980,0.0
2981,0.0
2982,0.0
2983,0.0
2984,0.0
2985,0.0
2986,0.0
2987,0.0
2988,0.0
2989,0.0
2990,0.0
2991,0.0
2992,0.0
2993,0.0
2994,0.0
2995,0.0
2996,0.0
2997,0.0
2998,0.0
2999,0.0
3000,0.0
3001,0.0
3002,0.0
3003,0.0
3004,0.0
3005,0.0
3006,0.0
3007,0.0
3008,0.0
3009,0.0
3010,0.0
3011,0.0
3012,0.0
3013,0.0
3014,0.0
3015,0.0
3016,0.0
3017,0.0
3018,0.0
3019,0.0
3020,0.0
3021,0.0
3022,0.0
3023,0.0
3024,0.0
3025,0.0
3026,0.0
3027,0.0
3028,0.0
3029,0.0
3030,0.0
3031,0.0
3032,0.0
3033,0.0
3034,0.0
3035,0.0
3036,0.0
3037,0.0
3038,0.0
3039,0.0
3040,0.0
3041,0.0
3042,0.0
3043,0.0
3044,0.0
3045,0.0
3046,0.0
3047,0.0
3048,0.0
3049,0.0
3050,0.0
3051,0.0
3052,0.0
3053,0.0
3054,0.0
3055,0.0
3056,0.0
3057,0.0
3058,0.0
3059,0.0
3060,0.0
3061,0.0
3062,0.0
3063,0.0
3064,0.0
3065,0.0
3066,0.0
3067,0.0
3068,0.0
3069,0.0
3070,0.0
3071,0.0
3072,0.0
3073,0.0
3074,0.0
3075,0.0
3076,0.0
3077,0.0
3078,0.0
3079,0.0
3080,0.0
3081,0.0
3082,0.0
3083,0.0
3084,0.0
3085,0.0
3086,0.0
3087,0.0
3088,0.0
3089,0.0
3090,0.0
3091,0.0
3092,0.0
3093,0.0
3094,0.0
3095,0.0
3096,0.0
3097,0.0
3098,0.0
3099,0.0
3100,0.0
3101,0.0
3102,0.0
3103,0.0
3104,0.0
3105,0.0
3106,0.0
3107,0.0
3108,0.0
3109,0.0
3110,0.0
3111,0.0
3112,0.0
3113,0.0
3114,0.0
3115,0.0
3116,0.0
3117,0.0
3118,0.0
3119,0.0
3120,0.0
3121,0.0
3122,0.0
3123,0.0
3124,0.0
3125,0.0
3126,0.0
3127,0.0
3128,0.0
3129,0.0
3130,0.0
3131,0.0
3132,0.0
3133,0.0
3134,0.0
3135,0.0
3136,0.0
3137,0.0
3138,0.0
3139,0.0
3140,0.0
3141,0.0
3142,0.0
3143,0.0
3144,0.0
3145,0.0
3146,0.0
3147,0.0
3148,0.0
3149,0.0
3150,0.0
3151,0.0
3152,0.0
3153,0.0
3154,0.0
3155,0.0
3156,0.0
3157,0.0
3158,0.0
3159,0.0
3160,0.0
3161,0.0
3162,0.0
3163,0.0
3164,0.0
3165,0.0
3166,0.0
3167,0.0
3168,0.0
3169,0.0
3170,0.0
3171,0.0
3172,0.0
3173,0.0
3174,0.0
3175,0.0
3176,0.0
3177,0.0
3178,0.0
3179,0.0
3180,0.0
3181,0.0
3182,0.0
3183,0.0
3184,0.0
3185,0.0
3186,0.0
3187,0.0
3188,0.0
3189,0.0
3190,0.0
3191,0.0
3192,0.0
3193,0.0
3194,0.0
3195,0.0
3196,0.0
3197,0.0
3198,0.0
3199,0.0
3200,0.0
3201,0.0
3202,0.0
3203,0.0
3204,0.0
3205,0.0
3206,0.0
3207,0.0
3208,0.0
3209,0.0
3210,0.0
3211,0.0
3212,0.0
3213,0.0
3214,0.0
3215,0.0
3216,0.0
3217,0.0
3218,0.0
3219,0.0
3220,0.0
3221,0.0
3222,0.0
3223,0.0
3224,0.0
3225,0.0
3226,0.0
3227,0.0
3228,0.0
3229,0.0
3230,0.0
3231,0.0
3232,0.0
3233,0.0
3234,0.0
3235,0.0
3236,0.0
3237,0.0
3238,0.0
3239,0.0
3240,0.0
3241,0.0
3242,0.0
3243,0.0
3244,0.0
3245,0.0
3246,0.0
3247,0.0
3248,0.0
3249,0.0
3250,0.0
3251,0.0
3252,0.0
3253,0.0
3254,0.0
3255,0.0
3256,0.0
3257,0.0
3258,0.0
3259,0.0
3260,0.0
3261,0.0
3262,0.0
3263,0.0
3264,0.0
3265,0.0
3266,0.0
3267,0.0
3268,0.0
3269,0.0
3270,0.0
3271,0.0
3272,0.0
3273,0.0
3274,0.0
3275,0.0
3276,0.0
3277,0.0
3278,0.0
3279,0.0
3280,0.0
3281,0.0
3282,0.0
3283,0.0
3284,0.0
3285,0.0
3286,0.0
3287,0.0
3288,0.0
3289,0.0
3290,0.0
3291,0.0
3292,0.0
3293,0.0
3294,0.0
3295,0.0
3296,0.0
3297,0.0
3298,0.0
3299,0.0
3300,0.0
3301,0.0
3302,0.0
3303,0.0
3304,0.0
3305,0.0
3306,0.0
3307,0.0
3308,0.0
3309,0.0
3310,0.0
3311,0.0
3312,0.0
3313,0.0
3314,0.0
3315,0.0
3316,0.0
3317,0.0
3318,0.0
3319,0.0
3320,0.0
3321,0.0
3322,0.0
3323,0.0
3324,0.0
3325,0.0
3326,0.0
3327,0.0
3328,0.0
3329,0.0
3330,0.0
3331,0.0
3332,0.0
3333,0.0
3334,0.0
3335,0.0
3336,0.0
3337,0.0
3338,0.0
3339,0.0
3340,0.0
3341,0.0
3342,0.0
3343,0.0
3344,0.0
3345,0.0
3346,0.0
3347,0.0
3348,0.0
3349,0.0
3350,0.0
3351,0.0
3352,0.0
3353,0.0
3354,0.0
3355,0.0
3356,0.0
3357,0.0
3358,0.0
3359,0.0
3360,0.0
3361,0.0
3362,0.0
3363,0.0
3364,0.0
3365,0.0
3366,0.0
3367,0.0
3368,0.0
3369,0.0
3370,0.0
3371,0.0
3372,0.0
3373,0.0
3374,0.0
3375,0.0
3376,0.0
3377,0.0
3378,0.0
3379,0.0
3380,0.0
3381,0.0
3382,0.0
3383,0.0
3384,0.0
3385,0.0
3386,0.0
3387,0.0
3388,0.0
3389,0.0
3390,0.0
3391,0.0
3392,0.0
3393,0.0
3394,0.0
3395,0.0
3396,0.0
3397,0.0
3398,0.0
3399,0.0
3400,0.0
3401,0.0
3402,0.0
3403,0.0
3404,0.0
3405,0.0
3406,0.0
3407,0.0
3408,0.0
3409,0.0
3410,0.0
3411,0.0
3412,0.0
3413,0.0
3414,0.0
3415,0.0
3416,0.0
3417,0.0
3418,0.0
3419,0.0
3420,0.0
3421,0.0
3422,0.0
3423,0.0
3424,0.0
3425,0.0
3426,0.0
3427,0.0
3428,0.0
3429,0.0
3430,0.0
3431,0.0
3432,0.0
3433,0.0
3434,0.0
3435,0.0
3436,0.0
3437,0.0
3438,0.0
3439,0.0
3440,0.0
3441,0.0
3442,0.0
3443,0.0
3444,0.0
3445,0.0
3446,0.0
3447,0.0
3448,0.0
3449,0.0
3450,0.0
3451,0.0
3452,0.0
3453,0.0
3454,0.0
3455,0.0
3456,0.0
3457,0.0
3458,0.0
3459,0.0
3460,0.0
3461,0.0
3462,0.0
3463,0.0
3464,0.0
3465,0.0
3466,0.0
3467,0.0
3468,0.0
3469,0.0
3470,0.0
3471,0.0
3472,0.0
3473,0.0
3474,0.0
3475,0.0
3476,0.0
3477,0.0
3478,0.0
3479,0.0
3480,0.0
3481,0.0
3482,0.0
3483,0.0
3484,0.0
3485,0.0
3486,0.0
3487,0.0
3488,0.0
3489,0.0
3490,0.0
3491,0.0
3492,0.0
3493,0.0
3494,0.0
3495,0.0
3496,0.0
3497,0.0
3498,0.0
3499,0.0
3500,0.0
3501,0.0
3502,0.0
3503,0.0
3504,0.0
3505,0.0
3506,0.0
3507,0.0
3508,0.0
3509,0.0
3510,0.0
3511,0.0
3512,0.0
3513,0.0
3514,0.0
3515,0.0
3516,0.0
3517,0.0
3518,0.0
3519,0.0
3520,0.0
3521,0.0
3522,0.0
3523,0.0
3524,0.0
3525,0.0
3526,0.0
3527,0.0
3528,0.0
3529,0.0
3530,0.0
3531,0.0
3532,0.0
3533,0.0
3534,0.0
3535,0.0
3536,0.0
3537,0.0
3538,0.0
3539,0.0
3540,0.0
3541,0.0
3542,0.0
3543,0.0
3544,0.0
3545,0.0
3546,0.0
3547,0.0
3548,0.0
3549,0.0
3550,0.0
3551,0.0
3552,0.0
3553,0.0
3554,0.0
3555,0.0
3556,0.0
3557,0.0
3558,0.0
3559,0.0
3560,0.0
3561,0.0
3562,0.0
3563,0.0
3564,0.0
3565,0.0
3566,0.0
3567,0.0
3568,0.0
3569,0.0
3570,0.0
3571,0.0
3572,0.0
3573,0.0
3574,0.0
3575,0.0
3576,0.0
3577,0.0
3578,0.0
3579,0.0
3580,0.0
3581,0.0
3582,0.0
3583,0.0
3584,0.0
3585,0.0
3586,0.0
3587,0.0
3588,0.0
3589,0.0
3590,0.0
3591,0.0
3592,0.0
3593,0.0
3594,0.0
3595,0.0
3596,0.0
3597,0.0
3598,0.0
3599,0.0
3600,0.0
3601,0.0
3602,0.0
3603,0.0
3604,0.0
3605,0.0
3606,0.0
3607,0.0
3608,0.0
3609,0.0
3610,0.0
3611,0.0
3612,0.0
3613,0.0
3614,0.0
3615,0.0
3616,0.0
3617,0.0
3618,0.0
3619,0.0
3620,0.0
3621,0.0
3622,0.0
3623,0.0
3624,0.0
3625,0.0
3626,0.0
3627,0.0
3628,0.0
3629,0.0
3630,0.0
3631,0.0
3632,0.0
3633,0.0
3634,0.0
3635,0.0
3636,0.0
3637,0.0
3638,0.0
3639,0.0
3640,0.0
3641,0.0
3642,0.0
3643,0.0
3644,0.0
3645,0.0
3646,0.0
3647,0.0
3648,0.0
3649,0.0
3650,0.0
3651,0.0
3652,0.0
3653,0.0
3654,0.0
3655,0.0
3656,0.0
3657,0.0
3658,0.0
3659,0.0
3660,0.0
3661,0.0
3662,0.0
3663,0.0
3664,0.0
3665,0.0
3666,0.0
3667,0.0
3668,0.0
3669,0.0
3670,0.0
3671,0.0
3672,0.0
3673,0.0
3674,0.0
3675,0.0
3676,0.0
3677,0.0
3678,0.0
3679,0.0
3680,0.0
3681,0.0
3682,0.0
3683,0.0
3684,0.0
3685,0.0
3686,0.0
3687,0.0
3688,0.0
3689,0.0
3690,0.0
3691,0.0
3692,0.0
3693,0.0
3694,0.0
3695,0.0
3696,0.0
3697,0.0
3698,0.0
3699,0.0
3700,0.0
3701,0.0
3702,0.0
3703,0.0
3704,0.0
3705,0.0
3706,0.0
3707,0.0
3708,0.0
3709,0.0
3710,0.0
3711,0.0
3712,0.0
3713,0.0
3714,0.0
3715,0.0
3716,0.0
3717,0.0
3718,0.0
3719,0.0
3720,0.0
3721,0.0
3722,0.0
3723,0.0
3724,0.0
3725,0.0
3726,0.0
3727,0.0
3728,0.0
3729,0.0
3730,0.0
3731,0.0
3732,0.0
3733,0.0
3734,0.0
3735,0.0
3736,0.0
3737,0.0
3738,0.0
3739,0.0
3740,0.0
3741,0.0
3742,0.0
3743,0.0
3744,0.0
3745,0.0
3746,0.0
3747,0.0
3748,0.0
3749,0.0
3750,0.0
3751,0.0
3752,0.0
3753,0.0
3754,0.0
3755,0.0
3756,0.0
3757,0.0
3758,0.0
3759,0.0
3760,0.0
3761,0.0
3762,0.0
3763,0.0
3764,0.0
3765,0.0
3766,0.0
3767,0.0
3768,0.0
3769,0.0
3770,0.0
3771,0.0
3772,0.0
3773,0.0
3774,0.0
3775,0.0
3776,0.0
3777,0.0
3778,0.0
3779,0.0
3780,0.0
3781,0.0
3782,0.0
3783,0.0
3784,0.0
3785,0.0
3786,0.0
3787,0.0
3788,0.0
3789,0.0
3790,0.0
3791,0.0
3792,0.0
3793,0.0
3794,0.0
3795,0.0
3796,0.0
3797,0.0
3798,0.0
3799,0.0
3800,0.0
3801,0.0
3802,0.0
3803,0.0
3804,0.0
3805,0.0
3806,0.0
3807,0.0
3808,0.0
3809,0.0
3810,0.0
3811,0.0
3812,0.0
3813,0.0
3814,0.0
3815,0.0
3816,0.0
3817,0.0
3818,0.0
3819,0.0
3820,0.0
3821,0.0
3822,0.0
3823,0.0
3824,0.0
3825,0.0
3826,0.0
3827,0.0
3828,0.0
3829,0.0
3830,0.0
3831,0.0
3832,0.0
3833,0.0
3834,0.0
3835,0.0
3836,0.0
3837,0.0
3838,0.0
3839,0.0
3840,0.0
3841,0.0
3842,0.0
3843,0.0
3844,0.0
3845,0.0
3846,0.0
3847,0.0
3848,0.0
3849,0.0
3850,0.0
3851,0.0
3852,0.0
3853,0.0
3854,0.0
3855,0.0
3856,0.0
3857,0.0
3858,0.0
3859,0.0
3860,0.0
3861,0.0
3862,0.0
3863,0.0
3864,0.0
3865,0.0
3866,0.0
3867,0.0
3868,0.0
3869,0.0
3870,0.0
3871,0.0
3872,0.0
3873,0.0
3874,0.0
3875,0.0
3876,0.0
3877,0.0
3878,0.0
3879,0.0
3880,0.0
3881,0.0
3882,0.0
3883,0.0
3884,0.0
3885,0.0
3886,0.0
3887,0.0
3888,0.0
3889,0.0
3890,0.0
3891,0.0
3892,0.0
3893,0.0
3894,0.0
3895,0.0
3896,0.0
3897,0.0
3898,0.0
3899,0.0
3900,0.0
3901,0.0
3902,0.0
3903,0.0
3904,0.0
3905,0.0
3906,0.0
3907,0.0
3908,0.0
3909,0.0
3910,0.0
3911,0.0
3912,0.0
3913,0.0
3914,0.0
3915,0.0
3916,0.0
3917,0.0
3918,0.0
3919,0.0
3920,0.0
3921,0.0
3922,0.0
3923,0.0
3924,0.0
3925,0.0
3926,0.0
3927,0.0
3928,0.0
3929,0.0
3930,0.0
3931,0.0
3932,0.0
3933,0.0
3934,0.0
3935,0.0
3936,0.0
3937,0.0
3938,0.0
3939,0.0
3940,0.0
3941,0.0
3942,0.0
3943,0.0
3944,0.0
3945,0.0
3946,0.0
3947,0.0
3948,0.0
3949,0.0
3950,0.0
3951,0.0
3952,0.0
3953,0.0
3954,0.0
3955,0.0
3956,0.0
3957,0.0
3958,0.0
3959,0.0
3960,0.0
3961,0.0
3962,0.0
3963,0.0
3964,0.0
3965,0.0
3966,0.0
3967,0.0
3968,0.0
3969,0.0
3970,0.0
3971,0.0
3972,0.0
3973,0.0
3974,0.0
3975,0.0
3976,0.0
3977,0.0
3978,0.0
3979,0.0
3980,0.0
3981,0.0
3982,0.0
3983,0.0
3984,0.0
3985,0.0
3986,0.0
3987,0.0
3988,0.0
3989,0.0
3990,0.0
3991,0.0
3992,0.0
3993,0.0
3994,0.0
3995,0.0
3996,0.0
3997,0.0
3998,0.0
3999,0.0
4000,0.0
4001,0.0
4002,0.0
4003,0.0
4004,0.0
4005,0.0
4006,0.0
4007,0.0
4008,0.0
4009,0.0
4010,0.0
4011,0.0
4012,0.0
4013,0.0
4014,0.0
4015,0.0
4016,0.0
4017,0.0
4018,0.0
4019,0.0
4020,0.0
4021,0.0
4022,0.0
4023,0.0
4024,0.0
4025,0.0
4026,0.0
4027,0.0
4028,0.0
4029,0.0
4030,0.0
4031,0.0
4032,0.0
4033,0.0
4034,0.0
4035,0.0
4036,0.0
4037,0.0
4038,0.0
4039,0.0
4040,0.0
4041,0.0
4042,0.0
4043,0.0
4044,0.0
4045,0.0
4046,0.0
4047,0.0
4048,0.0
4049,0.0
4050,0.0
4051,0.0
4052,0.0
4053,0.0
4054,0.0
4055,0.0
4056,0.0
4057,0.0
4058,0.0
4059,0.0
4060,0.0
4061,0.0
4062,0.0
4063,0.0
4064,0.0
4065,0.0
4066,0.0
4067,0.0
4068,0.0
4069,0.0
4070,0.0
4071,0.0
4072,0.0
4073,0.0
4074,0.0
4075,0.0
4076,0.0
4077,0.0
4078,0.0
4079,0.0
4080,0.0
4081,0.0
4082,0.0
4083,0.0
4084,0.0
4085,0.0
4086,0.0
4087,0.0
4088,0.0
4089,0.0
4090,0.0
4091,0.0
4092,0.0
4093,0.0
4094,0.0
4095,0.0
4096,0.0
4097,0.0
4098,0.0
4099,0.0
4100,0.0
4101,0.0
4102,0.0
4103,0.0
4104,0.0
4105,0.0
4106,0.0
4107,0.0
4108,0.0
4109,0.0
4110,0.0
4111,0.0
4112,0.0
4113,0.0
4114,0.0
4115,0.0
4116,0.0
4117,0.0
4118,0.0
4119,0.0
4120,0.0
4121,0.0
4122,0.0
4123,0.0
4124,0.0
4125,0.0
4126,0.0
4127,0.0
4128,0.0
4129,0.0
4130,0.0
4131,0.0
4132,0.0
4133,0.0
4134,0.0
4135,0.0
4136,0.0
4137,0.0
4138,0.0
4139,0.0
4140,0.0
4141,0.0
4142,0.0
4143,0.0
4144,0.0
4145,0.0
4146,0.0
4147,0.0
4148,0.0
4149,0.0
4150,0.0
4151,0.0
4152,0.0
4153,0.0
4154,0.0
4155,0.0
4156,0.0
4157,0.0
4158,0.0
4159,0.0
4160,0.0
4161,0.0
4162,0.0
4163,0.0
4164,0.0
4165,0.0
4166,0.0
4167,0.0
4168,0.0
4169,0.0
4170,0.0
4171,0.0
4172,0.0
4173,0.0
4174,0.0
4175,0.0
4176,0.0
4177,0.0
4178,0.0
4179,0.0
4180,0.0
4181,0.0
4182,0.0
4183,0.0
4184,0.0
4185,0.0
4186,0.0
4187,0.0
4188,0.0
4189,0.0
4190,0.0
4191,0.0
4192,0.0
4193,0.0
4194,0.0
4195,0.0
4196,0.0
4197,0.0
4198,0.0
4199,0.0
4200,0.0
4201,0.0
4202,0.0
4203,0.0
4204,0.0
4205,0.0
4206,0.0
4207,0.0
4208,0.0
4209,0.0
4210,0.0
4211,0.0
4212,0.0
4213,0.0
4214,0.0
4215,0.0
4216,0.0
4217,0.0
4218,0.0
4219,0.0
4220,0.0
4221,0.0
4222,0.0
4223,0.0
4224,0.0
4225,0.0
4226,0.0
4227,0.0
4228,0.0
4229,0.0
4230,0.0
4231,0.0
4232,0.0
4233,0.0
4234,0.0
4235,0.0
4236,0.0
4237,0.0
4238,0.0
4239,0.0
4240,0.0
4241,0.0
4242,0.0
4243,0.0
4244,0.0
4245,0.0
4246,0.0
4247,0.0
4248,0.0
4249,0.0
4250,0.0
4251,0.0
4252,0.0
4253,0.0
4254,0.0
4255,0.0
4256,0.0
4257,0.0
4258,0.0
4259,0.0
4260,0.0
4261,0.0
4262,0.0
4263,0.0
4264,0.0
4265,0.0
4266,0.0
4267,0.0
4268,0.0
4269,0.0
4270,0.0
4271,0.0
4272,0.0
4273,0.0
4274,0.0
4275,0.0
4276,0.0
4277,0.0
4278,0.0
4279,0.0
4280,0.0
4281,0.0
4282,0.0
4283,0.0
4284,0.0
4285,0.0
4286,0.0
4287,0.0
4288,0.0
4289,0.0
4290,0.0
4291,0.0
4292,0.0
4293,0.0
4294,0.0
4295,0.0
4296,0.0
4297,0.0
4298,0.0
4299,0.0
4300,0.0
4301,0.0
4302,0.0
4303,0.0
4304,0.0
4305,0.0
4306,0.0
4307,0.0
4308,0.0
4309,0.0
4310,0.0
4311,0.0
4312,0.0
4313,0.0
4314,0.0
4315,0.0
4316,0.0
4317,0.0
4318,0.0
4319,0.0
4320,0.0
4321,0.0
4322,0.0
4323,0.0
4324,0.0
4325,0.0
4326,0.0
4327,0.0
4328,0.0
4329,0.0
4330,0.0
4331,0.0
4332,0.0
4333,0.0
4334,0.0
4335,0.0
4336,0.0
4337,0.0
4338,0.0
4339,0.0
4340,0.0
4341,0.0
4342,0.0
4343,0.0
4344,0.0
4345,0.0
4346,0.0
4347,0.0
4348,0.0
4349,0.0
4350,0.0
4351,0.0
4352,0.0
4353,0.0
4354,0.0
4355,0.0
4356,0.0
4357,0.0
4358,0.0
4359,0.0
4360,0.0
4361,0.0
4362,0.0
4363,0.0
4364,0.0
4365,0.0
4366,0.0
4367,0.0
4368,0.0
4369,0.0
4370,0.0
4371,0.0
4372,0.0
4373,0.0
4374,0.0
4375,0.0
4376,0.0
4377,0.0
4378,0.0
4379,0.0
4380,0.0
4381,0.0
4382,0.0
4383,0.0
4384,0.0
4385,0.0
4386,0.0
4387,0.0
4388,0.0
4389,0.0
4390,0.0
4391,0.0
4392,0.0
4393,0.0
4394,0.0
4395,0.0
4396,0.0
4397,0.0
4398,0.0
4399,0.0
4400,0.0
4401,0.0
4402,0.0
4403,0.0
4404,0.0
4405,0.0
4406,0.0
4407,0.0
4408,0.0
4409,0.0
4410,0.0
4411,0.0
4412,0.0
4413,0.0
4414,0.0
4415,0.0
4416,0.0
4417,0.0
4418,0.0
4419,0.0
4420,0.0
4421,0.0
4422,0.0
4423,0.0
4424,0.0
4425,0.0
4426,0.0
4427,0.0
4428,0.0
4429,0.0
4430,0.0
4431,0.0
4432,0.0
4433,0.0
4434,0.0
4435,0.0
4436,0.0
4437,0.0
4438,0.0
4439,0.0
4440,0.0
4441,0.0
4442,0.0
4443,0.0
4444,0.0
4445,0.0
4446,0.0
4447,0.0
4448,0.0
4449,0.0
4450,0.0
4451,0.0
4452,0.0
4453,0.0
4454,0.0
4455,0.0
4456,0.0
4457,0.0
4458,0.0
4459,0.0
4460,0.0
4461,0.0
4462,0.0
4463,0.0
4464,0.0
4465,0.0
4466,0.0
4467,0.0
4468,0.0
4469,0.0
4470,0.0
4471,0.0
4472,0.0
4473,0.0
4474,0.0
4475,0.0
4476,0.0
4477,0.0
4478,0.0
4479,0.0
4480,0.0
4481,0.0
4482,0.0
4483,0.0
4484,0.0
4485,0.0
4486,0.0
4487,0.0
4488,0.0
4489,0.0
4490,0.0
4491,0.0
4492,0.0
4493,0.0
4494,0.0
4495,0.0
4496,0.0
4497,0.0
4498,0.0
4499,0.0
4500,0.0
4501,0.0
4502,0.0
4503,0.0
4504,0.0
4505,0.0
4506,0.0
4507,0.0
4508,0.0
4509,0.0
4510,0.0
4511,0.0
4512,0.0
4513,0.0
4514,0.0
4515,0.0
4516,0.0
4517,0.0
4518,0.0
4519,0.0
4520,0.0
4521,0.0
4522,0.0
4523,0.0
4524,0.0
4525,0.0
4526,0.0
4527,0.0
4528,0.0
4529,0.0
4530,0.0
4531,0.0
4532,0.0
4533,0.0
4534,0.0
4535,0.0
4536,0.0
4537,0.0
4538,0.0
4539,0.0
4540,0.0
4541,0.0
4542,0.0
4543,0.0
4544,0.0
4545,0.0
4546,0.0
4547,0.0
4548,0.0
4549,0.0
4550,0.0
4551,0.0
4552,0.0
4553,0.0
4554,0.0
4555,0.0
4556,0.0
4557,0.0
4558,0.0
4559,0.0
4560,0.0
4561,0.0
4562,0.0
4563,0.0
4564,0.0
4565,0.0
4566,0.0
4567,0.0
4568,0.0
4569,0.0
4570,0.0
4571,0.0
4572,0.0
4573,0.0
4574,0.0
4575,0.0
4576,0.0
4577,0.0
4578,0.0
4579,0.0
4580,0.0
4581,0.0
4582,0.0
4583,0.0
4584,0.0
4585,0.0
4586,0.0
4587,0.0
4588,0.0
4589,0.0
4590,0.0
4591,0.0
4592,0.0
4593,0.0
4594,0.0
4595,0.0
4596,0.0
4597,0.0
4598,0.0
4599,0.0
4600,0.0
4601,0.0
4602,0.0
4603,0.0
4604,0.0
4605,0.0
4606,0.0
4607,0.0
4608,0.0
4609,0.0
4610,0.0
4611,0.0
4612,0.0
4613,0.0
4614,0.0
4615,0.0
4616,0.0
4617,0.0
4618,0.0
4619,0.0
4620,0.0
4621,0.0
4622,0.0
4623,0.0
4624,0.0
4625,0.0
4626,0.0
4627,0.0
4628,0.0
4629,0.0
4630,0.0
4631,0.0
4632,0.0
4633,0.0
4634,0.0
4635,0.0
4636,0.0
4637,0.0
4638,0.0
4639,0.0
4640,0.0
4641,0.0
4642,0.0
4643,0.0
4644,0.0
4645,0.0
4646,0.0
4647,0.0
4648,0.0
4649,0.0
4650,0.0
4651,0.0
4652,0.0
4653,0.0
4654,0.0
4655,0.0
4656,0.0
4657,0.0
4658,0.0
4659,0.0
4660,0.0
4661,0.0
4662,0.0
4663,0.0
4664,0.0
4665,0.0
4666,0.0
4667,0.0
4668,0.0
4669,0.0
4670,0.0
4671,0.0
4672,0.0
4673,0.0
4674,0.0
4675,0.0
4676,0.0
4677,0.0
4678,0.0
4679,0.0
4680,0.0
4681,0.0
4682,0.0
4683,0.0
4684,0.0
4685,0.0
4686,0.0
4687,0.0
4688,0.0
4689,0.0
4690,0.0
4691,0.0
4692,0.0
4693,0.0
4694,0.0
4695,0.0
4696,0.0
4697,0.0
4698,0.0
4699,0.0
4700,0.0
4701,0.0
4702,0.0
4703,0.0
4704,0.0
4705,0.0
4706,0.0
4707,0.0
4708,0.0
4709,0.0
4710,0.0
4711,0.0
4712,0.0
4713,0.0
4714,0.0
4715,0.0
4716,0.0
4717,0.0
4718,0.0
4719,0.0
4720,0.0
4721,0.0
4722,0.0
4723,0.0
4724,0.0
4725,0.0
4726,0.0
4727,0.0
4728,0.0
4729,0.0
4730,0.0
4731,0.0
4732,0.0
4733,0.0
4734,0.0
4735,0.0
4736,0.0
4737,0.0
4738,0.0
4739,0.0
4740,0.0
4741,0.0
4742,0.0
4743,0.0
4744,0.0
4745,0.0
4746,0.0
4747,0.0
4748,0.0
4749,0.0
4750,0.0
4751,0.0
4752,0.0
4753,0.0
4754,0.0
4755,0.0
4756,0.0
4757,0.0
4758,0.0
4759,0.0
4760,0.0
4761,0.0
4762,0.0
4763,0.0
4764,0.0
4765,0.0
4766,0.0
4767,0.0
4768,0.0
4769,0.0
4770,0.0
4771,0.0
4772,0.0
4773,0.0
4774,0.0
4775,0.0
4776,0.0
4777,0.0
4778,0.0
4779,0.0
4780,0.0
4781,0.0
4782,0.0
4783,0.0
4784,0.0
4785,0.0
4786,0.0
4787,0.0
4788,0.0
4789,0.0
4790,0.0
4791,0.0
4792,0.0
4793,0.0
4794,0.0
4795,0.0
4796,0.0
4797,0.0
4798,0.0
4799,0.0
4800,0.0
4801,0.0
4802,0.0
4803,0.0
4804,0.0
4805,0.0
4806,0.0
4807,0.0
4808,0.0
4809,0.0
4810,0.0
4811,0.0
4812,0.0
4813,0.0
4814,0.0
4815,0.0
4816,0.0
4817,0.0
4818,0.0
4819,0.0
4820,0.0
4821,0.0
4822,0.0
4823,0.0
4824,0.0
4825,0.0
4826,0.0
4827,0.0
4828,0.0
4829,0.0
4830,0.0
4831,0.0
4832,0.0
4833,0.0
4834,0.0
4835,0.0
4836,0.0
4837,0.0
4838,0.0
4839,0.0
4840,0.0
4841,0.0
4842,0.0
4843,0.0
4844,0.0
4845,0.0
4846,0.0
4847,0.0
4848,0.0
4849,0.0
4850,0.0
4851,0.0
4852,0.0
4853,0.0
4854,0.0
4855,0.0
4856,0.0
4857,0.0
4858,0.0
4859,0.0
4860,0.0
4861,0.0
4862,0.0
4863,0.0
4864,0.0
4865,0.0
4866,0.0
4867,0.0
4868,0.0
4869,0.0
4870,0.0
4871,0.0
4872,0.0
4873,0.0
4874,0.0
4875,0.0
4876,0.0
4877,0.0
4878,0.0
4879,0.0
4880,0.0
4881,0.0
4882,0.0
4883,0.0
4884,0.0
4885,0.0
4886,0.0
4887,0.0
4888,0.0
4889,0.0
4890,0.0
4891,0.0
4892,0.0
4893,0.0
4894,0.0
4895,0.0
4896,0.0
4897,0.0
4898,0.0
4899,0.0
4900,0.0
4901,0.0
4902,0.0
4903,0.0
4904,0.0
4905,0.0
4906,0.0
4907,0.0
4908,0.0
4909,0.0
4910,0.0
4911,0.0
4912,0.0
4913,0.0
4914,0.0
4915,0.0
4916,0.0
4917,0.0
4918,0.0
4919,0.0
4920,0.0
4921,0.0
4922,0.0
4923,0.0
4924,0.0
4925,0.0
4926,0.0
4927,0.0
4928,0.0
4929,0.0
4930,0.0
4931,0.0
4932,0.0
4933,0.0
4934,0.0
4935,0.0
4936,0.0
4937,0.0
4938,0.0
4939,0.0
4940,0.0
4941,0.0
4942,0.0
4943,0.0
4944,0.0
4945,0.0
4946,0.0
4947,0.0
4948,0.0
4949,0.0
4950,0.0
4951,0.0
4952,0.0
4953,0.0
4954,0.0
4955,0.0
4956,0.0
4957,0.0
4958,0.0
4959,0.0
4960,0.0
4961,0.0
4962,0.0
4963,0.0
4964,0.0
4965,0.0
4966,0.0
4967,0.0
4968,0.0
4969,0.0
4970,0.0
4971,0.0
4972,0.0
4973,0.0
4974,0.0
4975,0.0
4976,0.0
4977,0.0
4978,0.0
4979,0.0
4980,0.0
4981,0.0
4982,0.0
4983,0.0
4984,0.0
4985,0.0
4986,0.0
4987,0.0
4988,0.0
4989,0.0
4990,0.0
4991,0.0
4992,0.0
4993,0.0
4994,0.0
4995,0.0
4996,0.0
4997,0.0
4998,0.0
4999,0.0
5000,0.0
5001,0.0
5002,0.0
5003,0.0
5004,0.0
5005,0.0
5006,0.0
5007,0.0
5008,0.0
5009,0.0
5010,0.0
5011,0.0
5012,0.0
5013,0.0
5014,0.0
5015,0.0
5016,0.0
5017,0.0
5018,0.0
5019,0.0
5020,0.0
5021,0.0
5022,0.0
5023,0.0
5024,0.0
5025,0.0
5026,0.0
5027,0.0
5028,0.0
5029,0.0
5030,0.0
5031,0.0
5032,0.0
5033,0.0
5034,0.0
5035,0.0
5036,0.0
5037,0.0
5038,0.0
5039,0.0
5040,0.0
5041,0.0
5042,0.0
5043,0.0
5044,0.0
5045,0.0
5046,0.0
5047,0.0
5048,0.0
5049,0.0
5050,0.0
5051,0.0
5052,0.0
5053,0.0
5054,0.0
5055,0.0
5056,0.0
5057,0.0
5058,0.0
5059,0.0
5060,0.0
5061,0.0
5062,0.0
5063,0.0
5064,0.0
5065,0.0
5066,0.0
5067,0.0
5068,0.0
5069,0.0
5070,0.0
5071,0.0
5072,0.0
5073,0.0
5074,0.0
5075,0.0
5076,0.0
5077,0.0
5078,0.0
5079,0.0
5080,0.0
5081,0.0
5082,0.0
5083,0.0
5084,0.0
5085,0.0
5086,0.0
5087,0.0
5088,0.0
5089,0.0
5090,0.0
5091,0.0
5092,0.0
5093,0.0
5094,0.0
5095,0.0
5096,0.0
5097,0.0
5098,0.0
5099,0.0
5100,0.0
5101,0.0
5102,0.0
5103,0.0
5104,0.0
5105,0.0
5106,0.0
5107,0.0
5108,0.0
5109,0.0
5110,0.0
5111,0.0
5112,0.0
5113,0.0
5114,0.0
5115,0.0
5116,0.0
5117,0.0
5118,0.0
5119,0.0
5120,0.0
5121,0.0
5122,0.0
5123,0.0
5124,0.0
5125,0.0
5126,0.0
5127,0.0
5128,0.0
5129,0.0
5130,0.0
5131,0.0
5132,0.0
5133,0.0
5134,0.0
5135,0.0
5136,0.0
5137,0.0
5138,0.0
5139,0.0
5140,0.0
5141,0.0
5142,0.0
5143,0.0
5144,0.0
5145,0.0
5146,0.0
5147,0.0
5148,0.0
5149,0.0
5150,0.0
5151,0.0
5152,0.0
5153,0.0
5154,0.0
5155,0.0
5156,0.0
5157,0.0
5158,0.0
5159,0.0
5160,0.0
5161,0.0
5162,0.0
5163,0.0
5164,0.0
5165,0.0
5166,0.0
5167,0.0
5168,0.0
5169,0.0
5170,0.0
5171,0.0
5172,0.0
5173,0.0
5174,0.0
5175,0.0
5176,0.0
5177,0.0
5178,0.0
5179,0.0
5180,0.0
5181,0.0
5182,0.0
5183,0.0
5184,0.0
5185,0.0
5186,0.0
5187,0.0
5188,0.0
5189,0.0
5190,0.0
5191,0.0
5192,0.0
5193,0.0
5194,0.0
5195,0.0
5196,0.0
5197,0.0
5198,0.0
5199,0.0
5200,0.0
5201,0.0
5202,0.0
5203,0.0
5204,0.0
5205,0.0
5206,0.0
5207,0.0
5208,0.0
5209,0.0
5210,0.0
5211,0.0
5212,0.0
5213,0.0
5214,0.0
5215,0.0
5216,0.0
5217,0.0
5218,0.0
5219,0.0
5220,0.0
5221,0.0
5222,0.0
5223,0.0
5224,0.0
5225,0.0
5226,0.0
5227,0.0
5228,0.0
5229,0.0
5230,0.0
5231,0.0
5232,0.0
5233,0.0
5234,0.0
5235,0.0
5236,0.0
5237,0.0
5238,0.0
5239,0.0
5240,0.0
5241,0.0
5242,0.0
5243,0.0
5244,0.0
5245,0.0
5246,0.0
5247,0.0
5248,0.0
5249,0.0
5250,0.0
5251,0.0
5252,0.0
5253,0.0
5254,0.0
5255,0.0
5256,0.0
5257,0.0
5258,0.0
5259,0.0
5260,0.0
5261,0.0
5262,0.0
5263,0.0
5264,0.0
5265,0.0
5266,0.0
5267,0.0
5268,0.0
5269,0.0
5270,0.0
5271,0.0
5272,0.0
5273,0.0
5274,0.0
5275,0.0
5276,0.0
5277,0.0
5278,0.0
5279,0.0
5280,0.0
5281,0.0
5282,0.0
5283,0.0
5284,0.0
5285,0.0
5286,0.0
5287,0.0
5288,0.0
5289,0.0
5290,0.0
5291,0.0
5292,0.0
5293,0.0
5294,0.0
5295,0.0
5296,0.0
5297,0.0
5298,0.0
5299,0.0
5300,0.0
5301,0.0
5302,0.0
5303,0.0
5304,0.0
5305,0.0
5306,0.0
5307,0.0
5308,0.0
5309,0.0
5310,0.0
5311,0.0
5312,0.0
5313,0.0
5314,0.0
5315,0.0
5316,0.0
5317,0.0
5318,0.0
5319,0.0
5320,0.0
5321,0.0
5322,0.0
5323,0.0
5324,0.0
5325,0.0
5326,0.0
5327,0.0
5328,0.0
5329,0.0
5330,0.0
5331,0.0
5332,0.0
5333,0.0
5334,0.0
5335,0.0
5336,0.0
5337,0.0
5338,0.0
5339,0.0
5340,0.0
5341,0.0
5342,0.0
5343,0.0
5344,0.0
5345,0.0
5346,0.0
5347,0.0
5348,0.0
5349,0.0
5350,0.0
5351,0.0
5352,0.0
5353,0.0
5354,0.0
5355,0.0
5356,0.0
5357,0.0
5358,0.0
5359,0.0
5360,0.0
5361,0.0
5362,0.0
5363,0.0
5364,0.0
5365,0.0
5366,0.0
5367,0.0
5368,0.0
5369,0.0
5370,0.0
5371,0.0
5372,0.0
5373,0.0
5374,0.0
5375,0.0
5376,0.0
5377,0.0
5378,0.0
5379,0.0
5380,0.0
5381,0.0
5382,0.0
5383,0.0
5384,0.0
5385,0.0
5386,0.0
5387,0.0
5388,0.0
5389,0.0
5390,0.0
5391,0.0
5392,0.0
5393,0.0
5394,0.0
5395,0.0
5396,0.0
5397,0.0
5398,0.0
5399,0.0
5400,0.0
5401,0.0
5402,0.0
5403,0.0
5404,0.0
5405,0.0
5406,0.0
5407,0.0
5408,0.0
5409,0.0
5410,0.0
5411,0.0
5412,0.0
5413,0.0
5414,0.0
5415,0.0
5416,0.0
5417,0.0
5418,0.0
5419,0.0
5420,0.0
5421,0.0
5422,0.0
5423,0.0
5424,0.0
5425,0.0
5426,0.0
5427,0.0
5428,0.0
5429,0.0
5430,0.0
5431,0.0
5432,0.0
5433,0.0
5434,0.0
5435,0.0
5436,0.0
5437,0.0
5438,0.0
5439,0.0
5440,0.0
5441,0.0
5442,0.0
5443,0.0
5444,0.0
5445,0.0
5446,0.0
5447,0.0
5448,0.0
5449,0.0
5450,0.0
5451,0.0
5452,0.0
5453,0.0
5454,0.0
5455,0.0
5456,0.0
5457,0.0
5458,0.0
5459,0.0
5460,0.0
5461,0.0
5462,0.0
5463,0.0
5464,0.0
5465,0.0
5466,0.0
5467,0.0
5468,0.0
5469,0.0
5470,0.0
5471,0.0
5472,0.0
5473,0.0
5474,0.0
5475,0.0
5476,0.0
5477,0.0
5478,0.0
5479,0.0
5480,0.0
5481,0.0
5482,0.0
5483,0.0
5484,0.0
5485,0.0
5486,0.0
5487,0.0
5488,0.0
5489,0.0
5490,0.0
5491,0.0
5492,0.0
5493,0.0
5494,0.0
5495,0.0
5496,0.0
5497,0.0
5498,0.0
5499,0.0
5500,0.0
5501,0.0
5502,0.0
5503,0.0
5504,0.0
5505,0.0
5506,0.0
5507,0.0
5508,0.0
5509,0.0
5510,0.0
5511,0.0
5512,0.0
5513,0.0
5514,0.0
5515,0.0
5516,0.0
5517,0.0
5518,0.0
5519,0.0
5520,0.0
5521,0.0
5522,0.0
5523,0.0
5524,0.0
5525,0.0
5526,0.0
5527,0.0
5528,0.0
5529,0.0
5530,0.0
5531,0.0
5532,0.0
5533,0.0
5534,0.0
5535,0.0
5536,0.0
5537,0.0
5538,0.0
5539,0.0
5540,0.0
5541,0.0
5542,0.0
5543,0.0
5544,0.0
5545,0.0
5546,0.0
5547,0.0
5548,0.0
5549,0.0
5550,0.0
5551,0.0
5552,0.0
5553,0.0
5554,0.0
5555,0.0
5556,0.0
5557,0.0
5558,0.0
5559,0.0
5560,0.0
5561,0.0
5562,0.0
5563,0.0
5564,0.0
5565,0.0
5566,0.0
5567,0.0
5568,0.0
5569,0.0
5570,0.0
5571,0.0
5572,0.0
5573,0.0
5574,0.0
5575,0.0
5576,0.0
5577,0.0
5578,0.0
5579,0.0
5580,0.0
5581,0.0
5582,0.0
5583,0.0
5584,0.0
5585,0.0
5586,0.0
5587,0.0
5588,0.0
5589,0.0
5590,0.0
5591,0.0
5592,0.0
5593,0.0
5594,0.0
5595,0.0
5596,0.0
5597,0.0
5598,0.0
5599,0.0
5600,0.0
5601,0.0
5602,0.0
5603,0.0
5604,0.0
5605,0.0
5606,0.0
5607,0.0
5608,0.0
5609,0.0
5610,0.0
5611,0.0
5612,0.0
5613,0.0
5614,0.0
5615,0.0
5616,0.0
5617,0.0
5618,0.0
5619,0.0
5620,0.0
5621,0.0
5622,0.0
5623,0.0
5624,0.0
5625,0.0
5626,0.0
5627,0.0
5628,0.0
5629,0.0
5630,0.0
5631,0.0
5632,0.0
5633,0.0
5634,0.0
5635,0.0
5636,0.0
5637,0.0
5638,0.0
5639,0.0
5640,0.0
5641,0.0
5642,0.0
5643,0.0
5644,0.0
5645,0.0
5646,0.0
5647,0.0
5648,0.0
5649,0.0
5650,0.0
5651,0.0
5652,0.0
5653,0.0
5654,0.0
5655,0.0
5656,0.0
5657,0.0
5658,0.0
5659,0.0
5660,0.0
5661,0.0
5662,0.0
5663,0.0
5664,0.0
5665,0.0
5666,0.0
5667,0.0
5668,0.0
5669,0.0
5670,0.0
5671,0.0
5672,0.0
5673,0.0
5674,0.0
5675,0.0
5676,0.0
5677,0.0
5678,0.0
5679,0.0
5680,0.0
5681,0.0
5682,0.0
5683,0.0
5684,0.0
5685,0.0
5686,0.0
5687,0.0
5688,0.0
5689,0.0
5690,0.0
5691,0.0
5692,0.0
5693,0.0
5694,0.0
5695,0.0
5696,0.0
5697,0.0
5698,0.0
5699,0.0
5700,0.0
5701,0.0
5702,0.0
5703,0.0
5704,0.0
5705,0.0
5706,0.0
5707,0.0
5708,0.0
5709,0.0
5710,0.0
5711,0.0
5712,0.0
5713,0.0
5714,0.0
5715,0.0
5716,0.0
5717,0.0
5718,0.0
5719,0.0
5720,0.0
5721,0.0
5722,0.0
5723,0.0
5724,0.0
5725,0.0
5726,0.0
5727,0.0
5728,0.0
5729,0.0
5730,0.0
5731,0.0
5732,0.0
5733,0.0
5734,0.0
5735,0.0
5736,0.0
5737,0.0
5738,0.0
5739,0.0
5740,0.0
5741,0.0
5742,0.0
5743,0.0
5744,0.0
5745,0.0
5746,0.0
5747,0.0
5748,0.0
5749,0.0
5750,0.0
5751,0.0
5752,0.0
5753,0.0
5754,0.0
5755,0.0
5756,0.0
5757,0.0
5758,0.0
5759,0.0
5760,0.0
5761,0.0
5762,0.0
5763,0.0
5764,0.0
5765,0.0
5766,0.0
5767,0.0
5768,0.0
5769,0.0
5770,0.0
5771,0.0
5772,0.0
5773,0.0
5774,0.0
5775,0.0
5776,0.0
5777,0.0
5778,0.0
5779,0.0
5780,0.0
5781,0.0
5782,0.0
5783,0.0
5784,0.0
5785,0.0
5786,0.0
5787,0.0
5788,0.0
5789,0.0
5790,0.0
5791,0.0
5792,0.0
5793,0.0
5794,0.0
5795,0.0
5796,0.0
5797,0.0
5798,0.0
5799,0.0
5800,0.0
5801,0.0
5802,0.0
5803,0.0
5804,0.0
5805,0.0
5806,0.0
5807,0.0
5808,0.0
5809,0.0
5810,0.0
5811,0.0
5812,0.0
5813,0.0
5814,0.0
5815,0.0
5816,0.0
5817,0.0
5818,0.0
5819,0.0
5820,0.0
5821,0.0
5822,0.0
5823,0.0
5824,0.0
5825,0.0
5826,0.0
5827,0.0
5828,0.0
5829,0.0
5830,0.0
5831,0.0
5832,0.0
5833,0.0
5834,0.0
5835,0.0
5836,0.0
5837,0.0
5838,0.0
5839,0.0
5840,0.0
5841,0.0
5842,0.0
5843,0.0
5844,0.0
5845,0.0
5846,0.0
5847,0.0
5848,0.0
5849,0.0
5850,0.0
5851,0.0
5852,0.0
5853,0.0
5854,0.0
5855,0.0
5856,0.0
5857,0.0
5858,0.0
5859,0.0
5860,0.0
5861,0.0
5862,0.0
5863,0.0
5864,0.0
5865,0.0
5866,0.0
5867,0.0
5868,0.0
5869,0.0
5870,0.0
5871,0.0
5872,0.0
5873,0.0
5874,0.0
5875,0.0
5876,0.0
5877,0.0
5878,0.0
5879,0.0
5880,0.0
5881,0.0
5882,0.0
5883,0.0
5884,0.0
5885,0.0
5886,0.0
5887,0.0
5888,0.0
5889,0.0
5890,0.0
5891,0.0
5892,0.0
5893,0.0
5894,0.0
5895,0.0
5896,0.0
5897,0.0
5898,0.0
5899,0.0
5900,0.0
5901,0.0
5902,0.0
5903,0.0
5904,0.0
5905,0.0
5906,0.0
5907,0.0
5908,0.0
5909,0.0
5910,0.0
5911,0.0
5912,0.0
5913,0.0
5914,0.0
5915,0.0
5916,0.0
5917,0.0
5918,0.0
5919,0.0
5920,0.0
5921,0.0
5922,0.0
5923,0.0
5924,0.0
5925,0.0
5926,0.0
5927,0.0
5928,0.0
5929,0.0
5930,0.0
5931,0.0
5932,0.0
5933,0.0
5934,0.0
5935,0.0
5936,0.0
5937,0.0
5938,0.0
5939,0.0
5940,0.0
5941,0.0
5942,0.0
5943,0.0
5944,0.0
5945,0.0
5946,0.0
5947,0.0
5948,0.0
5949,0.0
5950,0.0
5951,0.0
5952,0.0
5953,0.0
5954,0.0
5955,0.0
5956,0.0
5957,0.0
5958,0.0
5959,0.0
5960,0.0
5961,0.0
5962,0.0
5963,0.0
5964,0.0
5965,0.0
5966,0.0
5967,0.0
5968,0.0
5969,0.0
5970,0.0
5971,0.0
5972,0.0
5973,0.0
5974,0.0
5975,0.0
5976,0.0
5977,0.0
5978,0.0
5979,0.0
5980,0.0
5981,0.0
5982,0.0
5983,0.0
5984,0.0
5985,0.0
5986,0.0
5987,0.0
5988,0.0
5989,0.0
5990,0.0
5991,0.0
5992,0.0
5993,0.0
5994,0.0
5995,0.0
5996,0.0
5997,0.0
5998,0.0
5999,0.0
6000,0.0
6001,0.0
6002,0.0
6003,0.0
6004,0.0
6005,0.0
6006,0.0
6007,0.0
6008,0.0
6009,0.0
6010,0.0
6011,0.0
6012,0.0
6013,0.0
6014,0.0
6015,0.0
6016,0.0
6017,0.0
6018,0.0
6019,0.0
6020,0.0
6021,0.0
6022,0.0
6023,0.0
6024,0.0
6025,0.0
6026,0.0
6027,0.0
6028,0.0
6029,0.0
6030,0.0
6031,0.0
6032,0.0
6033,0.0
6034,0.0
6035,0.0
6036,0.0
6037,0.0
6038,0.0
6039,0.0
6040,0.0
6041,0.0
6042,0.0
6043,0.0
6044,0.0
6045,0.0
6046,0.0
6047,0.0
6048,0.0
6049,0.0
6050,0.0
6051,0.0
6052,0.0
6053,0.0
6054,0.0
6055,0.0
6056,0.0
6057,0.0
6058,0.0
6059,0.0
6060,0.0
6061,0.0
6062,0.0
6063,0.0
6064,0.0
6065,0.0
6066,0.0
6067,0.0
6068,0.0
6069,0.0
6070,0.0
6071,0.0
6072,0.0
6073,0.0
6074,0.0
6075,0.0
6076,0.0
6077,0.0
6078,0.0
6079,0.0
6080,0.0
6081,0.0
6082,0.0
6083,0.0
6084,0.0
6085,0.0
6086,0.0
6087,0.0
6088,0.0
6089,0.0
6090,0.0
6091,0.0
6092,0.0
6093,0.0
6094,0.0
6095,0.0
6096,0.0
6097,0.0
6098,0.0
6099,0.0
6100,0.0
6101,0.0
6102,0.0
6103,0.0
6104,0.0
6105,0.0
6106,0.0
6107,0.0
6108,0.0
6109,0.0
6110,0.0
6111,0.0
6112,0.0
6113,0.0
6114,0.0
6115,0.0
6116,0.0
6117,0.0
6118,0.0
6119,0.0
6120,0.0
6121,0.0
6122,0.0
6123,0.0
6124,0.0
6125,0.0
6126,0.0
6127,0.0
6128,0.0
6129,0.0
6130,0.0
6131,0.0
6132,0.0
6133,0.0
6134,0.0
6135,0.0
6136,0.0
6137,0.0
6138,0.0
6139,0.0
6140,0.0
6141,0.0
6142,0.0
6143,0.0
6144,0.0
6145,0.0
6146,0.0
6147,0.0
6148,0.0
6149,0.0
6150,0.0
6151,0.0
6152,0.0
6153,0.0
6154,0.0
6155,0.0
6156,0.0
6157,0.0
6158,0.0
6159,0.0
6160,0.0
6161,0.0
6162,0.0
6163,0.0
6164,0.0
6165,0.0
6166,0.0
6167,0.0
6168,0.0
6169,0.0
6170,0.0
6171,0.0
6172,0.0
6173,0.0
6174,0.0
6175,0.0
6176,0.0
6177,0.0
6178,0.0
6179,0.0
6180,0.0
6181,0.0
6182,0.0
6183,0.0
6184,0.0
6185,0.0
6186,0.0
6187,0.0
6188,0.0
6189,0.0
6190,0.0
6191,0.0
6192,0.0
6193,0.0
6194,0.0
6195,0.0
6196,0.0
6197,0.0
6198,0.0
6199,0.0
6200,0.0
6201,0.0
6202,0.0
6203,0.0
6204,0.0
6205,0.0
6206,0.0
6207,0.0
6208,0.0
6209,0.0
6210,0.0
6211,0.0
6212,0.0
6213,0.0
6214,0.0
6215,0.0
6216,0.0
6217,0.0
6218,0.0
6219,0.0
6220,0.0
6221,0.0
6222,0.0
6223,0.0
6224,0.0
6225,0.0
6226,0.0
6227,0.0
6228,0.0
6229,0.0
6230,0.0
6231,0.0
6232,0.0
6233,0.0
6234,0.0
6235,0.0
6236,0.0
6237,0.0
6238,0.0
6239,0.0
6240,0.0
6241,0.0
6242,0.0
6243,0.0
6244,0.0
6245,0.0
6246,0.0
6247,0.0
6248,0.0
6249,0.0
6250,0.0
6251,0.0
6252,0.0
6253,0.0
6254,0.0
6255,0.0
6256,0.0
6257,0.0
6258,0.0
6259,0.0
6260,0.0
6261,0.0
6262,0.0
6263,0.0
6264,0.0
6265,0.0
6266,0.0
6267,0.0
6268,0.0
6269,0.0
6270,0.0
6271,0.0
6272,0.0
6273,0.0
6274,0.0
6275,0.0
6276,0.0
6277,0.0
6278,0.0
6279,0.0
6280,0.0
6281,0.0
6282,0.0
6283,0.0
6284,0.0
6285,0.0
6286,0.0
6287,0.0
6288,0.0
6289,0.0
6290,0.0
6291,0.0
6292,0.0
6293,0.0
6294,0.0
6295,0.0
6296,0.0
6297,0.0
6298,0.0
6299,0.0
6300,0.0
6301,0.0
6302,0.0
6303,0.0
6304,0.0
6305,0.0
6306,0.0
6307,0.0
6308,0.0
6309,0.0
6310,0.0
6311,0.0
6312,0.0
6313,0.0
6314,0.0
6315,0.0
6316,0.0
6317,0.0
6318,0.0
6319,0.0
6320,0.0
6321,0.0
6322,0.0
6323,0.0
6324,0.0
6325,0.0
6326,0.0
6327,0.0
6328,0.0
6329,0.0
6330,0.0
6331,0.0
6332,0.0
6333,0.0
6334,0.0
6335,0.0
6336,0.0
6337,0.0
6338,0.0
6339,0.0
6340,0.0
6341,0.0
6342,0.0
6343,0.0
6344,0.0
6345,0.0
6346,0.0
6347,0.0
6348,0.0
6349,0.0
6350,0.0
6351,0.0
6352,0.0
6353,0.0
6354,0.0
6355,0.0
6356,0.0
6357,0.0
6358,0.0
6359,0.0
6360,0.0
6361,0.0
6362,0.0
6363,0.0
6364,0.0
6365,0.0
6366,0.0
6367,0.0
6368,0.0
6369,0.0
6370,0.0
6371,0.0
6372,0.0
6373,0.0
6374,0.0
6375,0.0
6376,0.0
6377,0.0
6378,0.0
6379,0.0
6380,0.0
6381,0.0
6382,0.0
6383,0.0
6384,0.0
6385,0.0
6386,0.0
6387,0.0
6388,0.0
6389,0.0
6390,0.0
6391,0.0
6392,0.0
6393,0.0
6394,0.0
6395,0.0
6396,0.0
6397,0.0
6398,0.0
6399,0.0
6400,0.0
6401,0.0
6402,0.0
6403,0.0
6404,0.0
6405,0.0
6406,0.0
6407,0.0
6408,0.0
6409,0.0
6410,0.0
6411,0.0
6412,0.0
6413,0.0
6414,0.0
6415,0.0
6416,0.0
6417,0.0
6418,0.0
6419,0.0
6420,0.0
6421,0.0
6422,0.0
6423,0.0
6424,0.0
6425,0.0
6426,0.0
6427,0.0
6428,0.0
6429,0.0
6430,0.0
6431,0.0
6432,0.0
6433,0.0
6434,0.0
6435,0.0
6436,0.0
6437,0.0
6438,0.0
6439,0.0
6440,0.0
6441,0.0
6442,0.0
6443,0.0
6444,0.0
6445,0.0
6446,0.0
6447,0.0
6448,0.0
6449,0.0
6450,0.0
6451,0.0
6452,0.0
6453,0.0
6454,0.0
6455,0.0
6456,0.0
6457,0.0
6458,0.0
6459,0.0
6460,0.0
6461,0.0
6462,0.0
6463,0.0
6464,0.0
6465,0.0
6466,0.0
6467,0.0
6468,0.0
6469,0.0
6470,0.0
6471,0.0
6472,0.0
6473,0.0
6474,0.0
6475,0.0
6476,0.0
6477,0.0
6478,0.0
6479,0.0
6480,0.0
6481,0.0
6482,0.0
6483,0.0
6484,0.0
6485,0.0
6486,0.0
6487,0.0
6488,0.0
6489,0.0
6490,0.0
6491,0.0
6492,0.0
6493,0.0
6494,0.0
6495,0.0
6496,0.0
6497,0.0
6498,0.0
6499,0.0
6500,0.0
6501,0.0
6502,0.0
6503,0.0
6504,0.0
6505,0.0
6506,0.0
6507,0.0
6508,0.0
6509,0.0
6510,0.0
6511,0.0
6512,0.0
6513,0.0
6514,0.0
6515,0.0
6516,0.0
6517,0.0
6518,0.0
6519,0.0
6520,0.0
6521,0.0
6522,0.0
6523,0.0
6524,0.0
6525,0.0
6526,0.0
6527,0.0
6528,0.0
6529,0.0
6530,0.0
6531,0.0
6532,0.0
6533,0.0
6534,0.0
6535,0.0
6536,0.0
6537,0.0
6538,0.0
6539,0.0
6540,0.0
6541,0.0
6542,0.0
6543,0.0
6544,0.0
6545,0.0
6546,0.0
6547,0.0
6548,0.0
6549,0.0
6550,0.0
6551,0.0
6552,0.0
6553,0.0
6554,0.0
6555,0.0
6556,0.0
6557,0.0
6558,0.0
6559,0.0
6560,0.0
6561,0.0
6562,0.0
6563,0.0
6564,0.0
6565,0.0
6566,0.0
6567,0.0
6568,0.0
6569,0.0
6570,0.0
6571,0.0
6572,0.0
6573,0.0
6574,0.0
6575,0.0
6576,0.0
6577,0.0
6578,0.0
6579,0.0
6580,0.0
6581,0.0
6582,0.0
6583,0.0
6584,0.0
6585,0.0
6586,0.0
6587,0.0
6588,0.0
6589,0.0
6590,0.0
6591,0.0
6592,0.0
6593,0.0
6594,0.0
6595,0.0
6596,0.0
6597,0.0
6598,0.0
6599,0.0
6600,0.0
6601,0.0
6602,0.0
6603,0.0
6604,0.0
6605,0.0
6606,0.0
6607,0.0
6608,0.0
6609,0.0
6610,0.0
6611,0.0
6612,0.0
6613,0.0
6614,0.0
6615,0.0
6616,0.0
6617,0.0
6618,0.0
6619,0.0
6620,0.0
6621,0.0
6622,0.0
6623,0.0
6624,0.0
6625,0.0
6626,0.0
6627,0.0
6628,0.0
6629,0.0
6630,0.0
6631,0.0
6632,0.0
6633,0.0
6634,0.0
6635,0.0
6636,0.0
6637,0.0
6638,0.0
6639,0.0
6640,0.0
6641,0.0
6642,0.0
6643,0.0
6644,0.0
6645,0.0
6646,0.0
6647,0.0
6648,0.0
6649,0.0
6650,0.0
6651,0.0
6652,0.0
6653,0.0
6654,0.0
6655,0.0
6656,0.0
6657,0.0
6658,0.0
6659,0.0
6660,0.0
6661,0.0
6662,0.0
6663,0.0
6664,0.0
6665,0.0
6666,0.0
6667,0.0
6668,0.0
6669,0.0
6670,0.0
6671,0.0
6672,0.0
6673,0.0
6674,0.0
6675,0.0
6676,0.0
6677,0.0
6678,0.0
6679,0.0
6680,0.0
6681,0.0
6682,0.0
6683,0.0
6684,0.0
6685,0.0
6686,0.0
6687,0.0
6688,0.0
6689,0.0
6690,0.0
6691,0.0
6692,0.0
6693,0.0
6694,0.0
6695,0.0
6696,0.0
6697,0.0
6698,0.0
6699,0.0
6700,0.0
6701,0.0
6702,0.0
6703,0.0
6704,0.0
6705,0.0
6706,0.0
6707,0.0
6708,0.0
6709,0.0
6710,0.0
6711,0.0
6712,0.0
6713,0.0
6714,0.0
6715,0.0
6716,0.0
6717,0.0
6718,0.0
6719,0.0
6720,0.0
6721,0.0
6722,0.0
6723,0.0
6724,0.0
6725,0.0
6726,0.0
6727,0.0
6728,0.0
6729,0.0
6730,0.0
6731,0.0
6732,0.0
6733,0.0
6734,0.0
6735,0.0
6736,0.0
6737,0.0
6738,0.0
6739,0.0
6740,0.0
6741,0.0
6742,0.0
6743,0.0
6744,0.0
6745,0.0
6746,0.0
6747,0.0
6748,0.0
6749,0.0
6750,0.0
6751,0.0
6752,0.0
6753,0.0
6754,0.0
6755,0.0
6756,0.0
6757,0.0
6758,0.0
6759,0.0
6760,0.0
6761,0.0
6762,0.0
6763,0.0
6764,0.0
6765,0.0
6766,0.0
6767,0.0
6768,0.0
6769,0.0
6770,0.0
6771,0.0
6772,0.0
6773,0.0
6774,0.0
6775,0.0
6776,0.0
6777,0.0
6778,0.0
6779,0.0
6780,0.0
6781,0.0
6782,0.0
6783,0.0
6784,0.0
6785,0.0
6786,0.0
6787,0.0
6788,0.0
6789,0.0
6790,0.0
6791,0.0
6792,0.0
6793,0.0
6794,0.0
6795,0.0
6796,0.0
6797,0.0
6798,0.0
6799,0.0
6800,0.0
6801,0.0
6802,0.0
6803,0.0
6804,0.0
6805,0.0
6806,0.0
6807,0.0
6808,0.0
6809,0.0
6810,0.0
6811,0.0
6812,0.0
6813,0.0
6814,0.0
6815,0.0
6816,0.0
6817,0.0
6818,0.0
6819,0.0
6820,0.0
6821,0.0
6822,0.0
6823,0.0
6824,0.0
6825,0.0
6826,0.0
6827,0.0
6828,0.0
6829,0.0
6830,0.0
6831,0.0
6832,0.0
6833,0.0
6834,0.0
6835,0.0
6836,0.0
6837,0.0
6838,0.0
6839,0.0
6840,0.0
6841,0.0
6842,0.0
6843,0.0
6844,0.0
6845,0.0
6846,0.0
6847,0.0
6848,0.0
6849,0.0
6850,0.0
6851,0.0
6852,0.0
6853,0.0
6854,0.0
6855,0.0
6856,0.0
6857,0.0
6858,0.0
6859,0.0
6860,0.0
6861,0.0
6862,0.0
6863,0.0
6864,0.0
6865,0.0
6866,0.0
6867,0.0
6868,0.0
6869,0.0
6870,0.0
6871,0.0
6872,0.0
6873,0.0
6874,0.0
6875,0.0
6876,0.0
6877,0.0
6878,0.0
6879,0.0
6880,0.0
6881,0.0
6882,0.0
6883,0.0
6884,0.0
6885,0.0
6886,0.0
6887,0.0
6888,0.0
6889,0.0
6890,0.0
6891,0.0
6892,0.0
6893,0.0
6894,0.0
6895,0.0
6896,0.0
6897,0.0
6898,0.0
6899,0.0
6900,0.0
6901,0.0
6902,0.0
6903,0.0
6904,0.0
6905,0.0
6906,0.0
6907,0.0
6908,0.0
6909,0.0
6910,0.0
6911,0.0
6912,0.0
6913,0.0
6914,0.0
6915,0.0
6916,0.0
6917,0.0
6918,0.0
6919,0.0
6920,0.0
6921,0.0
6922,0.0
6923,0.0
6924,0.0
6925,0.0
6926,0.0
6927,0.0
6928,0.0
6929,0.0
6930,0.0
6931,0.0
6932,0.0
6933,0.0
6934,0.0
6935,0.0
6936,0.0
6937,0.0
6938,0.0
6939,0.0
6940,0.0
6941,0.0
6942,0.0
6943,0.0
6944,0.0
6945,0.0
6946,0.0
6947,0.0
6948,0.0
6949,0.0
6950,0.0
6951,0.0
6952,0.0
6953,0.0
6954,0.0
6955,0.0
6956,0.0
6957,0.0
6958,0.0
6959,0.0
6960,0.0
6961,0.0
6962,0.0
6963,0.0
6964,0.0
6965,0.0
6966,0.0
6967,0.0
6968,0.0
6969,0.0
6970,0.0
6971,0.0
6972,0.0
6973,0.0
6974,0.0
6975,0.0
6976,0.0
6977,0.0
6978,0.0
6979,0.0
6980,0.0
6981,0.0
6982,0.0
6983,0.0
6984,0.0
6985,0.0
6986,0.0
6987,0.0
6988,0.0
6989,0.0
6990,0.0
6991,0.0
6992,0.0
6993,0.0
6994,0.0
6995,0.0
6996,0.0
6997,0.0
6998,0.0
6999,0.0
7000,0.0
7001,0.0
7002,0.0
7003,0.0
7004,0.0
7005,0.0
7006,0.0
7007,0.0
7008,0.0
7009,0.0
7010,0.0
7011,0.0
7012,0.0
7013,0.0
7014,0.0
7015,0.0
7016,0.0
7017,0.0
7018,0.0
7019,0.0
7020,0.0
7021,0.0
7022,0.0
7023,0.0
7024,0.0
7025,0.0
7026,0.0
7027,0.0
7028,0.0
7029,0.0
7030,0.0
7031,0.0
7032,0.0
7033,0.0
7034,0.0
7035,0.0
7036,0.0
7037,0.0
7038,0.0
7039,0.0
7040,0.0
7041,0.0
7042,0.0
7043,0.0
7044,0.0
7045,0.0
7046,0.0
7047,0.0
7048,0.0
7049,0.0
7050,0.0
7051,0.0
7052,0.0
7053,0.0
7054,0.0
7055,0.0
7056,0.0
7057,0.0
7058,0.0
7059,0.0
7060,0.0
7061,0.0
7062,0.0
7063,0.0
7064,0.0
7065,0.0
7066,0.0
7067,0.0
7068,0.0
7069,0.0
7070,0.0
7071,0.0
7072,0.0
7073,0.0
7074,0.0
7075,0.0
7076,0.0
7077,0.0
7078,0.0
7079,0.0
7080,0.0
7081,0.0
7082,0.0
7083,0.0
7084,0.0
7085,0.0
7086,0.0
7087,0.0
7088,0.0
7089,0.0
7090,0.0
7091,0.0
7092,0.0
7093,0.0
7094,0.0
7095,0.0
7096,0.0
7097,0.0
7098,0.0
7099,0.0
7100,0.0
7101,0.0
7102,0.0
7103,0.0
7104,0.0
7105,0.0
7106,0.0
7107,0.0
7108,0.0
7109,0.0
7110,0.0
7111,0.0
7112,0.0
7113,0.0
7114,0.0
7115,0.0
7116,0.0
7117,0.0
7118,0.0
7119,0.0
7120,0.0
7121,0.0
7122,0.0
7123,0.0
7124,0.0
7125,0.0
7126,0.0
7127,0.0
7128,0.0
7129,0.0
7130,0.0
7131,0.0
7132,0.0
7133,0.0
7134,0.0
7135,0.0
7136,0.0
7137,0.0
7138,0.0
7139,0.0
7140,0.0
7141,0.0
7142,0.0
7143,0.0
7144,0.0
7145,0.0
7146,0.0
7147,0.0
7148,0.0
7149,0.0
7150,0.0
7151,0.0
7152,0.0
7153,0.0
7154,0.0
7155,0.0
7156,0.0
7157,0.0
7158,0.0
7159,0.0
7160,0.0
7161,0.0
7162,0.0
7163,0.0
7164,0.0
7165,0.0
7166,0.0
7167,0.0
7168,0.0
7169,0.0
7170,0.0
7171,0.0
7172,0.0
7173,0.0
7174,0.0
7175,0.0
7176,0.0
7177,0.0
7178,0.0
7179,0.0
7180,0.0
7181,0.0
7182,0.0
7183,0.0
7184,0.0
7185,0.0
7186,0.0
7187,0.0
7188,0.0
7189,0.0
7190,0.0
7191,0.0
7192,0.0
7193,0.0
7194,0.0
7195,0.0
7196,0.0
7197,0.0
7198,0.0
7199,0.0
7200,0.0
7201,0.0
7202,0.0
7203,0.0
7204,0.0
7205,0.0
7206,0.0
7207,0.0
7208,0.0
7209,0.0
7210,0.0
7211,0.0
7212,0.0
7213,0.0
7214,0.0
7215,0.0
7216,0.0
7217,0.0
7218,0.0
7219,0.0
7220,0.0
7221,0.0
7222,0.0
7223,0.0
7224,0.0
7225,0.0
7226,0.0
7227,0.0
7228,0.0
7229,0.0
7230,0.0
7231,0.0
7232,0.0
7233,0.0
7234,0.0
7235,0.0
7236,0.0
7237,0.0
7238,0.0
7239,0.0
7240,0.0
7241,0.0
7242,0.0
7243,0.0
7244,0.0
7245,0.0
7246,0.0
7247,0.0
7248,0.0
7249,0.0
7250,0.0
7251,0.0
7252,0.0
7253,0.0
7254,0.0
7255,0.0
7256,0.0
7257,0.0
7258,0.0
7259,0.0
7260,0.0
7261,0.0
7262,0.0
7263,0.0
7264,0.0
7265,0.0
7266,0.0
7267,0.0
7268,0.0
7269,0.0
7270,0.0
7271,0.0
7272,0.0
7273,0.0
7274,0.0
7275,0.0
7276,0.0
7277,0.0
7278,0.0
7279,0.0
7280,0.0
7281,0.0
7282,0.0
7283,0.0
7284,0.0
7285,0.0
7286,0.0
7287,0.0
7288,0.0
7289,0.0
7290,0.0
7291,0.0
7292,0.0
7293,0.0
7294,0.0
7295,0.0
7296,0.0
7297,0.0
7298,0.0
7299,0.0
7300,0.0
7301,0.0
7302,0.0
7303,0.0
7304,0.0
7305,0.0
7306,0.0
7307,0.0
7308,0.0
7309,0.0
7310,0.0
7311,0.0
7312,0.0
7313,0.0
7314,0.0
7315,0.0
7316,0.0
7317,0.0
7318,0.0
7319,0.0
7320,0.0
7321,0.0
7322,0.0
7323,0.0
7324,0.0
7325,0.0
7326,0.0
7327,0.0
7328,0.0
7329,0.0
7330,0.0
7331,0.0
7332,0.0
7333,0.0
7334,0.0
7335,0.0
7336,0.0
7337,0.0
7338,0.0
7339,0.0
7340,0.0
7341,0.0
7342,0.0
7343,0.0
7344,0.0
7345,0.0
7346,0.0
7347,0.0
7348,0.0
7349,0.0
7350,0.0
7351,0.0
7352,0.0
7353,0.0
7354,0.0
7355,0.0
7356,0.0
7357,0.0
7358,0.0
7359,0.0
7360,0.0
7361,0.0
7362,0.0
7363,0.0
7364,0.0
7365,0.0
7366,0.0
7367,0.0
7368,0.0
7369,0.0
7370,0.0
7371,0.0
7372,0.0
7373,0.0
7374,0.0
7375,0.0
7376,0.0
7377,0.0
7378,0.0
7379,0.0
7380,0.0
7381,0.0
7382,0.0
7383,0.0
7384,0.0
7385,0.0
7386,0.0
7387,0.0
7388,0.0
7389,0.0
7390,0.0
7391,0.0
7392,0.0
7393,0.0
7394,0.0
7395,0.0
7396,0.0
7397,0.0
7398,0.0
7399,0.0
7400,0.0
7401,0.0
7402,0.0
7403,0.0
7404,0.0
7405,0.0
7406,0.0
7407,0.0
7408,0.0
7409,0.0
7410,0.0
7411,0.0
7412,0.0
7413,0.0
7414,0.0
7415,0.0
7416,0.0
7417,0.0
7418,0.0
7419,0.0
7420,0.0
7421,0.0
7422,0.0
7423,0.0
7424,0.0
7425,0.0
7426,0.0
7427,0.0
7428,0.0
7429,0.0
7430,0.0
7431,0.0
7432,0.0
7433,0.0
7434,0.0
7435,0.0
7436,0.0
7437,0.0
7438,0.0
7439,0.0
7440,0.0
7441,0.0
7442,0.0
7443,0.0
7444,0.0
7445,0.0
7446,0.0
7447,0.0
7448,0.0
7449,0.0
7450,0.0
7451,0.0
7452,0.0
7453,0.0
7454,0.0
7455,0.0
7456,0.0
7457,0.0
7458,0.0
7459,0.0
7460,0.0
7461,0.0
7462,0.0
7463,0.0
7464,0.0
7465,0.0
7466,0.0
7467,0.0
7468,0.0
7469,0.0
7470,0.0
7471,0.0
7472,0.0
7473,0.0
7474,0.0
7475,0.0
7476,0.0
7477,0.0
7478,0.0
7479,0.0
7480,0.0
7481,0.0
7482,0.0
7483,0.0
7484,0.0
7485,0.0
7486,0.0
7487,0.0
7488,0.0
7489,0.0
7490,0.0
7491,0.0
7492,0.0
7493,0.0
7494,0.0
7495,0.0
7496,0.0
7497,0.0
7498,0.0
7499,0.0
7500,0.0
7501,0.0
7502,0.0
7503,0.0
7504,0.0
7505,0.0
7506,0.0
7507,0.0
7508,0.0
7509,0.0
7510,0.0
7511,0.0
7512,0.0
7513,0.0
7514,0.0
7515,0.0
7516,0.0
7517,0.0
7518,0.0
7519,0.0
7520,0.0
7521,0.0
7522,0.0
7523,0.0
7524,0.0
7525,0.0
7526,0.0
7527,0.0
7528,0.0
7529,0.0
7530,0.0
7531,0.0
7532,0.0
7533,0.0
7534,0.0
7535,0.0
7536,0.0
7537,0.0
7538,0.0
7539,0.0
7540,0.0
7541,0.0
7542,0.0
7543,0.0
7544,0.0
7545,0.0
7546,0.0
7547,0.0
7548,0.0
7549,0.0
7550,0.0
7551,0.0
7552,0.0
7553,0.0
7554,0.0
7555,0.0
7556,0.0
7557,0.0
7558,0.0
7559,0.0
7560,0.0
7561,0.0
7562,0.0
7563,0.0
7564,0.0
7565,0.0
7566,0.0
7567,0.0
7568,0.0
7569,0.0
7570,0.0
7571,0.0
7572,0.0
7573,0.0
7574,0.0
7575,0.0
7576,0.0
7577,0.0
7578,0.0
7579,0.0
7580,0.0
7581,0.0
7582,0.0
7583,0.0
7584,0.0
7585,0.0
7586,0.0
7587,0.0
7588,0.0
7589,0.0
7590,0.0
7591,0.0
7592,0.0
7593,0.0
7594,0.0
7595,0.0
7596,0.0
7597,0.0
7598,0.0
7599,0.0
7600,0.0
7601,0.0
7602,0.0
7603,0.0
7604,0.0
7605,0.0
7606,0.0
7607,0.0
7608,0.0
7609,0.0
7610,0.0
7611,0.0
7612,0.0
7613,0.0
7614,0.0
7615,0.0
7616,0.0
7617,0.0
7618,0.0
7619,0.0
7620,0.0
7621,0.0
7622,0.0
7623,0.0
7624,0.0
7625,0.0
7626,0.0
7627,0.0
7628,0.0
7629,0.0
7630,0.0
7631,0.0
7632,0.0
7633,0.0
7634,0.0
7635,0.0
7636,0.0
7637,0.0
7638,0.0
7639,0.0
7640,0.0
7641,0.0
7642,0.0
7643,0.0
7644,0.0
7645,0.0
7646,0.0
7647,0.0
7648,0.0
7649,0.0
7650,0.0
7651,0.0
7652,0.0
7653,0.0
7654,0.0
7655,0.0
7656,0.0
7657,0.0
7658,0.0
7659,0.0
7660,0.0
7661,0.0
7662,0.0
7663,0.0
7664,0.0
7665,0.0
7666,0.0
7667,0.0
7668,0.0
7669,0.0
7670,0.0
7671,0.0
7672,0.0
7673,0.0
7674,0.0
7675,0.0
7676,0.0
7677,0.0
7678,0.0
7679,0.0
7680,0.0
7681,0.0
7682,0.0
7683,0.0
7684,0.0
7685,0.0
7686,0.0
7687,0.0
7688,0.0
7689,0.0
7690,0.0
7691,0.0
7692,0.0
7693,0.0
7694,0.0
7695,0.0
7696,0.0
7697,0.0
7698,0.0
7699,0.0
7700,0.0
7701,0.0
7702,0.0
7703,0.0
7704,0.0
7705,0.0
7706,0.0
7707,0.0
7708,0.0
7709,0.0
7710,0.0
7711,0.0
7712,0.0
7713,0.0
7714,0.0
7715,0.0
7716,0.0
7717,0.0
7718,0.0
7719,0.0
7720,0.0
7721,0.0
7722,0.0
7723,0.0
7724,0.0
7725,0.0
7726,0.0
7727,0.0
7728,0.0
7729,0.0
7730,0.0
7731,0.0
7732,0.0
7733,0.0
7734,0.0
7735,0.0
7736,0.0
7737,0.0
7738,0.0
7739,0.0
7740,0.0
7741,0.0
7742,0.0
7743,0.0
7744,0.0
7745,0.0
7746,0.0
7747,0.0
7748,0.0
7749,0.0
7750,0.0
7751,0.0
7752,0.0
7753,0.0
7754,0.0
7755,0.0
7756,0.0
7757,0.0
7758,0.0
7759,0.0
7760,0.0
7761,0.0
7762,0.0
7763,0.0
7764,0.0
7765,0.0
7766,0.0
7767,0.0
7768,0.0
7769,0.0
7770,0.0
7771,0.0
7772,0.0
7773,0.0
7774,0.0
7775,0.0
7776,0.0
7777,0.0
7778,0.0
7779,0.0
7780,0.0
7781,0.0
7782,0.0
7783,0.0
7784,0.0
7785,0.0
7786,0.0
7787,0.0
7788,0.0
7789,0.0
7790,0.0
7791,0.0
7792,0.0
7793,0.0
7794,0.0
7795,0.0
7796,0.0
7797,0.0
7798,0.0
7799,0.0
7800,0.0
7801,0.0
7802,0.0
7803,0.0
7804,0.0
7805,0.0
7806,0.0
7807,0.0
7808,0.0
7809,0.0
7810,0.0
7811,0.0
7812,0.0
7813,0.0
7814,0.0
7815,0.0
7816,0.0
7817,0.0
7818,0.0
7819,0.0
7820,0.0
7821,0.0
7822,0.0
7823,0.0
7824,0.0
7825,0.0
7826,0.0
7827,0.0
7828,0.0
7829,0.0
7830,0.0
7831,0.0
7832,0.0
7833,0.0
7834,0.0
7835,0.0
7836,0.0
7837,0.0
7838,0.0
7839,0.0
7840,0.0
7841,0.0
7842,0.0
7843,0.0
7844,0.0
7845,0.0
7846,0.0
7847,0.0
7848,0.0
7849,0.0
7850,0.0
7851,0.0
7852,0.0
7853,0.0
7854,0.0
7855,0.0
7856,0.0
7857,0.0
7858,0.0
7859,0.0
7860,0.0
7861,0.0
7862,0.0
7863,0.0
7864,0.0
7865,0.0
7866,0.0
7867,0.0
7868,0.0
7869,0.0
7870,0.0
7871,0.0
7872,0.0
7873,0.0
7874,0.0
7875,0.0
7876,0.0
7877,0.0
7878,0.0
7879,0.0
7880,0.0
7881,0.0
7882,0.0
7883,0.0
7884,0.0
7885,0.0
7886,0.0
7887,0.0
7888,0.0
7889,0.0
7890,0.0
7891,0.0
7892,0.0
7893,0.0
7894,0.0
7895,0.0
7896,0.0
7897,0.0
7898,0.0
7899,0.0
7900,0.0
7901,0.0
7902,0.0
7903,0.0
7904,0.0
7905,0.0
7906,0.0
7907,0.0
7908,0.0
7909,0.0
7910,0.0
7911,0.0
7912,0.0
7913,0.0
7914,0.0
7915,0.0
7916,0.0
7917,0.0
7918,0.0
7919,0.0
7920,0.0
7921,0.0
7922,0.0
7923,0.0
7924,0.0
7925,0.0
7926,0.0
7927,0.0
7928,0.0
7929,0.0
7930,0.0
7931,0.0
7932,0.0
7933,0.0
7934,0.0
7935,0.0
7936,0.0
7937,0.0
7938,0.0
7939,0.0
7940,0.0
7941,0.0
7942,0.0
7943,0.0
7944,0.0
7945,0.0
7946,0.0
7947,0.0
7948,0.0
7949,0.0
7950,0.0
7951,0.0
7952,0.0
7953,0.0
7954,0.0
7955,0.0
7956,0.0
7957,0.0
7958,0.0
7959,0.0
7960,0.0
7961,0.0
7962,0.0
7963,0.0
7964,0.0
7965,0.0
7966,0.0
7967,0.0
7968,0.0
7969,0.0
7970,0.0
7971,0.0
7972,0.0
7973,0.0
7974,0.0
7975,0.0
7976,0.0
7977,0.0
7978,0.0
7979,0.0
7980,0.0
7981,0.0
7982,0.0
7983,0.0
7984,0.0
7985,0.0
7986,0.0
7987,0.0
7988,0.0
7989,0.0
7990,0.0
7991,0.0
7992,0.0
7993,0.0
7994,0.0
7995,0.0
7996,0.0
7997,0.0
7998,0.0
7999,0.0
8000,0.0
8001,0.0
8002,0.0
8003,0.0
8004,0.0
8005,0.0
8006,0.0
8007,0.0
8008,0.0
8009,0.0
8010,0.0
8011,0.0
8012,0.0
8013,0.0
8014,0.0
8015,0.0
8016,0.0
8017,0.0
8018,0.0
8019,0.0
8020,0.0
8021,0.0
8022,0.0
8023,0.0
8024,0.0
8025,0.0
8026,0.0
8027,0.0
8028,0.0
8029,0.0
8030,0.0
8031,0.0
8032,0.0
8033,0.0
8034,0.0
8035,0.0
8036,0.0
8037,0.0
8038,0.0
8039,0.0
8040,0.0
8041,0.0
8042,0.0
8043,0.0
8044,0.0
8045,0.0
8046,0.0
8047,0.0
8048,0.0
8049,0.0
8050,0.0
8051,0.0
8052,0.0
8053,0.0
8054,0.0
8055,0.0
8056,0.0
8057,0.0
8058,0.0
8059,0.0
8060,0.0
8061,0.0
8062,0.0
8063,0.0
8064,0.0
8065,0.0
8066,0.0
8067,0.0
8068,0.0
8069,0.0
8070,0.0
8071,0.0
8072,0.0
8073,0.0
8074,0.0
8075,0.0
8076,0.0
8077,0.0
8078,0.0
8079,0.0
8080,0.0
8081,0.0
8082,0.0
8083,0.0
8084,0.0
8085,0.0
8086,0.0
8087,0.0
8088,0.0
8089,0.0
8090,0.0
8091,0.0
8092,0.0
8093,0.0
8094,0.0
8095,0.0
8096,0.0
8097,0.0
8098,0.0
8099,0.0
8100,0.0
8101,0.0
8102,0.0
8103,0.0
8104,0.0
8105,0.0
8106,0.0
8107,0.0
8108,0.0
8109,0.0
8110,0.0
8111,0.0
8112,0.0
8113,0.0
8114,0.0
8115,0.0
8116,0.0
8117,0.0
8118,0.0
8119,0.0
8120,0.0
8121,0.0
8122,0.0
8123,0.0
8124,0.0
8125,0.0
8126,0.0
8127,0.0
8128,0.0
8129,0.0
8130,0.0
8131,0.0
8132,0.0
8133,0.0
8134,0.0
8135,0.0
8136,0.0
8137,0.0
8138,0.0
8139,0.0
8140,0.0
8141,0.0
8142,0.0
8143,0.0
8144,0.0
8145,0.0
8146,0.0
8147,0.0
8148,0.0
8149,0.0
8150,0.0
8151,0.0
8152,0.0
8153,0.0
8154,0.0
8155,0.0
8156,0.0
8157,0.0
8158,0.0
8159,0.0
8160,0.0
8161,0.0
8162,0.0
8163,0.0
8164,0.0
8165,0.0
8166,0.0
8167,0.0
8168,0.0
8169,0.0
8170,0.0
8171,0.0
8172,0.0
8173,0.0
8174,0.0
8175,0.0
8176,0.0
8177,0.0
8178,0.0
8179,0.0
8180,0.0
8181,0.0
8182,0.0
8183,0.0
8184,0.0
8185,0.0
8186,0.0
8187,0.0
8188,0.0
8189,0.0
8190,0.0
8191,0.0
8192,0.0
8193,0.0
8194,0.0
8195,0.0
8196,0.0
8197,0.0
8198,0.0
8199,0.0
8200,0.0
8201,0.0
8202,0.0
8203,0.0
8204,0.0
8205,0.0
8206,0.0
8207,0.0
8208,0.0
8209,0.0
8210,0.0
8211,0.0
8212,0.0
8213,0.0
8214,0.0
8215,0.0
8216,0.0
8217,0.0
8218,0.0
8219,0.0
8220,0.0
8221,0.0
8222,0.0
8223,0.0
8224,0.0
8225,0.0
8226,0.0
8227,0.0
8228,0.0
8229,0.0
8230,0.0
8231,0.0
8232,0.0
8233,0.0
8234,0.0
8235,0.0
8236,0.0
8237,0.0
8238,0.0
8239,0.0
8240,0.0
8241,0.0
8242,0.0
8243,0.0
8244,0.0
8245,0.0
8246,0.0
8247,0.0
8248,0.0
8249,0.0
8250,0.0
8251,0.0
8252,0.0
8253,0.0
8254,0.0
8255,0.0
8256,0.0
8257,0.0
8258,0.0
8259,0.0
8260,0.0
8261,0.0
8262,0.0
8263,0.0
8264,0.0
8265,0.0
8266,0.0
8267,0.0
8268,0.0
8269,0.0
8270,0.0
8271,0.0
8272,0.0
8273,0.0
8274,0.0
8275,0.0
8276,0.0
8277,0.0
8278,0.0
8279,0.0
8280,0.0
8281,0.0
8282,0.0
8283,0.0
8284,0.0
8285,0.0
8286,0.0
8287,0.0
8288,0.0
8289,0.0
8290,0.0
8291,0.0
8292,0.0
8293,0.0
8294,0.0
8295,0.0
8296,0.0
8297,0.0
8298,0.0
8299,0.0
8300,0.0
8301,0.0
8302,0.0
8303,0.0
8304,0.0
8305,0.0
8306,0.0
8307,0.0
8308,0.0
8309,0.0
8310,0.0
8311,0.0
8312,0.0
8313,0.0
8314,0.0
8315,0.0
8316,0.0
8317,0.0
8318,0.0
8319,0.0
8320,0.0
8321,0.0
8322,0.0
8323,0.0
8324,0.0
8325,0.0
8326,0.0
8327,0.0
8328,0.0
8329,0.0
8330,0.0
8331,0.0
8332,0.0
8333,0.0
8334,0.0
8335,0.0
8336,0.0
8337,0.0
8338,0.0
8339,0.0
8340,0.0
8341,0.0
8342,0.0
8343,0.0
8344,0.0
8345,0.0
8346,0.0
8347,0.0
8348,0.0
8349,0.0
8350,0.0
8351,0.0
8352,0.0
8353,0.0
8354,0.0
8355,0.0
8356,0.0
8357,0.0
8358,0.0
8359,0.0
8360,0.0
8361,0.0
8362,0.0
8363,0.0
8364,0.0
8365,0.0
8366,0.0
8367,0.0
8368,0.0
8369,0.0
8370,0.0
8371,0.0
8372,0.0
8373,0.0
8374,0.0
8375,0.0
8376,0.0
8377,0.0
8378,0.0
8379,0.0
8380,0.0
8381,0.0
8382,0.0
8383,0.0
8384,0.0
8385,0.0
8386,0.0
8387,0.0
8388,0.0
8389,0.0
8390,0.0
8391,0.0
8392,0.0
8393,0.0
8394,0.0
8395,0.0
8396,0.0
8397,0.0
8398,0.0
8399,0.0
8400,0.0
8401,0.0
8402,0.0
8403,0.0
8404,0.0
8405,0.0
8406,0.0
8407,0.0
8408,0.0
8409,0.0
8410,0.0
8411,0.0
8412,0.0
8413,0.0
8414,0.0
8415,0.0
8416,0.0
8417,0.0
8418,0.0
8419,0.0
8420,0.0
8421,0.0
8422,0.0
8423,0.0
8424,0.0
8425,0.0
8426,0.0
8427,0.0
8428,0.0
8429,0.0
8430,0.0
8431,0.0
8432,0.0
8433,0.0
8434,0.0
8435,0.0
8436,0.0
8437,0.0
8438,0.0
8439,0.0
8440,0.0
8441,0.0
8442,0.0
8443,0.0
8444,0.0
8445,0.0
8446,0.0
8447,0.0
8448,0.0
8449,0.0
8450,0.0
8451,0.0
8452,0.0
8453,0.0
8454,0.0
8455,0.0
8456,0.0
8457,0.0
8458,0.0
8459,0.0
8460,0.0
8461,0.0
8462,0.0
8463,0.0
8464,0.0
8465,0.0
8466,0.0
8467,0.0
8468,0.0
8469,0.0
8470,0.0
8471,0.0
8472,0.0
8473,0.0
8474,0.0
8475,0.0
8476,0.0
8477,0.0
8478,0.0
8479,0.0
8480,0.0
8481,0.0
8482,0.0
8483,0.0
8484,0.0
8485,0.0
8486,0.0
8487,0.0
8488,0.0
8489,0.0
8490,0.0
8491,0.0
8492,0.0
8493,0.0
8494,0.0
8495,0.0
8496,0.0
8497,0.0
8498,0.0
8499,0.0
8500,0.0
8501,0.0
8502,0.0
8503,0.0
8504,0.0
8505,0.0
8506,0.0
8507,0.0
8508,0.0
8509,0.0
8510,0.0
8511,0.0
8512,0.0
8513,0.0
8514,0.0
8515,0.0
8516,0.0
8517,0.0
8518,0.0
8519,0.0
8520,0.0
8521,0.0
8522,0.0
8523,0.0
8524,0.0
8525,0.0
8526,0.0
8527,0.0
8528,0.0
8529,0.0
8530,0.0
8531,0.0
8532,0.0
8533,0.0
8534,0.0
8535,0.0
8536,0.0
8537,0.0
8538,0.0
8539,0.0
8540,0.0
8541,0.0
8542,0.0
8543,0.0
8544,0.0
8545,0.0
8546,0.0
8547,0.0
8548,0.0
8549,0.0
8550,0.0
8551,0.0
8552,0.0
8553,0.0
8554,0.0
8555,0.0
8556,0.0
8557,0.0
8558,0.0
8559,0.0
8560,0.0
8561,0.0
8562,0.0
8563,0.0
8564,0.0
8565,0.0
8566,0.0
8567,0.0
8568,0.0
8569,0.0
8570,0.0
8571,0.0
8572,0.0
8573,0.0
8574,0.0
8575,0.0
8576,0.0
8577,0.0
8578,0.0
8579,0.0
8580,0.0
8581,0.0
8582,0.0
8583,0.0
8584,0.0
8585,0.0
8586,0.0
8587,0.0
8588,0.0
8589,0.0
8590,0.0
8591,0.0
8592,0.0
8593,0.0
8594,0.0
8595,0.0
8596,0.0
8597,0.0
8598,0.0
8599,0.0
8600,0.0
8601,0.0
8602,0.0
8603,0.0
8604,0.0
8605,0.0
8606,0.0
8607,0.0
8608,0.0
8609,0.0
8610,0.0
8611,0.0
8612,0.0
8613,0.0
8614,0.0
8615,0.0
8616,0.0
8617,0.0
8618,0.0
8619,0.0
8620,0.0
8621,0.0
8622,0.0
8623,0.0
8624,0.0
8625,0.0
8626,0.0
8627,0.0
8628,0.0
8629,0.0
8630,0.0
8631,0.0
8632,0.0
8633,0.0
8634,0.0
8635,0.0
8636,0.0
8637,0.0
8638,0.0
8639,0.0
8640,0.0
8641,0.0
8642,0.0
8643,0.0
8644,0.0
8645,0.0
8646,0.0
8647,0.0
8648,0.0
8649,0.0
8650,0.0
8651,0.0
8652,0.0
8653,0.0
8654,0.0
8655,0.0
8656,0.0
8657,0.0
8658,0.0
8659,0.0
8660,0.0
8661,0.0
8662,0.0
8663,0.0
8664,0.0
8665,0.0
8666,0.0
8667,0.0
8668,0.0
8669,0.0
8670,0.0
8671,0.0
8672,0.0
8673,0.0
8674,0.0
8675,0.0
8676,0.0
8677,0.0
8678,0.0
8679,0.0
8680,0.0
8681,0.0
8682,0.0
8683,0.0
8684,0.0
8685,0.0
8686,0.0
8687,0.0
8688,0.0
8689,0.0
8690,0.0
8691,0.0
8692,0.0
8693,0.0
8694,0.0
8695,0.0
8696,0.0
8697,0.0
8698,0.0
8699,0.0
8700,0.0
8701,0.0
8702,0.0
8703,0.0
8704,0.0
8705,0.0
8706,0.0
8707,0.0
8708,0.0
8709,0.0
8710,0.0
8711,0.0
8712,0.0
8713,0.0
8714,0.0
8715,0.0
8716,0.0
8717,0.0
8718,0.0
8719,0.0
8720,0.0
8721,0.0
8722,0.0
8723,0.0
8724,0.0
8725,0.0
8726,0.0
8727,0.0
8728,0.0
8729,0.0
8730,0.0
8731,0.0
8732,0.0
8733,0.0
8734,0.0
8735,0.0
8736,0.0
8737,0.0
8738,0.0
8739,0.0
8740,0.0
8741,0.0
8742,0.0
8743,0.0
8744,0.0
8745,0.0
8746,0.0
8747,0.0
8748,0.0
8749,0.0
8750,0.0
8751,0.0
8752,0.0
8753,0.0
8754,0.0
8755,0.0
8756,0.0
8757,0.0
8758,0.0
8759,0.0
8760,0.0
8761,0.0
8762,0.0
8763,0.0
8764,0.0
8765,0.0
8766,0.0
8767,0.0
8768,0.0
8769,0.0
8770,0.0
8771,0.0
8772,0.0
8773,0.0
8774,0.0
8775,0.0
8776,0.0
8777,0.0
8778,0.0
8779,0.0
8780,0.0
8781,0.0
8782,0.0
8783,0.0
8784,0.0
8785,0.0
8786,0.0
8787,0.0
8788,0.0
8789,0.0
8790,0.0
8791,0.0
8792,0.0
8793,0.0
8794,0.0
8795,0.0
8796,0.0
8797,0.0
8798,0.0
8799,0.0
8800,0.0
8801,0.0
8802,0.0
8803,0.0
8804,0.0
8805,0.0
8806,0.0
8807,0.0
8808,0.0
8809,0.0
8810,0.0
8811,0.0
8812,0.0
8813,0.0
8814,0.0
8815,0.0
8816,0.0
8817,0.0
8818,0.0
8819,0.0
8820,0.0
8821,0.0
8822,0.0
8823,0.0
8824,0.0
8825,0.0
8826,0.0
8827,0.0
8828,0.0
8829,0.0
8830,0.0
8831,0.0
8832,0.0
8833,0.0
8834,0.0
8835,0.0
8836,0.0
8837,0.0
8838,0.0
8839,0.0
8840,0.0
8841,0.0
8842,0.0
8843,0.0
8844,0.0
8845,0.0
8846,0.0
8847,0.0
8848,0.0
8849,0.0
8850,0.0
8851,0.0
8852,0.0
8853,0.0
8854,0.0
8855,0.0
8856,0.0
8857,0.0
8858,0.0
8859,0.0
8860,0.0
8861,0.0
8862,0.0
8863,0.0
8864,0.0
8865,0.0
8866,0.0
8867,0.0
8868,0.0
8869,0.0
8870,0.0
8871,0.0
8872,0.0
8873,0.0
8874,0.0
8875,0.0
8876,0.0
8877,0.0
8878,0.0
8879,0.0
8880,0.0
8881,0.0
8882,0.0
8883,0.0
8884,0.0
8885,0.0
8886,0.0
8887,0.0
8888,0.0
8889,0.0
8890,0.0
8891,0.0
8892,0.0
8893,0.0
8894,0.0
8895,0.0
8896,0.0
8897,0.0
8898,0.0
8899,0.0
8900,0.0
8901,0.0
8902,0.0
8903,0.0
8904,0.0
8905,0.0
8906,0.0
8907,0.0
8908,0.0
8909,0.0
8910,0.0
8911,0.0
8912,0.0
8913,0.0
8914,0.0
8915,0.0
8916,0.0
8917,0.0
8918,0.0
8919,0.0
8920,0.0
8921,0.0
8922,0.0
8923,0.0
8924,0.0
8925,0.0
8926,0.0
8927,0.0
8928,0.0
8929,0.0
8930,0.0
8931,0.0
8932,0.0
8933,0.0
8934,0.0
8935,0.0
8936,0.0
8937,0.0
8938,0.0
8939,0.0
8940,0.0
8941,0.0
8942,0.0
8943,0.0
8944,0.0
8945,0.0
8946,0.0
8947,0.0
8948,0.0
8949,0.0
8950,0.0
8951,0.0
8952,0.0
8953,0.0
8954,0.0
8955,0.0
8956,0.0
8957,0.0
8958,0.0
8959,0.0
8960,0.0
8961,0.0
8962,0.0
8963,0.0
8964,0.0
8965,0.0
8966,0.0
8967,0.0
8968,0.0
8969,0.0
8970,0.0
8971,0.0
8972,0.0
8973,0.0
8974,0.0
8975,0.0
8976,0.0
8977,0.0
8978,0.0
8979,0.0
8980,0.0
8981,0.0
8982,0.0
8983,0.0
8984,0.0
8985,0.0
8986,0.0
8987,0.0
8988,0.0
8989,0.0
8990,0.0
8991,0.0
8992,0.0
8993,0.0
8994,0.0
8995,0.0
8996,0.0
8997,0.0
8998,0.0
8999,0.0
9000,0.0
9001,0.0
9002,0.0
9003,0.0
9004,0.0
9005,0.0
9006,0.0
9007,0.0
9008,0.0
9009,0.0
9010,0.0
9011,0.0
9012,0.0
9013,0.0
9014,0.0
9015,0.0
9016,0.0
9017,0.0
9018,0.0
9019,0.0
9020,0.0
9021,0.0
9022,0.0
9023,0.0
9024,0.0
9025,0.0
9026,0.0
9027,0.0
9028,0.0
9029,0.0
9030,0.0
9031,0.0
9032,0.0
9033,0.0
9034,0.0
9035,0.0
9036,0.0
9037,0.0
9038,0.0
9039,0.0
9040,0.0
9041,0.0
9042,0.0
9043,0.0
9044,0.0
9045,0.0
9046,0.0
9047,0.0
9048,0.0
9049,0.0
9050,0.0
9051,0.0
9052,0.0
9053,0.0
9054,0.0
9055,0.0
9056,0.0
9057,0.0
9058,0.0
9059,0.0
9060,0.0
9061,0.0
9062,0.0
9063,0.0
9064,0.0
9065,0.0
9066,0.0
9067,0.0
9068,0.0
9069,0.0
9070,0.0
9071,0.0
9072,0.0
9073,0.0
9074,0.0
9075,0.0
9076,0.0
9077,0.0
9078,0.0
9079,0.0
9080,0.0
9081,0.0
9082,0.0
9083,0.0
9084,0.0
9085,0.0
9086,0.0
9087,0.0
9088,0.0
9089,0.0
9090,0.0
9091,0.0
9092,0.0
9093,0.0
9094,0.0
9095,0.0
9096,0.0
9097,0.0
9098,0.0
9099,0.0
9100,0.0
9101,0.0
9102,0.0
9103,0.0
9104,0.0
9105,0.0
9106,0.0
9107,0.0
9108,0.0
9109,0.0
9110,0.0
9111,0.0
9112,0.0
9113,0.0
9114,0.0
9115,0.0
9116,0.0
9117,0.0
9118,0.0
9119,0.0
9120,0.0
9121,0.0
9122,0.0
9123,0.0
9124,0.0
9125,0.0
9126,0.0
9127,0.0
9128,0.0
9129,0.0
9130,0.0
9131,0.0
9132,0.0
9133,0.0
9134,0.0
9135,0.0
9136,0.0
9137,0.0
9138,0.0
9139,0.0
9140,0.0
9141,0.0
9142,0.0
9143,0.0
9144,0.0
9145,0.0
9146,0.0
9147,0.0
9148,0.0
9149,0.0
9150,0.0
9151,0.0
9152,0.0
9153,0.0
9154,0.0
9155,0.0
9156,0.0
9157,0.0
9158,0.0
9159,0.0
9160,0.0
9161,0.0
9162,0.0
9163,0.0
9164,0.0
9165,0.0
9166,0.0
9167,0.0
9168,0.0
9169,0.0
9170,0.0
9171,0.0
9172,0.0
9173,0.0
9174,0.0
9175,0.0
9176,0.0
9177,0.0
9178,0.0
9179,0.0
9180,0.0
9181,0.0
9182,0.0
9183,0.0
9184,0.0
9185,0.0
9186,0.0
9187,0.0
9188,0.0
9189,0.0
9190,0.0
9191,0.0
9192,0.0
9193,0.0
9194,0.0
9195,0.0
9196,0.0
9197,0.0
9198,0.0
9199,0.0
9200,0.0
9201,0.0
9202,0.0
9203,0.0
9204,0.0
9205,0.0
9206,0.0
9207,0.0
9208,0.0
9209,0.0
9210,0.0
9211,0.0
9212,0.0
9213,0.0
9214,0.0
9215,0.0
9216,0.0
9217,0.0
9218,0.0
9219,0.0
9220,0.0
9221,0.0
9222,0.0
9223,0.0
9224,0.0
9225,0.0
9226,0.0
9227,0.0
9228,0.0
9229,0.0
9230,0.0
9231,0.0
9232,0.0
9233,0.0
9234,0.0
9235,0.0
9236,0.0
9237,0.0
9238,0.0
9239,0.0
9240,0.0
9241,0.0
9242,0.0
9243,0.0
9244,0.0
9245,0.0
9246,0.0
9247,0.0
9248,0.0
9249,0.0
9250,0.0
9251,0.0
9252,0.0
9253,0.0
9254,0.0
9255,0.0
9256,0.0
9257,0.0
9258,0.0
9259,0.0
9260,0.0
9261,0.0
9262,0.0
9263,0.0
9264,0.0
9265,0.0
9266,0.0
9267,0.0
9268,0.0
9269,0.0
9270,0.0
9271,0.0
9272,0.0
9273,0.0
9274,0.0
9275,0.0
9276,0.0
9277,0.0
9278,0.0
9279,0.0
9280,0.0
9281,0.0
9282,0.0
9283,0.0
9284,0.0
9285,0.0
9286,0.0
9287,0.0
9288,0.0
9289,0.0
9290,0.0
9291,0.0
9292,0.0
9293,0.0
9294,0.0
9295,0.0
9296,0.0
9297,0.0
9298,0.0
9299,0.0
9300,0.0
9301,0.0
9302,0.0
9303,0.0
9304,0.0
9305,0.0
9306,0.0
9307,0.0
9308,0.0
9309,0.0
9310,0.0
9311,0.0
9312,0.0
9313,0.0
9314,0.0
9315,0.0
9316,0.0
9317,0.0
9318,0.0
9319,0.0
9320,0.0
9321,0.0
9322,0.0
9323,0.0
9324,0.0
9325,0.0
9326,0.0
9327,0.0
9328,0.0
9329,0.0
9330,0.0
9331,0.0
9332,0.0
9333,0.0
9334,0.0
9335,0.0
9336,0.0
9337,0.0
9338,0.0
9339,0.0
9340,0.0
9341,0.0
9342,0.0
9343,0.0
9344,0.0
9345,0.0
9346,0.0
9347,0.0
9348,0.0
9349,0.0
9350,0.0
9351,0.0
9352,0.0
9353,0.0
9354,0.0
9355,0.0
9356,0.0
9357,0.0
9358,0.0
9359,0.0
9360,0.0
9361,0.0
9362,0.0
9363,0.0
9364,0.0
9365,0.0
9366,0.0
9367,0.0
9368,0.0
9369,0.0
9370,0.0
9371,0.0
9372,0.0
9373,0.0
9374,0.0
9375,0.0
9376,0.0
9377,0.0
9378,0.0
9379,0.0
9380,0.0
9381,0.0
9382,0.0
9383,0.0
9384,0.0
9385,0.0
9386,0.0
9387,0.0
9388,0.0
9389,0.0
9390,0.0
9391,0.0
9392,0.0
9393,0.0
9394,0.0
9395,0.0
9396,0.0
9397,0.0
9398,0.0
9399,0.0
9400,0.0
9401,0.0
9402,0.0
9403,0.0
9404,0.0
9405,0.0
9406,0.0
9407,0.0
9408,0.0
9409,0.0
9410,0.0
9411,0.0
9412,0.0
9413,0.0
9414,0.0
9415,0.0
9416,0.0
9417,0.0
9418,0.0
9419,0.0
9420,0.0
9421,0.0
9422,0.0
9423,0.0
9424,0.0
9425,0.0
9426,0.0
9427,0.0
9428,0.0
9429,0.0
9430,0.0
9431,0.0
9432,0.0
9433,0.0
9434,0.0
9435,0.0
9436,0.0
9437,0.0
9438,0.0
9439,0.0
9440,0.0
9441,0.0
9442,0.0
9443,0.0
9444,0.0
9445,0.0
9446,0.0
9447,0.0
9448,0.0
9449,0.0
9450,0.0
9451,0.0
9452,0.0
9453,0.0
9454,0.0
9455,0.0
9456,0.0
9457,0.0
9458,0.0
9459,0.0
9460,0.0
9461,0.0
9462,0.0
9463,0.0
9464,0.0
9465,0.0
9466,0.0
9467,0.0
9468,0.0
9469,0.0
9470,0.0
9471,0.0
9472,0.0
9473,0.0
9474,0.0
9475,0.0
9476,0.0
9477,0.0
9478,0.0
9479,0.0
9480,0.0
9481,0.0
9482,0.0
9483,0.0
9484,0.0
9485,0.0
9486,0.0
9487,0.0
9488,0.0
9489,0.0
9490,0.0
9491,0.0
9492,0.0
9493,0.0
9494,0.0
9495,0.0
9496,0.0
9497,0.0
9498,0.0
9499,0.0
9500,0.0
9501,0.0
9502,0.0
9503,0.0
9504,0.0
9505,0.0
9506,0.0
9507,0.0
9508,0.0
9509,0.0
9510,0.0
9511,0.0
9512,0.0
9513,0.0
9514,0.0
9515,0.0
9516,0.0
9517,0.0
9518,0.0
9519,0.0
9520,0.0
9521,0.0
9522,0.0
9523,0.0
9524,0.0
9525,0.0
9526,0.0
9527,0.0
9528,0.0
9529,0.0
9530,0.0
9531,0.0
9532,0.0
9533,0.0
9534,0.0
9535,0.0
9536,0.0
9537,0.0
9538,0.0
9539,0.0
9540,0.0
9541,0.0
9542,0.0
9543,0.0
9544,0.0
9545,0.0
9546,0.0
9547,0.0
9548,0.0
9549,0.0
9550,0.0
9551,0.0
9552,0.0
9553,0.0
9554,0.0
9555,0.0
9556,0.0
9557,0.0
9558,0.0
9559,0.0
9560,0.0
9561,0.0
9562,0.0
9563,0.0
9564,0.0
9565,0.0
9566,0.0
9567,0.0
9568,0.0
9569,0.0
9570,0.0
9571,0.0
9572,0.0
9573,0.0
9574,0.0
9575,0.0
9576,0.0
9577,0.0
9578,0.0
9579,0.0
9580,0.0
9581,0.0
9582,0.0
9583,0.0
9584,0.0
9585,0.0
9586,0.0
9587,0.0
9588,0.0
9589,0.0
9590,0.0
9591,0.0
9592,0.0
9593,0.0
9594,0.0
9595,0.0
9596,0.0
9597,0.0
9598,0.0
9599,0.0
9600,0.0
9601,0.0
9602,0.0
9603,0.0
9604,0.0
9605,0.0
9606,0.0
9607,0.0
9608,0.0
9609,0.0
9610,0.0
9611,0.0
9612,0.0
9613,0.0
9614,0.0
9615,0.0
9616,0.0
9617,0.0
9618,0.0
9619,0.0
9620,0.0
9621,0.0
9622,0.0
9623,0.0
9624,0.0
9625,0.0
9626,0.0
9627,0.0
9628,0.0
9629,0.0
9630,0.0
9631,0.0
9632,0.0
9633,0.0
9634,0.0
9635,0.0
9636,0.0
9637,0.0
9638,0.0
9639,0.0
9640,0.0
9641,0.0
9642,0.0
9643,0.0
9644,0.0
9645,0.0
9646,0.0
9647,0.0
9648,0.0
9649,0.0
9650,0.0
9651,0.0
9652,0.0
9653,0.0
9654,0.0
9655,0.0
9656,0.0
9657,0.0
9658,0.0
9659,0.0
9660,0.0
9661,0.0
9662,0.0
9663,0.0
9664,0.0
9665,0.0
9666,0.0
9667,0.0
9668,0.0
9669,0.0
9670,0.0
9671,0.0
9672,0.0
9673,0.0
9674,0.0
9675,0.0
9676,0.0
9677,0.0
9678,0.0
9679,0.0
9680,0.0
9681,0.0
9682,0.0
9683,0.0
9684,0.0
9685,0.0
9686,0.0
9687,0.0
9688,0.0
9689,0.0
9690,0.0
9691,0.0
9692,0.0
9693,0.0
9694,0.0
9695,0.0
9696,0.0
9697,0.0
9698,0.0
9699,0.0
9700,0.0
9701,0.0
9702,0.0
9703,0.0
9704,0.0
9705,0.0
9706,0.0
9707,0.0
9708,0.0
9709,0.0
9710,0.0
9711,0.0
9712,0.0
9713,0.0
9714,0.0
9715,0.0
9716,0.0
9717,0.0
9718,0.0
9719,0.0
9720,0.0
9721,0.0
9722,0.0
9723,0.0
9724,0.0
9725,0.0
9726,0.0
9727,0.0
9728,0.0
9729,0.0
9730,0.0
9731,0.0
9732,0.0
9733,0.0
9734,0.0
9735,0.0
9736,0.0
9737,0.0
9738,0.0
9739,0.0
9740,0.0
9741,0.0
9742,0.0
9743,0.0
9744,0.0
9745,0.0
9746,0.0
9747,0.0
9748,0.0
9749,0.0
9750,0.0
9751,0.0
9752,0.0
9753,0.0
9754,0.0
9755,0.0
9756,0.0
9757,0.0
9758,0.0
9759,0.0
9760,0.0
9761,0.0
9762,0.0
9763,0.0
9764,0.0
9765,0.0
9766,0.0
9767,0.0
9768,0.0
9769,0.0
9770,0.0
9771,0.0
9772,0.0
9773,0.0
9774,0.0
9775,0.0
9776,0.0
9777,0.0
9778,0.0
9779,0.0
9780,0.0
9781,0.0
9782,0.0
9783,0.0
9784,0.0
9785,0.0
9786,0.0
9787,0.0
9788,0.0
9789,0.0
9790,0.0
9791,0.0
9792,0.0
9793,0.0
9794,0.0
9795,0.0
9796,0.0
9797,0.0
9798,0.0
9799,0.0
9800,0.0
9801,0.0
9802,0.0
9803,0.0
9804,0.0
9805,0.0
9806,0.0
9807,0.0
9808,0.0
9809,0.0
9810,0.0
9811,0.0
9812,0.0
9813,0.0
9814,0.0
9815,0.0
9816,0.0
9817,0.0
9818,0.0
9819,0.0
9820,0.0
9821,0.0
9822,0.0
9823,0.0
9824,0.0
9825,0.0
9826,0.0
9827,0.0
9828,0.0
9829,0.0
9830,0.0
9831,0.0
9832,0.0
9833,0.0
9834,0.0
9835,0.0
9836,0.0
9837,0.0
9838,0.0
9839,0.0
9840,0.0
9841,0.0
9842,0.0
9843,0.0
9844,0.0
9845,0.0
9846,0.0
9847,0.0
9848,0.0
9849,0.0
9850,0.0
9851,0.0
9852,0.0
9853,0.0
9854,0.0
9855,0.0
9856,0.0
9857,0.0
9858,0.0
9859,0.0
9860,0.0
9861,0.0
9862,0.0
9863,0.0
9864,0.0
9865,0.0
9866,0.0
9867,0.0
9868,0.0
9869,0.0
9870,0.0
9871,0.0
9872,0.0
9873,0.0
9874,0.0
9875,0.0
9876,0.0
9877,0.0
9878,0.0
9879,0.0
9880,0.0
9881,0.0
9882,0.0
9883,0.0
9884,0.0
9885,0.0
9886,0.0
9887,0.0
9888,0.0
9889,0.0
9890,0.0
9891,0.0
9892,0.0
9893,0.0
9894,0.0
9895,0.0
9896,0.0
9897,0.0
9898,0.0
9899,0.0
9900,0.0
9901,0.0
9902,0.0
9903,0.0
9904,0.0
9905,0.0
9906,0.0
9907,0.0
9908,5591.740717309501
9909,7453.788174116583
9910,6644.146360059338
9911,9883.077066554933
9912,10581.895355123092
9913,3402.995823363895
9914,11291.217553123655
9915,11333.5665458213
9916,15432.937047355266
9917,14955.51702203692
9918,22665.761124627334
9919,23133.635495099363
9920,25687.26008460822
9921,26277.626047732578
9922,35.22591507948782
9923,4448.772368261543
9924,4423.322047476249
9925,4442.580336146325
9926,4298.656457089317
9927,4283.428513381575
9928,4495.024544037779
9929,4487.463009693867
9930,4446.030196287749
9931,4420.579875502455
9932,4439.838164172531
9933,4295.914285115523
9934,4283.955927828517
9935,4495.551958484722
9936,4490.29614723108
9937,4451.605505798756
9938,4426.155185013462
9939,4445.413473683538
9940,5943.699879923919
9941,5928.471936216177
9942,6134.0518734986545
9943,6126.490339154741
9944,6090.688456440732
9945,6065.238135655436
9946,7989.0231706633995
9947,7823.491903184163
9948,7782.548693493752
9949,8015.752112572187
9950,7996.772718937194
9951,7958.082077504871
9952,8030.0323274031625
9953,8049.290616073238
9954,8022.793198137515
9955,8007.565254429773
9956,9629.110304617847
9957,9621.548770273936
9958,9753.094051911363
9959,10223.805376437102
9960,12894.737249180838
9961,12808.851414792543
9962,12684.258489818581
9963,12913.774929947382
9964,12818.078235651466
9965,12770.998073581797
9966,12661.347865837068
9967,13671.903790626768
9968,13493.85557030889
9969,13516.404737614064
9970,13749.608156692497
9971,13737.783328711901
9972,13699.09268727957
9973,13592.53099636746
9974,13693.22770257464
9975,13612.603095079503
9976,15243.415976613149
9977,15476.619395691581
9978,15469.057861347666
9979,16888.737707311608
9980,16782.176016399495
9981,16763.000253801914
9982,19705.950415127183
9983,19612.861438512613
9984,19848.756203091176
9985,19841.194668747266
9986,19724.706001614846
9987,22230.97692356769
9988,22235.799811872035
9989,22158.45942160701
9990,23761.384985666555
9991,23872.50690308398
9992,23847.04806418801
9993,23819.426918007175
9994,23706.606965426432
9995,23742.476224174774
9996,23648.28021834412
9997,23633.052274636382
9998,24756.07712494483
9999,26723.479085809537
10000,26944.959501363555
10001,27093.359784615448
10002,28481.148405510805
10003,31164.201269570174
10004,31374.337598753653
10005,31664.212582120792
10006,31969.081394188368
10007,32340.96106482101
10008,32332.100561104024
10009,32360.06706993547
10010,32269.973109404986
10011,32264.607207029872
10012,32615.87068916357
10013,32630.026970065708
10014,32972.35565792744
10015,33100.31116748105
10016,33264.62133954981
10017,33480.6627478387
10018,33465.434804130964
10019,33780.13989797803
10020,34870.83126987457
10021,34829.95895808108
10022,34648.735675649776
10023,34666.50216325884
10024,34670.16397036221
10025,34670.57803140569
10026,35225.18312334635
10027,35217.426445231395
10028,35199.37612034557
10029,35023.70774480409
10030,35043.67943909952
10031,35024.78674225765
10032,35007.999269483946
10033,35270.6492289427
10034,36230.90037082706
10035,36169.13696872929
10036,37000.199941950654
10037,38297.944196831195
10038,38365.272505849425
10039,38350.9247314423
10040,38715.12862722981
10041,38753.62682796902
10042,38691.197021210035
10043,38588.552417574
10044,38608.524111869425
10045,38553.106302651606
10046,38590.83944789098
10047,39439.94785880346
10048,39431.19811937002
10049,39369.43471727224
10050,39368.98476870298
10051,0.0
10052,0.0
10053,0.0
10054,0.0
10055,0.0
10056,0.0
10057,0.0
10058,0.0
10059,0.0
10060,0.0
10061,0.0
10062,0.0
10063,0.0
10064,0.0
10065,0.0
10066,0.0
10067,0.0
10068,0.0
10069,0.0
10070,0.0
10071,0.0
10072,0.0
10073,0.0
10074,0.0
10075,0.0
10076,0.0
10077,0.0
10078,0.0
10079,0.0
10080,0.0
10081,0.0
10082,0.0
10083,0.0
10084,0.0
10085,0.0
10086,0.0
10087,0.0
10088,0.0
10089,0.0
10090,0.0
10091,0.0
10092,0.0
10093,0.0
10094,0.0
10095,0.0
10096,0.0
10097,0.0
10098,0.0
10099,0.0
10100,0.0
10101,0.0
10102,0.0
10103,0.0
10104,0.0
10105,0.0
10106,0.0
10107,0.0
10108,0.0
10109,0.0
10110,0.0
10111,0.0
10112,0.0
10113,0.0
10114,0.0
10115,0.0
10116,0.0
10117,0.0
10118,0.0
10119,0.0
10120,0.0
10121,0.0
10122,0.0
10123,0.0
10124,0.0
10125,0.0
10126,0.0
10127,0.0
10128,0.0
10129,0.0
10130,0.0
10131,0.0
10132,0.0
10133,0.0
10134,0.0
10135,0.0
10136,0.0
10137,0.0
10138,0.0
10139,0.0
10140,0.0
10141,0.0
10142,0.0
10143,0.0
10144,0.0
10145,0.0
10146,0.0
10147,0.0
10148,0.0
10149,0.0
10150,0.0
10151,0.0
10152,0.0
10153,0.0
10154,0.0
10155,0.0
10156,0.0
10157,0.0
10158,0.0
10159,0.0
10160,0.0
10161,0.0
10162,0.0
10163,0.0
10164,0.0
10165,0.0
10166,0.0
10167,0.0
10168,0.0
10169,0.0
10170,0.0
10171,0.0
10172,0.0
10173,0.0
10174,0.0
10175,0.0
10176,0.0
10177,0.0
10178,0.0
10179,0.0
10180,0.0
10181,0.0
10182,0.0
10183,0.0
10184,0.0
10185,0.0
10186,0.0
10187,0.0
10188,0.0
10189,0.0
10190,0.0
10191,0.0
10192,0.0
10193,0.0
10194,0.0
10195,0.0
10196,0.0
10197,0.0
10198,0.0
10199,0.0
10200,0.0
10201,0.0
10202,0.0
10203,0.0
10204,0.0
10205,0.0
10206,0.0
10207,0.0
10208,0.0
10209,0.0
10210,0.0
10211,0.0
10212,1772.2020065979648
10213,0.0
10214,1840.4246550348237
10215,1115.2592292156123
10216,5664.920304108864
10217,5323.803083549786
10218,14856.46236869633
10219,15867.973674243938
10220,18753.25972958785
10221,19401.740318335636
10222,18806.532788767985
10223,21376.940601686238
10224,24356.671763627928
10225,24130.269405517745
10226,30476.07267610446
10227,31954.64848991771
10228,0.0
10229,4365.621369919437
10230,4324.188556513317
10231,4298.738235728023
10232,4317.996524398099
10233,4175.659653883771
10234,4163.701296596766
10235,4373.710318710292
10236,4368.4545074566495
10237,4329.763866024324
10238,4304.31354523903
10239,4323.571833909105
10240,5823.445248692174
10241,5808.217304984431
10242,6012.210233724227
10243,6004.648699380314
10244,5968.846816666304
10245,5943.396495881008
10246,7861.3973651828055
10247,7697.453106246251
10248,7656.50989655584
10249,7888.126307091593
10250,7869.1469134566005
10251,7830.4562720242775
10252,7902.406521922569
10253,7921.664810592644
10254,7896.754401199603
10255,7881.526457491861
10256,9501.484499137241
10257,9493.92296479333
10258,9625.46824643076
10259,10096.1795709565
10260,12767.111443700232
10261,12682.812617854619
10262,12558.219692880657
10263,12786.149124466776
10264,12690.452430170864
10265,12643.372268101191
10266,12533.722060356462
10267,13544.277985146166
10268,13354.244690962934
10269,13376.793858268109
10270,13608.41026880386
10271,13596.58544082326
10272,13557.894799390933
10273,13451.333108478824
10274,13552.029814686004
10275,13472.992215733548
10276,15103.80509726719
10277,15335.421507802941
10278,15327.85997345903
10279,16747.539819422956
10280,16640.97812851084
10281,16610.638496486008
10282,19555.175666354004
10283,19462.086689739433
10284,19696.394445775313
10285,19688.832911431404
10286,19572.344244298984
10287,22032.618529083284
10288,22056.71700605157
10289,21952.821399355966
10290,23555.74696341551
10291,23663.103960153305
10292,23637.645121257334
10293,23610.0239750765
10294,23497.204022495756
10295,23561.215506217362
10296,23440.464283956127
10297,23425.23634024839
10298,24546.674182014154
10299,26523.60311154873
10300,26745.08352710275
10301,26893.483810354643
10302,28263.111610332424
10303,30628.251605661597
10304,30838.387934845076
10305,31129.273603178437
10306,31434.142415246013
10307,31882.773995021453
10308,31873.913491304465
10309,31930.022225109176
10310,31813.37304814811
10311,31808.007145772997
10312,32157.683619364012
10313,32171.83990026615
10314,32520.026576001008
10315,32647.982085554646
10316,32867.79108455674
10317,33057.27727641506
10318,33042.04933270731
10319,33355.16741801173
10320,34531.41639163173
10321,34490.54407983823
10322,34309.32079740694
10323,34355.229509989265
10324,34332.33610066208
10325,34333.76471616932
10326,34886.78279956728
10327,34879.02612145232
10328,34860.9757965665
10329,34685.30742102501
10330,34733.4213402937
10331,34687.97342702126
10332,34671.18595424755
10333,34932.24890516362
10334,35892.50004704794
10335,35830.73664495018
10336,36661.799618171586
10337,37987.68609802538
10338,38029.36505566184
10339,38015.01728125471
10340,38377.63416849954
10341,38416.13236923875
10342,38353.70256247977
10343,38245.66043492758
10344,38293.77435419626
10345,38211.80132854787
10346,38242.58193484182
10347,39090.10333721161
10348,39081.35359777816
10349,39019.59019568039
10350,39019.14024711113
10351,0.0
10352,0.0
10353,364.5138380861766
10354,0.0
10355,0.0
10356,0.0
10357,0.0
10358,0.0
10359,0.0
10360,5148.41651699612
10361,0.0
10362,0.0
10363,5253.527081412623
10364,0.0
10365,2676.6476033551307
10366,5603.812303868735
10367,5274.321508028076
10368,8711.322163760282
10369,8984.443854818583
10370,16459.308014115693
10371,14724.694847708817
10372,18246.916488554078
10373,18129.526519932067
10374,18723.67806055272
10375,18429.53716362005
10376,19348.40612522809
10377,18181.86312277384
10378,16468.17200123216
10379,17135.74864578451
10380,4023.9009752761676
10381,4268.0575541450535
10382,4268.0575541450535
10383,4297.838152759151
10384,4297.838152759151
10385,4292.624563481176
10386,4288.979227530771
10387,4268.0575541450535
10388,4268.0575541450535
10389,4268.0575541450535
10390,4297.838152759151
10391,4297.838152759151
10392,4292.624563481176
10393,4288.979227530771
10394,4268.0575541450535
10395,4268.0575541450535
10396,4268.0575541450535
10397,4297.838152759151
10398,4297.838152759151
10399,4292.624563481176
10400,4288.979227530771
10401,4268.0575541450535
10402,4268.0575541450535
10403,4268.0575541450535
10404,4297.838152759151
10405,4297.838152759151
10406,4292.624563481176
10407,4288.979227530771
10408,4268.0575541450535
10409,4268.0575541450535
10410,4268.0575541450535
10411,4297.838152759151
10412,4297.838152759151
10413,4292.624563481176
10414,4288.979227530771
10415,4268.0575541450535
10416,4943.919895747738
10417,4943.919895747738
10418,4973.700494361836
10419,4973.700494361836
10420,4968.486905083861
10421,4996.965903952318
10422,4983.281273482001
10423,4983.281273482001
10424,4990.328223571483
10425,5106.339829255369
10426,5106.339829255369
10427,5102.708341107142
10428,5099.063005156737
10429,5078.141331771019
10430,5078.141331771019
10431,5078.141331771019
10432,5107.921930385117
10433,5107.921930385117
10434,5109.168424843658
10435,5307.389280101828
10436,5389.80342675635
10437,5389.80342675635
10438,5389.80342675635
10439,5443.462381673581
10440,5483.423741440933
10441,5478.2101521629575
10442,5474.564816212553
10443,5453.643142826835
10444,5453.643142826835
10445,5453.643142826835
10446,5483.423741440933
10447,5501.849528227193
10448,5656.249587155283
10449,5652.604251204878
10450,5631.6825778191605
10451,5631.6825778191605
10452,5676.166992560695
10453,5746.175596395369
10454,5746.175596395369
10455,5740.962007117394
10456,6605.310089923242
10457,6584.388416537525
10458,6598.298878529249
10459,6617.091183413142
10460,6877.569403912274
10461,6877.569403912274
10462,6878.161930814638
10463,6874.516594864233
10464,6877.323886636699
10465,6877.323886636699
10466,6877.323886636699
10467,6907.104485250797
10468,6954.644915629434
10469,7055.801293845735
10470,8228.286773613812
10471,8207.365100228095
10472,8314.05876977722
10473,8649.94447832966
10474,9022.216322379327
10475,9104.68369807303
10476,9099.470108795054
10477,9095.82477284465
10478,9074.90309945893
10479,9074.90309945893
10480,9074.90309945893
10481,9720.063451975775
10482,9838.066880548384
10483,10309.91403425711
10484,10318.699455818776
10485,10297.777782433057
10486,10312.544318698647
10487,10312.544318698647
10488,10342.324917312746
10489,10710.345799264904
10490,10705.132209986929
10491,11493.01196266576
10492,11581.549078229913
10493,11581.549078229913
10494,12377.355838713354
10495,12407.136437327454
10496,12407.136437327454
10497,14307.37494727692
10498,14325.666016833044
10499,14700.993196041523
10500,14716.226872913874
10501,0.0
10502,0.0
10503,0.0
10504,0.0
10505,0.0
10506,0.0
10507,0.0
10508,0.0
10509,0.0
10510,0.0
10511,0.0
10512,0.0
10513,0.0
10514,0.0
10515,0.0
10516,0.0
10517,0.0
10518,0.0
10519,0.0
10520,0.0
10521,0.0
10522,0.0
10523,0.0
10524,0.0
10525,0.0
10526,0.0
10527,0.0
10528,0.0
10529,0.0
10530,0.0
10531,0.0
10532,0.0
10533,0.0
10534,0.0
10535,0.0
10536,0.0
10537,0.0
10538,0.0
10539,0.0
10540,0.0
10541,0.0
10542,0.0
10543,0.0
10544,0.0
10545,0.0
10546,0.0
10547,0.0
10548,0.0
10549,0.0
10550,0.0
10551,0.0
10552,0.0
10553,0.0
10554,0.0
10555,0.0
10556,0.0
10557,0.0
10558,0.0
10559,0.0
10560,0.0
10561,0.0
10562,0.0
10563,0.0
10564,0.0
10565,0.0
10566,0.0
10567,0.0
10568,0.0
10569,0.0
10570,0.0
10571,0.0
10572,0.0
10573,0.0
10574,0.0
10575,0.0
10576,0.0
10577,0.0
10578,0.0
10579,0.0
10580,0.0
10581,0.0
10582,0.0
10583,0.0
10584,0.0
10585,0.0
10586,0.0
10587,0.0
10588,0.0
10589,0.0
10590,0.0
10591,0.0
10592,0.0
10593,0.0
10594,0.0
10595,0.0
10596,0.0
10597,0.0
10598,0.0
10599,0.0
10600,0.0
10601,0.0
10602,0.0
10603,0.0
10604,0.0
10605,0.0
10606,0.0
10607,0.0
10608,0.0
10609,0.0
10610,0.0
10611,0.0
10612,0.0
10613,0.0
10614,0.0
10615,0.0
10616,0.0
10617,0.0
10618,0.0
10619,0.0
10620,0.0
10621,0.0
10622,0.0
10623,0.0
10624,0.0
10625,0.0
10626,0.0
10627,0.0
10628,0.0
10629,0.0
10630,0.0
10631,0.0
10632,0.0
10633,0.0
10634,0.0
10635,0.0
10636,0.0
10637,0.0
10638,0.0
10639,0.0
10640,0.0
10641,0.0
10642,0.0
10643,0.0
10644,0.0
10645,0.0
10646,0.0
10647,0.0
10648,0.0
10649,0.0
10650,0.0
10651,0.0
10652,0.0
10653,0.0
10654,0.0
10655,0.0
10656,0.0
10657,0.0
10658,0.0
10659,0.0
10660,0.0
10661,0.0
10662,0.0
10663,0.0
10664,0.0
10665,0.0
10666,0.0
10667,0.0
10668,0.0
10669,0.0
10670,0.0
10671,0.0
10672,0.0
10673,0.0
10674,0.0
10675,0.0
10676,0.0
10677,0.0
10678,0.0
10679,0.0
10680,0.0
10681,0.0
10682,0.0
10683,0.0
10684,0.0
10685,0.0
10686,0.0
10687,0.0
10688,0.0
10689,0.0
10690,0.0
10691,0.0
10692,0.0
10693,0.0
10694,0.0
10695,0.0
10696,0.0
10697,0.0
10698,0.0
10699,0.0
10700,0.0
10701,0.0
10702,0.0
10703,0.0
10704,0.0
10705,0.0
10706,0.0
10707,0.0
10708,0.0
10709,0.0
10710,0.0
10711,0.0
10712,0.0
10713,0.0
10714,0.0
10715,0.0
10716,0.0
10717,0.0
10718,0.0
10719,0.0
10720,0.0
10721,0.0
10722,0.0
10723,0.0
10724,0.0
10725,0.0
10726,0.0
10727,0.0
10728,0.0
10729,0.0
10730,0.0
10731,0.0
10732,0.0
10733,0.0
10734,0.0
10735,0.0
10736,0.0
10737,0.0
10738,0.0
10739,0.0
10740,0.0
10741,0.0
10742,0.0
10743,0.0
10744,0.0
10745,0.0
10746,0.0
10747,0.0
10748,0.0
10749,0.0
10750,0.0
10751,0.0
10752,0.0
10753,0.0
10754,0.0
10755,0.0
10756,0.0
10757,0.0
10758,0.0
10759,0.0
10760,0.0
10761,0.0
10762,0.0
10763,0.0
10764,0.0
10765,0.0
10766,0.0
10767,0.0
10768,0.0
10769,0.0
10770,0.0
10771,0.0
10772,0.0
10773,0.0
10774,0.0
10775,0.0
10776,0.0
10777,0.0
10778,0.0
10779,0.0
10780,0.0
10781,0.0
10782,0.0
10783,0.0
10784,0.0
10785,0.0
10786,0.0
10787,0.0
10788,0.0
10789,0.0
10790,0.0
10791,0.0
10792,0.0
10793,0.0
10794,0.0
10795,0.0
10796,0.0
10797,0.0
10798,0.0
10799,0.0
10800,0.0
10801,0.0
10802,0.0
10803,0.0
10804,0.0
10805,0.0
10806,0.0
10807,0.0
10808,0.0
10809,0.0
10810,0.0
10811,0.0
10812,0.0
10813,0.0
10814,0.0
10815,0.0
10816,0.0
10817,0.0
10818,0.0
10819,0.0
10820,0.0
10821,0.0
10822,0.0
10823,0.0
10824,0.0
10825,0.0
10826,0.0
10827,0.0
10828,0.0
10829,0.0
10830,0.0
10831,0.0
10832,0.0
10833,0.0
10834,0.0
10835,0.0
10836,0.0
10837,0.0
10838,0.0
10839,0.0
10840,0.0
10841,0.0
10842,0.0
10843,0.0
10844,0.0
10845,0.0
10846,0.0
10847,0.0
10848,0.0
10849,0.0
10850,0.0
10851,0.0
10852,0.0
10853,0.0
10854,0.0
10855,0.0
10856,0.0
10857,0.0
10858,0.0
10859,0.0
10860,0.0
10861,0.0
10862,0.0
10863,0.0
10864,0.0
10865,0.0
10866,0.0
10867,0.0
10868,0.0
10869,0.0
10870,0.0
10871,0.0
10872,0.0
10873,0.0
10874,0.0
10875,0.0
10876,0.0
10877,0.0
10878,0.0
10879,0.0
10880,0.0
10881,0.0
10882,0.0
10883,0.0
10884,0.0
10885,0.0
10886,0.0
10887,0.0
10888,0.0
10889,0.0
10890,0.0
10891,0.0
10892,0.0
10893,0.0
10894,0.0
10895,0.0
10896,0.0
10897,0.0
10898,0.0
10899,0.0
10900,0.0
10901,0.0
10902,0.0
10903,0.0
10904,0.0
10905,0.0
10906,0.0
10907,0.0
10908,0.0
10909,0.0
10910,0.0
10911,0.0
10912,0.0
10913,0.0
10914,0.0
10915,0.0
10916,0.0
10917,0.0
10918,0.0
10919,0.0
10920,0.0
10921,0.0
10922,0.0
10923,0.0
10924,0.0
10925,0.0
10926,0.0
10927,0.0
10928,0.0
10929,0.0
10930,0.0
10931,0.0
10932,0.0
10933,0.0
10934,0.0
10935,0.0
10936,0.0
10937,0.0
10938,0.0
10939,0.0
10940,0.0
10941,0.0
10942,0.0
10943,0.0
10944,0.0
10945,0.0
10946,0.0
10947,0.0
10948,0.0
10949,0.0
10950,0.0
10951,0.0
10952,0.0
10953,0.0
10954,0.0
10955,0.0
10956,0.0
10957,0.0
10958,0.0
10959,239.91303595185454
10960,15245.129684726182
10961,10920.015632513505
10962,7558.872926932101
10963,6564.806140637152
10964,2740.424633950063
10965,14750.557663056612
10966,12980.446735110827
10967,13227.733348791407
10968,15539.843044473468
10969,15318.45878968028
10970,18183.003791573767
10971,19858.315075528237
10972,21047.537240719954
10973,21256.355962731584
10974,22567.854159144652
10975,19510.469409047397
10976,19693.330526025307
10977,19530.456080837022
10978,16446.696392781174
10979,15559.785621652558
10980,4256.992316272444
10981,4253.285259898319
10982,4253.285259898319
10983,4283.0658585124165
10984,4283.0658585124165
10985,4277.852269234441
10986,4274.2069332840365
10987,4253.285259898319
10988,4253.285259898319
10989,4253.285259898319
10990,4283.0658585124165
10991,4283.0658585124165
10992,4277.852269234441
10993,4274.2069332840365
10994,4253.285259898319
10995,4253.285259898319
10996,4253.285259898319
10997,4283.0658585124165
10998,4283.0658585124165
10999,4277.852269234441
11000,4274.2069332840365
11001,4253.285259898319
11002,4253.285259898319
11003,4253.285259898319
11004,4283.0658585124165
11005,4283.0658585124165
11006,4277.852269234441
11007,4274.2069332840365
11008,4253.285259898319
11009,4253.285259898319
11010,4253.285259898319
11011,4283.0658585124165
11012,4283.0658585124165
11013,4277.852269234441
11014,4274.2069332840365
11015,4253.285259898319
11016,4929.147601501004
11017,4929.147601501004
11018,4958.928200115101
11019,4958.928200115101
11020,4953.714610837126
11021,4982.193609705583
11022,4968.508979235266
11023,4968.508979235266
11024,4975.555929324749
11025,5091.567535008635
11026,5091.567535008635
11027,5087.936046860407
11028,5084.290710910002
11029,5063.369037524285
11030,5063.369037524285
11031,5063.369037524285
11032,5093.149636138382
11033,5093.149636138382
11034,5094.396130596923
11035,5292.616985855094
11036,5375.031132509615
11037,5375.031132509615
11038,5375.031132509615
11039,5428.690087426847
11040,5468.651447194198
11041,5463.437857916223
11042,5459.792521965818
11043,5438.870848580101
11044,5438.870848580101
11045,5438.870848580101
11046,5468.651447194198
11047,5487.077233980459
11048,5641.477292908548
11049,5637.831956958144
11050,5616.910283572426
11051,5616.910283572426
11052,5661.39469831396
11053,5731.403302148635
11054,5731.403302148635
11055,5726.18971287066
11056,6590.537795676508
11057,6569.61612229079
11058,6583.526584282515
11059,6602.318889166408
11060,6862.797109665539
11061,6862.797109665539
11062,6863.389636567904
11063,6859.744300617499
11064,6862.551592389965
11065,6862.551592389965
11066,6862.551592389965
11067,6892.332191004062
11068,6939.872621382699
11069,7041.028999599001
11070,8213.514479367077
11071,8192.592805981361
11072,8299.286475530485
11073,8635.172184082925
11074,9007.444028132591
11075,9089.911403826294
11076,9084.697814548319
11077,9081.052478597914
11078,9060.130805212195
11079,9060.130805212195
11080,9060.130805212195
11081,9705.29115772904
11082,9823.294586301648
11083,10295.141740010375
11084,10303.92716157204
11085,10283.005488186322
11086,10297.772024451911
11087,10297.772024451911
11088,10327.55262306601
11089,10695.573505018168
11090,10690.359915740193
11091,11478.239668419024
11092,11566.776783983178
11093,11566.776783983178
11094,12362.583544466619
11095,12392.364143080718
11096,12392.364143080718
11097,14292.602653030184
11098,14310.893722586308
11099,14686.220901794788
11100,14701.454578667139
11101,0.0
11102,0.0
11103,0.0
11104,3067.0517233455607
11105,0.0
11106,0.0
11107,0.0
11108,0.0
11109,0.0
11110,0.0
11111,0.0
11112,0.0
11113,0.0
11114,11080.767410879163
11115,4861.009116469153
11116,16240.991750222542
11117,19698.680928849928
11118,43564.82083489274
11119,46188.32508023355
11120,43161.602748266385
11121,48624.53359785352
11122,44126.9488908799
11123,29933.78910566678
11124,37064.15225604713
11125,35968.699053633085
11126,38224.03652367075
11127,31072.32437902298
11128,946.3242226100976
11129,24379.312153411855
11130,0.0
11131,4253.285259898319
11132,4253.285259898319
11133,4283.0658585124165
11134,4283.0658585124165
11135,4277.852269234441
11136,4274.2069332840365
11137,4253.285259898319
11138,4253.285259898319
11139,4253.285259898319
11140,4283.0658585124165
11141,4283.0658585124165
11142,4277.852269234441
11143,4274.2069332840365
11144,4253.285259898319
11145,4253.285259898319
11146,4253.285259898319
11147,4283.0658585124165
11148,4283.0658585124165
11149,4277.852269234441
11150,4274.2069332840365
11151,4253.285259898319
11152,4253.285259898319
11153,4253.285259898319
11154,4283.0658585124165
11155,4283.0658585124165
11156,4277.852269234441
11157,4274.2069332840365
11158,4253.285259898319
11159,4253.285259898319
11160,4253.285259898319
11161,4283.0658585124165
11162,4283.0658585124165
11163,4277.852269234441
11164,4274.2069332840365
11165,4253.285259898319
11166,4929.147601501004
11167,4929.147601501004
11168,4958.928200115101
11169,4958.928200115101
11170,4953.714610837126
11171,4982.193609705583
11172,4968.508979235266
11173,4968.508979235266
11174,4975.555929324749
11175,5091.567535008635
11176,5091.567535008635
11177,5087.936046860407
11178,5084.290710910002
11179,5063.369037524285
11180,5063.369037524285
11181,5063.369037524285
11182,5093.149636138382
11183,5093.149636138382
11184,5094.396130596923
11185,5292.616985855094
11186,5375.031132509615
11187,5375.031132509615
11188,5375.031132509615
11189,5428.690087426847
11190,5468.651447194198
11191,5463.437857916223
11192,5459.792521965818
11193,5438.870848580101
11194,5438.870848580101
11195,5438.870848580101
11196,5468.651447194198
11197,5487.077233980459
11198,5641.477292908548
11199,5637.831956958144
11200,5616.910283572426
11201,5616.910283572426
11202,5661.39469831396
11203,5731.403302148635
11204,5731.403302148635
11205,5726.18971287066
11206,6590.537795676508
11207,6569.61612229079
11208,6583.526584282515
11209,6602.318889166408
11210,6862.797109665539
11211,6862.797109665539
11212,6863.389636567904
11213,6859.744300617499
11214,6862.551592389965
11215,6862.551592389965
11216,6862.551592389965
11217,6892.332191004062
11218,6939.872621382699
11219,7041.028999599001
11220,8213.514479367077
11221,8192.592805981361
11222,8299.286475530485
11223,8635.172184082925
11224,9007.444028132591
11225,9089.911403826294
11226,9084.697814548319
11227,9081.052478597914
11228,9060.130805212195
11229,9060.130805212195
11230,9060.130805212195
11231,9705.29115772904
11232,9823.294586301648
11233,10295.141740010375
11234,10303.92716157204
11235,10283.005488186322
11236,10297.772024451911
11237,10297.772024451911
11238,10327.55262306601
11239,10695.573505018168
11240,10690.359915740193
11241,11478.239668419024
11242,11566.776783983178
11243,11566.776783983178
11244,12362.583544466619
11245,12392.364143080718
11246,12392.364143080718
11247,14292.602653030184
11248,14310.893722586308
11249,14686.220901794788
11250,14701.454578667139
11251,0.0
11252,0.0
11253,0.0
11254,0.0
11255,0.0
11256,0.0
11257,0.0
11258,0.0
11259,0.0
11260,0.0
11261,0.0
11262,0.0
11263,0.0
11264,0.0
11265,0.0
11266,0.0
11267,0.0
11268,0.0
11269,0.0
11270,0.0
11271,0.0
11272,0.0
11273,0.0
11274,0.0
11275,0.0
11276,0.0
11277,0.0
11278,0.0
11279,0.0
11280,0.0
11281,0.0
11282,0.0
11283,0.0
11284,0.0
11285,0.0
11286,0.0
11287,0.0
11288,0.0
11289,0.0
11290,0.0
11291,0.0
11292,0.0
11293,0.0
11294,0.0
11295,0.0
11296,0.0
11297,0.0
11298,0.0
11299,0.0
11300,0.0
11301,0.0
11302,0.0
11303,0.0
11304,0.0
11305,0.0
11306,0.0
11307,0.0
11308,0.0
11309,0.0
11310,0.0
11311,0.0
11312,0.0
11313,0.0
11314,0.0
11315,0.0
11316,0.0
11317,0.0
11318,0.0
11319,0.0
11320,0.0
11321,0.0
11322,0.0
11323,0.0
11324,0.0
11325,0.0
11326,0.0
11327,0.0
11328,0.0
11329,0.0
11330,0.0
11331,0.0
11332,0.0
11333,0.0
11334,0.0
11335,0.0
11336,0.0
11337,0.0
11338,0.0
11339,0.0
11340,0.0
11341,0.0
11342,0.0
11343,0.0
11344,0.0
11345,0.0
11346,0.0
11347,0.0
11348,0.0
11349,0.0
11350,0.0
11351,0.0
11352,0.0
11353,0.0
11354,0.0
11355,0.0
11356,0.0
11357,0.0
11358,0.0
11359,0.0
11360,0.0
11361,0.0
11362,0.0
11363,0.0
11364,0.0
11365,0.0
11366,0.0
11367,0.0
11368,0.0
11369,0.0
11370,0.0
11371,0.0
11372,0.0
11373,0.0
11374,0.0
11375,0.0
11376,0.0
11377,0.0
11378,0.0
11379,0.0
11380,0.0
11381,0.0
11382,0.0
11383,0.0
11384,0.0
11385,0.0
11386,0.0
11387,0.0
11388,0.0
11389,0.0
11390,0.0
11391,0.0
11392,0.0
11393,0.0
11394,0.0
11395,0.0
11396,0.0
11397,0.0
11398,0.0
11399,0.0
11400,0.0
11401,1102528.2663951693
11402,1064583.3387613632
11403,1026386.2836671072
11404,1053308.0266196413
11405,1107749.7401561888
11406,1176114.3249578052
11407,1041028.2495185904
11408,1088412.6072925613
11409,1037074.3591844297
11410,916675.4010040037
11411,929371.9683585437
11412,937188.5060589174
11413,730725.5048539303
11414,609775.9676965527
11415,541701.9122270156
11416,596288.1222204174
11417,608706.9999184156
11418,720687.2093264081
11419,714998.7949332756
11420,490353.765012821
11421,342078.08203186974
11422,340792.12330006046
11423,299585.81413414585
11424,201745.9577047915
11425,209751.7844865972
11426,216234.18814532732
11427,130259.41354658043
11428,99992.54413737876
11429,102640.85856931252
11430,4374.333968960096
11431,4058.18029302399
11432,4077.438581694064
11433,3923.1975204903456
11434,3911.239163203341
11435,4122.835193859543
11436,4125.642881943187
11437,4089.2059233202904
11438,4063.755602534997
11439,4083.0138912050706
11440,5570.983115298733
11441,5555.75517159099
11442,5761.335108873468
11443,5761.837073866844
11444,5728.2888739622595
11445,5702.838553176964
11446,7626.623588184923
11447,7450.775138558973
11448,7409.831928868562
11449,7643.035347946997
11450,7632.119453649293
11451,7595.682495026395
11452,7667.632744924687
11453,7686.891033594763
11454,7650.076433512327
11455,7634.8484898045845
11456,9256.39353999265
11457,9256.895504986027
11458,9390.694469432883
11459,9861.405793958618
11460,12532.337666702355
11461,12436.134650167347
11462,12311.541725193385
11463,12541.058165322185
11464,12453.424970363558
11465,12408.598491103314
11466,12298.948283358584
11467,13309.504208148284
11468,13121.138805683693
11469,13143.687972988868
11470,13376.8913920673
11471,13373.130063423992
11472,13336.693104801087
11473,13230.131413888977
11474,13330.828120096157
11475,13239.886330454307
11476,14870.699211987952
11477,15103.902631066385
11478,15104.404596059758
11479,16526.338124833106
11480,16419.77643392099
11481,16400.60067132342
11482,19333.233650502003
11483,19232.811168861223
11484,19468.705933439785
11485,19469.207898433164
11486,19354.97291411017
11487,21861.243836063015
11488,21866.06672436736
11489,21778.40915195562
11490,23381.334716015164
11491,23492.45663343259
11492,23475.061293873907
11493,23449.6938305025
11494,23336.873877921757
11495,23372.7431366701
11496,23268.22994869273
11497,23253.00200498499
11498,24376.02685529344
11499,25929.814738454726
11500,26153.548836818172
11501,26301.949120070065
11502,27689.737740965422
11503,30362.473422878076
11504,30572.609752061555
11505,30862.484735428694
11506,31175.417046833558
11507,31549.550400275628
11508,31540.68989655864
11509,31568.656405390087
11510,31468.245262712888
11511,31462.879360337774
11512,31814.142842471472
11513,31836.362622710898
11514,32180.944993382083
11515,32308.90050293572
11516,32473.210675004408
11517,32678.93490114661
11518,32663.706957438873
11519,32978.41205128591
11520,33874.07765451447
11521,33835.45902553038
11522,33654.23574309909
11523,33672.00223070816
11524,33665.34685566481
11525,33665.76091670829
11526,34220.36600864894
11527,34220.67282987126
11528,34204.87618779487
11529,34029.20781225342
11530,34049.179506548855
11531,34019.96962756025
11532,34003.18215478654
11533,34265.832114245306
11534,35234.146755466914
11535,35174.63703617858
11536,36005.700009399996
11537,37303.44426428051
11538,37360.45539115201
11539,37346.107616744885
11540,37710.31151253242
11541,37756.8732126089
11542,37696.69708865935
11543,37594.05248502331
11544,37614.02417931874
11545,37548.28918795419
11546,37586.02233319357
11547,38435.13074410604
11548,38434.44450400988
11549,38374.93478472153
11550,38374.484836152275
11551,0.0
11552,0.0
11553,3723.6205432001066
11554,4243.310863586473
11555,5666.496953278247
11556,4806.709360925127
11557,760.046578182395
11558,4614.442857461113
11559,4732.490125451543
11560,5186.333603659073
11561,7800.327740933279
11562,9954.512048836528
11563,11884.587549999826
11564,11125.79066551576
11565,8519.176377930171
11566,11294.217048156925
11567,11044.591104983347
11568,14996.307177676763
11569,15310.237523633106
11570,17819.564620629488
11571,18159.97854738268
11572,14528.892252339028
11573,17783.297526390474
11574,18335.83105988719
11575,18053.13875797812
11576,19073.83087268652
11577,18859.232534093095
11578,19380.672373566427
11579,0.0
11580,1475.6174181791416
11581,1453.2626316826766
11582,1477.0824479174971
11583,1322.6197593802049
11584,1307.2045522546553
11585,1517.2135743681768
11586,1521.195960627015
11587,1478.5685390528156
11588,1456.2137525563505
11589,1480.033568791171
11590,2967.781165551273
11591,2951.7205606423213
11592,3155.7134893821153
11593,3157.390152550681
11594,3117.651489694792
11595,3095.2967031983285
11596,5029.322581967423
11597,4853.252505007899
11598,4795.442282517343
11599,5027.058693053096
11600,5017.317496930584
11601,4974.690075356386
11602,5049.735859543505
11603,5073.555675778327
11604,5036.519448362317
11605,5020.458843453364
11606,6605.996423706888
11607,6607.673086875455
11608,6735.281588371016
11609,9111.694147190385
11610,10897.455850744172
11611,10722.849785318807
11612,10597.424199143634
11613,10828.76819370674
11614,10742.309696923308
11615,10691.29275471176
11616,10662.919502812643
11617,10561.456756905904
11618,10281.11622314292
11619,10249.750222593786
11620,10481.366633129537
11621,10478.780002661422
11622,10436.152581087215
11623,10410.86784602072
11624,10454.289233321731
11625,10284.94439478952
11626,11914.924615121954
11627,12146.541025657705
11628,12148.217688826275
11629,12067.229627675488
11630,12041.944892608992
11631,12016.166788148941
11632,14870.396718437212
11633,14776.47508062143
11634,15010.782836657312
11635,15012.459499825882
11636,14892.03405255158
11637,17454.417669223716
11638,17454.22204315813
11639,17209.1754860512
11640,18827.592661920153
11641,18923.55907910464
11642,18907.338437721148
11643,18875.780511398436
11644,18850.571279196396
11645,18890.28865988413
11646,18701.752064108674
11647,18685.691459199727
11648,20530.437021783335
11649,21650.19879542977
11650,21631.943409134296
11651,21867.954412764895
11652,22741.048285251974
11653,23713.346693318334
11654,23922.650361300606
11655,24213.536029633968
11656,24272.685177297593
11657,24482.647266717308
11658,24483.520419211258
11659,24515.335049982095
11660,24330.90049950681
11661,24324.701935930487
11662,24674.3784095215
11663,24697.772887936117
11664,24925.294639259733
11665,24972.394217220466
11666,25167.909113188693
11667,25232.49001504979
11668,25216.42941014084
11669,25529.547495445233
11670,26324.000180564926
11671,26293.522919515235
11672,26199.91035746263
11673,26221.524967011086
11674,26116.51435328398
11675,26117.110307589996
11676,26670.12839098795
11677,26671.60991038548
11678,26663.95463624347
11679,26575.896981080678
11680,26599.716797315497
11681,26472.151679643153
11682,26454.531545668237
11683,26709.083371679822
11684,27678.57271107662
11685,27627.204359722662
11686,28545.878053322736
11687,29847.470430142665
11688,29807.032183379204
11689,29791.851747770866
11690,30123.59359633236
11691,30171.329994584048
11692,30119.295238568884
11693,30079.79576879176
11694,30103.61558502658
11695,29970.40039366158
11696,30000.348338754327
11697,30816.994702440774
11698,30817.483160519805
11699,30766.114809165847
11700,30853.275580975296
11701,0.0
11702,0.0
11703,0.0
11704,0.0
11705,0.0
11706,0.0
11707,0.0
11708,0.0
11709,0.0
11710,0.0
11711,0.0
11712,0.0
11713,0.0
11714,0.0
11715,0.0
11716,0.0
11717,0.0
11718,0.0
11719,0.0
11720,0.0
11721,0.0
11722,0.0
11723,0.0
11724,0.0
11725,0.0
11726,0.0
11727,0.0
11728,0.0
11729,0.0
11730,0.0
11731,0.0
11732,0.0
11733,0.0
11734,0.0
11735,0.0
11736,0.0
11737,0.0
11738,0.0
11739,0.0
11740,0.0
11741,0.0
11742,0.0
11743,0.0
11744,0.0
11745,0.0
11746,0.0
11747,0.0
11748,0.0
11749,0.0
11750,0.0
11751,0.0
11752,0.0
11753,0.0
11754,0.0
11755,0.0
11756,0.0
11757,0.0
11758,0.0
11759,0.0
11760,0.0
11761,0.0
11762,0.0
11763,0.0
11764,0.0
11765,0.0
11766,0.0
11767,0.0
11768,0.0
11769,0.0
11770,0.0
11771,0.0
11772,0.0
11773,0.0
11774,0.0
11775,0.0
11776,0.0
11777,0.0
11778,0.0
11779,0.0
11780,0.0
11781,0.0
11782,0.0
11783,0.0
11784,0.0
11785,0.0
11786,0.0
11787,0.0
11788,0.0
11789,0.0
11790,0.0
11791,0.0
11792,0.0
11793,0.0
11794,0.0
11795,0.0
11796,0.0
11797,0.0
11798,0.0
11799,0.0
11800,0.0
11801,0.0
11802,0.0
11803,0.0
11804,0.0
11805,0.0
11806,0.0
11807,0.0
11808,0.0
11809,0.0
11810,0.0
11811,0.0
11812,0.0
11813,0.0
11814,0.0
11815,0.0
11816,0.0
11817,0.0
11818,0.0
11819,0.0
11820,0.0
11821,0.0
11822,0.0
11823,0.0
11824,0.0
11825,0.0
11826,0.0
11827,0.0
11828,0.0
11829,0.0
11830,0.0
11831,0.0
11832,0.0
11833,0.0
11834,0.0
11835,0.0
11836,0.0
11837,0.0
11838,0.0
11839,0.0
11840,0.0
11841,0.0
11842,0.0
11843,0.0
11844,0.0
11845,0.0
11846,0.0
11847,0.0
11848,0.0
11849,0.0
11850,0.0
11851,0.0
11852,0.0
11853,0.0
11854,0.0
11855,0.0
11856,0.0
11857,0.0
11858,0.0
11859,0.0
11860,0.0
11861,0.0
11862,0.0
11863,0.0
11864,0.0
11865,0.0
11866,0.0
11867,0.0
11868,0.0
11869,0.0
11870,0.0
11871,0.0
11872,0.0
11873,0.0
11874,0.0
11875,0.0
11876,0.0
11877,0.0
11878,0.0
11879,0.0
11880,0.0
11881,0.0
11882,0.0
11883,0.0
11884,0.0
11885,0.0
11886,0.0
11887,0.0
11888,0.0
11889,0.0
11890,0.0
11891,0.0
11892,0.0
11893,0.0
11894,0.0
11895,0.0
11896,0.0
11897,0.0
11898,0.0
11899,0.0
11900,0.0
11901,0.0
11902,0.0
11903,0.0
11904,0.0
11905,0.0
11906,0.0
11907,0.0
11908,0.0
11909,0.0
11910,0.0
11911,0.0
11912,0.0
11913,0.0
11914,0.0
11915,0.0
11916,0.0
11917,0.0
11918,0.0
11919,0.0
11920,0.0
11921,0.0
11922,0.0
11923,0.0
11924,0.0
11925,0.0
11926,0.0
11927,0.0
11928,0.0
11929,0.0
11930,0.0
11931,0.0
11932,0.0
11933,0.0
11934,0.0
11935,0.0
11936,0.0
11937,0.0
11938,0.0
11939,0.0
11940,0.0
11941,0.0
11942,0.0
11943,0.0
11944,0.0
11945,0.0
11946,0.0
11947,0.0
11948,0.0
11949,0.0
11950,0.0
11951,0.0
11952,0.0
11953,0.0
11954,0.0
11955,0.0
11956,0.0
11957,0.0
11958,0.0
11959,0.0
11960,0.0
11961,0.0
11962,0.0
11963,0.0
11964,0.0
11965,0.0
11966,0.0
11967,0.0
11968,0.0
11969,0.0
11970,0.0
11971,0.0
11972,0.0
11973,0.0
11974,0.0
11975,0.0
11976,0.0
11977,0.0
11978,0.0
11979,0.0
11980,0.0
11981,0.0
11982,0.0
11983,0.0
11984,0.0
11985,0.0
11986,0.0
11987,0.0
11988,0.0
11989,0.0
11990,0.0
11991,0.0
11992,0.0
11993,0.0
11994,0.0
11995,0.0
11996,0.0
11997,0.0
11998,0.0
11999,0.0
12000,0.0
12001,0.0
12002,0.0
12003,0.0
12004,0.0
12005,0.0
12006,0.0
12007,0.0
12008,0.0
12009,0.0
12010,0.0
12011,0.0
12012,0.0
12013,0.0
12014,0.0
12015,0.0
12016,0.0
12017,0.0
12018,0.0
12019,0.0
12020,0.0
12021,0.0
12022,0.0
12023,0.0
12024,0.0
12025,0.0
12026,0.0
12027,0.0
12028,0.0
12029,0.0
12030,0.0
12031,0.0
12032,0.0
12033,0.0
12034,0.0
12035,0.0
12036,0.0
12037,0.0
12038,0.0
12039,0.0
12040,0.0
12041,0.0
12042,0.0
12043,0.0
12044,0.0
12045,0.0
12046,0.0
12047,0.0
12048,0.0
12049,0.0
12050,0.0
12051,0.0
12052,0.0
12053,0.0
12054,0.0
12055,0.0
12056,0.0
12057,0.0
12058,0.0
12059,0.0
12060,0.0
12061,0.0
12062,0.0
12063,0.0
12064,0.0
12065,0.0
12066,0.0
12067,0.0
12068,0.0
12069,0.0
12070,0.0
12071,0.0
12072,0.0
12073,0.0
12074,0.0
12075,0.0
12076,0.0
12077,0.0
12078,0.0
12079,0.0
12080,0.0
12081,0.0
12082,0.0
12083,0.0
12084,0.0
12085,0.0
12086,0.0
12087,0.0
12088,0.0
12089,0.0
12090,0.0
12091,0.0
12092,0.0
12093,0.0
12094,0.0
12095,0.0
12096,0.0
12097,0.0
12098,0.0
12099,0.0
12100,0.0
12101,0.0
12102,0.0
12103,0.0
12104,0.0
12105,0.0
12106,0.0
12107,0.0
12108,0.0
12109,0.0
12110,0.0
12111,0.0
12112,0.0
12113,0.0
12114,0.0
12115,0.0
12116,0.0
12117,0.0
12118,0.0
12119,0.0
12120,0.0
12121,0.0
12122,0.0
12123,0.0
12124,0.0
12125,0.0
12126,0.0
12127,0.0
12128,0.0
12129,0.0
12130,0.0
12131,0.0
12132,0.0
12133,0.0
12134,0.0
12135,0.0
12136,0.0
12137,0.0
12138,0.0
12139,0.0
12140,0.0
12141,0.0
12142,0.0
12143,0.0
12144,0.0
12145,0.0
12146,0.0
12147,0.0
12148,0.0
12149,0.0
12150,0.0
12151,4559.269753126389
12152,14411.872017783211
12153,22530.25446911583
12154,8301.954253802603
12155,4999.311946094701
12156,0.0
12157,0.0
12158,0.0
12159,0.0
12160,0.0
12161,2537.5372135975404
12162,7125.176112393699
12163,1628.5002365230796
12164,13047.382278916035
12165,8431.197250278434
12166,23409.088890645366
12167,22576.507704080243
12168,43652.949588570526
12169,45727.44061609392
12170,42355.39721290715
12171,48057.49936242509
12172,34746.868852158186
12173,36779.11507407155
12174,37793.89516270955
12175,36731.72061656094
12176,39189.31693533498
12177,28594.356617144218
12178,22798.99036775613
12179,13216.43393295686
12180,0.0
12181,1406.0349725953108
12182,1429.8547888301314
12183,1275.3921002928387
12184,1259.976893167289
12185,1469.9859152808106
12186,1473.9683015396488
12187,1431.3408799654494
12188,1408.9860934689848
12189,1432.8059097038054
12190,2920.5535064639066
12191,2904.492901554955
12192,3108.48583029475
12193,3110.1624934633155
12194,3070.4238306074267
12195,3048.069044110963
12196,4982.094922880057
12197,4806.024845920534
12198,4748.214623429978
12199,4979.831033965731
12200,4970.089837843218
12201,4927.462416269021
12202,5002.50820045614
12203,5026.328016690962
12204,4989.291789274952
12205,4973.231184365999
12206,6558.768764619523
12207,6560.44542778809
12208,6688.053929283651
12209,9042.98840273072
12210,10828.750106284508
12211,10669.873922920924
12212,10544.44833674575
12213,10775.792331308856
12214,10689.333834525425
12215,10638.316892313876
12216,10594.213758352978
12217,10492.751012446239
12218,10228.140360745037
12219,10196.774360195903
12220,10428.390770731654
12221,10425.804140263539
12222,10383.176718689332
12223,10342.162101561054
12224,10385.583488862067
12225,10231.968532391636
12226,11861.94875272407
12227,12093.565163259822
12228,12095.241826428392
12229,12014.253765277605
12230,11973.239148149327
12231,11947.461043689276
12232,14817.420856039329
12233,14723.499218223547
12234,14957.806974259429
12235,14959.483637427998
12236,14839.058190153697
12237,17385.711924764055
12238,17385.51629869847
12239,17156.19962365332
12240,18774.61679952227
12241,18870.58321670676
12242,18854.362575323266
12243,18822.804649000554
12244,18781.865534736735
12245,18821.582915424468
12246,18648.776201710793
12247,18632.715596801845
12248,20477.461159385453
12249,21597.222933031888
12250,21578.967546736414
12251,21799.248668305234
12252,22672.342540792313
12253,23660.370830920452
12254,23869.674498902725
12255,24160.560167236086
12256,24219.709314899712
12257,24429.671404319426
12258,24414.814674751597
12259,24446.629305522434
12260,24277.92463710893
12261,24271.726073532605
12262,24621.40254712362
12263,24644.797025538235
12264,24872.31877686185
12265,24903.688472760805
12266,25099.20336872903
12267,25179.514152651907
12268,25163.45354774296
12269,25476.57163304735
12270,26271.024318167045
12271,26240.547057117354
12272,26131.20461300297
12273,26152.819222551425
12274,26063.538490886098
12275,26064.134445192114
12276,26617.152528590068
12277,26618.634047987598
12278,26610.97877384559
12279,26507.191236621016
12280,26531.011052855836
12281,26419.175817245272
12282,26401.555683270355
12283,26656.10750928194
12284,27625.59684867874
12285,27574.22849732478
12286,28477.172308863075
12287,29778.764685683003
12288,29754.056320981323
12289,29738.875885372985
12290,30070.61773393448
12291,30118.354132186167
12292,30066.319376171003
12293,30011.090024332098
12294,30034.909840566917
12295,29917.4245312637
12296,29947.372476356446
12297,30764.018840042892
12298,30764.507298121924
12299,30713.138946767966
12300,30784.569836515635
12301,0.0
12302,0.0
12303,0.0
12304,0.0
12305,0.0
12306,0.0
12307,0.0
12308,0.0
12309,0.0
12310,0.0
12311,0.0
12312,0.0
12313,0.0
12314,0.0
12315,0.0
12316,0.0
12317,0.0
12318,0.0
12319,0.0
12320,0.0
12321,0.0
12322,0.0
12323,0.0
12324,0.0
12325,0.0
12326,0.0
12327,0.0
12328,0.0
12329,0.0
12330,0.0
12331,0.0
12332,0.0
12333,0.0
12334,0.0
12335,0.0
12336,0.0
12337,0.0
12338,0.0
12339,0.0
12340,0.0
12341,0.0
12342,0.0
12343,0.0
12344,0.0
12345,0.0
12346,0.0
12347,0.0
12348,0.0
12349,0.0
12350,0.0
12351,0.0
12352,0.0
12353,0.0
12354,0.0
12355,0.0
12356,0.0
12357,0.0
12358,0.0
12359,0.0
12360,0.0
12361,0.0
12362,0.0
12363,0.0
12364,0.0
12365,0.0
12366,0.0
12367,0.0
12368,0.0
12369,0.0
12370,0.0
12371,0.0
12372,0.0
12373,0.0
12374,0.0
12375,0.0
12376,0.0
12377,0.0
12378,0.0
12379,0.0
12380,0.0
12381,0.0
12382,0.0
12383,0.0
12384,0.0
12385,0.0
12386,0.0
12387,0.0
12388,0.0
12389,0.0
12390,0.0
12391,0.0
12392,0.0
12393,0.0
12394,0.0
12395,0.0
12396,0.0
12397,0.0
12398,0.0
12399,0.0
12400,0.0
12401,0.0
12402,0.0
12403,0.0
12404,0.0
12405,0.0
12406,0.0
12407,0.0
12408,0.0
12409,0.0
12410,0.0
12411,0.0
12412,0.0
12413,0.0
12414,0.0
12415,0.0
12416,0.0
12417,0.0
12418,0.0
12419,0.0
12420,0.0
12421,0.0
12422,0.0
12423,0.0
12424,0.0
12425,0.0
12426,0.0
12427,0.0
12428,0.0
12429,0.0
12430,0.0
12431,0.0
12432,0.0
12433,0.0
12434,0.0
12435,0.0
12436,0.0
12437,0.0
12438,0.0
12439,0.0
12440,0.0
12441,0.0
12442,0.0
12443,0.0
12444,0.0
12445,0.0
12446,0.0
12447,0.0
12448,0.0
12449,0.0
12450,0.0
12451,0.0
12452,0.0
12453,0.0
12454,0.0
12455,0.0
12456,0.0
12457,0.0
12458,0.0
12459,0.0
12460,0.0
12461,0.0
12462,0.0
12463,0.0
12464,1848.4712333580428
12465,8774.448202009771
12466,10456.609485603245
12467,10309.215194994727
12468,18404.357068010813
12469,20194.339741018255
12470,23575.026643445035
12471,23713.27824039636
12472,26393.145024279813
12473,26269.51586774531
12474,26712.334796257346
12475,25737.723424371823
12476,27592.995323976807
12477,31712.924547632516
12478,24808.319965879047
12479,15510.746128407485
12480,4268.319741177551
12481,4268.0575541450535
12482,4268.0575541450535
12483,4297.838152759151
12484,4297.838152759151
12485,4292.624563481176
12486,4288.979227530771
12487,4268.0575541450535
12488,4268.0575541450535
12489,4268.0575541450535
12490,4297.838152759151
12491,4297.838152759151
12492,4292.624563481176
12493,4288.979227530771
12494,4268.0575541450535
12495,4268.0575541450535
12496,4268.0575541450535
12497,4297.838152759151
12498,4297.838152759151
12499,4292.624563481176
12500,4288.979227530771
12501,4268.0575541450535
12502,4268.0575541450535
12503,4268.0575541450535
12504,4297.838152759151
12505,4297.838152759151
12506,4292.624563481176
12507,4288.979227530771
12508,4268.0575541450535
12509,4268.0575541450535
12510,4268.0575541450535
12511,4297.838152759151
12512,4297.838152759151
12513,4292.624563481176
12514,4288.979227530771
12515,4268.0575541450535
12516,4943.919895747738
12517,4943.919895747738
12518,4973.700494361836
12519,4973.700494361836
12520,4968.486905083861
12521,4996.965903952318
12522,4983.281273482001
12523,4983.281273482001
12524,4990.328223571483
12525,5106.339829255369
12526,5106.339829255369
12527,5102.708341107142
12528,5099.063005156737
12529,5078.141331771019
12530,5078.141331771019
12531,5078.141331771019
12532,5107.921930385117
12533,5107.921930385117
12534,5109.168424843658
12535,5307.389280101828
12536,5389.80342675635
12537,5389.80342675635
12538,5389.80342675635
12539,5443.462381673581
12540,5483.423741440933
12541,5478.2101521629575
12542,5474.564816212553
12543,5453.643142826835
12544,5453.643142826835
12545,5453.643142826835
12546,5483.423741440933
12547,5501.849528227193
12548,5656.249587155283
12549,5652.604251204878
12550,5631.6825778191605
12551,5631.6825778191605
12552,5676.166992560695
12553,5746.175596395369
12554,5746.175596395369
12555,5740.962007117394
12556,6605.310089923242
12557,6584.388416537525
12558,6598.298878529249
12559,6617.091183413142
12560,6877.569403912274
12561,6877.569403912274
12562,6878.161930814638
12563,6874.516594864233
12564,6877.323886636699
12565,6877.323886636699
12566,6877.323886636699
12567,6907.104485250797
12568,6954.644915629434
12569,7055.801293845735
12570,8228.286773613812
12571,8207.365100228095
12572,8314.05876977722
12573,8649.94447832966
12574,9022.216322379327
12575,9104.68369807303
12576,9099.470108795054
12577,9095.82477284465
12578,9074.90309945893
12579,9074.90309945893
12580,9074.90309945893
12581,9720.063451975775
12582,9838.066880548384
12583,10309.91403425711
12584,10318.699455818776
12585,10297.777782433057
12586,10312.544318698647
12587,10312.544318698647
12588,10342.324917312746
12589,10710.345799264904
12590,10705.132209986929
12591,11493.01196266576
12592,11581.549078229913
12593,11581.549078229913
12594,12377.355838713354
12595,12407.136437327454
12596,12407.136437327454
12597,14307.37494727692
12598,14325.666016833044
12599,14700.993196041523
12600,14716.226872913874
12601,0.0
12602,0.0
12603,0.0
12604,0.0
12605,0.0
12606,0.0
12607,0.0
12608,0.0
12609,0.0
12610,0.0
12611,0.0
12612,0.0
12613,0.0
12614,0.0
12615,0.0
12616,0.0
12617,0.0
12618,0.0
12619,0.0
12620,0.0
12621,0.0
12622,0.0
12623,0.0
12624,0.0
12625,0.0
12626,0.0
12627,0.0
12628,0.0
12629,0.0
12630,0.0
12631,0.0
12632,0.0
12633,0.0
12634,0.0
12635,0.0
12636,0.0
12637,0.0
12638,0.0
12639,0.0
12640,0.0
12641,0.0
12642,0.0
12643,0.0
12644,0.0
12645,0.0
12646,0.0
12647,0.0
12648,0.0
12649,0.0
12650,0.0
12651,0.0
12652,0.0
12653,0.0
12654,0.0
12655,0.0
12656,0.0
12657,0.0
12658,0.0
12659,0.0
12660,0.0
12661,0.0
12662,0.0
12663,0.0
12664,0.0
12665,0.0
12666,0.0
12667,0.0
12668,0.0
12669,0.0
12670,0.0
12671,0.0
12672,0.0
12673,0.0
12674,0.0
12675,0.0
12676,0.0
12677,0.0
12678,0.0
12679,0.0
12680,0.0
12681,0.0
12682,0.0
12683,0.0
12684,0.0
12685,0.0
12686,0.0
12687,0.0
12688,0.0
12689,0.0
12690,0.0
12691,0.0
12692,0.0
12693,0.0
12694,0.0
12695,0.0
12696,0.0
12697,0.0
12698,0.0
12699,0.0
12700,0.0
12701,0.0
12702,0.0
12703,0.0
12704,0.0
12705,0.0
12706,0.0
12707,0.0
12708,0.0
12709,0.0
12710,0.0
12711,0.0
12712,0.0
12713,0.0
12714,0.0
12715,0.0
12716,0.0
12717,0.0
12718,0.0
12719,0.0
12720,0.0
12721,0.0
12722,0.0
12723,0.0
12724,0.0
12725,0.0
12726,0.0
12727,0.0
12728,0.0
12729,0.0
12730,0.0
12731,0.0
12732,0.0
12733,0.0
12734,0.0
12735,0.0
12736,0.0
12737,0.0
12738,0.0
12739,0.0
12740,0.0
12741,0.0
12742,0.0
12743,0.0
12744,0.0
12745,0.0
12746,0.0
12747,0.0
12748,0.0
12749,0.0
12750,0.0
12751,0.0
12752,0.0
12753,0.0
12754,0.0
12755,0.0
12756,0.0
12757,0.0
12758,0.0
12759,0.0
12760,0.0
12761,0.0
12762,0.0
12763,0.0
12764,0.0
12765,0.0006492627433417271
12766,0.01357635953947323
12767,0.0
12768,0.0
12769,0.0
12770,0.0
12771,0.0
12772,0.0006492627433417271
12773,0.01357635953947323
12774,0.0
12775,0.0
12776,0.0
12777,0.0
12778,0.0
12779,0.0006492627433417271
12780,0.01357635953947323
12781,0.0
12782,0.0
12783,0.0
12784,0.0
12785,0.0
12786,0.0006492627433417271
12787,0.01357635953947323
12788,0.0
12789,0.0
12790,98.05106380202764
12791,98.05106380202764
12792,97.96023574010971
12793,98.27327426274329
12794,98.28620135953949
12795,98.26573336904329
12796,98.26573336904329
12797,98.05106380202764
12798,98.05106380202764
12799,97.96023574010971
12800,98.27327426274329
12801,98.28620135953949
12802,98.26573336904329
12803,98.26573336904329
12804,98.05106380202764
12805,98.05106380202764
12806,97.96023574010971
12807,98.27327426274329
12808,98.28620135953949
12809,98.26573336904329
12810,98.26573336904329
12811,98.05106380202764
12812,98.05106380202764
12813,98.45407783773678
12814,98.76711636037035
12815,99.98157050286224
12816,107.80433928151606
12817,114.93494408202847
12818,319.54028605921826
12819,322.64137890307336
12820,457.4818054162012
12821,508.9690649804287
12822,804.9118596373686
12823,849.6546852275749
12824,1830.5460999828842
12825,1897.6615637425311
12826,2735.3991283605437
12827,2749.425386381498
12828,3065.8404512215047
12829,3911.9713795965954
12830,3930.3519728367182
12831,4484.674774157065
12832,5714.957885432625
12833,5996.972718812837
12834,7019.426271604887
12835,7022.5044856079
12836,7348.271303376509
12837,7572.916909090352
12838,10357.841342064492
12839,10670.525464672419
12840,13963.484297744491
12841,13979.348986306954
12842,14156.389456022065
12843,14177.60138079513
12844,14735.99362875904
12845,14735.99362875904
12846,14736.2228728024
12847,14736.216073698839
12848,14736.125245636928
12849,14735.435548678317
12850,14735.761096166547
12851,14907.274666274994
12852,14907.96183804763
12853,14909.0217051868
12854,14910.354715110594
12855,14910.260000848188
12856,14912.512600744878
12857,15211.470654651757
12858,15225.23524193762
12859,15265.088845238419
12860,15266.170825701642
12861,15280.614279993368
12862,15832.982399103772
12863,15841.79595655312
12864,16172.247520667997
12865,16174.623607373482
12866,16177.137755592672
12867,16911.939660245996
12868,17974.323271846835
12869,18721.38917537545
12870,20749.785419291075
12871,20772.79676319536
12872,20975.085986025675
12873,20981.36625199014
12874,20985.810913520912
12875,20993.302424546153
12876,20993.10228376654
12877,21180.529613203395
12878,21176.52008684283
12879,21175.37764554844
12880,21175.23655809537
12881,21173.583147128273
12882,21173.178709463296
12883,21172.797376047703
12884,21172.717045173085
12885,21172.85284243129
12886,21172.62376580228
12887,21172.517296809012
12888,21172.021537184708
12889,21170.94370797222
12890,21170.59681732746
12891,21168.89535377662
12892,21164.115602150065
12893,21162.989059419997
12894,21162.332376756043
12895,21161.940097842322
12896,21161.940097842322
12897,21161.739957062702
12898,21161.653115196947
12899,21495.658840350843
12900,21452.97657760136
12901,0.0
12902,0.0
12903,0.0
12904,0.0
12905,0.0
12906,0.0
12907,0.0
12908,0.0
12909,0.0
12910,0.0
12911,0.0
12912,0.0
12913,0.0
12914,0.0
12915,0.0
12916,0.0
12917,0.0
12918,0.0
12919,0.0
12920,0.0
12921,0.0
12922,0.0
12923,0.0
12924,0.0
12925,0.0
12926,0.0
12927,0.0
12928,0.0
12929,0.0
12930,0.0
12931,0.0
12932,0.0
12933,0.0
12934,0.0
12935,0.0
12936,0.0
12937,0.0
12938,0.0
12939,0.0
12940,0.0
12941,0.0
12942,0.0
12943,0.0
12944,0.0
12945,0.0
12946,0.0
12947,0.0
12948,0.0
12949,0.0
12950,0.0
12951,0.0
12952,0.0
12953,0.0
12954,0.0
12955,0.0
12956,0.0
12957,0.0
12958,0.0
12959,0.0
12960,0.0
12961,0.0
12962,0.0
12963,0.0
12964,0.0
12965,0.0
12966,0.0
12967,0.0
12968,0.0
12969,0.0
12970,0.0
12971,0.0
12972,0.0
12973,0.0
12974,0.0
12975,0.0
12976,0.0
12977,0.0
12978,0.0
12979,0.0
12980,0.0
12981,0.0
12982,0.0
12983,0.0
12984,0.0
12985,0.0
12986,0.0
12987,0.0
12988,0.0
12989,0.0
12990,0.0
12991,0.0
12992,0.0
12993,0.0
12994,0.0
12995,0.0
12996,0.0
12997,0.0
12998,0.0
12999,0.0
13000,0.0
13001,0.0
13002,0.0
13003,0.0
13004,0.0
13005,0.0
13006,0.0
13007,0.0
13008,0.0
13009,0.0
13010,0.0
13011,0.0
13012,0.0
13013,0.0
13014,0.0
13015,0.0
13016,0.0
13017,0.0
13018,0.0
13019,0.0
13020,0.0
13021,0.0
13022,0.0
13023,0.0
13024,0.0
13025,0.0
13026,0.0
13027,0.0
13028,0.0
13029,0.0
13030,0.0
13031,0.0
13032,0.0
13033,0.0
13034,0.0
13035,0.0
13036,0.0
13037,0.0
13038,0.0
13039,0.0
13040,0.0
13041,0.0
13042,0.0
13043,0.0
13044,0.0
13045,0.0
13046,0.0
13047,0.0
13048,0.0
13049,0.0
13050,0.0
13051,0.0
13052,0.0
13053,0.0
13054,0.0
13055,0.0
13056,0.0
13057,0.0
13058,0.0
13059,0.0
13060,0.0
13061,0.0
13062,0.0
13063,0.0
13064,0.0
13065,0.0
13066,0.0
13067,0.0
13068,0.0
13069,0.0
13070,0.0
13071,0.0
13072,0.0
13073,0.0
13074,0.0
13075,0.0
13076,0.0
13077,0.0
13078,0.0
13079,0.0
13080,0.0
13081,0.0
13082,0.0
13083,0.0
13084,0.0
13085,0.0
13086,0.0
13087,0.0
13088,0.0
13089,0.0
13090,0.0
13091,0.0
13092,0.0
13093,0.0
13094,0.0
13095,0.0
13096,0.0
13097,0.0
13098,0.0
13099,0.0
13100,0.0
13101,0.0
13102,0.0
13103,0.0
13104,0.0
13105,0.0
13106,0.0
13107,0.0
13108,0.0
13109,0.0
13110,0.0
13111,0.0
13112,0.0
13113,0.0
13114,0.0
13115,0.0
13116,0.0
13117,0.0
13118,0.0
13119,0.0
13120,0.0
13121,0.0
13122,0.0
13123,0.0
13124,0.0
13125,0.0
13126,0.0
13127,0.0
13128,0.0
13129,0.0
13130,0.0
13131,0.0
13132,0.0
13133,0.0
13134,0.0
13135,0.0
13136,0.0
13137,0.0
13138,0.0
13139,0.0
13140,0.0
13141,0.0
13142,0.0
13143,0.0
13144,0.0
13145,0.0
13146,0.0
13147,0.0
13148,0.0
13149,0.0
13150,0.0
13151,0.0
13152,0.0
13153,0.0
13154,0.0
13155,0.0
13156,0.0
13157,0.0
13158,0.0
13159,0.0
13160,0.0
13161,0.0
13162,0.0
13163,0.0
13164,0.0
13165,0.0
13166,0.0
13167,0.0
13168,0.0
13169,0.0
13170,0.0
13171,0.0
13172,0.0
13173,0.0
13174,0.0
13175,0.0
13176,0.0
13177,0.0
13178,0.0
13179,0.0
13180,0.0
13181,0.0
13182,0.0
13183,0.0
13184,0.0
13185,0.0
13186,0.0
13187,0.0
13188,0.0
13189,0.0
13190,0.0
13191,0.0
13192,0.0
13193,0.0
13194,0.0
13195,0.0
13196,0.0
13197,0.0
13198,0.0
13199,0.0
13200,0.0
13201,0.0
13202,0.0
13203,0.0
13204,0.0
13205,0.0
13206,0.0
13207,0.0
13208,0.0
13209,0.0
13210,0.0
13211,0.0
13212,0.0
13213,0.0
13214,0.0
13215,0.0
13216,0.0
13217,0.0
13218,0.0
13219,0.0
13220,0.0
13221,0.0
13222,0.0
13223,0.0
13224,0.0
13225,0.0
13226,0.0
13227,0.0
13228,0.0
13229,0.0
13230,0.0
13231,0.0
13232,0.0
13233,0.0
13234,0.0
13235,0.0
13236,0.0
13237,0.0
13238,0.0
13239,0.0
13240,0.0
13241,0.0
13242,0.0
13243,0.0
13244,0.0
13245,0.0
13246,0.0
13247,0.0
13248,0.0
13249,0.0
13250,0.0
13251,0.0
13252,0.0
13253,0.0
13254,0.0
13255,0.0
13256,0.0
13257,0.0
13258,0.0
13259,0.0
13260,0.0
13261,0.0
13262,0.0
13263,0.0
13264,0.0
13265,0.0
13266,0.0
13267,0.0
13268,5.19892024219697
13269,7.896972158217587
13270,12.04275590539678
13271,9.049946309649911
13272,69.86684926420139
13273,107.75355440320035
13274,143.57036660130987
13275,154.81672814212857
13276,172.83234722040433
13277,180.21058508667232
13278,196.57883742780353
13279,329.3546578543419
13280,347.2253805920674
13281,649.3801868937085
13282,730.3062598806172
13283,726.8756913934909
13284,732.7401125846055
13285,736.1445888797118
13286,1061.911406648327
13287,1042.6983751689136
13288,1007.6214289809823
13289,952.9526395851373
13290,993.0334821170043
13291,991.881570837185
13292,1169.3594830798572
13293,1184.5756819004332
13294,1198.5856500891139
13295,1198.5856500891139
13296,1198.7197780635615
13297,1198.7129789600017
13298,1198.6221508980834
13299,1198.3698964670261
13300,1198.6954439552558
13301,1369.8666876050656
13302,1370.5538593777028
13303,1371.5186104479649
13304,1372.8516203717554
13305,1372.756906109345
13306,1375.4469485335883
13307,1674.4050024404778
13308,1682.990739189338
13309,1722.8443424901361
13310,1712.7273080246794
13311,1727.1707623164007
13312,2279.5388814267985
13313,2288.7898814037067
13314,2618.6345543969537
13315,2620.6683146437986
13316,2623.1824628629843
13317,3357.8892514474146
13318,4420.272863048282
13319,5167.338766576864
13320,7186.684219624317
13321,7209.695563528581
13322,7411.642459900257
13323,7417.922725864722
13324,7422.272271326632
13325,7429.763782351878
13326,7429.563641572264
13327,7577.01049998514
13328,7566.851773848553
13329,7564.5613877035275
13330,7563.328900304446
13331,7561.5803732684835
13332,7561.110034167813
13333,7560.685578312181
13334,7561.042689965074
13335,7561.178487223249
13336,7560.607084135619
13337,7560.50061514235
13338,7559.909739449181
13339,7558.831910236693
13340,7558.484289418847
13341,7557.22026839551
13342,7550.347159188977
13343,7548.878290000286
13344,7548.221607336327
13345,7547.73421235374
13346,7547.73421235374
13347,7547.534071574126
13348,7547.884672235878
13349,7878.361519374304
13350,7832.3974879726
13351,0.0
13352,0.0
13353,0.0
13354,31.010959151291072
13355,0.0
13356,0.0
13357,70.12850916063636
13358,71.80517232920315
13359,29.177750755003288
13360,6.8229642585388515
13361,31.010959151291072
13362,0.0
13363,0.0
13364,70.12850916063636
13365,71.80517232920315
13366,29.177750755003288
13367,6.8229642585388515
13368,31.010959151291072
13369,0.0
13370,0.0
13371,70.12850916063636
13372,71.80517232920315
13373,29.177750755003288
13374,6.8229642585388515
13375,31.010959151291072
13376,0.0
13377,0.0
13378,70.12850916063636
13379,71.80517232920315
13380,26.435578781208896
13381,4.0807922847444615
13382,28.268787177496726
13383,0.0
13384,0.0
13385,68.03173497024494
13386,72.01412122908255
13387,29.386699654882754
13388,7.031913158418357
13389,31.21990805117061
13390,1518.5993261533333
13391,1502.5387212443807
13392,1706.5316499841754
13393,1708.2083131527427
13394,1668.4696502968548
13395,1646.1148638003897
13396,3569.0454393248633
13397,3392.607183707409
13398,3334.7969612168554
13399,3566.413371752607
13400,3556.672175630092
13401,3514.0447540558916
13402,3589.090538243016
13403,3613.2785331357677
13404,3575.874127061828
13405,3559.8135221528764
13406,5136.866808973232
13407,5138.543472141799
13408,5266.15197363736
13409,5455.37476986003
13410,7241.504652071751
13411,7082.260290050226
13412,6956.834703875048
13413,7184.764135461169
13414,7098.30563867774
13415,7047.288696466201
13416,7003.1855625052995
13417,6902.090995256496
13418,6637.112164897354
13419,6605.746164348218
13420,6837.362574883971
13421,6834.775944415855
13422,6792.148522841657
13423,6751.133905713376
13424,6794.92347167232
13425,6640.940336543956
13426,8270.92055687636
13427,8502.53696741211
13428,8504.21363058068
13429,8423.225569429893
13430,8382.210952301615
13431,8356.801026499497
13432,11226.392660191617
13433,11132.471022375836
13434,11366.778778411717
13435,11368.455441580287
13436,11248.029994305985
13437,13765.828098317746
13438,13794.856281508706
13439,13536.315797207015
13440,15126.603213621182
13441,15222.569630805676
13442,15206.348989422188
13443,15174.791063099476
13444,15133.851948835656
13445,15202.793138779938
13446,15000.76261580972
13447,14984.702010900766
13448,15505.456865483024
13449,16108.530861963005
13450,16090.27547566753
13451,16310.556597236333
13452,17212.874278979973
13453,18171.67875985156
13454,18380.98242783383
13455,18671.868096167193
13456,18731.01724383082
13457,18940.979333250532
13458,18926.122603682703
13459,18987.16104371009
13460,18789.232566040035
13461,18783.03400246371
13462,19132.710476054726
13463,19156.10495446934
13464,19379.884022751074
13465,19411.253718650027
13466,19635.992423874803
13467,19687.07939854113
13468,19671.01879363218
13469,19984.136878936573
13470,20778.589564056267
13471,20748.112303006576
13472,20638.769858892192
13473,20689.608277697196
13474,20571.10373677532
13475,20571.699691081336
13476,21124.71777447929
13477,21126.19929387682
13478,21118.54401973481
13479,21014.756482510238
13480,21067.800108001607
13481,20926.741063134494
13482,20909.120929159577
13483,21163.672755171163
13484,22133.162094567964
13485,22081.793743214006
13486,22984.737554752293
13487,24315.553740828775
13488,24261.621566870544
13489,24246.441131262207
13490,24578.1829798237
13491,24625.91937807539
13492,24573.884622060225
13493,24518.65527022132
13494,24571.69889571269
13495,24424.98977715292
13496,24454.937722245668
13497,25271.584085932114
13498,25272.072544011146
13499,25220.704192657187
13500,25292.135082404857
13501,0.0
13502,0.0
13503,0.0
13504,0.0
13505,0.0
13506,0.0
13507,0.0
13508,0.0
13509,0.0
13510,0.0
13511,0.0
13512,0.0
13513,0.0
13514,0.0
13515,0.0
13516,0.0
13517,0.0
13518,0.0
13519,0.0
13520,0.0
13521,0.0
13522,0.0
13523,0.0
13524,0.0
13525,0.0
13526,0.0
13527,0.0
13528,0.0
13529,0.0
13530,0.0
13531,0.0
13532,0.0
13533,0.0
13534,0.0
13535,0.0
13536,0.0
13537,0.0
13538,0.0
13539,0.0
13540,0.0
13541,0.0
13542,0.0
13543,0.0
13544,0.0
13545,0.0
13546,0.0
13547,0.0
13548,0.0
13549,0.0
13550,0.0
13551,0.0
13552,0.0
13553,0.0
13554,0.0
13555,0.0
13556,0.0
13557,0.0
13558,0.0
13559,0.0
13560,0.0
13561,0.0
13562,0.0
13563,0.0
13564,0.0
13565,0.0
13566,0.0
13567,0.0
13568,0.0
13569,0.0
13570,0.0
13571,0.0
13572,0.0
13573,0.0
13574,0.0
13575,0.0
13576,0.0
13577,0.0
13578,0.0
13579,0.0
13580,0.0
13581,0.0
13582,0.0
13583,0.0
13584,0.0
13585,0.0
13586,0.0
13587,0.0
13588,0.0
13589,0.0
13590,0.0
13591,0.0
13592,0.0
13593,0.0
13594,0.0
13595,0.0
13596,0.0
13597,0.0
13598,0.0
13599,0.0
13600,0.0
13601,0.0
13602,0.0
13603,0.0
13604,0.0
13605,0.0
13606,0.0
13607,0.0
13608,0.0
13609,0.0
13610,0.0
13611,0.0
13612,0.0
13613,0.0
13614,0.0
13615,0.0
13616,0.0
13617,0.0
13618,0.0
13619,0.0
13620,0.0
13621,0.0
13622,0.0
13623,0.0
13624,0.0
13625,0.0
13626,0.0
13627,0.0
13628,0.0
13629,0.0
13630,0.0
13631,0.0
13632,0.0
13633,0.0
13634,0.0
13635,0.0
13636,0.0
13637,0.0
13638,0.0
13639,0.0
13640,0.0
13641,0.0
13642,0.0
13643,0.0
13644,0.0
13645,0.0
13646,0.0
13647,0.0
13648,0.0
13649,0.0
13650,0.0
13651,0.0
13652,0.0
13653,0.0
13654,0.0
13655,0.0
13656,0.0
13657,0.0
13658,0.0
13659,0.0
13660,0.0
13661,0.0
13662,0.0
13663,0.0
13664,0.0
13665,0.0
13666,0.0
13667,0.0
13668,0.0
13669,0.0
13670,0.0
13671,0.0
13672,0.0
13673,0.0
13674,0.0
13675,0.0
13676,0.0
13677,0.0
13678,0.0
13679,0.0
13680,0.0
13681,0.0
13682,0.0
13683,0.0
13684,0.0
13685,0.0
13686,0.0
13687,0.0
13688,0.0
13689,0.0
13690,0.0
13691,0.0
13692,0.0
13693,0.0
13694,0.0
13695,0.0
13696,0.0
13697,0.0
13698,0.0
13699,0.0
13700,0.0
13701,0.0
13702,0.0
13703,0.0
13704,0.0
13705,0.0
13706,0.0
13707,0.0
13708,0.0
13709,0.0
13710,0.0
13711,0.0
13712,0.0
13713,0.0
13714,0.0
13715,0.0
13716,0.0
13717,0.0
13718,0.0
13719,0.0
13720,0.0
13721,0.0
13722,0.0
13723,0.0
13724,0.0
13725,0.0
13726,0.0
13727,0.0
13728,0.0
13729,0.0
13730,0.0
13731,0.0
13732,0.0
13733,0.0
13734,0.0
13735,0.0
13736,0.0
13737,0.0
13738,0.0
13739,0.0
13740,0.0
13741,0.0
13742,0.0
13743,0.0
13744,0.0
13745,0.0
13746,0.0
13747,0.0
13748,0.0
13749,0.0
13750,0.0
13751,0.0
13752,0.0
13753,0.0
13754,0.0
13755,0.0
13756,0.0
13757,0.0
13758,0.0
13759,0.0
13760,0.0
13761,0.0
13762,0.0
13763,0.0
13764,0.0
13765,0.0
13766,0.0
13767,0.0
13768,0.0
13769,0.0
13770,0.0
13771,0.0
13772,0.0
13773,0.0
13774,0.0
13775,0.0
13776,0.0
13777,0.0
13778,0.0
13779,0.0
13780,0.0
13781,0.0
13782,0.0
13783,0.0
13784,0.0
13785,0.0
13786,0.0
13787,0.0
13788,0.0
13789,0.0
13790,0.0
13791,0.0
13792,0.0
13793,0.0
13794,0.0
13795,0.0
13796,0.0
13797,0.0
13798,0.0
13799,0.0
13800,0.0
13801,0.0
13802,0.0
13803,0.0
13804,0.0
13805,0.0
13806,0.0
13807,0.0
13808,0.0
13809,0.0
13810,0.0
13811,0.0
13812,0.0
13813,0.0
13814,0.0
13815,0.0
13816,0.0
13817,0.0
13818,0.0
13819,0.0
13820,0.0
13821,0.0
13822,0.0
13823,0.0
13824,0.0
13825,0.0
13826,0.0
13827,0.0
13828,0.0
13829,0.0
13830,0.0
13831,0.0
13832,0.0
13833,0.0
13834,0.0
13835,0.0
13836,0.0
13837,0.0
13838,0.0
13839,0.0
13840,0.0
13841,0.0
13842,0.0
13843,0.0
13844,0.0
13845,0.0
13846,0.0
13847,0.0
13848,0.0
13849,0.0
13850,0.0
13851,0.0
13852,0.0
13853,0.0
13854,0.0
13855,0.0
13856,0.0
13857,0.0
13858,0.0
13859,0.0
13860,0.0
13861,0.0
13862,0.0
13863,0.0
13864,0.0
13865,0.0
13866,0.0
13867,0.0
13868,0.0
13869,0.0
13870,0.0
13871,0.0
13872,0.0
13873,0.0
13874,0.0
13875,0.0
13876,0.0
13877,0.0
13878,0.0
13879,0.0
13880,0.0
13881,0.0
13882,0.0
13883,0.0
13884,0.0
13885,0.0
13886,0.0
13887,0.0
13888,0.0
13889,0.0
13890,0.0
13891,0.0
13892,0.0
13893,0.0
13894,0.0
13895,0.0
13896,0.0
13897,0.0
13898,0.0
13899,0.0
13900,0.0
13901,0.0
13902,0.0
13903,0.0
13904,0.0
13905,0.0
13906,0.0
13907,0.0
13908,0.0
13909,0.0
13910,0.0
13911,0.0
13912,0.0
13913,0.0
13914,0.0
13915,0.0
13916,0.0
13917,0.0
13918,0.0
13919,0.0
13920,0.0
13921,0.0
13922,0.0
13923,0.0
13924,0.0
13925,0.0
13926,0.0
13927,0.0
13928,0.0
13929,0.0
13930,0.0
13931,0.0
13932,0.0
13933,0.0
13934,0.0
13935,0.0
13936,0.0
13937,0.0
13938,0.0
13939,0.0
13940,0.0
13941,0.0
13942,0.0
13943,0.0
13944,0.0
13945,0.0
13946,0.0
13947,0.0
13948,0.0
13949,0.0
13950,0.0
13951,0.0
13952,0.0
13953,0.0
13954,0.0
13955,0.0
13956,0.0
13957,0.0
13958,0.0
13959,0.0
13960,0.0
13961,0.0
13962,0.0
13963,0.0
13964,0.0
13965,0.0
13966,0.0
13967,0.0
13968,0.0
13969,0.0
13970,0.0
13971,0.0
13972,0.0
13973,0.0
13974,0.0
13975,0.0
13976,0.0
13977,0.0
13978,0.0
13979,0.0
13980,0.0
13981,0.0
13982,0.0
13983,0.0
13984,0.0
13985,0.0
13986,0.0
13987,0.0
13988,0.0
13989,0.0
13990,0.0
13991,0.0
13992,0.0
13993,0.0
13994,0.0
13995,0.0
13996,0.0
13997,0.0
13998,0.0
13999,0.0
14000,0.0
14001,0.0
14002,0.0
14003,0.0
14004,0.0
14005,0.0
14006,0.0
14007,0.0
14008,0.0
14009,0.0
14010,0.0
14011,0.0
14012,0.0
14013,0.0
14014,0.0
14015,0.0
14016,0.0
14017,0.0
14018,0.0
14019,0.0
14020,0.0
14021,0.0
14022,0.0
14023,0.0
14024,0.0
14025,0.0
14026,0.0
14027,0.0
14028,0.0
14029,0.0
14030,0.0
14031,0.0
14032,0.0
14033,0.0
14034,0.0
14035,0.0
14036,0.0
14037,0.0
14038,0.0
14039,0.0
14040,0.0
14041,0.0
14042,0.0
14043,0.0
14044,0.0
14045,0.0
14046,0.0
14047,0.0
14048,0.0
14049,0.0
14050,0.0
14051,0.0
14052,0.0
14053,0.0
14054,0.0
14055,0.0
14056,0.0
14057,0.0
14058,0.0
14059,0.0
14060,0.0
14061,0.0
14062,0.0
14063,0.0
14064,0.0
14065,0.0
14066,0.0
14067,0.0
14068,0.0
14069,0.0
14070,0.0
14071,0.0
14072,0.0
14073,0.0
14074,0.0
14075,0.0
14076,0.0
14077,0.0
14078,0.0
14079,0.0
14080,0.0
14081,0.0
14082,0.0
14083,0.0
14084,0.0
14085,0.0
14086,0.0
14087,0.0
14088,0.0
14089,0.0
14090,0.0
14091,0.0
14092,0.0
14093,0.0
14094,0.0
14095,0.0
14096,0.0
14097,0.0
14098,0.0
14099,0.0
14100,0.0
14101,0.0
14102,0.0
14103,0.0
14104,0.0
14105,0.0
14106,0.0
14107,0.0
14108,0.0
14109,0.0
14110,0.0
14111,0.0
14112,0.0
14113,0.0
14114,0.0
14115,0.0
14116,0.0
14117,0.0
14118,0.0
14119,0.0
14120,0.0
14121,0.0
14122,0.0
14123,0.0
14124,0.0
14125,0.0
14126,0.0
14127,0.0
14128,0.0
14129,0.0
14130,0.0
14131,0.0
14132,0.0
14133,0.0
14134,0.0
14135,0.0
14136,0.0
14137,0.0
14138,0.0
14139,0.0
14140,0.0
14141,0.0
14142,0.0
14143,0.0
14144,0.0
14145,0.0
14146,0.0
14147,0.0
14148,0.0
14149,0.0
14150,0.0
14151,0.0
14152,0.0
14153,0.0
14154,0.0
14155,0.0
14156,0.0
14157,0.0
14158,0.0
14159,0.0
14160,0.0
14161,0.0
14162,0.0
14163,0.0
14164,0.0
14165,0.0
14166,0.0
14167,0.0
14168,0.0
14169,0.0
14170,0.0
14171,0.0
14172,0.0
14173,0.0
14174,0.0
14175,0.0
14176,0.0
14177,0.0
14178,0.0
14179,0.0
14180,0.0
14181,0.0
14182,0.0
14183,0.0
14184,0.0
14185,0.0
14186,0.0
14187,0.0
14188,0.0
14189,0.0
14190,0.0
14191,0.0
14192,0.0
14193,0.0
14194,0.0
14195,0.0
14196,0.0
14197,0.0
14198,0.0
14199,0.0
14200,0.0
14201,0.0
14202,0.0
14203,0.0
14204,0.0
14205,0.0
14206,0.0
14207,0.0
14208,0.0
14209,0.0
14210,0.0
14211,0.0
14212,0.0
14213,0.0
14214,0.0
14215,0.0
14216,0.0
14217,0.0
14218,0.0
14219,0.0
14220,0.0
14221,0.0
14222,0.0
14223,0.0
14224,0.0
14225,0.0
14226,0.0
14227,0.0
14228,0.0
14229,0.0
14230,0.0
14231,0.0
14232,0.0
14233,0.0
14234,0.0
14235,0.0
14236,0.0
14237,0.0
14238,0.0
14239,0.0
14240,0.0
14241,0.0
14242,0.0
14243,0.0
14244,0.0
14245,0.0
14246,0.0
14247,0.0
14248,0.0
14249,0.0
14250,0.0
14251,0.0
14252,0.0
14253,0.0
14254,0.0
14255,0.0
14256,0.0
14257,0.0
14258,0.0
14259,0.0
14260,0.0
14261,0.0
14262,0.0
14263,0.0
14264,0.0
14265,0.0
14266,0.0
14267,0.0
14268,0.0
14269,0.0
14270,0.0
14271,0.0
14272,0.0
14273,0.0
14274,0.0
14275,0.0
14276,0.0
14277,0.0
14278,0.0
14279,0.0
14280,0.0
14281,0.0
14282,0.0
14283,0.0
14284,0.0
14285,0.0
14286,0.0
14287,0.0
14288,0.0
14289,0.0
14290,0.0
14291,0.0
14292,0.0
14293,0.0
14294,0.0
14295,0.0
14296,0.0
14297,0.0
14298,0.0
14299,0.0
14300,0.0
14301,0.0
14302,0.0
14303,0.0
14304,0.0
14305,0.0
14306,0.0
14307,0.0
14308,0.0
14309,0.0
14310,0.0
14311,0.0
14312,0.0
14313,0.0
14314,0.0
14315,0.0
14316,0.0
14317,0.0
14318,0.0
14319,0.0
14320,0.0
14321,0.0
14322,0.0
14323,0.0
14324,0.0
14325,0.0
14326,0.0
14327,0.0
14328,0.0
14329,0.0
14330,0.0
14331,0.0
14332,0.0
14333,0.0
14334,0.0
14335,0.0
14336,0.0
14337,0.0
14338,0.0
14339,0.0
14340,0.0
14341,0.0
14342,0.0
14343,0.0
14344,0.0
14345,0.0
14346,0.0
14347,0.0
14348,0.0
14349,0.0
14350,0.0
14351,0.0
14352,0.0
14353,0.0
14354,0.0
14355,0.0
14356,0.0
14357,0.0
14358,0.0
14359,0.0
14360,0.0
14361,0.0
14362,0.0
14363,0.0
14364,0.0
14365,0.0
14366,0.0
14367,0.0
14368,0.0
14369,0.0
14370,0.0
14371,0.0
14372,0.0
14373,0.0
14374,0.0
14375,0.0
14376,2.979038567171688
14377,2.979038567171688
14378,2.979038567171688
14379,23.89987888868982
14380,71.77907461343949
14381,105.06598811941522
14382,197.7347577387351
14383,237.98050322309956
14384,282.2894724290744
14385,407.9233757231345
14386,543.6591216720581
14387,718.2129510780326
14388,765.3047181756082
14389,836.4912748980421
14390,1167.3477829883361
14391,1317.2042422545053
14392,1453.7825430762475
14393,1602.760880232486
14394,1888.0154422987728
14395,1891.6600204728918
14396,1906.1924055332936
14397,2040.9954244698683
14398,2069.455594672167
14399,2129.7908391907927
14400,2154.1918776179905
14401,0.0
14402,0.0
14403,0.0
14404,0.0
14405,0.0
14406,0.0
14407,0.0
14408,0.0
14409,0.0
14410,0.0
14411,0.0
14412,0.0
14413,0.0
14414,0.0
14415,0.0
14416,0.0
14417,0.0
14418,0.0
14419,0.0
14420,0.0
14421,0.0
14422,0.0
14423,0.0
14424,0.0
14425,0.0
14426,0.0
14427,0.0
14428,0.0
14429,0.0
14430,0.0
14431,0.0
14432,0.0
14433,0.0
14434,0.0
14435,0.0
14436,0.0
14437,0.0
14438,0.0
14439,0.0
14440,0.0
14441,0.0
14442,0.0
14443,0.0
14444,0.0
14445,0.0
14446,0.0
14447,0.0
14448,0.0
14449,0.0
14450,0.0
14451,0.0
14452,0.0
14453,0.0
14454,0.0
14455,0.0
14456,0.0
14457,0.0
14458,0.0
14459,0.0
14460,0.0
14461,0.0
14462,0.0
14463,0.0
14464,0.0
14465,0.0
14466,0.0
14467,0.0
14468,0.0
14469,0.0
14470,0.0
14471,0.0
14472,0.0
14473,0.0
14474,0.0
14475,0.0
14476,0.0
14477,0.0
14478,0.0
14479,0.0
14480,0.0
14481,0.0
14482,0.0
14483,0.0
14484,0.0
14485,0.0
14486,0.0
14487,0.0
14488,0.0
14489,0.0
14490,0.0
14491,0.0
14492,0.0
14493,0.0
14494,0.0
14495,0.0
14496,0.0
14497,0.0
14498,0.0
14499,0.0
14500,0.0
14501,0.0
14502,0.0
14503,0.0
14504,0.0
14505,0.0
14506,0.0
14507,0.0
14508,0.0
14509,0.0
14510,0.0
14511,0.0
14512,0.0
14513,0.0
14514,0.0
14515,0.0
14516,0.0
14517,0.0
14518,0.0
14519,0.0
14520,0.0
14521,0.0
14522,0.0
14523,0.0
14524,0.0
14525,0.0
14526,0.0
14527,0.0
14528,0.0
14529,0.0
14530,0.0
14531,0.0
14532,0.0
14533,0.0
14534,0.0
14535,0.0
14536,0.0
14537,0.0
14538,0.0
14539,0.0
14540,0.0
14541,0.0
14542,0.0
14543,0.0
14544,0.0
14545,0.0
14546,0.0
14547,0.0
14548,0.0
14549,0.0
14550,0.0
14551,0.0
14552,0.0
14553,0.0
14554,0.0
14555,0.0
14556,0.0
14557,0.0
14558,0.0
14559,0.0
14560,0.0
14561,0.0
14562,0.0
14563,0.0
14564,0.0
14565,0.0
14566,0.0
14567,0.0
14568,0.0
14569,0.0
14570,0.0
14571,0.0
14572,0.0
14573,0.0
14574,0.0
14575,0.0
14576,0.0
14577,0.0
14578,0.0
14579,0.0
14580,0.0
14581,0.0
14582,0.0
14583,0.0
14584,0.0
14585,0.0
14586,0.0
14587,0.0
14588,0.0
14589,0.0
14590,0.0
14591,0.0
14592,0.0
14593,0.0
14594,0.0
14595,0.0
14596,0.0
14597,0.0
14598,0.0
14599,0.0
14600,0.0
14601,0.0
14602,0.0
14603,0.0
14604,0.0
14605,0.0
14606,0.0
14607,0.0
14608,0.0
14609,0.0
14610,0.0
14611,0.0
14612,0.0
14613,0.0
14614,0.0
14615,0.0
14616,0.0
14617,0.0
14618,0.0
14619,0.0
14620,0.0
14621,0.0
14622,0.0
14623,0.0
14624,0.0
14625,0.0
14626,0.0
14627,0.0
14628,0.0
14629,0.0
14630,0.0
14631,0.0
14632,0.0
14633,0.0
14634,0.0
14635,0.0
14636,0.0
14637,0.0
14638,0.0
14639,0.0
14640,0.0
14641,0.0
14642,0.0
14643,0.0
14644,0.0
14645,0.0
14646,0.0
14647,0.0
14648,0.0
14649,0.0
14650,0.0
14651,0.0
14652,0.0
14653,0.0
14654,0.0
14655,0.0
14656,0.0
14657,0.0
14658,0.0
14659,0.0
14660,0.0
14661,0.0
14662,0.0
14663,0.0
14664,0.0
14665,0.0
14666,0.0
14667,0.0
14668,0.0
14669,0.0
14670,0.0
14671,0.0
14672,0.0
14673,0.0
14674,0.0
14675,0.0
14676,0.0
14677,0.0
14678,0.0
14679,0.0
14680,0.0
14681,0.0
14682,0.0
14683,0.0
14684,0.0
14685,0.0
14686,0.0
14687,0.0
14688,0.0
14689,0.0
14690,0.0
14691,0.0
14692,0.0
14693,0.0
14694,0.0
14695,0.0
14696,0.0
14697,0.0
14698,0.0
14699,0.0
14700,0.0
14701,0.0
14702,0.0
14703,0.0
14704,0.0
14705,0.0
14706,0.0
14707,0.0
14708,0.0
14709,0.0
14710,0.0
14711,0.0
14712,0.0
14713,0.0
14714,0.0
14715,0.0
14716,0.0
14717,0.0
14718,0.0
14719,0.0
14720,0.0
14721,0.0
14722,0.0
14723,0.0
14724,0.0
14725,0.0
14726,0.0
14727,0.0
14728,0.0
14729,0.0
14730,0.0
14731,0.0
14732,0.0
14733,0.0
14734,0.0
14735,0.0
14736,0.0
14737,0.0
14738,0.0
14739,0.0
14740,0.0
14741,0.0
14742,0.0
14743,0.0
14744,0.0
14745,0.0
14746,0.0
14747,0.0
14748,0.0
14749,0.0
14750,0.0
14751,0.0
14752,0.0
14753,0.0
14754,0.0
14755,0.0
14756,0.0
14757,0.0
14758,0.0
14759,0.0
14760,0.0
14761,0.0
14762,0.0
14763,0.0
14764,0.0
14765,0.0
14766,0.0
14767,0.0
14768,0.0
14769,0.0
14770,0.0
14771,0.0
14772,0.0
14773,0.0
14774,0.0
14775,0.0
14776,0.0
14777,0.0
14778,0.0
14779,0.0
14780,0.0
14781,0.0
14782,0.0
14783,0.0
14784,0.0
14785,0.0
14786,0.0
14787,0.0
14788,0.0
14789,0.0
14790,0.0
14791,0.0
14792,0.0
14793,0.0
14794,0.0
14795,0.0
14796,0.0
14797,0.0
14798,0.0
14799,0.0
14800,0.0
14801,0.0
14802,0.0
14803,0.0
14804,0.0
14805,0.0
14806,0.0
14807,0.0
14808,0.0
14809,0.0
14810,0.0
14811,0.0
14812,0.0
14813,0.0
14814,0.0
14815,0.0
14816,0.0
14817,0.0
14818,0.0
14819,0.0
14820,0.0
14821,0.0
14822,0.0
14823,0.0
14824,0.0
14825,0.0
14826,0.0
14827,0.0
14828,0.0
14829,0.0
14830,0.0
14831,0.0
14832,0.0
14833,0.0
14834,0.0
14835,0.0
14836,0.0
14837,0.0
14838,0.0
14839,0.0
14840,0.0
14841,0.0
14842,0.0
14843,0.0
14844,0.0
14845,0.0
14846,0.0
14847,0.0
14848,0.0
14849,0.0
14850,0.0
14851,9798.070319723312
14852,9798.070319723312
14853,9798.070319723312
14854,9798.070319723312
14855,9798.070319723312
14856,9798.070319723312
14857,9798.070319723312
14858,9798.070319723312
14859,9798.070319723312
14860,9798.070319723312
14861,9798.070319723312
14862,9798.070319723312
14863,9798.070319723312
14864,9798.070319723312
14865,9798.070319723312
14866,9798.070319723312
14867,9798.070319723312
14868,9798.070319723312
14869,9798.070319723312
14870,9798.070319723312
14871,9798.070319723312
14872,9798.070319723312
14873,9798.070319723312
14874,9798.070319723312
14875,9798.070319723312
14876,9798.070319723312
14877,9798.070319723312
14878,9798.070319723312
14879,9798.070319723312
14880,9798.070319723312
14881,9798.070319723312
14882,9798.070319723312
14883,9798.070319723312
14884,9798.070319723312
14885,9798.070319723312
14886,9798.070319723312
14887,9798.070319723312
14888,9798.070319723312
14889,9798.070319723312
14890,9798.070319723312
14891,9798.070319723312
14892,9798.070319723312
14893,9798.070319723312
14894,9798.070319723312
14895,9798.070319723312
14896,9798.070319723312
14897,9798.070319723312
14898,9798.070319723312
14899,9798.070319723312
14900,9798.070319723312
14901,9798.070319723312
14902,9798.070319723312
14903,9798.070319723312
14904,9798.070319723312
14905,9798.070319723312
14906,9798.070319723312
14907,9798.070319723312
14908,9798.070319723312
14909,9798.070319723312
14910,9798.070319723312
14911,9798.070319723312
14912,9798.070319723312
14913,9798.070319723312
14914,9798.070319723312
14915,9798.070319723312
14916,9798.070319723312
14917,9798.070319723312
14918,9798.070319723312
14919,9798.070319723312
14920,9798.070319723312
14921,9798.070319723312
14922,9798.070319723312
14923,9798.070319723312
14924,9798.070319723312
14925,9798.070319723312
14926,9798.070319723312
14927,9798.070319723312
14928,9798.070319723312
14929,9798.070319723312
14930,9798.070319723312
14931,9798.070319723312
14932,9798.070319723312
14933,9798.070319723312
14934,9798.070319723312
14935,9798.070319723312
14936,9798.070319723312
14937,9798.070319723312
14938,9798.070319723312
14939,9798.070319723312
14940,9798.070319723312
14941,9798.070319723312
14942,9798.070319723312
14943,9798.070319723312
14944,9798.070319723312
14945,9798.070319723312
14946,9798.070319723312
14947,9798.070319723312
14948,9798.070319723312
14949,9798.070319723312
14950,9798.070319723312
14951,9798.070319723312
14952,9798.070319723312
14953,9798.070319723312
14954,9798.070319723312
14955,9798.070319723312
14956,9798.070319723312
14957,9798.070319723312
14958,9798.070319723312
14959,9798.070319723312
14960,9798.070319723312
14961,9798.070319723312
14962,9798.070319723312
14963,9798.070319723312
14964,9798.070319723312
14965,9798.070319723312
14966,9798.070319723312
14967,9798.070319723312
14968,9798.070319723312
14969,9798.070319723312
14970,9798.070319723312
14971,9798.070319723312
14972,9798.070319723312
14973,9798.070319723312
14974,9798.070319723312
14975,9798.070319723312
14976,9858.344162434456
14977,9858.344162434456
14978,9858.344162434456
14979,9858.344162434456
14980,9858.344162434456
14981,9858.344162434456
14982,9858.344162434456
14983,9858.344162434456
14984,9858.344162434456
14985,9934.831951009324
14986,9934.831951009324
14987,9934.831951009324
14988,9980.443641929458
14989,10029.798282529915
14990,10029.798282529915
14991,10069.501291807625
14992,10069.501291807625
14993,10069.501291807625
14994,10303.138851311847
14995,10303.138851311847
14996,10368.526420236049
14997,10451.844728786691
14998,10451.844728786691
14999,10570.030677190633
15000,10742.628105781965
15001,0.0
15002,0.0
15003,0.0
15004,0.0
15005,0.0
15006,0.0
15007,0.0
15008,0.0
15009,0.0
15010,0.0
15011,0.0
15012,0.0
15013,0.0
15014,0.0
15015,0.0
15016,0.0
15017,0.0
15018,0.0
15019,0.0
15020,0.0
15021,0.0
15022,0.0
15023,0.0
15024,0.0
15025,0.0
15026,0.0
15027,0.0
15028,0.0
15029,0.0
15030,0.0
15031,0.0
15032,0.0
15033,0.0
15034,0.0
15035,0.0
15036,0.0
15037,0.0
15038,0.0
15039,0.0
15040,0.0
15041,0.0
15042,0.0
15043,0.0
15044,0.0
15045,0.0
15046,0.0
15047,0.0
15048,0.0
15049,0.0
15050,0.0
15051,0.0
15052,0.0
15053,0.0
15054,0.0
15055,0.0
15056,0.0
15057,0.0
15058,0.0
15059,0.0
15060,0.0
15061,0.0
15062,0.0
15063,0.0
15064,0.0
15065,0.0
15066,0.0
15067,0.0
15068,0.0
15069,0.0
15070,0.0
15071,0.0
15072,0.0
15073,0.0
15074,0.0
15075,0.0
15076,0.0
15077,0.0
15078,0.0
15079,0.0
15080,0.0
15081,0.0
15082,0.0
15083,0.0
15084,0.0
15085,0.0
15086,0.0
15087,0.0
15088,0.0
15089,0.0
15090,0.0
15091,0.0
15092,0.0
15093,0.0
15094,0.0
15095,0.0
15096,0.0
15097,0.0
15098,0.0
15099,0.0
15100,0.0
15101,0.0
15102,0.0
15103,0.0
15104,0.0
15105,0.0
15106,0.0
15107,0.0
15108,0.0
15109,0.0
15110,0.0
15111,0.0
15112,0.0
15113,0.0
15114,0.0
15115,0.0
15116,0.0
15117,0.0
15118,0.0
15119,0.0
15120,0.0
15121,0.0
15122,0.0
15123,0.0
15124,0.0
15125,0.0
15126,0.0
15127,0.0
15128,0.0
15129,0.0
15130,0.0
15131,0.0
15132,0.0
15133,0.0
15134,0.0
15135,0.0
15136,0.0
15137,0.0
15138,0.0
15139,0.0
15140,0.0
15141,0.0
15142,0.0
15143,0.0
15144,0.0
15145,0.0
15146,0.0
15147,0.0
15148,0.0
15149,0.0
15150,0.0
15151,0.0
15152,0.0
15153,0.0
15154,0.0
15155,0.0
15156,0.0
15157,0.0
15158,0.0
15159,0.0
15160,0.0
15161,0.0
15162,0.0
15163,0.0
15164,0.0
15165,0.0
15166,0.0
15167,0.0
15168,0.0
15169,0.0
15170,0.0
15171,0.0
15172,0.0
15173,0.0
15174,0.0
15175,0.0
15176,0.0
15177,0.0
15178,0.0
15179,0.0
15180,0.0
15181,0.0
15182,0.0
15183,0.0
15184,0.0
15185,0.0
15186,0.0
15187,0.0
15188,0.0
15189,0.0
15190,0.0
15191,0.0
15192,0.0
15193,0.0
15194,0.0
15195,0.0
15196,0.0
15197,0.0
15198,0.0
15199,0.0
15200,0.0
15201,0.0
15202,0.0
15203,0.0
15204,0.0
15205,0.0
15206,0.0
15207,0.0
15208,0.0
15209,0.0
15210,0.0
15211,0.0
15212,0.0
15213,0.0
15214,0.0
15215,0.0
15216,0.0
15217,0.0
15218,0.0
15219,0.0
15220,0.0
15221,0.0
15222,0.0
15223,0.0
15224,0.0
15225,0.0
15226,0.0
15227,0.0
15228,0.0
15229,0.0
15230,0.0
15231,0.0
15232,0.0
15233,0.0
15234,0.0
15235,0.0
15236,0.0
15237,0.0
15238,0.0
15239,0.0
15240,0.0
15241,0.0
15242,0.0
15243,0.0
15244,0.0
15245,0.0
15246,0.0
15247,0.0
15248,0.0
15249,0.0
15250,0.0
15251,0.0
15252,0.0
15253,0.0
15254,0.0
15255,0.0
15256,0.0
15257,0.0
15258,0.0
15259,0.0
15260,0.0
15261,0.0
15262,0.0
15263,0.0
15264,0.0
15265,0.0
15266,0.0
15267,0.0
15268,0.0
15269,0.0
15270,0.0
15271,0.0
15272,0.0
15273,0.0
15274,0.0
15275,0.0
15276,0.0
15277,0.0
15278,0.0
15279,0.0
15280,0.0
15281,0.0
15282,0.0
15283,0.0
15284,0.0
15285,0.0
15286,0.0
15287,0.0
15288,0.0
15289,0.0
15290,0.0
15291,0.0
15292,0.0
15293,0.0
15294,0.0
15295,0.0
15296,0.0
15297,0.0
15298,0.0
15299,0.0
15300,0.0
15301,0.0
15302,0.0
15303,0.0
15304,0.0
15305,0.0
15306,0.0
15307,0.0
15308,0.0
15309,0.0
15310,0.0
15311,0.0
15312,0.0
15313,0.0
15314,0.0
15315,0.0
15316,0.0
15317,0.0
15318,0.0
15319,0.0
15320,0.0
15321,0.0
15322,0.0
15323,0.0
15324,0.0
15325,0.0
15326,0.0
15327,0.0
15328,0.0
15329,0.0
15330,0.0
15331,0.0
15332,0.0
15333,0.0
15334,0.0
15335,0.0
15336,0.0
15337,0.0
15338,0.0
15339,0.0
15340,0.0
15341,0.0
15342,0.0
15343,0.0
15344,0.0
15345,0.0
15346,0.0
15347,0.0
15348,0.0
15349,0.0
15350,0.0
15351,0.0
15352,0.0
15353,0.0
15354,0.0
15355,0.0
15356,0.0
15357,0.0
15358,0.0
15359,0.0
15360,0.0
15361,0.0
15362,0.0
15363,0.0
15364,0.0
15365,0.0
15366,0.0
15367,0.0
15368,0.0
15369,0.0
15370,0.0
15371,0.0
15372,0.0
15373,0.0
15374,0.0
15375,0.0
15376,0.0
15377,0.0
15378,0.0
15379,0.0
15380,0.0
15381,0.0
15382,0.0
15383,0.0
15384,0.0
15385,0.0
15386,0.0
15387,0.0
15388,0.0
15389,0.0
15390,0.0
15391,0.0
15392,0.0
15393,0.0
15394,0.0
15395,0.0
15396,0.0
15397,0.0
15398,0.0
15399,0.0
15400,0.0
15401,0.0
15402,0.0
15403,0.0
15404,0.0
15405,0.0
15406,0.0
15407,0.0
15408,0.0
15409,0.0
15410,0.0
15411,0.0
15412,0.0
15413,0.0
15414,0.0
15415,0.0
15416,0.0
15417,0.0
15418,0.0
15419,0.0
15420,0.0
15421,0.0
15422,0.0
15423,0.0
15424,0.0
15425,0.0
15426,0.0
15427,0.0
15428,0.0
15429,0.0
15430,0.0
15431,0.0
15432,0.0
15433,0.0
15434,0.0
15435,0.0
15436,0.0
15437,0.0
15438,0.0
15439,0.0
15440,0.0
15441,0.0
15442,0.0
15443,0.0
15444,0.0
15445,0.0
15446,0.0
15447,0.0
15448,0.0
15449,0.0
15450,0.0
15451,0.0
15452,0.0
15453,0.0
15454,0.0
15455,0.0
15456,0.0
15457,0.0
15458,0.0
15459,0.0
15460,0.0
15461,0.0
15462,0.0
15463,0.0
15464,0.0
15465,0.0
15466,0.0
15467,0.0
15468,0.0
15469,0.0
15470,0.0
15471,0.0
15472,0.0
15473,0.0
15474,0.0
15475,0.0
15476,0.0
15477,0.0
15478,0.0
15479,0.0
15480,0.0
15481,0.0
15482,0.0
15483,0.0
15484,0.0
15485,0.0
15486,0.0
15487,0.0
15488,0.0
15489,0.0
15490,0.0
15491,0.0
15492,0.0
15493,0.0
15494,0.0
15495,0.0
15496,0.0
15497,0.0
15498,0.0
15499,0.0
15500,0.0
15501,0.0
15502,0.0
15503,0.0
15504,0.0
15505,0.0
15506,0.0
15507,0.0
15508,0.0
15509,0.0
15510,0.0
15511,0.0
15512,0.0
15513,0.0
15514,0.0
15515,0.0
15516,0.0
15517,0.0
15518,0.0
15519,0.0
15520,0.0
15521,0.0
15522,0.0
15523,0.0
15524,0.0
15525,0.0
15526,0.0
15527,0.0
15528,0.0
15529,0.0
15530,0.0
15531,0.0
15532,0.0
15533,0.0
15534,0.0
15535,0.0
15536,0.0
15537,0.0
15538,0.0
15539,0.0
15540,0.0
15541,0.0
15542,0.0
15543,0.0
15544,0.0
15545,0.0
15546,0.0
15547,0.0
15548,0.0
15549,0.0
15550,0.0
15551,0.0
15552,0.0
15553,0.0
15554,0.0
15555,0.0
15556,0.0
15557,0.0
15558,0.0
15559,0.0
15560,0.0
15561,0.0
15562,0.0
15563,0.0
15564,0.0
15565,0.0
15566,0.0
15567,0.0
15568,0.0
15569,0.0
15570,0.0
15571,0.0
15572,0.0
15573,0.0
15574,0.0
15575,0.0
15576,0.0
15577,0.0
15578,0.0
15579,0.0
15580,0.0
15581,0.0
15582,0.0
15583,0.0
15584,0.0
15585,0.0
15586,0.0
15587,0.0
15588,0.0
15589,0.0
15590,0.0
15591,0.0
15592,0.0
15593,0.0
15594,0.0
15595,0.0
15596,0.0
15597,0.0
15598,0.0
15599,0.0
15600,0.0
15601,789.9840466465798
15602,0.0
15603,0.0
15604,0.0
15605,0.0
15606,0.0
15607,0.0
15608,0.0
15609,0.0
15610,393.3253314140685
15611,140.16833270352834
15612,0.0
15613,0.0
15614,1776.917669203496
15615,976.1710422764852
15616,3146.600649890653
15617,2899.8183375088975
15618,5357.798159055801
15619,5266.170189254248
15620,7621.914859508915
15621,8030.9986769640345
15622,11065.126082956529
15623,10943.28622339816
15624,11136.69521132226
15625,10883.74677879377
15626,11387.148005366105
15627,11290.784918574682
15628,11873.616405551633
15629,12157.213825137791
15630,0.0
15631,0.0
15632,0.0
15633,0.0
15634,0.0
15635,33.875438684922315
15636,31.751173838191697
15637,0.0
15638,0.0
15639,0.0
15640,1482.0233601241212
15641,1466.7954164163798
15642,1660.0032003564572
15643,1655.5732124194565
15644,1615.5827130326
15645,1590.132392247305
15646,3513.9174272552636
15647,3364.608318981921
15648,3306.994202995866
15649,3518.59023365207
15650,3502.742386423987
15651,3466.3054278010877
15652,3538.255677699382
15653,3557.513966369456
15654,3547.2387076396267
15655,3532.0107639318862
15656,5089.160024452868
15657,5084.730036515866
15658,5218.529000962728
15659,5706.158633051443
15660,8377.090505795151
15661,8229.24540905597
15662,8104.652484082004
15663,8312.561535788576
15664,8219.996387899573
15665,8175.16990863935
15666,8143.701122451396
15667,9154.257047241083
15668,8913.271173385534
15669,8878.284771502123
15670,9089.880802158325
15671,9081.187520584637
15672,9044.750561961733
15673,9016.370292606407
15674,9117.066998813587
15675,8974.483128967562
15676,10605.296010501206
15677,10816.892041157407
15678,10812.462053220404
15679,12010.80904517507
15680,11982.428775819744
15681,11963.253013222171
15682,14844.243912196622
15683,14743.821430555841
15684,14958.108806712173
15685,14953.67881877517
15686,14839.443834452171
15687,17423.89617796177
15688,17428.719066266116
15689,17289.4194136502
15690,18881.082248865892
15691,18970.59677786109
15692,18948.269485372028
15693,18922.90202200062
15694,18888.26349097666
15695,18910.144604432313
15696,18753.98933625077
15697,18738.76139254303
15698,19413.438084944108
15699,20004.12510034967
15700,19982.88032525239
15701,20209.46203006107
15702,21087.576169163367
15703,23708.669770871846
15704,23870.943483881303
15705,24118.18249591487
15706,24171.578271658404
15707,24287.166744863673
15708,24289.088690191275
15709,24309.501439238036
15710,24157.44821635666
15711,24152.082313981547
15712,24467.407580759576
15713,24464.616296979733
15714,24679.887056773932
15715,24722.57755506705
15716,24886.887727135738
15717,25040.969873073765
15718,25025.741929366028
15719,25318.839634790875
15720,26119.803077399072
15721,26060.293358110735
15722,25957.25149723621
15723,25975.017984845275
15724,25916.720529597762
15725,25917.13459064123
15726,26153.615868132383
15727,26148.990736424345
15728,26099.77887470604
15729,26002.291920721327
15730,26022.263615016756
15731,25941.411655824006
15732,25924.6241830503
15733,26165.666754086815
15734,27129.049442378047
15735,27069.53972308971
15736,27978.784117867865
15737,29276.528372748406
15738,29281.89741941573
15739,29267.549645008603
15740,29545.326002806592
15741,29538.530226067174
15742,29478.35410211763
15743,29407.209769618377
15744,29427.181463913807
15745,29309.80439234508
15746,29299.96945851679
15747,29762.255373909462
15748,29756.637180882924
15749,29697.127461594588
15750,29774.858934582116
15751,0.0
15752,0.0
15753,0.0
15754,0.0
15755,0.0
15756,0.0
15757,0.0
15758,0.0
15759,0.0
15760,0.0
15761,0.0
15762,0.0
15763,0.0
15764,0.0
15765,0.0
15766,0.0
15767,0.0
15768,0.0
15769,0.0
15770,0.0
15771,0.0
15772,0.0
15773,0.0
15774,0.0
15775,0.0
15776,0.0
15777,0.0
15778,0.0
15779,0.0
15780,0.0
15781,0.0
15782,0.0
15783,0.0
15784,0.0
15785,0.0
15786,0.0
15787,0.0
15788,0.0
15789,0.0
15790,0.0
15791,0.0
15792,0.0
15793,0.0
15794,0.0
15795,0.0
15796,0.0
15797,0.0
15798,0.0
15799,0.0
15800,0.0
15801,0.0
15802,0.0
15803,0.0
15804,0.0
15805,0.0
15806,0.0
15807,0.0
15808,0.0
15809,0.0
15810,0.0
15811,0.0
15812,0.0
15813,0.0
15814,0.0
15815,0.0
15816,0.0
15817,0.0
15818,0.0
15819,0.0
15820,0.0
15821,0.0
15822,0.0
15823,0.0
15824,0.0
15825,0.0
15826,0.0
15827,0.0
15828,0.0
15829,0.0
15830,0.0
15831,0.0
15832,0.0
15833,0.0
15834,0.0
15835,0.0
15836,0.0
15837,0.0
15838,0.0
15839,0.0
15840,0.0
15841,0.0
15842,0.0
15843,0.0
15844,0.0
15845,0.0
15846,0.0
15847,0.0
15848,0.0
15849,0.0
15850,0.0
15851,0.0
15852,0.0
15853,0.0
15854,0.0
15855,0.0
15856,0.0
15857,0.0
15858,0.0
15859,0.0
15860,0.0
15861,0.0
15862,0.0
15863,0.0
15864,0.0
15865,0.0
15866,0.0
15867,0.0
15868,0.0
15869,0.0
15870,0.0
15871,0.0
15872,0.0
15873,0.0
15874,0.0
15875,0.0
15876,0.0
15877,0.0
15878,0.0
15879,0.0
15880,0.0
15881,0.0
15882,0.0
15883,0.0
15884,0.0
15885,0.0
15886,0.0
15887,0.0
15888,0.0
15889,0.0
15890,0.0
15891,0.0
15892,0.0
15893,0.0
15894,0.0
15895,0.0
15896,0.0
15897,0.0
15898,0.0
15899,0.0
15900,0.0
15901,0.0
15902,0.0
15903,0.0
15904,0.0
15905,0.0
15906,0.0
15907,0.0
15908,0.0
15909,0.0
15910,0.0
15911,0.0
15912,0.0
15913,0.0
15914,0.0
15915,0.0
15916,0.0
15917,0.0
15918,0.0
15919,0.0
15920,0.0
15921,0.0
15922,0.0
15923,0.0
15924,0.0
15925,0.0
15926,0.0
15927,0.0
15928,0.0
15929,0.0
15930,0.0
15931,0.0
15932,0.0
15933,0.0
15934,0.0
15935,0.0
15936,0.0
15937,0.0
15938,0.0
15939,0.0
15940,0.0
15941,0.0
15942,0.0
15943,0.0
15944,0.0
15945,0.0
15946,0.0
15947,0.0
15948,0.0
15949,0.0
15950,0.0
15951,0.0
15952,0.0
15953,0.0
15954,0.0
15955,0.0
15956,0.0
15957,0.0
15958,0.0
15959,0.0
15960,0.0
15961,0.0
15962,0.0
15963,0.0
15964,0.0
15965,0.0
15966,0.0
15967,0.0
15968,0.0
15969,0.0
15970,0.0
15971,0.0
15972,0.0
15973,0.0
15974,0.0
15975,0.0
15976,0.0
15977,0.0
15978,0.0
15979,0.0
15980,0.0
15981,0.0
15982,0.0
15983,0.0
15984,0.0
15985,0.0
15986,0.0
15987,0.0
15988,0.0
15989,0.0
15990,0.0
15991,0.0
15992,0.0
15993,0.0
15994,0.0
15995,0.0
15996,0.0
15997,0.0
15998,0.0
15999,0.0
16000,0.0
16001,0.0
16002,0.0
16003,0.0
16004,0.0
16005,0.0
16006,0.0
16007,0.0
16008,0.0
16009,0.0
16010,0.0
16011,0.0
16012,0.0
16013,0.0
16014,0.0
16015,0.0
16016,0.0
16017,0.0
16018,0.0
16019,0.0
16020,0.0
16021,0.0
16022,0.0
16023,0.0
16024,0.0
16025,0.0
16026,0.0
16027,0.0
16028,0.0
16029,0.0
16030,0.0
16031,0.0
16032,0.0
16033,0.0
16034,0.0
16035,0.0
16036,0.0
16037,0.0
16038,0.0
16039,0.0
16040,0.0
16041,0.0
16042,0.0
16043,0.0
16044,0.0
16045,0.0
16046,0.0
16047,0.0
16048,0.0
16049,0.0
16050,0.0
16051,0.0
16052,0.0
16053,0.0
16054,0.0
16055,0.0
16056,0.0
16057,0.0
16058,0.0
16059,0.0
16060,0.0
16061,0.0
16062,0.0
16063,0.0
16064,0.0
16065,0.0
16066,0.0
16067,0.0
16068,0.0
16069,0.0
16070,0.0
16071,0.0
16072,0.0
16073,0.0
16074,0.0
16075,0.0
16076,0.0
16077,0.0
16078,0.0
16079,0.0
16080,0.0
16081,0.0
16082,0.0
16083,0.0
16084,0.0
16085,0.0
16086,0.0
16087,0.0
16088,0.0
16089,0.0
16090,0.0
16091,0.0
16092,0.0
16093,0.0
16094,0.0
16095,0.0
16096,0.0
16097,0.0
16098,0.0
16099,0.0
16100,0.0
16101,0.0
16102,0.0
16103,0.0
16104,0.0
16105,0.0
16106,0.0
16107,0.0
16108,0.0
16109,0.0
16110,0.0
16111,0.0
16112,0.0
16113,0.0
16114,0.0
16115,0.0
16116,0.0
16117,0.0
16118,0.0
16119,0.0
16120,0.0
16121,0.0
16122,0.0
16123,0.0
16124,0.0
16125,0.0
16126,0.0
16127,0.0
16128,0.0
16129,0.0
16130,0.0
16131,0.0
16132,0.0
16133,0.0
16134,0.0
16135,0.0
16136,0.0
16137,0.0
16138,0.0
16139,0.0
16140,0.0
16141,0.0
16142,0.0
16143,0.0
16144,0.0
16145,0.0
16146,0.0
16147,0.0
16148,0.0
16149,0.0
16150,0.0
16151,0.0
16152,0.0
16153,0.0
16154,0.0
16155,0.0
16156,0.0
16157,0.0
16158,0.0
16159,0.0
16160,0.0
16161,0.0
16162,0.0
16163,0.0
16164,0.0
16165,0.0
16166,0.0
16167,0.0
16168,0.0
16169,0.0
16170,0.0
16171,0.0
16172,0.0
16173,0.0
16174,0.0
16175,0.0
16176,0.0
16177,0.0
16178,0.0
16179,0.0
16180,0.0
16181,0.0
16182,0.0
16183,0.0
16184,0.0
16185,0.0
16186,0.0
16187,0.0
16188,0.0
16189,0.0
16190,0.0
16191,0.0
16192,0.0
16193,0.0
16194,0.0
16195,0.0
16196,0.0
16197,0.0
16198,0.0
16199,0.0
16200,0.0
16201,0.0
16202,0.0
16203,0.0
16204,0.0
16205,0.0
16206,0.0
16207,0.0
16208,0.0
16209,0.0
16210,0.0
16211,0.0
16212,0.0
16213,0.0
16214,0.0
16215,0.0
16216,0.0
16217,0.0
16218,0.0
16219,0.0
16220,0.0
16221,0.0
16222,0.0
16223,0.0
16224,0.0
16225,0.0
16226,0.0
16227,0.0
16228,0.0
16229,0.0
16230,0.0
16231,0.0
16232,0.0
16233,0.0
16234,0.0
16235,0.0
16236,0.0
16237,0.0
16238,0.0
16239,0.0
16240,0.0
16241,0.0
16242,0.0
16243,0.0
16244,0.0
16245,0.0
16246,0.0
16247,0.0
16248,0.0
16249,0.0
16250,0.0
16251,0.0
16252,0.0
16253,0.0
16254,0.0
16255,0.0
16256,0.0
16257,0.0
16258,0.0
16259,0.0
16260,0.0
16261,0.0
16262,0.0
16263,0.0
16264,0.0
16265,0.0
16266,0.0
16267,0.0
16268,0.0
16269,0.0
16270,0.0
16271,0.0
16272,0.0
16273,0.0
16274,0.0
16275,0.0
16276,0.0
16277,0.0
16278,0.0
16279,0.0
16280,0.0
16281,0.0
16282,0.0
16283,0.0
16284,0.0
16285,0.0
16286,0.0
16287,0.0
16288,0.0
16289,0.0
16290,0.0
16291,0.0
16292,0.0
16293,0.0
16294,0.0
16295,0.0
16296,0.0
16297,0.0
16298,0.0
16299,0.0
16300,0.0
16301,0.0
16302,0.0
16303,0.0
16304,0.0
16305,0.0
16306,0.0
16307,0.0
16308,0.0
16309,0.0
16310,0.0
16311,0.0
16312,0.0
16313,0.0
16314,0.0
16315,0.0
16316,0.0
16317,0.0
16318,0.0
16319,0.0
16320,0.0
16321,0.0
16322,0.0
16323,0.0
16324,0.0
16325,0.0
16326,0.0
16327,0.0
16328,0.0
16329,0.0
16330,0.0
16331,0.0
16332,0.0
16333,0.0
16334,0.0
16335,0.0
16336,0.0
16337,0.0
16338,0.0
16339,0.0
16340,0.0
16341,0.0
16342,0.0
16343,0.0
16344,0.0
16345,0.0
16346,0.0
16347,0.0
16348,0.0
16349,0.0
16350,0.0
16351,0.0
16352,0.0
16353,0.0
16354,0.0
16355,0.0
16356,0.0
16357,0.0
16358,0.0
16359,0.0
16360,0.0
16361,0.0
16362,0.0
16363,0.0
16364,0.0
16365,0.0
16366,0.0
16367,0.0
16368,0.0
16369,0.0
16370,0.0
16371,0.0
16372,0.0
16373,0.0
16374,0.0
16375,0.0
16376,0.0
16377,0.0
16378,0.0
16379,0.0
16380,0.0
16381,0.0
16382,0.0
16383,0.0
16384,0.0
16385,0.0
16386,0.0
16387,0.0
16388,0.0
16389,0.0
16390,0.0
16391,0.0
16392,0.0
16393,0.0
16394,0.0
16395,0.0
16396,0.0
16397,0.0
16398,0.0
16399,0.0
16400,0.0
16401,0.0
16402,0.0
16403,0.0
16404,0.0
16405,0.0
16406,0.0
16407,0.0
16408,0.0
16409,0.0
16410,0.0
16411,0.0
16412,0.0
16413,0.0
16414,0.0
16415,0.0
16416,0.0
16417,0.0
16418,0.0
16419,0.0
16420,0.0
16421,0.0
16422,0.0
16423,0.0
16424,0.0
16425,0.0
16426,0.0
16427,0.0
16428,0.0
16429,0.0
16430,0.0
16431,0.0
16432,0.0
16433,0.0
16434,0.0
16435,0.0
16436,0.0
16437,0.0
16438,0.0
16439,0.0
16440,0.0
16441,0.0
16442,0.0
16443,0.0
16444,0.0
16445,0.0
16446,0.0
16447,0.0
16448,0.0
16449,0.0
16450,0.0
16451,0.0
16452,0.0
16453,0.0
16454,0.0
16455,0.0
16456,0.0
16457,0.0
16458,0.0
16459,0.0
16460,0.0
16461,0.0
16462,0.0
16463,0.0
16464,0.0
16465,0.0
16466,0.0
16467,0.0
16468,0.0
16469,0.0
16470,0.0
16471,0.0
16472,0.0
16473,0.0
16474,0.0
16475,0.0
16476,0.0
16477,0.0
16478,0.0
16479,0.0
16480,0.0
16481,0.0
16482,0.0
16483,0.0
16484,0.0
16485,0.0
16486,0.0
16487,0.0
16488,0.0
16489,0.0
16490,0.0
16491,0.0
16492,0.0
16493,0.0
16494,0.0
16495,0.0
16496,0.0
16497,0.0
16498,0.0
16499,0.0
16500,0.0
16501,0.0
16502,0.0
16503,0.0
16504,0.0
16505,0.0
16506,0.0
16507,0.0
16508,0.0
16509,0.0
16510,0.0
16511,0.0
16512,0.0
16513,0.0
16514,0.0
16515,0.0
16516,0.0
16517,0.0
16518,0.0
16519,0.0
16520,0.0
16521,0.0
16522,0.0
16523,0.0
16524,0.0
16525,0.0
16526,0.0
16527,0.0
16528,0.0
16529,0.0
16530,0.0
16531,0.0
16532,0.0
16533,0.0
16534,0.0
16535,0.0
16536,0.0
16537,0.0
16538,0.0
16539,0.0
16540,0.0
16541,0.0
16542,0.0
16543,0.0
16544,0.0
16545,0.0
16546,0.0
16547,0.0
16548,0.0
16549,0.0
16550,0.0
16551,0.0
16552,0.0
16553,0.0
16554,0.0
16555,0.0
16556,0.0
16557,0.0
16558,0.0
16559,0.0
16560,0.0
16561,0.0
16562,0.0
16563,0.0
16564,0.0
16565,0.0
16566,0.0
16567,0.0
16568,0.0
16569,0.0
16570,0.0
16571,0.0
16572,0.0
16573,0.0
16574,0.0
16575,0.0
16576,0.0
16577,0.0
16578,0.0
16579,0.0
16580,0.0
16581,0.0
16582,0.0
16583,0.0
16584,0.0
16585,0.0
16586,0.0
16587,0.0
16588,0.0
16589,0.0
16590,0.0
16591,0.0
16592,0.0
16593,0.0
16594,0.0
16595,0.0
16596,0.0
16597,0.0
16598,0.0
16599,0.0
16600,0.0
16601,0.0
16602,0.0
16603,0.0
16604,0.0
16605,0.0
16606,0.0
16607,0.0
16608,0.0
16609,0.0
16610,0.0
16611,0.0
16612,0.0
16613,0.0
16614,0.0
16615,0.0
16616,0.0
16617,0.0
16618,0.0
16619,0.0
16620,0.0
16621,0.0
16622,0.0
16623,0.0
16624,0.0
16625,0.0
16626,0.0
16627,0.0
16628,0.0
16629,0.0
16630,0.0
16631,0.0
16632,0.0
16633,0.0
16634,0.0
16635,0.0
16636,0.0
16637,0.0
16638,0.0
16639,0.0
16640,0.0
16641,0.0
16642,0.0
16643,0.0
16644,0.0
16645,0.0
16646,0.0
16647,0.0
16648,0.0
16649,0.0
16650,0.0
16651,0.0
16652,0.0
16653,0.0
16654,0.0
16655,0.0
16656,0.0
16657,0.0
16658,0.0
16659,0.0
16660,0.0
16661,0.0
16662,0.0
16663,0.0
16664,0.0
16665,0.0
16666,0.0
16667,0.0
16668,0.0
16669,0.0
16670,0.0
16671,0.0
16672,0.0
16673,0.0
16674,0.0
16675,0.0
16676,0.0
16677,0.0
16678,0.0
16679,0.0
16680,0.0
16681,0.0
16682,0.0
16683,0.0
16684,0.0
16685,0.0
16686,0.0
16687,0.0
16688,0.0
16689,0.0
16690,0.0
16691,0.0
16692,0.0
16693,0.0
16694,0.0
16695,0.0
16696,0.0
16697,0.0
16698,0.0
16699,0.0
16700,0.0
16701,0.0
16702,0.0
16703,0.0
16704,0.0
16705,0.0
16706,0.0
16707,0.0
16708,0.0
16709,0.0
16710,0.0
16711,0.0
16712,0.0
16713,0.0
16714,0.0
16715,0.0
16716,0.0
16717,0.0
16718,0.0
16719,0.0
16720,0.0
16721,0.0
16722,0.0
16723,0.0
16724,0.0
16725,0.0
16726,0.0
16727,0.0
16728,0.0
16729,0.0
16730,0.0
16731,0.0
16732,0.0
16733,0.0
16734,0.0
16735,0.0
16736,0.0
16737,0.0
16738,0.0
16739,0.0
16740,0.0
16741,0.0
16742,0.0
16743,0.0
16744,0.0
16745,0.0
16746,0.0
16747,0.0
16748,0.0
16749,0.0
16750,0.0
16751,0.0
16752,0.0
16753,0.0
16754,0.0
16755,0.0
16756,0.0
16757,0.0
16758,0.0
16759,0.0
16760,0.0
16761,0.0
16762,0.0
16763,0.0
16764,0.0
16765,0.0
16766,0.0
16767,0.0
16768,0.0
16769,0.0
16770,0.0
16771,0.0
16772,0.0
16773,0.0
16774,0.0
16775,0.0
16776,0.0
16777,0.0
16778,0.0
16779,0.0
16780,0.0
16781,0.0
16782,0.0
16783,0.0
16784,0.0
16785,0.0
16786,0.0
16787,0.0
16788,0.0
16789,0.0
16790,0.0
16791,0.0
16792,0.0
16793,0.0
16794,0.0
16795,0.0
16796,0.0
16797,0.0
16798,0.0
16799,0.0
16800,0.0
16801,0.0
16802,0.0
16803,0.0
16804,0.0
16805,0.0
16806,0.0
16807,0.0
16808,0.0
16809,0.0
16810,0.0
16811,0.0
16812,0.0
16813,0.0
16814,0.0
16815,0.0
16816,0.0
16817,0.0
16818,0.0
16819,0.0
16820,0.0
16821,0.0
16822,0.0
16823,0.0
16824,0.0
16825,0.0
16826,0.0
16827,0.0
16828,0.0
16829,0.0
16830,0.0
16831,0.0
16832,0.0
16833,0.0
16834,0.0
16835,0.0
16836,0.0
16837,0.0
16838,0.0
16839,0.0
16840,0.0
16841,0.0
16842,0.0
16843,0.0
16844,0.0
16845,0.0
16846,0.0
16847,0.0
16848,0.0
16849,0.0
16850,0.0
16851,0.0
16852,0.0
16853,0.0
16854,0.0
16855,0.0
16856,0.0
16857,0.0
16858,0.0
16859,0.0
16860,0.0
16861,0.0
16862,0.0
16863,0.0
16864,0.0
16865,0.0
16866,0.0
16867,0.0
16868,0.0
16869,0.0
16870,0.0
16871,0.0
16872,0.0
16873,0.0
16874,0.0
16875,0.0
16876,0.0
16877,0.0
16878,0.0
16879,0.0
16880,0.0
16881,0.0
16882,0.0
16883,0.0
16884,0.0
16885,0.0
16886,0.0
16887,0.0
16888,0.0
16889,0.0
16890,0.0
16891,0.0
16892,0.0
16893,0.0
16894,0.0
16895,0.0
16896,0.0
16897,0.0
16898,0.0
16899,0.0
16900,0.0
16901,0.0
16902,0.0
16903,0.0
16904,0.0
16905,0.0
16906,0.0
16907,0.0
16908,0.0
16909,0.0
16910,0.0
16911,0.0
16912,0.0
16913,0.0
16914,0.0
16915,0.0
16916,0.0
16917,0.0
16918,0.0
16919,0.0
16920,0.0
16921,0.0
16922,0.0
16923,0.0
16924,0.0
16925,0.0
16926,0.0
16927,0.0
16928,0.0
16929,0.0
16930,0.0
16931,0.0
16932,0.0
16933,0.0
16934,0.0
16935,0.0
16936,0.0
16937,0.0
16938,0.0
16939,0.0
16940,0.0
16941,0.0
16942,0.0
16943,0.0
16944,0.0
16945,0.0
16946,0.0
16947,0.0
16948,0.0
16949,0.0
16950,0.0
16951,0.0
16952,0.0
16953,0.0
16954,0.0
16955,0.0
16956,0.0
16957,0.0
16958,0.0
16959,0.0
16960,0.0
16961,0.0
16962,0.0
16963,0.0
16964,0.0
16965,0.0
16966,0.0
16967,0.0
16968,0.0
16969,0.0
16970,0.0
16971,0.0
16972,0.0
16973,0.0
16974,0.0
16975,0.0
16976,0.0
16977,0.0
16978,0.0
16979,0.0
16980,0.0
16981,0.0
16982,0.0
16983,0.0
16984,0.0
16985,0.0
16986,0.0
16987,0.0
16988,0.0
16989,0.0
16990,0.0
16991,0.0
16992,0.0
16993,0.0
16994,0.0
16995,0.0
16996,0.0
16997,0.0
16998,0.0
16999,0.0
17000,0.0
17001,0.0
17002,0.0
17003,0.0
17004,0.0
17005,0.0
17006,0.0
17007,0.0
17008,0.0
17009,0.0
17010,0.0
17011,0.0
17012,0.0
17013,0.0
17014,0.0
17015,0.0
17016,0.0
17017,0.0
17018,0.0
17019,0.0
17020,0.0
17021,0.0
17022,0.0
17023,0.0
17024,0.0
17025,0.0
17026,0.0
17027,0.0
17028,0.0
17029,0.0
17030,0.0
17031,0.0
17032,0.0
17033,0.0
17034,0.0
17035,0.0
17036,0.0
17037,0.0
17038,0.0
17039,0.0
17040,0.0
17041,0.0
17042,0.0
17043,0.0
17044,0.0
17045,0.0
17046,0.0
17047,0.0
17048,0.0
17049,0.0
17050,0.0
17051,0.0
17052,0.0
17053,0.0
17054,0.0
17055,0.0
17056,0.0
17057,0.0
17058,0.0
17059,0.0
17060,0.0
17061,0.0
17062,0.0
17063,0.0
17064,0.0
17065,0.0
17066,0.0
17067,0.0
17068,0.0
17069,0.0
17070,0.0
17071,0.0
17072,0.0
17073,0.0
17074,0.0
17075,0.0
17076,0.0
17077,0.0
17078,0.0
17079,0.0
17080,0.0
17081,0.0
17082,0.0
17083,0.0
17084,0.0
17085,0.0
17086,0.0
17087,0.0
17088,0.0
17089,0.0
17090,0.0
17091,0.0
17092,0.0
17093,0.0
17094,0.0
17095,0.0
17096,0.0
17097,0.0
17098,0.0
17099,0.0
17100,0.0
17101,0.0
17102,0.0
17103,0.0
17104,0.0
17105,0.0
17106,0.0
17107,0.0
17108,0.0
17109,0.0
17110,0.0
17111,0.0
17112,0.0
17113,0.0
17114,0.0
17115,0.0
17116,0.0
17117,0.0
17118,0.0
17119,0.0
17120,0.0
17121,0.0
17122,0.0
17123,0.0
17124,0.0
17125,0.0
17126,0.0
17127,0.0
17128,0.0
17129,0.0
17130,0.0
17131,0.0
17132,0.0
17133,0.0
17134,0.0
17135,0.0
17136,0.0
17137,0.0
17138,0.0
17139,0.0
17140,0.0
17141,0.0
17142,0.0
17143,0.0
17144,0.0
17145,0.0
17146,0.0
17147,0.0
17148,0.0
17149,0.0
17150,0.0
17151,0.0
17152,0.0
17153,0.0
17154,0.0
17155,0.0
17156,0.0
17157,0.0
17158,0.0
17159,0.0
17160,0.0
17161,0.0
17162,0.0
17163,0.0
17164,0.0
17165,0.0
17166,0.0
17167,0.0
17168,0.0
17169,0.0
17170,0.0
17171,0.0
17172,0.0
17173,0.0
17174,0.0
17175,0.0
17176,0.0
17177,0.0
17178,0.0
17179,0.0
17180,0.0
17181,0.0
17182,0.0
17183,0.0
17184,0.0
17185,0.0
17186,0.0
17187,0.0
17188,0.0
17189,0.0
17190,0.0
17191,0.0
17192,0.0
17193,0.0
17194,0.0
17195,0.0
17196,0.0
17197,0.0
17198,0.0
17199,0.0
17200,0.0
17201,0.0
17202,0.0
17203,0.0
17204,0.0
17205,0.0
17206,0.0
17207,0.0
17208,0.0
17209,0.0
17210,0.0
17211,0.0
17212,0.0
17213,0.0
17214,0.0
17215,0.0
17216,0.0
17217,0.0
17218,0.0
17219,0.0
17220,0.0
17221,0.0
17222,0.0
17223,0.0
17224,0.0
17225,0.0
17226,0.0
17227,0.0
17228,0.0
17229,0.0
17230,0.0
17231,0.0
17232,0.0
17233,0.0
17234,0.0
17235,0.0
17236,0.0
17237,0.0
17238,0.0
17239,0.0
17240,0.0
17241,0.0
17242,0.0
17243,0.0
17244,0.0
17245,0.0
17246,0.0
17247,0.0
17248,0.0
17249,0.0
17250,0.0
17251,0.0
17252,0.0
17253,0.0
17254,0.0
17255,0.0
17256,0.0
17257,0.0
17258,0.0
17259,0.0
17260,0.0
17261,0.0
17262,0.0
17263,0.0
17264,0.0
17265,0.0
17266,0.0
17267,0.0
17268,0.0
17269,0.0
17270,0.0
17271,0.0
17272,0.0
17273,0.0
17274,0.0
17275,0.0
17276,0.0
17277,0.0
17278,0.0
17279,0.0
17280,0.0
17281,0.0
17282,0.0
17283,0.0
17284,0.0
17285,0.0
17286,0.0
17287,0.0
17288,0.0
17289,0.0
17290,0.0
17291,0.0
17292,0.0
17293,0.0
17294,0.0
17295,0.0
17296,0.0
17297,0.0
17298,0.0
17299,0.0
17300,0.0
17301,0.0
17302,0.0
17303,0.0
17304,0.0
17305,0.0
17306,0.0
17307,0.0
17308,0.0
17309,0.0
17310,0.0
17311,0.0
17312,0.0
17313,0.0
17314,0.0
17315,0.0
17316,0.0
17317,0.0
17318,0.0
17319,0.0
17320,0.0
17321,0.0
17322,0.0
17323,0.0
17324,0.0
17325,0.0
17326,0.0
17327,0.0
17328,0.0
17329,0.0
17330,0.0
17331,0.0
17332,0.0
17333,0.0
17334,0.0
17335,0.0
17336,0.0
17337,0.0
17338,0.0
17339,0.0
17340,0.0
17341,0.0
17342,0.0
17343,0.0
17344,0.0
17345,0.0
17346,0.0
17347,0.0
17348,0.0
17349,0.0
17350,0.0
17351,0.0
17352,0.0
17353,0.0
17354,0.0
17355,0.0
17356,0.0
17357,0.0
17358,0.0
17359,0.0
17360,0.0
17361,0.0
17362,0.0
17363,0.0
17364,0.0
17365,0.0
17366,0.0
17367,0.0
17368,0.0
17369,0.0
17370,0.0
17371,0.0
17372,0.0
17373,0.0
17374,0.0
17375,0.0
17376,0.0
17377,0.0
17378,0.0
17379,0.0
17380,0.0
17381,0.0
17382,0.0
17383,0.0
17384,0.0
17385,0.0
17386,0.0
17387,0.0
17388,0.0
17389,0.0
17390,0.0
17391,0.0
17392,0.0
17393,0.0
17394,0.0
17395,0.0
17396,0.0
17397,0.0
17398,0.0
17399,0.0
17400,0.0
17401,0.0
17402,0.0
17403,0.0
17404,0.0
17405,0.0
17406,0.0
17407,0.0
17408,0.0
17409,0.0
17410,0.0
17411,0.0
17412,0.0
17413,0.0
17414,0.0
17415,0.0
17416,0.0
17417,0.0
17418,0.0
17419,0.0
17420,0.0
17421,0.0
17422,0.0
17423,0.0
17424,0.0
17425,0.0
17426,0.0
17427,0.0
17428,0.0
17429,0.0
17430,0.0
17431,0.0
17432,0.0
17433,0.0
17434,0.0
17435,0.0
17436,0.0
17437,0.0
17438,0.0
17439,0.0
17440,0.0
17441,0.0
17442,0.0
17443,0.0
17444,0.0
17445,0.0
17446,0.0
17447,0.0
17448,0.0
17449,0.0
17450,0.0
17451,0.0
17452,0.0
17453,0.0
17454,0.0
17455,0.0
17456,0.0
17457,0.0
17458,0.0
17459,0.0
17460,0.0
17461,0.0
17462,0.0
17463,0.0
17464,0.0
17465,0.0
17466,0.0
17467,0.0
17468,0.0
17469,0.0
17470,0.0
17471,0.0
17472,0.0
17473,0.0
17474,0.0
17475,0.0
17476,0.0
17477,0.0
17478,0.0
17479,0.0
17480,0.0
17481,0.0
17482,0.0
17483,0.0
17484,0.0
17485,0.0
17486,0.0
17487,0.0
17488,0.0
17489,0.0
17490,0.0
17491,0.0
17492,0.0
17493,0.0
17494,0.0
17495,0.0
17496,0.0
17497,0.0
17498,0.0
17499,0.0
17500,0.0
17501,0.0
17502,0.0
17503,0.0
17504,0.0
17505,0.0
17506,0.0
17507,0.0
17508,0.0
17509,0.0
17510,0.0
17511,0.0
17512,0.0
17513,0.0
17514,0.0
17515,0.0
17516,0.0
17517,0.0
17518,0.0
17519,0.0
17520,0.0
17521,0.0
17522,0.0
17523,0.0
17524,0.0
17525,0.0
17526,0.0
17527,0.0
17528,0.0
17529,0.0
17530,0.0
17531,0.0
17532,0.0
17533,0.0
17534,0.0
17535,0.0
17536,0.0
17537,0.0
17538,0.0
17539,0.0
17540,0.0
17541,0.0
17542,0.0
17543,0.0
17544,0.0
17545,0.0
17546,0.0
17547,0.0
17548,0.0
17549,0.0
17550,0.0
17551,0.0
17552,0.0
17553,0.0
17554,0.0
17555,0.0
17556,0.0
17557,0.0
17558,0.0
17559,0.0
17560,0.0
17561,0.0
17562,0.0
17563,0.0
17564,0.0
17565,0.0
17566,0.0
17567,0.0
17568,0.0
17569,0.0
17570,0.0
17571,0.0
17572,0.0
17573,0.0
17574,0.0
17575,0.0
17576,0.0
17577,0.0
17578,0.0
17579,0.0
17580,0.0
17581,0.0
17582,0.0
17583,0.0
17584,0.0
17585,0.0
17586,0.0
17587,0.0
17588,0.0
17589,0.0
17590,0.0
17591,0.0
17592,0.0
17593,0.0
17594,0.0
17595,0.0
17596,0.0
17597,0.0
17598,0.0
17599,0.0
17600,0.0
17601,0.0
17602,0.0
17603,0.0
17604,0.0
17605,0.0
17606,0.0
17607,0.0
17608,0.0
17609,0.0
17610,0.0
17611,0.0
17612,0.0
17613,0.0
17614,0.0
17615,0.0
17616,0.0
17617,0.0
17618,0.0
17619,0.0
17620,0.0
17621,0.0
17622,0.0
17623,0.0
17624,0.0
17625,0.0
17626,0.0
17627,0.0
17628,0.0
17629,0.0
17630,0.0
17631,0.0
17632,0.0
17633,0.0
17634,0.0
17635,0.0
17636,0.0
17637,0.0
17638,0.0
17639,0.0
17640,0.0
17641,0.0
17642,0.0
17643,0.0
17644,0.0
17645,0.0
17646,0.0
17647,0.0
17648,0.0
17649,0.0
17650,0.0
17651,0.0
17652,0.0
17653,0.0
17654,0.0
17655,0.0
17656,0.0
17657,0.0
17658,0.0
17659,0.0
17660,0.0
17661,0.0
17662,0.0
17663,0.0
17664,0.0
17665,0.0
17666,0.0
17667,0.0
17668,0.0
17669,0.0
17670,0.0
17671,0.0
17672,0.0
17673,0.0
17674,0.0
17675,0.0
17676,0.0
17677,0.0
17678,0.0
17679,0.0
17680,0.0
17681,0.0
17682,0.0
17683,0.0
17684,0.0
17685,0.0
17686,0.0
17687,0.0
17688,0.0
17689,0.0
17690,0.0
17691,0.0
17692,0.0
17693,0.0
17694,0.0
17695,0.0
17696,0.0
17697,0.0
17698,0.0
17699,0.0
17700,0.0
17701,0.0
17702,0.0
17703,0.0
17704,0.0
17705,0.0
17706,0.0
17707,0.0
17708,0.0
17709,0.0
17710,0.0
17711,0.0
17712,0.0
17713,0.0
17714,0.0
17715,0.0
17716,0.0
17717,0.0
17718,0.0
17719,0.0
17720,0.0
17721,0.0
17722,0.0
17723,0.0
17724,0.0
17725,0.0
17726,0.0
17727,0.0
17728,0.0
17729,0.0
17730,0.0
17731,0.0
17732,0.0
17733,0.0
17734,0.0
17735,0.0
17736,0.0
17737,0.0
17738,0.0
17739,0.0
17740,0.0
17741,0.0
17742,0.0
17743,0.0
17744,0.0
17745,0.0
17746,0.0
17747,0.0
17748,0.0
17749,0.0
17750,0.0
17751,0.0
17752,0.0
17753,0.0
17754,0.0
17755,0.0
17756,0.0
17757,0.0
17758,0.0
17759,0.0
17760,0.0
17761,0.0
17762,0.0
17763,0.0
17764,0.0
17765,0.0
17766,0.0
17767,0.0
17768,0.0
17769,0.0
17770,0.0
17771,0.0
17772,0.0
17773,0.0
17774,0.0
17775,0.0
17776,0.0
17777,0.0
17778,0.0
17779,0.0
17780,0.0
17781,0.0
17782,0.0
17783,0.0
17784,0.0
17785,0.0
17786,0.0
17787,0.0
17788,0.0
17789,0.0
17790,0.0
17791,0.0
17792,0.0
17793,0.0
17794,0.0
17795,0.0
17796,0.0
17797,0.0
17798,0.0
17799,0.0
17800,0.0
17801,0.0
17802,0.0
17803,0.0
17804,0.0
17805,0.0
17806,0.0
17807,0.0
17808,0.0
17809,0.0
17810,0.0
17811,0.0
17812,0.0
17813,0.0
17814,0.0
17815,0.0
17816,0.0
17817,0.0
17818,0.0
17819,0.0
17820,0.0
17821,0.0
17822,0.0
17823,0.0
17824,0.0
17825,0.0
17826,0.0
17827,0.0
17828,0.0
17829,0.0
17830,0.0
17831,0.0
17832,0.0
17833,0.0
17834,0.0
17835,0.0
17836,0.0
17837,0.0
17838,0.0
17839,0.0
17840,0.0
17841,0.0
17842,0.0
17843,0.0
17844,0.0
17845,0.0
17846,0.0
17847,0.0
17848,0.0
17849,0.0
17850,0.0
17851,0.0
17852,0.0
17853,0.0
17854,0.0
17855,0.0
17856,0.0
17857,0.0
17858,0.0
17859,0.0
17860,0.0
17861,0.0
17862,0.0
17863,0.0
17864,0.0
17865,0.0
17866,0.0
17867,0.0
17868,0.0
17869,0.0
17870,0.0
17871,0.0
17872,0.0
17873,0.0
17874,0.0
17875,0.0
17876,0.0
17877,0.0
17878,0.0
17879,0.0
17880,0.0
17881,0.0
17882,0.0
17883,0.0
17884,0.0
17885,0.0
17886,0.0
17887,0.0
17888,0.0
17889,0.0
17890,0.0
17891,0.0
17892,0.0
17893,0.0
17894,0.0
17895,0.0
17896,0.0
17897,0.0
17898,0.0
17899,0.0
17900,0.0
17901,0.0
17902,0.0
17903,0.0
17904,0.0
17905,0.0
17906,0.0
17907,0.0
17908,0.0
17909,0.0
17910,0.0
17911,0.0
17912,0.0
17913,0.0
17914,0.0
17915,0.0
17916,0.0
17917,0.0
17918,0.0
17919,0.0
17920,0.0
17921,0.0
17922,0.0
17923,0.0
17924,0.0
17925,0.0
17926,0.0
17927,0.0
17928,0.0
17929,0.0
17930,0.0
17931,0.0
17932,0.0
17933,0.0
17934,0.0
17935,0.0
17936,0.0
17937,0.0
17938,0.0
17939,0.0
17940,0.0
17941,0.0
17942,0.0
17943,0.0
17944,0.0
17945,0.0
17946,0.0
17947,0.0
17948,0.0
17949,0.0
17950,0.0
17951,0.0
17952,0.0
17953,0.0
17954,0.0
17955,0.0
17956,0.0
17957,0.0
17958,0.0
17959,0.0
17960,0.0
17961,0.0
17962,0.0
17963,0.0
17964,0.0
17965,0.0
17966,0.0
17967,0.0
17968,0.0
17969,0.0
17970,0.0
17971,0.0
17972,0.0
17973,0.0
17974,0.0
17975,0.0
17976,0.0
17977,0.0
17978,0.0
17979,0.0
17980,0.0
17981,0.0
17982,0.0
17983,0.0
17984,0.0
17985,0.0
17986,0.0
17987,0.0
17988,0.0
17989,0.0
17990,0.0
17991,0.0
17992,0.0
17993,0.0
17994,0.0
17995,0.0
17996,0.0
17997,0.0
17998,0.0
17999,0.0
18000,0.0
18001,0.0
18002,0.0
18003,0.0
18004,0.0
18005,0.0
18006,0.0
18007,0.0
18008,0.0
18009,0.0
18010,0.0
18011,0.0
18012,0.0
18013,0.0
18014,0.0
18015,0.0
18016,0.0
18017,0.0
18018,0.0
18019,0.0
18020,0.0
18021,0.0
18022,0.0
18023,0.0
18024,0.0
18025,0.0
18026,0.0
18027,0.0
18028,0.0
18029,0.0
18030,0.0
18031,0.0
18032,0.0
18033,0.0
18034,0.0
18035,0.0
18036,0.0
18037,0.0
18038,0.0
18039,0.0
18040,0.0
18041,0.0
18042,0.0
18043,0.0
18044,0.0
18045,0.0
18046,0.0
18047,0.0
18048,0.0
18049,0.0
18050,0.0
18051,0.0
18052,0.0
18053,0.0
18054,0.0
18055,0.0
18056,0.0
18057,0.0
18058,0.0
18059,0.0
18060,0.0
18061,0.0
18062,0.0
18063,0.0
18064,0.0
18065,0.0
18066,0.0
18067,0.0
18068,0.0
18069,0.0
18070,0.0
18071,0.0
18072,0.0
18073,0.0
18074,0.0
18075,0.0
18076,0.0
18077,0.0
18078,0.0
18079,0.0
18080,0.0
18081,0.0
18082,0.0
18083,0.0
18084,0.0
18085,0.0
18086,0.0
18087,0.0
18088,0.0
18089,0.0
18090,0.0
18091,0.0
18092,0.0
18093,0.0
18094,0.0
18095,0.0
18096,0.0
18097,0.0
18098,0.0
18099,0.0
18100,0.0
18101,0.0
18102,0.0
18103,0.0
18104,0.0
18105,0.0
18106,0.0
18107,0.0
18108,0.0
18109,0.0
18110,0.0
18111,0.0
18112,0.0
18113,0.0
18114,0.0
18115,0.0
18116,0.0
18117,0.0
18118,0.0
18119,0.0
18120,0.0
18121,0.0
18122,0.0
18123,0.0
18124,0.0
18125,0.0
18126,0.0
18127,0.0
18128,0.0
18129,0.0
18130,0.0
18131,0.0
18132,0.0
18133,0.0
18134,0.0
18135,0.0
18136,0.0
18137,0.0
18138,0.0
18139,0.0
18140,0.0
18141,0.0
18142,0.0
18143,0.0
18144,0.0
18145,0.0
18146,0.0
18147,0.0
18148,0.0
18149,0.0
18150,0.0
18151,0.0
18152,0.0
18153,0.0
18154,0.0
18155,0.0
18156,0.0
18157,0.0
18158,0.0
18159,0.0
18160,0.0
18161,0.0
18162,0.0
18163,0.0
18164,0.0
18165,0.0
18166,0.0
18167,0.0
18168,0.0
18169,0.0
18170,0.0
18171,0.0
18172,0.0
18173,0.0
18174,0.0
18175,0.0
18176,0.0
18177,0.0
18178,0.0
18179,0.0
18180,0.0
18181,0.0
18182,0.0
18183,0.0
18184,0.0
18185,0.0
18186,0.0
18187,0.0
18188,0.0
18189,0.0
18190,0.0
18191,0.0
18192,0.0
18193,0.0
18194,0.0
18195,0.0
18196,0.0
18197,0.0
18198,0.0
18199,0.0
18200,0.0
18201,0.0
18202,0.0
18203,0.0
18204,0.0
18205,0.0
18206,0.0
18207,0.0
18208,0.0
18209,0.0
18210,0.0
18211,0.0
18212,0.0
18213,0.0
18214,0.0
18215,0.0
18216,0.0
18217,0.0
18218,0.0
18219,0.0
18220,0.0
18221,0.0
18222,0.0
18223,0.0
18224,0.0
18225,0.0
18226,0.0
18227,0.0
18228,0.0
18229,0.0
18230,0.0
18231,0.0
18232,0.0
18233,0.0
18234,0.0
18235,0.0
18236,0.0
18237,0.0
18238,0.0
18239,0.0
18240,0.0
18241,0.0
18242,0.0
18243,0.0
18244,0.0
18245,0.0
18246,0.0
18247,0.0
18248,0.0
18249,0.0
18250,0.0
18251,0.0
18252,0.0
18253,0.0
18254,0.0
18255,0.0
18256,0.0
18257,0.0
18258,0.0
18259,0.0
18260,0.0
18261,0.0
18262,0.0
18263,0.0
18264,0.0
18265,0.0
18266,0.0
18267,0.0
18268,0.0
18269,0.0
18270,0.0
18271,0.0
18272,0.0
18273,0.0
18274,0.0
18275,0.0
18276,0.0
18277,0.0
18278,0.0
18279,0.0
18280,0.0
18281,0.0
18282,0.0
18283,0.0
18284,0.0
18285,0.0
18286,0.0
18287,0.0
18288,0.0
18289,0.0
18290,0.0
18291,0.0
18292,0.0
18293,0.0
18294,0.0
18295,0.0
18296,0.0
18297,0.0
18298,0.0
18299,0.0
18300,0.0
18301,0.0
18302,0.0
18303,0.0
18304,0.0
18305,0.0
18306,0.0
18307,0.0
18308,0.0
18309,0.0
18310,0.0
18311,0.0
18312,0.0
18313,0.0
18314,0.0
18315,0.0
18316,0.0
18317,0.0
18318,0.0
18319,0.0
18320,0.0
18321,0.0
18322,0.0
18323,0.0
18324,0.0
18325,0.0
18326,0.0
18327,0.0
18328,0.0
18329,0.0
18330,0.0
18331,0.0
18332,0.0
18333,0.0
18334,0.0
18335,0.0
18336,0.0
18337,0.0
18338,0.0
18339,0.0
18340,0.0
18341,0.0
18342,0.0
18343,0.0
18344,0.0
18345,0.0
18346,0.0
18347,0.0
18348,0.0
18349,0.0
18350,0.0
18351,0.0
18352,0.0
18353,0.0
18354,0.0
18355,0.0
18356,0.0
18357,0.0
18358,0.0
18359,0.0
18360,0.0
18361,0.0
18362,0.0
18363,0.0
18364,0.0
18365,0.0
18366,0.0
18367,0.0
18368,0.0
18369,0.0
18370,0.0
18371,0.0
18372,0.0
18373,0.0
18374,0.0
18375,0.0
18376,0.0
18377,0.0
18378,0.0
18379,0.0
18380,0.0
18381,0.0
18382,0.0
18383,0.0
18384,0.0
18385,0.0
18386,0.0
18387,0.0
18388,0.0
18389,0.0
18390,0.0
18391,0.0
18392,0.0
18393,0.0
18394,0.0
18395,0.0
18396,0.0
18397,0.0
18398,0.0
18399,0.0
18400,0.0
18401,0.0
18402,0.0
18403,0.0
18404,0.0
18405,0.0
18406,0.0
18407,0.0
18408,0.0
18409,0.0
18410,0.0
18411,0.0
18412,0.0
18413,0.0
18414,0.0
18415,0.0
18416,0.0
18417,0.0
18418,0.0
18419,0.0
18420,0.0
18421,0.0
18422,0.0
18423,0.0
18424,0.0
18425,0.0
18426,0.0
18427,0.0
18428,0.0
18429,0.0
18430,0.0
18431,0.0
18432,0.0
18433,0.0
18434,0.0
18435,0.0
18436,0.0
18437,0.0
18438,0.0
18439,0.0
18440,0.0
18441,0.0
18442,0.0
18443,0.0
18444,0.0
18445,0.0
18446,0.0
18447,0.0
18448,0.0
18449,0.0
18450,0.0
18451,0.0
18452,0.0
18453,0.0
18454,0.0
18455,0.0
18456,0.0
18457,0.0
18458,0.0
18459,0.0
18460,0.0
18461,0.0
18462,0.0
18463,0.0
18464,0.0
18465,0.0
18466,0.0
18467,0.0
18468,0.0
18469,0.0
18470,0.0
18471,0.0
18472,0.0
18473,0.0
18474,0.0
18475,0.0
18476,0.0
18477,0.0
18478,0.0
18479,0.0
18480,0.0
18481,0.0
18482,0.0
18483,0.0
18484,0.0
18485,0.0
18486,0.0
18487,0.0
18488,0.0
18489,0.0
18490,0.0
18491,0.0
18492,0.0
18493,0.0
18494,0.0
18495,0.0
18496,0.0
18497,0.0
18498,0.0
18499,0.0
18500,0.0
18501,0.0
18502,0.0
18503,0.0
18504,0.0
18505,0.0
18506,0.0
18507,0.0
18508,0.0
18509,0.0
18510,0.0
18511,0.0
18512,0.0
18513,0.0
18514,0.0
18515,0.0
18516,0.0
18517,0.0
18518,0.0
18519,0.0
18520,0.0
18521,0.0
18522,0.0
18523,0.0
18524,0.0
18525,0.0
18526,0.0
18527,0.0
18528,0.0
18529,0.0
18530,0.0
18531,0.0
18532,0.0
18533,0.0
18534,0.0
18535,0.0
18536,0.0
18537,0.0
18538,0.0
18539,0.0
18540,0.0
18541,0.0
18542,0.0
18543,0.0
18544,0.0
18545,0.0
18546,0.0
18547,0.0
18548,0.0
18549,0.0
18550,0.0
18551,0.0
18552,0.0
18553,0.0
18554,0.0
18555,0.0
18556,0.0
18557,0.0
18558,0.0
18559,0.0
18560,0.0
18561,0.0
18562,0.0
18563,0.0
18564,0.0
18565,0.0
18566,0.0
18567,0.0
18568,0.0
18569,0.0
18570,0.0
18571,0.0
18572,0.0
18573,0.0
18574,0.0
18575,0.0
18576,0.0
18577,0.0
18578,0.0
18579,0.0
18580,0.0
18581,0.0
18582,0.0
18583,0.0
18584,0.0
18585,0.0
18586,0.0
18587,0.0
18588,0.0
18589,0.0
18590,0.0
18591,0.0
18592,0.0
18593,0.0
18594,0.0
18595,0.0
18596,0.0
18597,0.0
18598,0.0
18599,0.0
18600,0.0
18601,0.0
18602,0.0
18603,0.0
18604,0.0
18605,0.0
18606,0.0
18607,0.0
18608,0.0
18609,0.0
18610,0.0
18611,0.0
18612,0.0
18613,0.0
18614,0.0
18615,0.0
18616,0.0
18617,0.0
18618,0.0
18619,0.0
18620,0.0
18621,0.0
18622,0.0
18623,0.0
18624,0.0
18625,0.0
18626,0.0
18627,0.0
18628,0.0
18629,0.0
18630,0.0
18631,0.0
18632,0.0
18633,0.0
18634,0.0
18635,0.0
18636,0.0
18637,0.0
18638,0.0
18639,0.0
18640,0.0
18641,0.0
18642,0.0
18643,0.0
18644,0.0
18645,0.0
18646,0.0
18647,0.0
18648,0.0
18649,0.0
18650,0.0
18651,0.0
18652,0.0
18653,0.0
18654,0.0
18655,0.0
18656,0.0
18657,0.0
18658,0.0
18659,0.0
18660,0.0
18661,0.0
18662,0.0
18663,0.0
18664,0.0
18665,0.0
18666,0.0
18667,0.0
18668,0.0
18669,0.0
18670,0.0
18671,0.0
18672,0.0
18673,0.0
18674,0.0
18675,0.0
18676,0.0
18677,0.0
18678,0.0
18679,0.0
18680,0.0
18681,0.0
18682,0.0
18683,0.0
18684,0.0
18685,0.0
18686,0.0
18687,0.0
18688,0.0
18689,0.0
18690,0.0
18691,0.0
18692,0.0
18693,0.0
18694,0.0
18695,0.0
18696,0.0
18697,0.0
18698,0.0
18699,0.0
18700,0.0
18701,0.0
18702,0.0
18703,0.0
18704,0.0
18705,0.0
18706,0.0
18707,0.0
18708,0.0
18709,0.0
18710,0.0
18711,0.0
18712,0.0
18713,0.0
18714,0.0
18715,0.0
18716,0.0
18717,0.0
18718,0.0
18719,0.0
18720,0.0
18721,0.0
18722,0.0
18723,0.0
18724,0.0
18725,0.0
18726,0.0
18727,0.0
18728,0.0
18729,0.0
18730,0.0
18731,0.0
18732,0.0
18733,0.0
18734,0.0
18735,0.0
18736,0.0
18737,0.0
18738,0.0
18739,0.0
18740,0.0
18741,0.0
18742,0.0
18743,0.0
18744,0.0
18745,0.0
18746,0.0
18747,0.0
18748,0.0
18749,0.0
18750,0.0
18751,0.0
18752,0.0
18753,0.0
18754,0.0
18755,0.0
18756,0.0
18757,0.0
18758,0.0
18759,0.0
18760,0.0
18761,0.0
18762,0.0
18763,0.0
18764,0.0
18765,0.0
18766,0.0
18767,0.0
18768,0.0
18769,0.0
18770,0.0
18771,0.0
18772,0.0
18773,0.0
18774,0.0
18775,0.0
18776,0.0
18777,0.0
18778,0.0
18779,0.0
18780,0.0
18781,0.0
18782,0.0
18783,0.0
18784,0.0
18785,0.0
18786,0.0
18787,0.0
18788,0.0
18789,0.0
18790,0.0
18791,0.0
18792,0.0
18793,0.0
18794,0.0
18795,0.0
18796,0.0
18797,0.0
18798,0.0
18799,0.0
18800,0.0
18801,0.0
18802,0.0
18803,0.0
18804,0.0
18805,0.0
18806,0.0
18807,0.0
18808,0.0
18809,0.0
18810,0.0
18811,0.0
18812,0.0
18813,0.0
18814,0.0
18815,0.0
18816,0.0
18817,0.0
18818,0.0
18819,0.0
18820,0.0
18821,0.0
18822,0.0
18823,0.0
18824,0.0
18825,0.0
18826,0.0
18827,0.0
18828,0.0
18829,0.0
18830,0.0
18831,0.0
18832,0.0
18833,0.0
18834,0.0
18835,0.0
18836,0.0
18837,0.0
18838,0.0
18839,0.0
18840,0.0
18841,0.0
18842,0.0
18843,0.0
18844,0.0
18845,0.0
18846,0.0
18847,0.0
18848,0.0
18849,0.0
18850,0.0
18851,0.0
18852,0.0
18853,0.0
18854,0.0
18855,0.0
18856,0.0
18857,0.0
18858,0.0
18859,0.0
18860,0.0
18861,0.0
18862,0.0
18863,0.0
18864,0.0
18865,0.0
18866,0.0
18867,0.0
18868,0.0
18869,0.0
18870,0.0
18871,0.0
18872,0.0
18873,0.0
18874,0.0
18875,0.0
18876,0.0
18877,0.0
18878,0.0
18879,0.0
18880,0.0
18881,0.0
18882,0.0
18883,0.0
18884,0.0
18885,0.0
18886,0.0
18887,0.0
18888,0.0
18889,0.0
18890,0.0
18891,0.0
18892,0.0
18893,0.0
18894,0.0
18895,0.0
18896,0.0
18897,0.0
18898,0.0
18899,0.0
18900,0.0
18901,0.0
18902,0.0
18903,0.0
18904,0.0
18905,0.0
18906,0.0
18907,0.0
18908,0.0
18909,0.0
18910,0.0
18911,0.0
18912,0.0
18913,0.0
18914,0.0
18915,0.0
18916,0.0
18917,0.0
18918,0.0
18919,0.0
18920,0.0
18921,0.0
18922,0.0
18923,0.0
18924,0.0
18925,0.0
18926,0.0
18927,0.0
18928,0.0
18929,0.0
18930,0.0
18931,0.0
18932,0.0
18933,0.0
18934,0.0
18935,0.0
18936,0.0
18937,0.0
18938,0.0
18939,0.0
18940,0.0
18941,0.0
18942,0.0
18943,0.0
18944,0.0
18945,0.0
18946,0.0
18947,0.0
18948,0.0
18949,0.0
18950,0.0
18951,0.0
18952,0.0
18953,0.0
18954,0.0
18955,0.0
18956,0.0
18957,0.0
18958,0.0
18959,0.0
18960,0.0
18961,0.0
18962,0.0
18963,0.0
18964,0.0
18965,0.0
18966,0.0
18967,0.0
18968,0.0
18969,0.0
18970,0.0
18971,0.0
18972,0.0
18973,0.0
18974,0.0
18975,0.0
18976,0.0
18977,0.0
18978,0.0
18979,0.0
18980,0.0
18981,0.0
18982,0.0
18983,0.0
18984,0.0
18985,0.0
18986,0.0
18987,0.0
18988,0.0
18989,0.0
18990,0.0
18991,0.0
18992,0.0
18993,0.0
18994,0.0
18995,0.0
18996,0.0
18997,0.0
18998,0.0
18999,0.0
19000,0.0
19001,0.0
19002,0.0
19003,0.0
19004,0.0
19005,0.0
19006,0.0
19007,0.0
19008,0.0
19009,0.0
19010,0.0
19011,0.0
19012,0.0
19013,0.0
19014,0.0
19015,0.0
19016,0.0
19017,0.0
19018,0.0
19019,0.0
19020,0.0
19021,0.0
19022,0.0
19023,0.0
19024,0.0
19025,0.0
19026,0.0
19027,0.0
19028,0.0
19029,0.0
19030,0.0
19031,0.0
19032,0.0
19033,0.0
19034,0.0
19035,0.0
19036,0.0
19037,0.0
19038,0.0
19039,0.0
19040,0.0
19041,0.0
19042,0.0
19043,0.0
19044,0.0
19045,0.0
19046,0.0
19047,0.0
19048,0.0
19049,0.0
19050,0.0
19051,0.0
19052,0.0
19053,0.0
19054,0.0
19055,0.0
19056,0.0
19057,0.0
19058,0.0
19059,0.0
19060,0.0
19061,0.0
19062,0.0
19063,0.0
19064,0.0
19065,0.0
19066,0.0
19067,0.0
19068,0.0
19069,0.0
19070,0.0
19071,0.0
19072,0.0
19073,0.0
19074,0.0
19075,0.0
19076,0.0
19077,0.0
19078,0.0
19079,0.0
19080,0.0
19081,0.0
19082,0.0
19083,0.0
19084,0.0
19085,0.0
19086,0.0
19087,0.0
19088,0.0
19089,0.0
19090,0.0
19091,0.0
19092,0.0
19093,0.0
19094,0.0
19095,0.0
19096,0.0
19097,0.0
19098,0.0
19099,0.0
19100,0.0
19101,0.0
19102,0.0
19103,0.0
19104,0.0
19105,0.0
19106,0.0
19107,0.0
19108,0.0
19109,0.0
19110,0.0
19111,0.0
19112,0.0
19113,0.0
19114,0.0
19115,0.0
19116,0.0
19117,0.0
19118,0.0
19119,0.0
19120,0.0
19121,0.0
19122,0.0
19123,0.0
19124,0.0
19125,0.0
19126,0.0
19127,0.0
19128,0.0
19129,0.0
19130,0.0
19131,0.0
19132,0.0
19133,0.0
19134,0.0
19135,0.0
19136,0.0
19137,0.0
19138,0.0
19139,0.0
19140,0.0
19141,0.0
19142,0.0
19143,0.0
19144,0.0
19145,0.0
19146,0.0
19147,0.0
19148,0.0
19149,0.0
19150,0.0
19151,0.0
19152,0.0
19153,0.0
19154,0.0
19155,0.0
19156,0.0
19157,0.0
19158,0.0
19159,0.0
19160,0.0
19161,0.0
19162,0.0
19163,0.0
19164,0.0
19165,0.0
19166,0.0
19167,0.0
19168,0.0
19169,0.0
19170,0.0
19171,0.0
19172,0.0
19173,0.0
19174,0.0
19175,0.0
19176,0.0
19177,0.0
19178,0.0
19179,0.0
19180,0.0
19181,0.0
19182,0.0
19183,0.0
19184,0.0
19185,0.0
19186,0.0
19187,0.0
19188,0.0
19189,0.0
19190,0.0
19191,0.0
19192,0.0
19193,0.0
19194,0.0
19195,0.0
19196,0.0
19197,0.0
19198,0.0
19199,0.0
19200,0.0
19201,0.0
19202,0.0
19203,0.0
19204,0.0
19205,0.0
19206,0.0
19207,0.0
19208,0.0
19209,0.0
19210,0.0
19211,0.0
19212,0.0
19213,0.0
19214,0.0
19215,0.0
19216,0.0
19217,0.0
19218,0.0
19219,0.0
19220,0.0
19221,0.0
19222,0.0
19223,0.0
19224,0.0
19225,0.0
19226,0.0
19227,0.0
19228,0.0
19229,0.0
19230,0.0
19231,0.0
19232,0.0
19233,0.0
19234,0.0
19235,0.0
19236,0.0
19237,0.0
19238,0.0
19239,0.0
19240,0.0
19241,0.0
19242,0.0
19243,0.0
19244,0.0
19245,0.0
19246,0.0
19247,0.0
19248,0.0
19249,0.0
19250,0.0
19251,0.0
19252,0.0
19253,0.0
19254,0.0
19255,0.0
19256,0.0
19257,0.0
19258,0.0
19259,0.0
19260,0.0
19261,0.0
19262,0.0
19263,0.0
19264,0.0
19265,0.0
19266,0.0
19267,0.0
19268,0.0
19269,0.0
19270,0.0
19271,0.0
19272,0.0
19273,0.0
19274,0.0
19275,0.0
19276,0.0
19277,0.0
19278,0.0
19279,0.0
19280,0.0
19281,0.0
19282,0.0
19283,0.0
19284,0.0
19285,0.0
19286,0.0
19287,0.0
19288,0.0
19289,0.0
19290,0.0
19291,0.0
19292,0.0
19293,0.0
19294,0.0
19295,0.0
19296,0.0
19297,0.0
19298,0.0
19299,0.0
19300,0.0
19301,0.0
19302,0.0
19303,0.0
19304,0.0
19305,0.0
19306,0.0
19307,0.0
19308,0.0
19309,0.0
19310,0.0
19311,0.0
19312,0.0
19313,0.0
19314,0.0
19315,0.0
19316,0.0
19317,0.0
19318,0.0
19319,0.0
19320,0.0
19321,0.0
19322,0.0
19323,0.0
19324,0.0
19325,0.0
19326,0.0
19327,0.0
19328,0.0
19329,0.0
19330,0.0
19331,0.0
19332,0.0
19333,0.0
19334,0.0
19335,0.0
19336,0.0
19337,0.0
19338,0.0
19339,0.0
19340,0.0
19341,0.0
19342,0.0
19343,0.0
19344,0.0
19345,0.0
19346,0.0
19347,0.0
19348,0.0
19349,0.0
19350,0.0
19351,0.0
19352,0.0
19353,0.0
19354,0.0
19355,0.0
19356,0.0
19357,0.0
19358,0.0
19359,0.0
19360,0.0
19361,0.0
19362,0.0
19363,0.0
19364,0.0
19365,0.0
19366,0.0
19367,0.0
19368,0.0
19369,0.0
19370,0.0
19371,0.0
19372,0.0
19373,0.0
19374,0.0
19375,0.0
19376,0.0
19377,0.0
19378,0.0
19379,0.0
19380,0.0
19381,0.0
19382,0.0
19383,0.0
19384,0.0
19385,0.0
19386,0.0
19387,0.0
19388,0.0
19389,0.0
19390,0.0
19391,0.0
19392,0.0
19393,0.0
19394,0.0
19395,0.0
19396,0.0
19397,0.0
19398,0.0
19399,0.0
19400,0.0
19401,0.0
19402,0.0
19403,0.0
19404,0.0
19405,0.0
19406,0.0
19407,0.0
19408,0.0
19409,0.0
19410,0.0
19411,0.0
19412,0.0
19413,0.0
19414,0.0
19415,0.0
19416,0.0
19417,0.0
19418,0.0
19419,0.0
19420,0.0
19421,0.0
19422,0.0
19423,0.0
19424,0.0
19425,0.0
19426,0.0
19427,0.0
19428,0.0
19429,0.0
19430,0.0
19431,0.0
19432,0.0
19433,0.0
19434,0.0
19435,0.0
19436,0.0
19437,0.0
19438,0.0
19439,0.0
19440,0.0
19441,0.0
19442,0.0
19443,0.0
19444,0.0
19445,0.0
19446,0.0
19447,0.0
19448,0.0
19449,0.0
19450,0.0
19451,0.0
19452,0.0
19453,0.0
19454,0.0
19455,0.0
19456,0.0
19457,0.0
19458,0.0
19459,0.0
19460,0.0
19461,0.0
19462,0.0
19463,0.0
19464,0.0
19465,0.0
19466,0.0
19467,0.0
19468,0.0
19469,0.0
19470,0.0
19471,0.0
19472,0.0
19473,0.0
19474,0.0
19475,0.0
19476,0.0
19477,0.0
19478,0.0
19479,0.0
19480,0.0
19481,0.0
19482,0.0
19483,0.0
19484,0.0
19485,0.0
19486,0.0
19487,0.0
19488,0.0
19489,0.0
19490,0.0
19491,0.0
19492,0.0
19493,0.0
19494,0.0
19495,0.0
19496,0.0
19497,0.0
19498,0.0
19499,0.0
19500,0.0
19501,0.0
19502,0.0
19503,0.0
19504,0.0
19505,0.0
19506,0.0
19507,0.0
19508,0.0
19509,0.0
19510,0.0
19511,0.0
19512,0.0
19513,0.0
19514,0.0
19515,0.0
19516,0.0
19517,0.0
19518,0.0
19519,0.0
19520,0.0
19521,0.0
19522,0.0
19523,0.0
19524,0.0
19525,0.0
19526,0.0
19527,0.0
19528,0.0
19529,0.0
19530,0.0
19531,0.0
19532,0.0
19533,0.0
19534,0.0
19535,0.0
19536,0.0
19537,0.0
19538,0.0
19539,0.0
19540,0.0
19541,0.0
19542,0.0
19543,0.0
19544,0.0
19545,0.0
19546,0.0
19547,0.0
19548,0.0
19549,0.0
19550,0.0
19551,0.0
19552,0.0
19553,0.0
19554,0.0
19555,0.0
19556,0.0
19557,0.0
19558,0.0
19559,0.0
19560,0.0
19561,0.0
19562,0.0
19563,0.0
19564,0.0
19565,0.0
19566,0.0
19567,0.0
19568,0.0
19569,0.0
19570,0.0
19571,0.0
19572,0.0
19573,0.0
19574,0.0
19575,0.0
19576,0.0
19577,0.0
19578,0.0
19579,0.0
19580,0.0
19581,0.0
19582,0.0
19583,0.0
19584,0.0
19585,0.0
19586,0.0
19587,0.0
19588,0.0
19589,0.0
19590,0.0
19591,0.0
19592,0.0
19593,0.0
19594,0.0
19595,0.0
19596,0.0
19597,0.0
19598,0.0
19599,0.0
19600,0.0
19601,0.0
19602,0.0
19603,0.0
19604,0.0
19605,0.0
19606,0.0
19607,0.0
19608,0.0
19609,0.0
19610,0.0
19611,0.0
19612,0.0
19613,0.0
19614,0.0
19615,0.0
19616,0.0
19617,0.0
19618,0.0
19619,0.0
19620,0.0
19621,0.0
19622,0.0
19623,0.0
19624,0.0
19625,0.0
19626,0.0
19627,0.0
19628,0.0
19629,0.0
19630,0.0
19631,0.0
19632,0.0
19633,0.0
19634,0.0
19635,0.0
19636,0.0
19637,0.0
19638,0.0
19639,0.0
19640,0.0
19641,0.0
19642,0.0
19643,0.0
19644,0.0
19645,0.0
19646,0.0
19647,0.0
19648,0.0
19649,0.0
19650,0.0
19651,0.0
19652,0.0
19653,0.0
19654,0.0
19655,0.0
19656,0.0
19657,0.0
19658,0.0
19659,0.0
19660,0.0
19661,0.0
19662,0.0
19663,0.0
19664,0.0
19665,0.0
19666,0.0
19667,0.0
19668,0.0
19669,0.0
19670,0.0
19671,0.0
19672,0.0
19673,0.0
19674,0.0
19675,0.0
19676,0.0
19677,0.0
19678,0.0
19679,0.0
19680,0.0
19681,0.0
19682,0.0
19683,0.0
19684,0.0
19685,0.0
19686,0.0
19687,0.0
19688,0.0
19689,0.0
19690,0.0
19691,0.0
19692,0.0
19693,0.0
19694,0.0
19695,0.0
19696,0.0
19697,0.0
19698,0.0
19699,0.0
19700,0.0
19701,0.0
19702,0.0
19703,0.0
19704,0.0
19705,0.0
19706,0.0
19707,0.0
19708,0.0
19709,0.0
19710,0.0
19711,0.0
19712,0.0
19713,0.0
19714,0.0
19715,0.0
19716,0.0
19717,0.0
19718,0.0
19719,0.0
19720,0.0
19721,0.0
19722,0.0
19723,0.0
19724,0.0
19725,0.0
19726,0.0
19727,0.0
19728,0.0
19729,0.0
19730,0.0
19731,0.0
19732,0.0
19733,0.0
19734,0.0
19735,0.0
19736,0.0
19737,0.0
19738,0.0
19739,0.0
19740,0.0
19741,0.0
19742,0.0
19743,0.0
19744,0.0
19745,0.0
19746,0.0
19747,0.0
19748,0.0
19749,0.0
19750,0.0
19751,0.0
19752,0.0
19753,0.0
19754,0.0
19755,0.0
19756,0.0
19757,0.0
19758,0.0
19759,0.0
19760,0.0
19761,0.0
19762,0.0
19763,0.0
19764,0.0
19765,0.0
19766,0.0
19767,0.0
19768,0.0
19769,0.0
19770,0.0
19771,0.0
19772,0.0
19773,0.0
19774,0.0
19775,0.0
19776,0.0
19777,0.0
19778,0.0
19779,0.0
19780,0.0
19781,0.0
19782,0.0
19783,0.0
19784,0.0
19785,0.0
19786,0.0
19787,0.0
19788,0.0
19789,0.0
19790,0.0
19791,0.0
19792,0.0
19793,0.0
19794,0.0
19795,0.0
19796,0.0
19797,0.0
19798,0.0
19799,0.0
19800,0.0
19801,0.0
19802,0.0
19803,0.0
19804,0.0
19805,0.0
19806,0.0
19807,0.0
19808,0.0
19809,0.0
19810,0.0
19811,0.0
19812,0.0
19813,0.0
19814,0.0
19815,0.0
19816,0.0
19817,0.0
19818,0.0
19819,0.0
19820,0.0
19821,0.0
19822,0.0
19823,0.0
19824,0.0
19825,0.0
19826,0.0
19827,0.0
19828,0.0
19829,0.0
19830,0.0
19831,0.0
19832,0.0
19833,0.0
19834,0.0
19835,0.0
19836,0.0
19837,0.0
19838,0.0
19839,0.0
19840,0.0
19841,0.0
19842,0.0
19843,0.0
19844,0.0
19845,0.0
19846,0.0
19847,0.0
19848,0.0
19849,0.0
19850,0.0
19851,0.0
19852,0.0
19853,0.0
19854,0.0
19855,0.0
19856,0.0
19857,0.0
19858,0.0
19859,0.0
19860,0.0
19861,0.0
19862,0.0
19863,0.0
19864,0.0
19865,0.0
19866,0.0
19867,0.0
19868,0.0
19869,0.0
19870,0.0
19871,0.0
19872,0.0
19873,0.0
19874,0.0
19875,0.0
19876,0.0
19877,0.0
19878,0.0
19879,0.0
19880,0.0
19881,0.0
19882,0.0
19883,0.0
19884,0.0
19885,0.0
19886,0.0
19887,0.0
19888,0.0
19889,0.0
19890,0.0
19891,0.0
19892,0.0
19893,0.0
19894,0.0
19895,0.0
19896,0.0
19897,0.0
19898,0.0
19899,0.0
19900,0.0
19901,0.0
19902,0.0
19903,0.0
19904,0.0
19905,0.0
19906,0.0
19907,0.0
19908,0.0
19909,0.0
19910,0.0
19911,0.0
19912,0.0
19913,0.0
19914,0.0
19915,0.0
19916,0.0
19917,0.0
19918,0.0
19919,0.0
19920,0.0
19921,0.0
19922,0.0
19923,0.0
19924,0.0
19925,0.0
19926,0.0
19927,0.0
19928,0.0
19929,0.0
19930,0.0
19931,0.0
19932,0.0
19933,0.0
19934,0.0
19935,0.0
19936,0.0
19937,0.0
19938,0.0
19939,0.0
19940,0.0
19941,0.0
19942,0.0
19943,0.0
19944,0.0
19945,0.0
19946,0.0
19947,0.0
19948,0.0
19949,0.0
19950,0.0
19951,0.0
19952,0.0
19953,0.0
19954,0.0
19955,0.0
19956,0.0
19957,0.0
19958,0.0
19959,0.0
19960,0.0
19961,0.0
19962,0.0
19963,0.0
19964,0.0
19965,0.0
19966,0.0
19967,0.0
19968,0.0
19969,0.0
19970,0.0
19971,0.0
19972,0.0
19973,0.0
19974,0.0
19975,0.0
19976,0.0
19977,0.0
19978,0.0
19979,0.0
19980,0.0
19981,0.0
19982,0.0
19983,0.0
19984,0.0
19985,0.0
19986,0.0
19987,0.0
19988,0.0
19989,0.0
19990,0.0
19991,0.0
19992,0.0
19993,0.0
19994,0.0
19995,0.0
19996,0.0
19997,0.0
19998,0.0
19999,0.0
20000,0.0
20001,0.0
20002,0.0
20003,0.0
20004,0.0
20005,0.0
20006,0.0
20007,0.0
20008,0.0
20009,0.0
20010,0.0
20011,0.0
20012,0.0
20013,0.0
20014,0.0
20015,0.0
20016,0.0
20017,0.0
20018,0.0
20019,0.0
20020,0.0
20021,0.0
20022,0.0
20023,0.0
20024,0.0
20025,0.0
20026,0.0
20027,0.0
20028,0.0
20029,0.0
20030,0.0
20031,0.0
20032,0.0
20033,0.0
20034,0.0
20035,0.0
20036,0.0
20037,0.0
20038,0.0
20039,0.0
20040,0.0
20041,0.0
20042,0.0
20043,0.0
20044,0.0
20045,0.0
20046,0.0
20047,0.0
20048,0.0
20049,0.0
20050,0.0
20051,0.0
20052,0.0
20053,0.0
20054,0.0
20055,0.0
20056,0.0
20057,0.0
20058,0.0
20059,0.0
20060,0.0
20061,0.0
20062,0.0
20063,0.0
20064,0.0
20065,0.0
20066,0.0
20067,0.0
20068,0.0
20069,0.0
20070,0.0
20071,0.0
20072,0.0
20073,0.0
20074,0.0
20075,0.0
20076,0.0
20077,0.0
20078,0.0
20079,0.0
20080,0.0
20081,0.0
20082,0.0
20083,0.0
20084,0.0
20085,0.0
20086,0.0
20087,0.0
20088,0.0
20089,0.0
20090,0.0
20091,0.0
20092,0.0
20093,0.0
20094,0.0
20095,0.0
20096,0.0
20097,0.0
20098,0.0
20099,0.0
20100,0.0
20101,0.0
20102,0.0
20103,0.0
20104,0.0
20105,0.0
20106,0.0
20107,0.0
20108,0.0
20109,0.0
20110,0.0
20111,0.0
20112,0.0
20113,0.0
20114,0.0
20115,0.0
20116,0.0
20117,0.0
20118,0.0
20119,0.0
20120,0.0
20121,0.0
20122,0.0
20123,0.0
20124,0.0
20125,0.0
20126,0.0
20127,0.0
20128,0.0
20129,0.0
20130,0.0
20131,0.0
20132,0.0
20133,0.0
20134,0.0
20135,0.0
20136,0.0
20137,0.0
20138,0.0
20139,0.0
20140,0.0
20141,0.0
20142,0.0
20143,0.0
20144,0.0
20145,0.0
20146,0.0
20147,0.0
20148,0.0
20149,0.0
20150,0.0
20151,0.0
20152,0.0
20153,0.0
20154,0.0
20155,0.0
20156,0.0
20157,0.0
20158,0.0
20159,0.0
20160,0.0
20161,0.0
20162,0.0
20163,0.0
20164,0.0
20165,0.0
20166,0.0
20167,0.0
20168,0.0
20169,0.0
20170,0.0
20171,0.0
20172,0.0
20173,0.0
20174,0.0
20175,0.0
20176,0.0
20177,0.0
20178,0.0
20179,0.0
20180,0.0
20181,0.0
20182,0.0
20183,0.0
20184,0.0
20185,0.0
20186,0.0
20187,0.0
20188,0.0
20189,0.0
20190,0.0
20191,0.0
20192,0.0
20193,0.0
20194,0.0
20195,0.0
20196,0.0
20197,0.0
20198,0.0
20199,0.0
20200,0.0
20201,0.0
20202,0.0
20203,0.0
20204,0.0
20205,0.0
20206,0.0
20207,0.0
20208,0.0
20209,0.0
20210,0.0
20211,0.0
20212,0.0
20213,0.0
20214,0.0
20215,0.0
20216,0.0
20217,0.0
20218,0.0
20219,0.0
20220,0.0
20221,0.0
20222,0.0
20223,0.0
20224,0.0
20225,0.0
20226,0.0
20227,0.0
20228,0.0
20229,0.0
20230,0.0
20231,0.0
20232,0.0
20233,0.0
20234,0.0
20235,0.0
20236,0.0
20237,0.0
20238,0.0
20239,0.0
20240,0.0
20241,0.0
20242,0.0
20243,0.0
20244,0.0
20245,0.0
20246,0.0
20247,0.0
20248,0.0
20249,0.0
20250,0.0
20251,0.0
20252,0.0
20253,0.0
20254,0.0
20255,0.0
20256,0.0
20257,0.0
20258,0.0
20259,0.0
20260,0.0
20261,0.0
20262,0.0
20263,0.0
20264,0.0
20265,0.0
20266,0.0
20267,0.0
20268,0.0
20269,0.0
20270,0.0
20271,0.0
20272,0.0
20273,0.0
20274,0.0
20275,0.0
20276,0.0
20277,0.0
20278,0.0
20279,0.0
20280,0.0
20281,0.0
20282,0.0
20283,0.0
20284,0.0
20285,0.0
20286,0.0
20287,0.0
20288,0.0
20289,0.0
20290,0.0
20291,0.0
20292,0.0
20293,0.0
20294,0.0
20295,0.0
20296,0.0
20297,0.0
20298,0.0
20299,0.0
20300,0.0
20301,0.0
20302,0.0
20303,0.0
20304,0.0
20305,0.0
20306,0.0
20307,0.0
20308,0.0
20309,0.0
20310,0.0
20311,0.0
20312,0.0
20313,0.0
20314,0.0
20315,0.0
20316,0.0
20317,0.0
20318,0.0
20319,0.0
20320,0.0
20321,0.0
20322,0.0
20323,0.0
20324,0.0
20325,0.0
20326,0.0
20327,0.0
20328,0.0
20329,0.0
20330,0.0
20331,0.0
20332,0.0
20333,0.0
20334,0.0
20335,0.0
20336,0.0
20337,0.0
20338,0.0
20339,0.0
20340,0.0
20341,0.0
20342,0.0
20343,0.0
20344,0.0
20345,0.0
20346,0.0
20347,0.0
20348,0.0
20349,0.0
20350,0.0
20351,0.0
20352,0.0
20353,0.0
20354,0.0
20355,0.0
20356,0.0
20357,0.0
20358,0.0
20359,0.0
20360,0.0
20361,0.0
20362,0.0
20363,0.0
20364,0.0
20365,0.0
20366,0.0
20367,0.0
20368,0.0
20369,0.0
20370,0.0
20371,0.0
20372,0.0
20373,0.0
20374,0.0
20375,0.0
20376,0.0
20377,0.0
20378,0.0
20379,0.0
20380,0.0
20381,0.0
20382,0.0
20383,0.0
20384,0.0
20385,0.0
20386,0.0
20387,0.0
20388,0.0
20389,0.0
20390,0.0
20391,0.0
20392,0.0
20393,0.0
20394,0.0
20395,0.0
20396,0.0
20397,0.0
20398,0.0
20399,0.0
20400,0.0
20401,18539.29072059959
20402,20274.368230806
20403,27904.657409185234
20404,27023.37437511621
20405,18166.51276053172
20406,0.0
20407,0.0
20408,0.0
20409,0.0
20410,0.0
20411,0.0
20412,0.0
20413,0.0
20414,0.0
20415,0.0
20416,8451.96559035665
20417,10179.76704613116
20418,34376.54518493109
20419,36083.28922172974
20420,37788.61927715409
20421,0.0
20422,32771.21515863098
20423,33312.83852572581
20424,35002.03237080684
20425,34059.57330283206
20426,35357.11065688033
20427,35384.40582760773
20428,40924.44765929368
20429,0.0
20430,9251.13326722326
20431,7925.35399284672
20432,7925.35399284672
20433,7925.35399284672
20434,7925.35399284672
20435,7925.35399284672
20436,7925.35399284672
20437,7925.35399284672
20438,7925.35399284672
20439,7925.35399284672
20440,7925.35399284672
20441,7925.35399284672
20442,7925.35399284672
20443,7925.35399284672
20444,7925.35399284672
20445,7925.35399284672
20446,7925.35399284672
20447,7925.35399284672
20448,7925.35399284672
20449,7925.35399284672
20450,7925.35399284672
20451,7925.35399284672
20452,7925.35399284672
20453,7925.35399284672
20454,7925.35399284672
20455,7925.35399284672
20456,7925.35399284672
20457,7925.35399284672
20458,7925.35399284672
20459,7925.35399284672
20460,7925.35399284672
20461,7925.35399284672
20462,7925.35399284672
20463,7925.35399284672
20464,7925.35399284672
20465,7925.35399284672
20466,7925.35399284672
20467,7925.35399284672
20468,7925.35399284672
20469,7925.35399284672
20470,7925.35399284672
20471,7925.35399284672
20472,7925.35399284672
20473,7925.35399284672
20474,7925.35399284672
20475,7925.35399284672
20476,7925.35399284672
20477,7925.35399284672
20478,7925.35399284672
20479,7925.35399284672
20480,7925.35399284672
20481,7925.35399284672
20482,7925.35399284672
20483,7925.35399284672
20484,7925.35399284672
20485,7925.35399284672
20486,7925.35399284672
20487,7925.35399284672
20488,7925.35399284672
20489,7925.35399284672
20490,7925.35399284672
20491,7925.35399284672
20492,7925.35399284672
20493,7925.35399284672
20494,7925.35399284672
20495,7925.35399284672
20496,7925.35399284672
20497,7925.35399284672
20498,7925.35399284672
20499,7925.35399284672
20500,7925.35399284672
20501,7925.35399284672
20502,7925.35399284672
20503,7925.35399284672
20504,7925.35399284672
20505,7925.35399284672
20506,7925.35399284672
20507,7925.35399284672
20508,7925.35399284672
20509,7925.35399284672
20510,7925.35399284672
20511,7925.35399284672
20512,7925.35399284672
20513,7925.35399284672
20514,7925.35399284672
20515,7925.35399284672
20516,7925.35399284672
20517,7925.35399284672
20518,7925.35399284672
20519,7925.35399284672
20520,7925.35399284672
20521,7925.35399284672
20522,7925.35399284672
20523,7925.35399284672
20524,7925.35399284672
20525,7925.35399284672
20526,7925.35399284672
20527,7925.35399284672
20528,7925.35399284672
20529,7925.35399284672
20530,7925.35399284672
20531,7925.35399284672
20532,7925.35399284672
20533,7925.35399284672
20534,7925.35399284672
20535,7925.35399284672
20536,7925.35399284672
20537,7925.35399284672
20538,7925.35399284672
20539,7925.35399284672
20540,7925.35399284672
20541,7925.35399284672
20542,7925.35399284672
20543,7925.35399284672
20544,7925.35399284672
20545,7925.35399284672
20546,7925.35399284672
20547,7925.35399284672
20548,7925.35399284672
20549,7925.35399284672
20550,7925.35399284672
20551,0.0
20552,0.0
20553,0.0
20554,0.0
20555,0.0
20556,0.0
20557,0.0
20558,0.0
20559,0.0
20560,0.0
20561,0.0
20562,0.0
20563,0.0
20564,0.0
20565,0.0
20566,0.0
20567,0.0
20568,0.0
20569,0.0
20570,0.0
20571,0.0
20572,0.0
20573,0.0
20574,0.0
20575,0.0
20576,0.0
20577,0.0
20578,0.0
20579,0.0
20580,0.0
20581,0.0
20582,0.0
20583,0.0
20584,0.0
20585,0.0
20586,0.0
20587,0.0
20588,0.0
20589,0.0
20590,0.0
20591,0.0
20592,0.0
20593,0.0
20594,0.0
20595,0.0
20596,0.0
20597,0.0
20598,0.0
20599,0.0
20600,0.0
20601,0.0
20602,0.0
20603,0.0
20604,0.0
20605,0.0
20606,0.0
20607,0.0
20608,0.0
20609,0.0
20610,0.0
20611,0.0
20612,0.0
20613,0.0
20614,0.0
20615,0.0
20616,0.0
20617,0.0
20618,0.0
20619,0.0
20620,0.0
20621,0.0
20622,0.0
20623,0.0
20624,0.0
20625,0.0
20626,0.0
20627,0.0
20628,0.0
20629,0.0
20630,0.0
20631,0.0
20632,0.0
20633,0.0
20634,0.0
20635,0.0
20636,0.0
20637,0.0
20638,0.0
20639,0.0
20640,0.0
20641,0.0
20642,0.0
20643,0.0
20644,0.0
20645,0.0
20646,0.0
20647,0.0
20648,0.0
20649,0.0
20650,0.0
20651,0.0
20652,0.0
20653,0.0
20654,0.0
20655,0.0
20656,0.0
20657,0.0
20658,0.0
20659,0.0
20660,0.0
20661,0.0
20662,0.0
20663,0.0
20664,0.0
20665,0.0
20666,0.0
20667,0.0
20668,0.0
20669,0.0
20670,0.0
20671,0.0
20672,0.0
20673,0.0
20674,0.0
20675,0.0
20676,0.0
20677,0.0
20678,0.0
20679,0.0
20680,0.0
20681,0.0
20682,0.0
20683,0.0
20684,0.0
20685,0.0
20686,0.0
20687,0.0
20688,0.0
20689,0.0
20690,0.0
20691,0.0
20692,0.0
20693,0.0
20694,0.0
20695,0.0
20696,0.0
20697,0.0
20698,0.0
20699,0.0
20700,0.0
20701,0.0
20702,0.0
20703,0.0
20704,0.0
20705,0.0
20706,0.0
20707,0.0
20708,0.0
20709,0.0
20710,0.0
20711,0.0
20712,0.0
20713,0.0
20714,0.0
20715,0.0
20716,0.0
20717,0.0
20718,0.0
20719,0.0
20720,0.0
20721,0.0
20722,0.0
20723,0.0
20724,0.0
20725,0.0
20726,0.0
20727,0.0
20728,0.0
20729,0.0
20730,0.0
20731,0.0
20732,0.0
20733,0.0
20734,0.0
20735,0.0
20736,0.0
20737,0.0
20738,0.0
20739,0.0
20740,0.0
20741,0.0
20742,0.0
20743,0.0
20744,0.0
20745,0.0
20746,0.0
20747,0.0
20748,0.0
20749,0.0
20750,0.0
20751,0.0
20752,0.0
20753,0.0
20754,0.0
20755,0.0
20756,0.0
20757,0.0
20758,0.0
20759,0.0
20760,0.0
20761,0.0
20762,0.0
20763,0.0
20764,0.0
20765,0.0
20766,0.0
20767,0.0
20768,0.0
20769,0.0
20770,0.0
20771,0.0
20772,0.0
20773,0.0
20774,0.0
20775,0.0
20776,0.0
20777,0.0
20778,0.0
20779,0.0
20780,0.0
20781,0.0
20782,0.0
20783,0.0
20784,0.0
20785,0.0
20786,0.0
20787,0.0
20788,0.0
20789,0.0
20790,0.0
20791,0.0
20792,0.0
20793,0.0
20794,0.0
20795,0.0
20796,0.0
20797,0.0
20798,0.0
20799,0.0
20800,0.0
20801,0.0
20802,0.0
20803,0.0
20804,0.0
20805,0.0
20806,0.0
20807,0.0
20808,0.0
20809,0.0
20810,0.0
20811,0.0
20812,0.0
20813,0.0
20814,0.0
20815,0.0
20816,0.0
20817,0.0
20818,0.0
20819,0.0
20820,0.0
20821,0.0
20822,0.0
20823,0.0
20824,0.0
20825,0.0
20826,0.0
20827,0.0
20828,0.0
20829,0.0
20830,0.0
20831,0.0
20832,0.0
20833,0.0
20834,0.0
20835,0.0
20836,0.0
20837,0.0
20838,0.0
20839,0.0
20840,0.0
20841,0.0
20842,0.0
20843,0.0
20844,0.0
20845,0.0
20846,0.0
20847,0.0
20848,0.0
20849,0.0
20850,0.0
20851,0.0
20852,0.0
20853,0.0
20854,0.0
20855,0.0
20856,0.0
20857,0.0
20858,0.0
20859,0.0
20860,0.0
20861,0.0
20862,0.0
20863,0.0
20864,0.0
20865,0.0
20866,0.0
20867,0.0
20868,0.0
20869,0.0
20870,0.0
20871,0.0
20872,0.0
20873,0.0
20874,0.0
20875,0.0
20876,0.0
20877,0.0
20878,0.0
20879,0.0
20880,0.0
20881,0.0
20882,0.0
20883,0.0
20884,0.0
20885,0.0
20886,0.0
20887,0.0
20888,0.0
20889,0.0
20890,0.0
20891,0.0
20892,0.0
20893,0.0
20894,0.0
20895,0.0
20896,0.0
20897,0.0
20898,0.0
20899,0.0
20900,0.0
20901,0.0
20902,0.0
20903,0.0
20904,0.0
20905,0.0
20906,0.0
20907,0.0
20908,0.0
20909,0.0
20910,0.0
20911,0.0
20912,0.0
20913,0.0
20914,0.0
20915,0.0
20916,0.0
20917,0.0
20918,0.0
20919,0.0
20920,0.0
20921,0.0
20922,0.0
20923,0.0
20924,0.0
20925,0.0
20926,0.0
20927,0.0
20928,0.0
20929,0.0
20930,0.0
20931,0.0
20932,0.0
20933,0.0
20934,0.0
20935,0.0
20936,0.0
20937,0.0
20938,0.0
20939,0.0
20940,0.0
20941,0.0
20942,0.0
20943,0.0
20944,0.0
20945,0.0
20946,0.0
20947,0.0
20948,0.0
20949,0.0
20950,0.0
20951,0.0
20952,0.0
20953,0.0
20954,0.0
20955,0.0
20956,0.0
20957,0.0
20958,0.0
20959,0.0
20960,0.0
20961,0.0
20962,0.0
20963,0.0
20964,0.0
20965,0.0
20966,0.0
20967,0.0
20968,0.0
20969,0.0
20970,0.0
20971,0.0
20972,0.0
20973,0.0
20974,0.0
20975,0.0
20976,0.0
20977,0.0
20978,0.0
20979,0.0
20980,0.0
20981,0.0
20982,0.0
20983,0.0
20984,0.0
20985,0.0
20986,0.0
20987,0.0
20988,0.0
20989,0.0
20990,0.0
20991,0.0
20992,0.0
20993,0.0
20994,0.0
20995,0.0
20996,0.0
20997,0.0
20998,0.0
20999,0.0
21000,0.0
21001,0.0
21002,0.0
21003,0.0
21004,0.0
21005,0.0
21006,0.0
21007,0.0
21008,0.0
21009,0.0
21010,0.0
21011,0.0
21012,0.0
21013,0.0
21014,0.0
21015,0.0
21016,0.0
21017,0.0
21018,0.0
21019,0.0
21020,0.0
21021,0.0
21022,0.0
21023,0.0
21024,0.0
21025,0.0
21026,0.0
21027,0.0
21028,0.0
21029,0.0
21030,0.0
21031,0.0
21032,0.0
21033,0.0
21034,0.0
21035,0.0
21036,0.0
21037,0.0
21038,0.0
21039,0.0
21040,0.0
21041,0.0
21042,0.0
21043,0.0
21044,0.0
21045,0.0
21046,0.0
21047,0.0
21048,0.0
21049,0.0
21050,0.0
21051,0.0
21052,0.0
21053,0.0
21054,0.0
21055,0.0
21056,0.0
21057,0.0
21058,0.0
21059,0.0
21060,0.0
21061,0.0
21062,0.0
21063,0.0
21064,0.0
21065,0.0
21066,0.0
21067,0.0
21068,0.0
21069,0.0
21070,0.0
21071,0.0
21072,0.0
21073,0.0
21074,0.0
21075,0.0
21076,0.0
21077,0.0
21078,0.0
21079,0.0
21080,0.0
21081,0.0
21082,0.0
21083,0.0
21084,0.0
21085,0.0
21086,0.0
21087,0.0
21088,0.0
21089,0.0
21090,0.0
21091,0.0
21092,0.0
21093,0.0
21094,0.0
21095,0.0
21096,0.0
21097,0.0
21098,0.0
21099,0.0
21100,0.0
21101,0.0
21102,0.0
21103,0.0
21104,0.0
21105,0.0
21106,0.0
21107,0.0
21108,0.0
21109,0.0
21110,0.0
21111,0.0
21112,0.0
21113,0.0
21114,0.0
21115,0.0
21116,0.0
21117,0.0
21118,0.0
21119,0.0
21120,0.0
21121,0.0
21122,0.0
21123,0.0
21124,0.0
21125,0.0
21126,0.0
21127,0.0
21128,0.0
21129,0.0
21130,0.0
21131,0.0
21132,0.0
21133,0.0
21134,0.0
21135,0.0
21136,0.0
21137,0.0
21138,0.0
21139,0.0
21140,0.0
21141,0.0
21142,0.0
21143,0.0
21144,0.0
21145,0.0
21146,0.0
21147,0.0
21148,0.0
21149,0.0
21150,0.0
21151,0.0
21152,0.0
21153,0.0
21154,0.0
21155,0.0
21156,0.0
21157,0.0
21158,0.0
21159,0.0
21160,0.0
21161,0.0
21162,0.0
21163,0.0
21164,0.0
21165,0.0
21166,0.0
21167,0.0
21168,0.0
21169,0.0
21170,0.0
21171,0.0
21172,0.0
21173,0.0
21174,0.0
21175,0.0
21176,0.0
21177,0.0
21178,0.0
21179,0.0
21180,0.0
21181,0.0
21182,0.0
21183,0.0
21184,0.0
21185,0.0
21186,0.0
21187,0.0
21188,0.0
21189,0.0
21190,0.0
21191,0.0
21192,0.0
21193,0.0
21194,0.0
21195,0.0
21196,0.0
21197,0.0
21198,0.0
21199,0.0
21200,0.0
21201,0.0
21202,0.0
21203,0.0
21204,0.0
21205,0.0
21206,0.0
21207,0.0
21208,0.0
21209,0.0
21210,0.0
21211,0.0
21212,0.0
21213,0.0
21214,0.0
21215,0.0
21216,0.0
21217,0.0
21218,0.0
21219,0.0
21220,0.0
21221,0.0
21222,0.0
21223,0.0
21224,0.0
21225,0.0
21226,0.0
21227,0.0
21228,0.0
21229,0.0
21230,0.0
21231,0.0
21232,0.0
21233,0.0
21234,0.0
21235,0.0
21236,0.0
21237,0.0
21238,0.0
21239,0.0
21240,0.0
21241,0.0
21242,0.0
21243,0.0
21244,0.0
21245,0.0
21246,0.0
21247,0.0
21248,0.0
21249,0.0
21250,0.0
21251,0.0
21252,0.0
21253,0.0
21254,0.0
21255,0.0
21256,0.0
21257,0.0
21258,0.0
21259,0.0
21260,0.0
21261,0.0
21262,0.0
21263,0.0
21264,0.0
21265,0.0
21266,0.0
21267,0.0
21268,0.0
21269,0.0
21270,0.0
21271,0.0
21272,0.0
21273,0.0
21274,0.0
21275,0.0
21276,0.0
21277,0.0
21278,0.0
21279,0.0
21280,0.0
21281,0.0
21282,0.0
21283,0.0
21284,0.0
21285,0.0
21286,0.0
21287,0.0
21288,0.0
21289,0.0
21290,0.0
21291,0.0
21292,0.0
21293,0.0
21294,0.0
21295,0.0
21296,0.0
21297,0.0
21298,0.0
21299,0.0
21300,0.0
21301,39321.348420539754
21302,39321.348420539754
21303,39321.348420539754
21304,39321.348420539754
21305,39321.348420539754
21306,39321.348420539754
21307,39321.348420539754
21308,39321.348420539754
21309,39321.348420539754
21310,39321.348420539754
21311,39321.348420539754
21312,39321.348420539754
21313,39321.348420539754
21314,39321.348420539754
21315,39321.348420539754
21316,39321.348420539754
21317,39321.348420539754
21318,39321.348420539754
21319,39321.348420539754
21320,39321.348420539754
21321,39321.348420539754
21322,39321.348420539754
21323,39321.348420539754
21324,39321.348420539754
21325,39321.348420539754
21326,39321.348420539754
21327,39321.348420539754
21328,39321.348420539754
21329,39321.348420539754
21330,39321.348420539754
21331,39321.348420539754
21332,39321.348420539754
21333,39321.348420539754
21334,39321.348420539754
21335,39321.348420539754
21336,39321.348420539754
21337,39321.348420539754
21338,39321.348420539754
21339,39321.348420539754
21340,39321.348420539754
21341,39321.348420539754
21342,39321.348420539754
21343,39321.348420539754
21344,39321.348420539754
21345,39321.348420539754
21346,39321.348420539754
21347,39321.348420539754
21348,39321.348420539754
21349,39321.348420539754
21350,39321.348420539754
21351,39321.348420539754
21352,39321.348420539754
21353,39321.348420539754
21354,39321.348420539754
21355,39321.348420539754
21356,39321.348420539754
21357,39321.348420539754
21358,39321.348420539754
21359,39321.348420539754
21360,39321.348420539754
21361,39321.348420539754
21362,39321.348420539754
21363,39321.348420539754
21364,39321.348420539754
21365,39321.348420539754
21366,39321.348420539754
21367,39321.348420539754
21368,39321.348420539754
21369,39321.348420539754
21370,39321.348420539754
21371,39321.348420539754
21372,39321.348420539754
21373,39321.348420539754
21374,39321.348420539754
21375,39321.348420539754
21376,39321.348420539754
21377,39321.348420539754
21378,39321.348420539754
21379,39321.348420539754
21380,39321.348420539754
21381,39321.348420539754
21382,39321.348420539754
21383,39321.348420539754
21384,39321.348420539754
21385,39321.348420539754
21386,39321.348420539754
21387,39321.348420539754
21388,40698.7262839918
21389,40698.7262839918
21390,42774.9027152418
21391,42774.9027152418
21392,42774.9027152418
21393,42774.9027152418
21394,42774.9027152418
21395,42774.9027152418
21396,42774.9027152418
21397,42774.9027152418
21398,42774.9027152418
21399,42774.9027152418
21400,42774.9027152418
21401,42774.9027152418
21402,42774.9027152418
21403,42774.9027152418
21404,42774.9027152418
21405,42774.9027152418
21406,42774.9027152418
21407,42774.9027152418
21408,42774.9027152418
21409,42774.9027152418
21410,42774.9027152418
21411,42774.9027152418
21412,42774.9027152418
21413,42774.9027152418
21414,42774.9027152418
21415,44224.77415045451
21416,44224.77415045451
21417,44224.77415045451
21418,44224.77415045451
21419,44224.77415045451
21420,45405.70349613171
21421,45405.70349613171
21422,47706.175996131715
21423,47706.175996131715
21424,47706.175996131715
21425,50127.72599613172
21426,50127.72599613172
21427,50127.72599613172
21428,50127.72599613172
21429,50127.72599613172
21430,50127.72599613172
21431,50127.72599613172
21432,50127.72599613172
21433,50127.72599613172
21434,50127.72599613172
21435,50127.72599613172
21436,51638.55258375565
21437,51638.55258375565
21438,51638.55258375565
21439,51638.55258375565
21440,51638.55258375565
21441,51638.55258375565
21442,51638.55258375565
21443,51638.55258375565
21444,51638.55258375565
21445,51594.701873769634
21446,51594.701873769634
21447,51318.63503539376
21448,51318.63503539376
21449,51204.449408826025
21450,51199.042902021916
21451,0.0
21452,0.0
21453,0.0
21454,0.0
21455,0.0
21456,0.0
21457,0.0
21458,0.0
21459,0.0
21460,0.0
21461,0.0
21462,0.0
21463,0.0
21464,0.0
21465,0.0
21466,0.0
21467,0.0
21468,0.0
21469,0.0
21470,0.0
21471,0.0
21472,0.0
21473,0.0
21474,0.0
21475,0.0
21476,0.0
21477,0.0
21478,0.0
21479,0.0
21480,0.0
21481,0.0
21482,0.0
21483,0.0
21484,0.0
21485,0.0
21486,0.0
21487,0.0
21488,0.0
21489,0.0
21490,0.0
21491,0.0
21492,0.0
21493,0.0
21494,0.0
21495,0.0
21496,0.0
21497,0.0
21498,0.0
21499,0.0
21500,0.0
21501,0.0
21502,0.0
21503,0.0
21504,0.0
21505,0.0
21506,0.0
21507,0.0
21508,0.0
21509,0.0
21510,0.0
21511,0.0
21512,0.0
21513,0.0
21514,0.0
21515,0.0
21516,0.0
21517,0.0
21518,0.0
21519,0.0
21520,0.0
21521,0.0
21522,0.0
21523,0.0
21524,0.0
21525,0.0
21526,0.0
21527,0.0
21528,0.0
21529,0.0
21530,0.0
21531,0.0
21532,0.0
21533,0.0
21534,0.0
21535,0.0
21536,0.0
21537,0.0
21538,0.0
21539,0.0
21540,0.0
21541,0.0
21542,0.0
21543,0.0
21544,0.0
21545,0.0
21546,0.0
21547,0.0
21548,0.0
21549,0.0
21550,0.0
21551,0.0
21552,0.0
21553,0.0
21554,0.0
21555,0.0
21556,0.0
21557,0.0
21558,0.0
21559,0.0
21560,0.0
21561,0.0
21562,0.0
21563,0.0
21564,0.0
21565,0.0
21566,0.0
21567,0.0
21568,0.0
21569,0.0
21570,0.0
21571,0.0
21572,0.0
21573,0.0
21574,0.0
21575,0.0
21576,0.0
21577,0.0
21578,0.0
21579,0.0
21580,0.0
21581,0.0
21582,0.0
21583,0.0
21584,0.0
21585,0.0
21586,0.0
21587,0.0
21588,0.0
21589,0.0
21590,0.0
21591,0.0
21592,0.0
21593,0.0
21594,0.0
21595,0.0
21596,0.0
21597,0.0
21598,0.0
21599,0.0
21600,0.0
21601,0.0
21602,0.0
21603,0.0
21604,0.0
21605,0.0
21606,0.0
21607,0.0
21608,0.0
21609,0.0
21610,0.0
21611,0.0
21612,0.0
21613,0.0
21614,0.0
21615,0.0
21616,0.0
21617,0.0
21618,0.0
21619,0.0
21620,0.0
21621,0.0
21622,0.0
21623,0.0
21624,0.0
21625,0.0
21626,0.0
21627,0.0
21628,0.0
21629,0.0
21630,0.0
21631,0.0
21632,0.0
21633,0.0
21634,0.0
21635,0.0
21636,0.0
21637,0.0
21638,0.0
21639,0.0
21640,0.0
21641,0.0
21642,0.0
21643,0.0
21644,0.0
21645,0.0
21646,0.0
21647,0.0
21648,0.0
21649,0.0
21650,0.0
21651,0.0
21652,0.0
21653,0.0
21654,0.0
21655,0.0
21656,0.0
21657,0.0
21658,0.0
21659,0.0
21660,0.0
21661,0.0
21662,0.0
21663,0.0
21664,0.0
21665,0.0
21666,0.0
21667,0.0
21668,0.0
21669,0.0
21670,0.0
21671,0.0
21672,0.0
21673,0.0
21674,0.0
21675,0.0
21676,0.0
21677,0.0
21678,0.0
21679,0.0
21680,0.0
21681,0.0
21682,0.0
21683,0.0
21684,0.0
21685,0.0
21686,0.0
21687,0.0
21688,0.0
21689,0.0
21690,0.0
21691,0.0
21692,0.0
21693,0.0
21694,0.0
21695,0.0
21696,0.0
21697,0.0
21698,0.0
21699,0.0
21700,0.0
21701,0.0
21702,0.0
21703,0.0
21704,0.0
21705,0.0
21706,0.0
21707,0.0
21708,0.0
21709,0.0
21710,0.0
21711,0.0
21712,0.0
21713,0.0
21714,0.0
21715,0.0
21716,0.0
21717,0.0
21718,0.0
21719,0.0
21720,0.0
21721,0.0
21722,0.0
21723,0.0
21724,0.0
21725,0.0
21726,0.0
21727,0.0
21728,0.0
21729,0.0
21730,0.0
21731,0.0
21732,0.0
21733,0.0
21734,0.0
21735,0.0
21736,0.0
21737,0.0
21738,0.0
21739,0.0
21740,0.0
21741,0.0
21742,0.0
21743,0.0
21744,0.0
21745,0.0
21746,0.0
21747,0.0
21748,0.0
21749,0.0
21750,0.0
21751,0.0
21752,0.0
21753,0.0
21754,0.0
21755,0.0
21756,0.0
21757,0.0
21758,0.0
21759,0.0
21760,0.0
21761,0.0
21762,0.0
21763,0.0
21764,0.0
21765,0.0
21766,0.0
21767,0.0
21768,0.0
21769,0.0
21770,0.0
21771,0.0
21772,0.0
21773,0.0
21774,0.0
21775,0.0
21776,0.0
21777,0.0
21778,0.0
21779,0.0
21780,0.0
21781,0.0
21782,0.0
21783,0.0
21784,0.0
21785,0.0
21786,0.0
21787,0.0
21788,0.0
21789,0.0
21790,0.0
21791,0.0
21792,0.0
21793,0.0
21794,0.0
21795,0.0
21796,0.0
21797,0.0
21798,0.0
21799,0.0
21800,0.0
21801,0.0
21802,0.0
21803,0.0
21804,0.0
21805,0.0
21806,0.0
21807,0.0
21808,0.0
21809,0.0
21810,0.0
21811,0.0
21812,0.0
21813,0.0
21814,0.0
21815,0.0
21816,0.0
21817,0.0
21818,0.0
21819,0.0
21820,0.0
21821,0.0
21822,0.0
21823,0.0
21824,0.0
21825,0.0
21826,0.0
21827,0.0
21828,0.0
21829,0.0
21830,0.0
21831,0.0
21832,0.0
21833,0.0
21834,0.0
21835,0.0
21836,0.0
21837,0.0
21838,0.0
21839,0.0
21840,0.0
21841,0.0
21842,0.0
21843,0.0
21844,0.0
21845,0.0
21846,0.0
21847,0.0
21848,0.0
21849,0.0
21850,0.0
21851,0.0
21852,0.0
21853,0.0
21854,0.0
21855,0.0
21856,0.0
21857,0.0
21858,0.0
21859,0.0
21860,0.0
21861,0.0
21862,0.0
21863,0.0
21864,0.0
21865,0.0
21866,0.0
21867,0.0
21868,0.0
21869,0.0
21870,0.0
21871,0.0
21872,0.0
21873,0.0
21874,0.0
21875,0.0
21876,0.0
21877,0.0
21878,0.0
21879,0.0
21880,0.0
21881,0.0
21882,0.0
21883,0.0
21884,0.0
21885,0.0
21886,0.0
21887,0.0
21888,0.0
21889,0.0
21890,0.0
21891,0.0
21892,0.0
21893,0.0
21894,0.0
21895,0.0
21896,0.0
21897,0.0
21898,0.0
21899,0.0
21900,0.0
21901,0.0
21902,29238.775513769626
21903,46049.67699137756
21904,73170.2184653202
21905,102709.56847147238
21906,107121.55736496397
21907,64708.212559842315
21908,90654.4825014571
21909,124154.15691622607
21910,148859.56420291206
21911,143803.53598369999
21912,145055.10584730297
21913,69703.60818276633
21914,89693.75297320815
21915,29534.894717516716
21916,97396.1935047875
21917,100442.50494660033
21918,117861.31062926882
21919,109127.8068865033
21920,112237.4987643568
21921,113819.14213720076
21922,114987.4217424007
21923,109693.00069555818
21924,136329.41110197228
21925,137334.83299821487
21926,128259.20378250506
21927,128227.54199476208
21928,82935.78467456753
21929,81772.99347136587
21930,84564.06499584565
21931,86139.87135743487
21932,87291.93163055863
21933,79070.23343168774
21934,80918.79790987493
21935,82103.30164456375
21936,84227.16795933328
21937,87222.46094926671
21938,88382.50651113203
21939,89539.59908962976
21940,81461.83604613227
21941,81425.81146816752
21942,82938.36355429815
21943,83856.02636807755
21944,88344.23934512114
21945,90227.1559382189
21946,91440.0482279836
21947,83338.60409595122
21948,102951.60946300685
21949,104136.1131976957
21950,105522.20221769811
21951,108517.49520763154
21952,109957.27285907076
21953,111114.36543756849
21954,106263.74544199884
21955,106227.72086403408
21956,111844.08364828759
21957,112605.83802224377
21958,119753.2285527554
21959,122477.86489476486
21960,132171.27706423055
21961,125491.68348417786
21962,125625.51554799745
21963,126915.52314441052
21964,127525.9901852226
21965,130380.15875874693
21966,132032.969802668
21967,133420.01472748836
21968,126638.7752756911
21969,126638.71838585124
21970,127488.85772565017
21971,133310.92366732584
21972,135945.88238299903
21973,137653.57258921143
21974,138797.98162284665
21975,132765.01730153334
21976,132728.9927235686
21977,133587.0984717475
21978,134197.56551255964
21979,136832.52422823277
21980,138442.7219844809
21981,139587.13101811617
21982,132740.57242271348
21983,132704.54784474874
21984,133717.02840289279
21985,134083.48549490506
21986,137658.4397120597
21987,139269.79225505397
21988,140421.10194881927
21989,133620.24540487447
21990,133333.16321672892
21991,134171.87564968222
21992,134753.03007098017
21993,137516.4587862031
21994,139525.57741148237
21995,140814.9182105489
21996,134014.06166660416
21997,133966.32145900538
21998,134824.42720718417
21999,135405.58162848218
22000,138040.5403441553
22001,139651.89288714962
22002,140723.77068632757
22003,133922.91414238283
22004,133886.8895644181
22005,134744.99531259688
22006,135326.14973389488
22007,137961.108449568
22008,139572.46099256232
22009,140723.77068632757
22010,133910.68043935622
22011,133874.65586139148
22012,134516.52104335872
22013,133545.76561809907
22014,135533.74169120722
22015,145898.30450086872
22016,146824.80546069687
22017,158953.1828027672
22018,158318.49830272055
22019,159136.0684449593
22020,161005.29179909785
22021,162575.67374902306
22022,163878.1054650818
22023,165088.00485995953
22024,158297.67162792105
22025,158233.47326390323
22026,158694.73974821455
22027,159019.49779965827
22028,162276.14199592074
22029,163874.93835932255
22030,165101.5991525532
22031,158319.82376802037
22032,158291.10063350917
22033,158811.5819937063
22034,159097.21535770484
22035,162289.74652426894
22036,163983.36632820027
22037,165159.1034775331
22038,158271.83855997695
22039,158220.6805575051
22040,158713.30671846302
22041,158653.79999081
22042,161910.44418707245
22043,163714.76974783203
22044,164957.61551968096
22045,157959.64484529657
22046,157908.48684282473
22047,157910.9562956093
22048,157639.62078660063
22049,158515.81917359
22050,160337.79980716755
22051,139902.3473730085
22052,170442.43255975217
22053,165428.1780317934
22054,175867.89157247104
22055,152923.92150956247
22056,101515.22491712091
22057,127179.22516977531
22058,94406.97432284248
22059,184207.9783786739
22060,152101.9117826542
22061,165543.88846165585
22062,161144.1047007408
22063,159456.0034410967
22064,129305.85131757738
22065,147468.58299526235
22066,157259.58823692432
22067,174391.5738231838
22068,203262.6938085399
22069,195408.7504927901
22070,161784.60341698493
22071,177026.01628218283
22072,95146.56110036283
22073,89928.10784210029
22074,106864.71941508514
22075,108021.81199358289
22076,101094.17933548744
22077,101058.15475752269
22078,101969.79117648542
22079,102887.45399026484
22080,105678.52551474462
22081,113389.25111009428
22082,114541.31138321805
22083,106564.5357007849
22084,121741.85423434225
22085,122681.43545259334
22086,127071.11314386308
22087,130066.40613379683
22088,150258.10061812177
22089,151415.1931966196
22090,143582.35266955956
22091,143546.32809159483
22092,152839.9962749658
22093,153757.65908874522
22094,160574.75905316396
22095,162457.6756462618
22096,163670.56793602652
22097,155814.04632043166
22098,175427.05168748726
22099,176366.63290573834
22100,177752.72192574086
22101,180748.01491567437
22102,185378.36958663465
22103,186535.46216513243
22104,185294.0514198383
22105,185258.02684187356
22106,192667.56224636888
22107,193429.31662032512
22108,200657.36526021303
22109,203559.2249314498
22110,213545.61938742205
22111,207110.94832380727
22112,207153.78673101938
22113,208610.87137877208
22114,209221.3384195842
22115,212075.5069931086
22116,213849.94871196686
22117,215236.99363678717
22118,208700.67670142784
22119,208700.61981158803
22120,209305.8366349492
22121,215127.9025766246
22122,217762.86129229784
22123,219470.5514985103
22124,220614.96053214552
22125,214826.91872726975
22126,214790.894149305
22127,215404.07738104626
22128,216014.5444218584
22129,218649.50313753157
22130,220259.7008937798
22131,221404.10992741503
22132,214802.47384844994
22133,214766.4492704852
22134,215534.0073121916
22135,215900.46440420387
22136,218535.42311987706
22137,220146.77566287137
22138,221298.0853566366
22139,214742.1513291294
22140,214639.18405338284
22141,215232.97396989848
22142,215814.12839119643
22143,218449.0871068696
22144,220458.2057321489
22145,221747.54653121543
22146,215191.61250370822
22147,215143.87229610945
22148,215757.0555278507
22149,216338.20994914864
22150,218973.16866482183
22151,220584.52120781614
22152,221656.3990069941
22153,215100.4649794869
22154,215064.44040152215
22155,215677.6236332634
22156,216258.77805456135
22157,218893.73677023454
22158,220505.08931322885
22159,221656.3990069941
22160,215088.23127646028
22161,215052.20669849555
22162,215569.6629325813
22163,215640.110026564
22164,217731.33941860488
22165,228095.90222826626
22166,229056.24030106017
22167,246496.21023437186
22168,246251.94903210402
22169,246824.59665790512
22170,246764.29505849627
22171,250947.92932087227
22172,252250.36103693102
22173,253460.26043180874
22174,246669.92719977032
22175,246605.72883575244
22176,247066.99532006375
22177,247391.75337150748
22178,250648.39756776995
22179,252247.19393117176
22180,253473.8547244024
22181,246692.07933986958
22182,246663.35620535837
22183,247183.83756555556
22184,247469.47092955405
22185,250662.00209611814
22186,252355.62190004947
22187,253531.3590493823
22188,246644.09413182616
22189,246592.93612935432
22190,247085.56229031223
22191,247026.05556265925
22192,250282.69975892166
22193,252087.02531968124
22194,253329.87109153016
22195,246331.90041714584
22196,246280.742414674
22197,246764.33906966876
22198,247071.4818337443
22199,247947.68022073366
22200,249769.66085431117
22201,83998.8593243983
22202,86514.17924236918
22203,74792.10114532807
22204,151889.44297293172
22205,98373.62985989296
22206,121798.42363585766
22207,128982.51423280679
22208,152509.52279383567
22209,88422.72800653327
22210,184957.4073451856
22211,208482.5238799862
22212,202126.22735524757
22213,164992.7339138655
22214,195145.99090604635
22215,144008.03701597353
22216,162304.0903642974
22217,174157.06396490327
22218,228520.50961443587
22219,216260.2134021937
22220,167261.23662423933
22221,187070.44414679168
22222,174992.51196655785
22223,179084.28696163633
22224,169574.26606820946
22225,191089.8675598506
22226,187388.56663050994
22227,161663.4293703368
22228,156795.17837113986
22229,150879.97309218423
22230,93130.490961956
22231,95014.32030390884
22232,95033.56280672942
22233,90362.92555798132
22234,94038.78510799925
22235,94459.4257837037
22236,96583.29209847326
22237,99336.87334846742
22238,103584.69931084086
22239,103608.97411903541
22240,99082.27202566071
22241,99046.24744769596
22242,102805.49637218399
22243,103723.15918596339
22244,107969.66042306776
22245,108439.90863526953
22246,108519.98315473105
22247,103969.59997282145
22248,123562.91542136771
22249,123983.55609707216
22250,125369.64511707457
22251,128123.22636706878
22252,128799.71686822161
22253,128823.99167641616
22254,126099.27105298615
22255,126063.2464750214
22256,129812.66999098509
22257,130574.4243649418
22258,137473.0720459435
22259,138781.3227019284
22260,147014.63011012782
22261,144047.8539285854
22262,144326.47264601462
22263,144882.00701219877
22264,145362.40922218902
22265,147974.86605577412
22266,148215.0087187989
22267,148535.79070777507
22268,145435.44987208743
22269,145459.9584976411
22270,145546.23477845566
22271,151238.23588930912
22272,153597.53333060906
22273,153892.55515592548
22274,153904.37358409291
22275,182167.40717001035
22276,182131.38259204561
22277,182225.62528124018
22278,182706.0274912303
22279,185065.32493253026
22280,185262.8543078824
22281,185274.67273604983
22282,182142.9622911905
22283,184891.32856510076
22284,185139.94606426047
22285,185376.33832545075
22286,188675.63126823222
22287,188874.3154303305
22288,188893.03451862794
22289,185807.0261252265
22290,198355.01705001327
22291,198429.86642398222
22292,198880.95601445818
22293,201368.72345530792
22294,201965.17369969116
22295,202121.9238932899
22296,199035.91549988845
22297,198988.17529228967
22298,199082.41798148424
22299,199533.5075719602
22300,201892.80501326013
22301,202091.4891753584
22302,202226.41443692762
22303,199140.40604352616
22304,199104.38146556143
22305,199198.624154756
22306,199649.713745232
22307,202009.0111865319
22308,202538.61050202433
22309,202557.32959032178
22310,199459.08749389372
22311,199423.06291592898
22312,199482.0629785867
22313,199030.4507603243
22314,201398.3126824249
22315,210350.2071111903
22316,210308.9906661333
22317,227810.4398048032
22318,227207.12707176662
22319,227232.7908876343
22320,241447.62353728517
22321,243529.45563464428
22322,242977.16527826284
22323,243054.47406767277
22324,239890.0708501897
22325,239857.24425318194
22326,239505.16937102718
22327,239671.77726224108
22328,242666.78911021576
22329,242852.9170927216
22330,243037.97598145288
22331,239882.13061147547
22332,239884.77924397434
22333,239591.91923770544
22334,239732.73342193474
22335,242663.6322402111
22336,242944.5836632464
22337,243095.48030643273
22338,239834.14540343205
22339,239814.35916797028
22340,239493.6439624621
22341,236717.88533655493
22342,239712.8971845296
22343,240104.55436439315
22344,240322.55963009564
22345,236950.51897026665
22346,236930.7327348049
22347,236119.8608211235
22348,235703.70613234563
22349,238129.53795664702
22350,238538.85020932855
22351,70595.62823554353
22352,65540.83547639482
22353,105061.54872274364
22354,94268.12573591074
22355,80122.59461701951
22356,136644.5119637833
22357,19223.21779730127
22358,76358.96936662994
22359,99262.20127367611
22360,146730.53791302937
22361,144417.29759789148
22362,140831.718806231
22363,102825.65124374723
22364,106051.54036167974
22365,76943.92940409908
22366,91302.25638278497
22367,93002.11495949002
22368,111141.32083798148
22369,103019.94928772804
22370,106118.16803759476
22371,107238.0179138059
22372,77459.20911188872
22373,73594.93606244324
22374,89118.87925453215
22375,90280.66585751367
22376,84621.65703061993
22377,84585.63245265518
22378,84995.96343555124
22379,85913.62624933064
22380,88685.9114520406
22381,90162.201871475
22382,91318.95616908255
22383,85270.2466008981
22384,88946.10615091604
22385,89384.38193310046
22386,91508.24824787003
22387,94484.75491603358
22388,98368.7374144567
22389,99530.52401743822
22390,93625.74960462717
22391,93589.72502666242
22392,94939.64491723072
22393,95857.30773101009
22394,100326.73438628383
22395,100796.9825984856
22396,102014.56891273409
22397,96086.11341138814
22398,115699.11877844378
22399,116137.39456062824
22400,117523.48358063068
22401,120499.99024879423
22402,121176.48074994706
22403,122338.26735292858
22404,118481.1084000514
22405,118445.08382208664
22406,122850.35214114076
22407,123612.10651509694
22408,130740.71072383918
22409,132052.67868495276
22410,141823.33242677324
22411,137446.56514339373
22412,137580.39720721336
22413,138124.17685112203
22414,138604.5790611121
22415,141439.96131286668
22416,141680.1039758915
22417,143072.07009003105
22418,138593.656934907
22419,138627.54957950124
22420,138731.46096679577
22421,144423.46207764928
22422,147005.68493711864
22423,147300.70676243506
22424,148450.0369853895
22425,144753.84849518308
22426,144717.82391721834
22427,144829.7017128929
22428,145310.10392288308
22429,147892.32678235238
22430,148089.85615770452
22431,149239.18638065903
22432,144729.4036163632
22433,144693.37903839847
22434,144959.63164403822
22435,145196.0239052285
22436,148718.24226617932
22437,148916.9264282776
22438,150073.15731136213
22439,145609.0765985242
22440,146364.06668092703
22441,146456.55116137597
22442,146907.64075185198
22443,149618.33361087108
22444,150214.78385525438
22445,151509.04584364014
22446,147044.96513080221
22447,146997.22492320344
22448,147109.10271887798
22449,147560.192309354
22450,150142.4151688233
22451,150341.09933092157
22452,151417.8983194188
22453,146953.81760658088
22454,146917.79302861614
22455,147029.6708242907
22456,147480.7604147667
22457,150062.983274236
22458,150592.58258972844
22459,151748.8134728129
22460,147272.49905694844
22461,147236.4744789837
22462,147320.05348713772
22463,146842.59218902362
22464,149433.37952929363
22465,158385.27395805903
22466,159316.6961072064
22467,175652.02166039037
22468,175017.3371603437
22469,175088.6793500781
22470,190015.22094474337
22471,192393.5388945642
22472,191841.2485381827
22473,193056.0691223797
22474,188602.51172144822
22475,188538.3133574304
22476,188253.3518892373
22477,188448.0451098591
22478,191651.95344991767
22479,191838.08143242344
22480,193069.66341497336
22481,188624.66386154754
22482,188595.94072703633
22483,188370.1941347291
22484,188525.76266790566
22485,191665.55797826586
22486,191946.5094013012
22487,193127.1677399532
22488,188576.67865350412
22489,188525.52065103228
22490,188271.91885948577
22491,188144.49708399334
22492,191348.40542405186
22493,191740.06260391546
22494,192987.8295650836
22495,188326.63472180621
22496,188275.47671933437
22497,187531.7182196146
22498,187130.31787978398
22499,189765.04619616928
22500,190174.3584488508
22501,11643.373144871775
22502,14396.954394865981
22503,14987.456673906265
22504,15011.731482100806
22505,10330.350775265895
22506,10294.326197301149
22507,10714.966873005613
22508,11643.373144871775
22509,14396.954394865981
22510,14987.456673906265
22511,15011.731482100806
22512,10330.350775265895
22513,10294.326197301149
22514,10714.966873005613
22515,11643.373144871775
22516,14396.954394865981
22517,14987.456673906265
22518,15011.731482100806
22519,10330.350775265895
22520,10294.326197301149
22521,10714.966873005613
22522,11691.204863989082
22523,14444.786113983288
22524,29968.72930607227
22525,29993.004114266812
22526,25712.06760680933
22527,25676.043028844593
22528,26068.738905260692
22529,26986.401719040103
22530,29540.337505007545
22531,31016.627924441953
22532,31016.106922869832
22533,26345.469674121654
22534,30021.32922413959
22535,30441.969899844054
22536,32565.836214613537
22537,35319.41746460774
22538,39152.9586331671
22539,39177.23344136163
22540,34650.5313479869
22541,34614.506770022155
22542,36048.42387844463
22543,36966.08669222404
22544,40418.47663528083
22545,40888.724847482634
22546,40968.799366944135
22547,36418.41618503449
22548,56011.731633580755
22549,56432.372309285194
22550,57818.46132928766
22551,60572.042579281835
22552,61248.533080434645
22553,61272.80788862918
22554,58236.67597983478
22555,58200.65140187003
22556,61950.074917833765
22557,62711.82929178997
22558,69610.47697279144
22559,70918.72762877625
22560,79152.03503697562
22561,76185.25885543332
22562,76463.87757286255
22563,77019.41193904671
22564,77499.81414903689
22565,80112.27098262194
22566,80352.41364564671
22567,80673.1956346229
22568,77572.85479893534
22569,77597.36342448903
22570,77683.63970530356
22571,83375.64081615699
22572,85734.93825745686
22573,86029.96008277324
22574,86041.77851094071
22575,86911.04258286346
22576,86875.01800489871
22577,86969.26069409329
22578,87449.66290408347
22579,89808.96034538331
22580,90006.48972073544
22581,90018.30814890291
22582,86886.59770404363
22583,89634.96397795391
22584,89883.58147711366
22585,90119.97373830393
22586,93419.2666810853
22587,93617.95084318353
22588,93636.66993148101
22589,90550.66153807967
22590,90175.8854515632
22591,90250.73482553214
22592,90701.8244160081
22593,93189.59185685776
22594,93786.042101241
22595,93804.76118953848
22596,90718.75279613711
22597,90671.01258853833
22598,90765.25527773291
22599,91216.34486820886
22600,93575.64230950874
22601,93774.32647160697
22602,93700.06879765769
22603,90614.06040425632
22604,90578.03582629157
22605,90672.27851548615
22606,91123.3681059621
22607,93482.66554726198
22608,93681.3497093602
22609,93700.06879765769
22610,90601.8267012297
22611,90565.80212326495
22612,90514.23930127239
22613,89491.8115125886
22614,91043.40973469928
22615,99995.30416346467
22616,99799.10345789089
22617,116411.1034114563
22618,115675.47249940311
22619,115701.1363152708
22620,120361.94948972882
22621,121139.5784568134
22622,120587.28810043194
22623,120664.5968898419
22624,118184.24764750652
22625,118104.23853190058
22626,117752.16364974587
22627,117918.7715409597
22628,120276.91193238487
22629,120452.37382239688
22630,120637.4327111282
22631,118165.64131629848
22632,118121.10743019918
22633,117828.24742393033
22634,117969.0616081596
22635,120263.0889698864
22636,120544.0403929217
22637,120694.93703610805
22638,118117.65610825505
22639,118050.6873541951
22640,117729.972148687
22641,114954.21352277968
22642,117312.35391420482
22643,117704.01109406838
22644,117922.01635977086
22645,115234.0296750896
22646,115167.06092102965
22647,114356.18900734824
22648,113940.0343185704
22649,115491.27549447378
22650,115900.5877471553
22651,0.0
22652,0.0
22653,0.0
22654,0.0
22655,0.0
22656,0.0
22657,0.0
22658,0.0
22659,0.0
22660,0.0
22661,0.0
22662,0.0
22663,0.0
22664,0.0
22665,0.0
22666,0.0
22667,0.0
22668,0.0
22669,0.0
22670,0.0
22671,0.0
22672,0.0
22673,0.0
22674,0.0
22675,0.0
22676,0.0
22677,0.0
22678,0.0
22679,0.0
22680,0.0
22681,0.0
22682,0.0
22683,0.0
22684,0.0
22685,0.0
22686,0.0
22687,0.0
22688,0.0
22689,0.0
22690,0.0
22691,0.0
22692,0.0
22693,0.0
22694,0.0
22695,0.0
22696,0.0
22697,0.0
22698,0.0
22699,0.0
22700,0.0
22701,0.0
22702,0.0
22703,0.0
22704,0.0
22705,0.0
22706,0.0
22707,0.0
22708,0.0
22709,0.0
22710,0.0
22711,0.0
22712,0.0
22713,0.0
22714,0.0
22715,0.0
22716,0.0
22717,0.0
22718,0.0
22719,0.0
22720,0.0
22721,0.0
22722,0.0
22723,0.0
22724,0.0
22725,0.0
22726,0.0
22727,0.0
22728,0.0
22729,0.0
22730,0.0
22731,0.0
22732,0.0
22733,0.0
22734,0.0
22735,0.0
22736,0.0
22737,0.0
22738,0.0
22739,0.0
22740,0.0
22741,0.0
22742,0.0
22743,0.0
22744,0.0
22745,0.0
22746,0.0
22747,0.0
22748,0.0
22749,0.0
22750,0.0
22751,0.0
22752,0.0
22753,0.0
22754,0.0
22755,0.0
22756,0.0
22757,0.0
22758,0.0
22759,0.0
22760,0.0
22761,0.0
22762,0.0
22763,0.0
22764,0.0
22765,0.0
22766,0.0
22767,0.0
22768,0.0
22769,0.0
22770,0.0
22771,0.0
22772,0.0
22773,0.0
22774,0.0
22775,0.0
22776,0.0
22777,0.0
22778,0.0
22779,0.0
22780,0.0
22781,0.0
22782,0.0
22783,0.0
22784,0.0
22785,0.0
22786,0.0
22787,0.0
22788,0.0
22789,0.0
22790,0.0
22791,0.0
22792,0.0
22793,0.0
22794,0.0
22795,0.0
22796,0.0
22797,0.0
22798,0.0
22799,0.0
22800,0.0
22801,0.0
22802,0.0
22803,0.0
22804,0.0
22805,0.0
22806,0.0
22807,0.0
22808,0.0
22809,0.0
22810,0.0
22811,0.0
22812,0.0
22813,0.0
22814,0.0
22815,0.0
22816,0.0
22817,0.0
22818,0.0
22819,0.0
22820,0.0
22821,0.0
22822,0.0
22823,0.0
22824,0.0
22825,0.0
22826,0.0
22827,0.0
22828,0.0
22829,0.0
22830,0.0
22831,0.0
22832,0.0
22833,0.0
22834,0.0
22835,0.0
22836,0.0
22837,0.0
22838,0.0
22839,0.0
22840,0.0
22841,0.0
22842,0.0
22843,0.0
22844,0.0
22845,0.0
22846,0.0
22847,0.0
22848,0.0
22849,0.0
22850,0.0
22851,0.0
22852,0.0
22853,0.0
22854,0.0
22855,0.0
22856,0.0
22857,0.0
22858,0.0
22859,0.0
22860,0.0
22861,0.0
22862,0.0
22863,0.0
22864,0.0
22865,0.0
22866,0.0
22867,0.0
22868,0.0
22869,0.0
22870,0.0
22871,0.0
22872,0.0
22873,0.0
22874,0.0
22875,0.0
22876,0.0
22877,0.0
22878,0.0
22879,0.0
22880,0.0
22881,0.0
22882,0.0
22883,0.0
22884,0.0
22885,0.0
22886,0.0
22887,0.0
22888,0.0
22889,0.0
22890,0.0
22891,0.0
22892,0.0
22893,0.0
22894,0.0
22895,0.0
22896,0.0
22897,0.0
22898,0.0
22899,0.0
22900,0.0
22901,0.0
22902,0.0
22903,0.0
22904,0.0
22905,0.0
22906,0.0
22907,0.0
22908,0.0
22909,0.0
22910,0.0
22911,0.0
22912,0.0
22913,0.0
22914,0.0
22915,0.0
22916,0.0
22917,0.0
22918,0.0
22919,0.0
22920,0.0
22921,0.0
22922,0.0
22923,0.0
22924,0.0
22925,0.0
22926,0.0
22927,0.0
22928,0.0
22929,0.0
22930,0.0
22931,0.0
22932,0.0
22933,0.0
22934,0.0
22935,0.0
22936,0.0
22937,0.0
22938,0.0
22939,0.0
22940,0.0
22941,0.0
22942,0.0
22943,0.0
22944,0.0
22945,0.0
22946,0.0
22947,0.0
22948,0.0
22949,0.0
22950,0.0
22951,29745.59247252864
22952,21755.884831626885
22953,76633.37800915656
22954,123119.86221361668
22955,104909.23331319902
22956,57332.610954026095
22957,95546.12769647829
22958,118492.61243434205
22959,102424.88639587902
22960,167884.25642020928
22961,217874.05505884267
22962,207654.1102896662
22963,120835.0267540563
22964,110957.32711889807
22965,108382.08034206174
22966,196175.56876288413
22967,169030.47502323345
22968,224575.5767605079
22969,216220.2199300784
22970,148227.927452931
22971,165463.0217858526
22972,160396.31011119735
22973,135467.39175504775
22974,169314.08104075657
22975,169438.23477215462
22976,164331.1949557969
22977,162423.79089622575
22978,86408.86897840473
22979,90796.00136073193
22980,93364.85794112585
22981,94841.14836056026
22982,95997.90265816783
22983,90152.62171229941
22984,93828.48126231732
22985,94266.75704450178
22986,96390.62335927134
22987,99163.70140511886
22988,103263.87488531489
22989,104425.6614882964
22990,98724.31569780139
22991,98688.29111983663
22992,102465.17515080467
22993,103382.83796458408
22994,107648.83599754178
22995,108119.08420974355
22996,109336.67052399204
22997,103611.64364496213
22998,123204.95909350838
22999,123643.23487569284
23000,125029.32389569526
23001,127802.4019415428
23002,128478.89244269564
23003,129640.67904567716
23004,125683.19252815012
23005,125647.16795018537
23006,129414.22657262922
23007,130175.98094658555
23008,137094.12542344068
23009,138402.3760794256
23010,148173.02982124608
23011,144009.15650678382
23012,144142.98857060345
23013,144686.76821451212
23014,145167.17042450226
23015,147799.12405394073
23016,148039.26671696556
23017,149431.2328311051
23018,145156.24829829708
23019,145180.75692385083
23020,145284.6683111453
23021,150976.6694219988
23022,153355.46365915207
23023,153650.4854844685
23024,154799.81570742294
23025,180453.55660316502
23026,180417.5320252003
23027,180529.40982087483
23028,181009.81203086497
23029,183388.60626801822
23030,183586.13564337042
23031,184735.46586632493
23032,180429.11172434522
23033,183177.4779982555
23034,183443.73060389518
23035,183680.12286508546
23036,186998.91260372024
23037,187197.5967658185
23038,188353.82764890304
23039,184093.17555838122
23040,196641.166483168
23041,196733.65096361694
23042,197184.7405540929
23043,199692.00479079594
23044,200288.45503517924
23045,201582.717023565
23046,197322.06493304318
23047,197274.3247254444
23048,197386.20252111895
23049,197837.2921115949
23050,200216.08634874815
23051,200414.77051084643
23052,201491.56949934366
23053,197230.91740882184
23054,197194.8928308571
23055,197306.77062653165
23056,197757.8602170076
23057,200136.65445416086
23058,200666.2537696533
23059,201822.48465273777
23060,197549.59885918934
23061,197513.5742812246
23062,197597.15328937862
23063,197145.54107111617
23064,199532.89978907013
23065,208484.79421783553
23066,209581.0895675656
23067,225948.91338246767
23068,225345.6006494311
23069,225388.89957177875
23070,239893.0924146767
23071,242082.58420918122
23072,241530.29385279972
23073,242745.11443699672
23074,238478.36824031846
23075,238445.54164331072
23076,238160.58017511762
23077,238327.18806633152
23078,241327.66778407406
23079,241513.79576657983
23080,242728.61635077684
23081,238470.42800160425
23082,238473.0766341031
23083,238247.33004179588
23084,238388.14422602518
23085,241324.51091406934
23086,241605.4623371047
23087,242786.12067575668
23088,238422.44279356083
23089,238402.65655809906
23090,238149.05476655255
23091,235373.29614064537
23092,238373.77585838785
23093,238765.43303825145
23094,240013.1999994196
23095,235538.81636039543
23096,235519.03012493366
23097,234775.27162521394
23098,234359.11693643607
23099,236790.41663050532
23100,237199.72888318685
23101,0.0
23102,0.0
23103,0.0
23104,0.0
23105,0.0
23106,0.0
23107,0.0
23108,0.0
23109,0.0
23110,0.0
23111,0.0
23112,0.0
23113,0.0
23114,0.0
23115,0.0
23116,0.0
23117,0.0
23118,0.0
23119,0.0
23120,0.0
23121,0.0
23122,0.0
23123,0.0
23124,0.0
23125,0.0
23126,0.0
23127,0.0
23128,0.0
23129,0.0
23130,0.0
23131,0.0
23132,0.0
23133,0.0
23134,0.0
23135,0.0
23136,0.0
23137,0.0
23138,0.0
23139,0.0
23140,0.0
23141,0.0
23142,0.0
23143,0.0
23144,0.0
23145,0.0
23146,0.0
23147,0.0
23148,0.0
23149,0.0
23150,0.0
23151,0.0
23152,0.0
23153,0.0
23154,0.0
23155,0.0
23156,0.0
23157,0.0
23158,0.0
23159,0.0
23160,0.0
23161,0.0
23162,0.0
23163,0.0
23164,0.0
23165,0.0
23166,0.0
23167,0.0
23168,0.0
23169,0.0
23170,0.0
23171,0.0
23172,0.0
23173,0.0
23174,0.0
23175,0.0
23176,0.0
23177,0.0
23178,0.0
23179,0.0
23180,0.0
23181,0.0
23182,0.0
23183,0.0
23184,0.0
23185,0.0
23186,0.0
23187,0.0
23188,0.0
23189,0.0
23190,0.0
23191,0.0
23192,0.0
23193,0.0
23194,0.0
23195,0.0
23196,0.0
23197,0.0
23198,0.0
23199,0.0
23200,0.0
23201,0.0
23202,0.0
23203,0.0
23204,0.0
23205,0.0
23206,0.0
23207,0.0
23208,0.0
23209,0.0
23210,0.0
23211,0.0
23212,0.0
23213,0.0
23214,0.0
23215,0.0
23216,0.0
23217,0.0
23218,0.0
23219,0.0
23220,0.0
23221,0.0
23222,0.0
23223,0.0
23224,0.0
23225,0.0
23226,0.0
23227,0.0
23228,0.0
23229,0.0
23230,0.0
23231,0.0
23232,0.0
23233,0.0
23234,0.0
23235,0.0
23236,0.0
23237,0.0
23238,0.0
23239,0.0
23240,0.0
23241,0.0
23242,0.0
23243,0.0
23244,0.0
23245,0.0
23246,0.0
23247,0.0
23248,0.0
23249,0.0
23250,0.0
23251,0.0
23252,0.0
23253,0.0
23254,0.0
23255,0.0
23256,0.0
23257,0.0
23258,0.0
23259,0.0
23260,0.0
23261,0.0
23262,0.0
23263,0.0
23264,0.0
23265,0.0
23266,0.0
23267,0.0
23268,0.0
23269,0.0
23270,0.0
23271,0.0
23272,0.0
23273,0.0
23274,0.0
23275,0.0
23276,0.0
23277,0.0
23278,0.0
23279,0.0
23280,0.0
23281,0.0
23282,0.0
23283,0.0
23284,0.0
23285,0.0
23286,0.0
23287,0.0
23288,0.0
23289,0.0
23290,0.0
23291,0.0
23292,0.0
23293,0.0
23294,0.0
23295,0.0
23296,0.0
23297,0.0
23298,0.0
23299,0.0
23300,0.0
23301,0.0
23302,0.0
23303,0.0
23304,0.0
23305,0.0
23306,0.0
23307,0.0
23308,0.0
23309,0.0
23310,0.0
23311,0.0
23312,0.0
23313,0.0
23314,0.0
23315,0.0
23316,0.0
23317,0.0
23318,0.0
23319,0.0
23320,0.0
23321,0.0
23322,0.0
23323,0.0
23324,0.0
23325,0.0
23326,0.0
23327,0.0
23328,0.0
23329,0.0
23330,0.0
23331,0.0
23332,0.0
23333,0.0
23334,0.0
23335,0.0
23336,0.0
23337,0.0
23338,0.0
23339,0.0
23340,0.0
23341,0.0
23342,0.0
23343,0.0
23344,0.0
23345,0.0
23346,0.0
23347,0.0
23348,0.0
23349,0.0
23350,0.0
23351,0.0
23352,0.0
23353,0.0
23354,0.0
23355,0.0
23356,0.0
23357,0.0
23358,0.0
23359,0.0
23360,0.0
23361,0.0
23362,0.0
23363,0.0
23364,0.0
23365,0.0
23366,0.0
23367,0.0
23368,0.0
23369,0.0
23370,0.0
23371,0.0
23372,0.0
23373,0.0
23374,0.0
23375,0.0
23376,0.0
23377,0.0
23378,0.0
23379,0.0
23380,0.0
23381,0.0
23382,0.0
23383,0.0
23384,0.0
23385,0.0
23386,0.0
23387,0.0
23388,0.0
23389,0.0
23390,0.0
23391,0.0
23392,0.0
23393,0.0
23394,0.0
23395,0.0
23396,0.0
23397,0.0
23398,0.0
23399,0.0
23400,0.0
23401,0.0
23402,0.019289812651574752
23403,0.029891884978177685
23404,0.014349028982028781
23405,0.0
23406,0.0
23407,0.0057042646355066826
23408,0.0
23409,0.019289812651574752
23410,0.029891884978177685
23411,0.014349028982028781
23412,0.0
23413,0.0
23414,0.0057042646355066826
23415,0.0
23416,0.019289812651574752
23417,0.029891884978177685
23418,0.015358174072621194
23419,0.0
23420,0.0
23421,0.0
23422,0.0
23423,0.0
23424,0.0
23425,0.0
23426,0.0
23427,0.0
23428,0.0
23429,0.0
23430,0.0
23431,0.0
23432,0.0
23433,0.0
23434,0.0
23435,0.0
23436,0.0
23437,0.0
23438,0.0
23439,0.0
23440,0.0
23441,0.0
23442,0.0
23443,0.0
23444,0.0
23445,0.0
23446,0.0
23447,0.0
23448,0.0
23449,0.0
23450,0.0
23451,0.0
23452,0.0
23453,0.0
23454,0.0
23455,0.0
23456,0.0
23457,0.0
23458,0.0
23459,0.0
23460,0.0
23461,0.0
23462,0.0
23463,1.0004291314132077
23464,1.3225276018898997
23465,1.5113992215147072
23466,0.0
23467,0.0
23468,0.0
23469,0.0
23470,0.0
23471,0.0
23472,0.0
23473,0.0
23474,0.0
23475,0.0
23476,0.0
23477,0.0
23478,0.0
23479,0.0
23480,0.0
23481,0.2707071040531214
23482,0.0
23483,0.0
23484,0.1539786988913445
23485,0.1647823891300815
23486,0.050466637381832616
23487,0.0
23488,0.0
23489,0.0
23490,0.0
23491,0.0
23492,0.0
23493,0.0
23494,0.0
23495,0.0
23496,0.0
23497,1.609702660660181
23498,0.7447337030625848
23499,0.0
23500,0.0
23501,0.0
23502,0.0
23503,0.0
23504,0.0
23505,0.0
23506,0.0
23507,0.0
23508,0.0
23509,0.0
23510,0.0
23511,0.0
23512,0.0
23513,0.0
23514,0.0
23515,0.0
23516,0.0
23517,0.0
23518,0.0
23519,0.0
23520,2.1703274353233617
23521,0.2915334331907626
23522,0.0
23523,0.0
23524,0.0
23525,0.0
23526,0.0
23527,0.0
23528,0.0
23529,0.0
23530,0.0
23531,0.0
23532,0.0
23533,0.0
23534,0.0
23535,0.0
23536,0.0
23537,0.0
23538,0.0
23539,0.0
23540,0.993196240493761
23541,0.0
23542,0.0
23543,0.21854969150116857
23544,0.9879532298865433
23545,2.496106905776703
23546,2.231576356905988
23547,11.289997500746145
23548,0.0
23549,0.0
23550,0.0
23551,0.0
23552,0.0
23553,0.0
23554,0.0
23555,0.0
23556,0.0017105349458069706
23557,0.0
23558,0.0
23559,0.0
23560,0.0
23561,0.0
23562,0.0
23563,0.0017105349458069706
23564,0.0
23565,0.0
23566,0.0
23567,0.0
23568,0.0
23569,0.0
23570,0.0
23571,0.0
23572,0.0023954225675180537
23573,0.0
23574,0.024408890382943933
23575,0.014502287414529207
23576,0.0
23577,0.0
23578,0.0
23579,0.0
23580,0.0
23581,0.0
23582,0.0
23583,0.0
23584,0.0
23585,0.0
23586,0.0
23587,0.0
23588,0.04289532355852876
23589,0.03342220747515568
23590,0.06605699120241473
23591,0.12668879180326967
23592,0.0
23593,0.0
23594,0.0
23595,0.0
23596,0.0
23597,0.0
23598,0.0
23599,0.0
23600,0.0
23601,0.0
23602,0.0
23603,0.0
23604,0.0
23605,0.0
23606,0.0
23607,0.0
23608,0.0
23609,0.0
23610,0.0
23611,0.0
23612,0.06760670134811224
23613,1.9418344041469746
23614,2.25743037926611
23615,2.4295507166814296
23616,0.0
23617,0.0
23618,0.0
23619,0.0
23620,0.05311585867452105
23621,0.1362753363840512
23622,0.12057049738014007
23623,0.11619969587330849
23624,0.01641476237911481
23625,0.0
23626,0.0
23627,0.0
23628,0.0627168172153376
23629,0.04015827375737666
23630,0.0
23631,0.0
23632,0.0
23633,0.0
23634,0.0
23635,0.0
23636,0.0
23637,0.0
23638,0.0
23639,0.0
23640,0.0
23641,0.0
23642,0.0
23643,0.0
23644,0.0
23645,0.0
23646,0.0
23647,1.814411296283417
23648,1.2012234397554467
23649,0.2858486773768929
23650,0.0
23651,0.0
23652,0.0
23653,0.0
23654,0.0
23655,0.0
23656,0.014305894531365103
23657,0.012859253437978462
23658,0.01548196396619114
23659,0.0
23660,0.0
23661,0.0
23662,0.0
23663,0.0
23664,0.0
23665,0.0
23666,0.0
23667,0.0
23668,0.0
23669,0.0
23670,1.401019669002428
23671,0.320327763853837
23672,0.17113125528601186
23673,0.32161971429618164
23674,0.0
23675,0.0
23676,0.17641648632725504
23677,0.4439949888282526
23678,0.371436310171882
23679,0.8145567956851537
23680,0.29306379932096466
23681,0.0
23682,0.0
23683,1.7068869843098993
23684,0.06550968209165986
23685,12.625704040109719
23686,0.0
23687,0.0
23688,0.0
23689,0.0
23690,0.0
23691,0.0
23692,0.0
23693,0.0
23694,0.0
23695,0.0
23696,0.0
23697,0.0
23698,0.0
23699,0.0
23700,0.0
23701,0.0
23702,0.0
23703,0.0
23704,0.0
23705,0.0
23706,0.0
23707,0.0
23708,0.0
23709,0.0
23710,0.0
23711,0.0
23712,0.0
23713,0.0
23714,0.0
23715,0.0
23716,0.0
23717,0.0
23718,0.0
23719,0.0
23720,0.0
23721,0.0
23722,0.0
23723,0.0
23724,0.0
23725,0.0
23726,0.0
23727,0.0
23728,0.0
23729,0.0
23730,0.0
23731,0.0
23732,0.0
23733,0.0
23734,0.0
23735,0.0
23736,0.0
23737,0.0
23738,0.0
23739,0.0
23740,0.0
23741,0.04519454721995872
23742,0.09347316756999142
23743,0.0
23744,0.0
23745,0.0
23746,0.0
23747,0.0
23748,0.11691036946685014
23749,0.3356185484555053
23750,0.2419534356145515
23751,0.1648579784137298
23752,0.0
23753,0.0
23754,0.0
23755,0.027125331968199464
23756,0.24953020749985966
23757,0.1591791959803497
23758,0.018628467732790973
23759,0.0
23760,0.0
23761,0.0
23762,0.0
23763,0.0
23764,0.0
23765,0.0
23766,0.0
23767,0.0
23768,0.0
23769,0.0
23770,0.0
23771,0.0
23772,0.0
23773,0.0
23774,0.0
23775,0.0
23776,0.0
23777,0.0
23778,0.0
23779,0.0
23780,0.0
23781,0.0
23782,0.0
23783,0.0
23784,0.0
23785,0.6826045628245812
23786,0.21951034457398927
23787,0.040916507826466095
23788,0.0
23789,0.0
23790,2.554215395657443
23791,0.04107232779168767
23792,0.0
23793,0.0
23794,0.0
23795,0.0
23796,0.0
23797,1.4547754545868745
23798,0.4865776946491042
23799,0.0
23800,0.0
23801,0.0
23802,0.0
23803,0.0
23804,0.09118310032512328
23805,0.09648852332637703
23806,0.11505054624521775
23807,0.0
23808,0.0
23809,0.0
23810,0.0
23811,0.12664802204844824
23812,0.1164893919257785
23813,0.15358480899228621
23814,0.0
23815,0.0
23816,0.0
23817,0.0
23818,0.15752888943271853
23819,0.09329345062242159
23820,2.224496444687448
23821,0.0
23822,0.0
23823,0.0
23824,0.0
23825,0.0
23826,0.0
23827,0.0
23828,0.0
23829,0.0
23830,0.0
23831,0.0
23832,0.0
23833,0.0
23834,0.0
23835,0.0
23836,0.0
23837,0.0
23838,0.0
23839,0.0
23840,0.0
23841,0.0
23842,0.0
23843,0.0
23844,0.0
23845,0.0
23846,0.0
23847,0.0
23848,0.0
23849,0.0
23850,0.0
23851,27616.373352126542
23852,27614.470444567447
23853,27536.314160511964
23854,27521.582404432706
23855,27470.41771800308
23856,27606.928270444925
23857,27613.748685381066
23858,27616.373352126542
23859,27614.470444567447
23860,27536.314160511964
23861,27521.582404432706
23862,27470.41771800308
23863,27606.928270444925
23864,27613.748685381066
23865,27616.373352126542
23866,27614.470444567447
23867,27536.314160511964
23868,27521.135813995443
23869,27470.38401791846
23870,27606.220377213886
23871,27613.040792150034
23872,27615.695635998036
23873,27613.792728438948
23874,27535.65284395492
23875,27520.921087875653
23876,27567.125372801554
23877,27703.223034890743
23878,27712.29173196106
23879,27714.890746644098
23880,27957.12612955907
23881,28647.379034522386
23882,28670.22528130112
23883,28810.30551169837
23884,29185.053528769884
23885,29191.829804156045
23886,34235.81313655055
23887,34043.1409968351
23888,52873.09170061923
23889,52856.74630439065
23890,53513.87766073177
23891,53649.96689233825
23892,53719.743592989784
23893,53722.36103202248
23894,55291.11270613846
23895,55212.953258388516
23896,56605.63375830081
23897,56729.32733648811
23898,56981.46275375422
23899,57006.228954073864
23900,57023.14642638427
23901,56830.47754931515
23902,56748.753368561316
23903,56732.41142811823
23904,56849.80145413723
23905,56995.56504032596
23906,57030.32043268838
23907,57032.9450457085
23908,56855.72921440082
23909,75319.11225261535
23910,97994.982797489
23911,135870.3698270428
23912,136154.72143765166
23913,138245.36173386165
23914,138420.34562189304
23915,139821.79246847556
23916,140755.30545152357
23917,141447.414270862
23918,189833.413324562
23919,190722.95794973904
23920,190874.95536967623
23921,191319.07787259217
23922,191871.611012254
23923,191778.09967292714
23924,191759.47906958195
23925,191854.14456354844
23926,210023.07619951374
23927,210115.44525949247
23928,210102.63568485406
23929,209875.71946645406
23930,209877.45046372924
23931,210036.72914127284
23932,210665.981588548
23933,211029.28004235358
23934,211129.24475810144
23935,211251.0586963086
23936,211053.6041807597
23937,212046.85680421637
23938,213370.7902379992
23939,213462.58906329158
23940,238048.70803605218
23941,238873.54074236835
23942,239325.43890499187
23943,239263.23432588935
23944,239290.67341489828
23945,239324.09138697977
23946,239451.5363764268
23947,240221.38739772863
23948,240490.84509036032
23949,240433.50627310542
23950,240242.5798533333
23951,240153.89858169953
23952,240136.3084779797
23953,241147.8787711249
23954,243362.0015058025
23955,243780.00975071118
23956,244255.1147793527
23957,244101.0511923332
23958,244049.54054941706
23959,244066.8503129558
23960,244167.6701902968
23961,244533.1753419286
23962,245315.41415699467
23963,245555.99392455968
23964,245264.49694399812
23965,246210.7325199699
23966,246192.21673418488
23967,248306.23509238393
23968,248526.03023572848
23969,248821.3632249139
23970,253796.6646600235
23971,253584.65726656708
23972,255810.28432597738
23973,256491.05640664004
23974,257012.54345145472
23975,261538.23999437655
23976,261647.71268403763
23977,261300.2237450398
23978,261051.80203567268
23979,261871.58375824586
23980,261852.26236194707
23981,261937.71006431052
23982,264527.73774290475
23983,265946.29074395157
23984,266632.9955350864
23985,266398.47662997944
23986,266601.4702044315
23987,266582.6805092576
23988,266630.97769355815
23989,268150.71598011843
23990,268300.47790497285
23991,268351.5042503237
23992,268130.96979210264
23993,302518.4782133921
23994,302500.7030063154
23995,302536.6916548978
23996,304886.49745291605
23997,304996.92563658184
23998,304941.4107602144
23999,304708.70049566316
24000,320290.8294443771
24001,0.0
24002,16806.938642914865
24003,24203.38411610498
24004,15004.912966113234
24005,6911.665123622056
24006,12625.00911889339
24007,0.0
24008,0.0
24009,0.0
24010,15457.507521279224
24011,11589.591922329853
24012,15957.4729647482
24013,35363.8131668692
24014,70947.75739522124
24015,48872.36969717668
24016,29058.158181691175
24017,27619.02899720969
24018,27603.879357464884
24019,27551.957176764157
24020,27687.270304782618
24021,27695.629578110496
24022,27698.46458397868
24023,27696.656825856426
24024,27618.502455030768
24025,27603.79940572323
24026,27648.833306025375
24027,27784.407736837606
24028,27795.01529229966
24029,27797.659694624734
24030,28043.873577424896
24031,28749.00072917031
24032,28771.875682720765
24033,28910.785528494267
24034,29285.315703611832
24035,29293.63083738973
24036,34337.65955742637
24037,34145.08256714775
24038,52980.334813964095
24039,52964.01812450723
24040,53638.013715285735
24041,53773.57971561525
24042,53864.509088869185
24043,53867.171915543935
24044,55437.45336445487
24045,55359.279430363305
24046,56752.186637349354
24047,56874.72133942053
24048,57127.796695401434
24049,57154.095748094325
24050,57171.06895276101
24051,56978.49392091559
24052,56910.18725633075
24053,56893.87402265939
24054,57010.1064767754
24055,57155.346831687166
24056,57191.67840355414
24057,57194.342901727156
24058,57020.82874120742
24059,75604.26735242468
24060,94030.29821484465
24061,131923.8055901452
24062,132207.68930470615
24063,134299.87171600075
24064,134480.86883997417
24065,135886.54636787475
24066,136853.88307005423
24067,137581.4129264858
24068,186105.32865654663
24069,186994.35098068533
24070,187147.8763511261
24071,187592.03605265974
24072,188150.07579339447
24073,188056.8128994859
24074,188051.26710757794
24075,188154.66833253243
24076,206323.07673722075
24077,206416.98223167582
24078,206435.4928259014
24079,206212.80915798864
24080,206263.95748740682
24081,206534.59577038625
24082,207172.6705086512
24083,207550.34514665508
24084,207651.8378129065
24085,207773.82590379697
24086,207580.60449005337
24087,208574.10996026944
24088,209883.78509064997
24089,209984.32523528714
24090,234609.2232967486
24091,235435.5748784952
24092,235887.49912252655
24093,235829.52709391128
24094,235857.21428700298
24095,235876.37395568215
24096,236012.5748684002
24097,236780.03368953118
24098,237050.92621200398
24099,236982.4502446398
24100,236795.66404954318
24101,236707.2273908202
24102,236675.37898369806
24103,237577.27671703493
24104,239420.27350038016
24105,239713.15135149125
24106,240188.2739890145
24107,240038.4316995187
24108,239979.0469673943
24109,239982.08859689411
24110,240091.67307191464
24111,240456.65499226947
24112,241240.40806817875
24113,241336.60283092628
24114,241049.31764596608
24115,241995.79761385213
24116,241963.0219723938
24117,244087.15956147166
24118,244304.51657155805
24119,244567.7131362847
24120,249477.3657329034
24121,249236.65554235328
24122,251082.18736535846
24123,251705.62689673086
24124,251736.97772312624
24125,255713.94992572995
24126,255811.69658950358
24127,255288.2688038045
24128,255036.0527146722
24129,255856.78094084372
24130,255820.9618238413
24131,256083.92482094106
24132,258668.11186631737
24133,260048.64346183673
24134,260548.35188638876
24135,260318.0225693212
24136,260521.92479021515
24137,260488.87679163885
24138,260727.19689374967
24139,262245.5210457909
24140,262392.9204047603
24141,262264.81398103235
24142,262048.48530333774
24143,296437.1394683469
24144,296405.0814671153
24145,296631.09303350846
24146,298979.4846970075
24147,299089.34250071336
24148,298854.6727380666
24149,298626.1682540416
24150,314209.4429464758
24151,0.0
24152,0.0
24153,0.0
24154,0.0
24155,0.0
24156,0.0
24157,0.0
24158,0.0
24159,0.0
24160,0.0
24161,0.0
24162,0.0
24163,0.0
24164,0.0
24165,0.0
24166,0.0
24167,0.0
24168,9280.597939273923
24169,10174.112978045649
24170,15727.025496716471
24171,17309.27536481199
24172,19556.5130866323
24173,20347.701964399683
24174,20452.101241552456
24175,19876.99782618782
24176,20681.261240105156
24177,20601.730906914676
24178,0.0
24179,1861.7469228582086
24180,80.79377931553697
24181,206.6069919047077
24182,251.50391535591714
24183,251.85846886550166
24184,331.6234614578753
24185,332.1138535779671
24186,322.9464025135663
24187,319.67315015005255
24188,1136.8906018977514
24189,1136.2632515634887
24190,1671.7035500779907
24191,1670.4502816371905
24192,1753.8319299756083
24193,1754.2661574793392
24194,3535.316656095952
24195,3537.577546829813
24196,4947.0375626311015
24197,4931.016972438292
24198,5047.812495378865
24199,5066.2868064139275
24200,5080.350684415563
24201,5077.079390485268
24202,5089.206630380886
24203,5088.582735832121
24204,5066.25989768412
24205,5074.732146231027
24206,5103.238976440177
24207,5103.67487544217
24208,5116.159329279735
24209,5596.793664361376
24210,6506.019498852897
24211,6937.223891807818
24212,7067.090199696952
24213,7156.260617320833
24214,7212.81776740811
24215,8266.294393475455
24216,9199.158942218288
24217,9845.792846089742
24218,12419.520437292556
24219,12660.941524264921
24220,12813.104946764925
24221,13269.793503233208
24222,14069.530820706066
24223,14062.704092243495
24224,14072.847639458121
24225,13986.8079089654
24226,14031.940628625125
24227,14118.007240315348
24228,14136.016147319024
24229,14155.275051952238
24230,14286.864486505649
24231,14575.583173214387
24232,15022.740503152678
24233,15263.661731956534
24234,15357.299928717284
24235,15403.568296216834
24236,15440.967685227757
24237,16514.954496494047
24238,17835.636084294176
24239,17745.210044277406
24240,21914.296232724922
24241,22234.51519137294
24242,22433.66198812074
24243,22439.42913820469
24244,22401.41130135689
24245,22436.260309158668
24246,22354.591009160144
24247,22910.47260860622
24248,23163.27758665282
24249,23085.68288711327
24250,23137.02824235024
24251,23107.90849528644
24252,23091.749427286875
24253,23800.788180307976
24254,25262.522331583572
24255,25546.850447833403
24256,26019.741950271866
24257,26112.951782098393
24258,26127.747821881956
24259,26146.586062682352
24260,26060.75425285666
24261,26286.913906451202
24262,27062.69193173583
24263,27078.980455767265
24264,27032.13592571823
24265,28054.749158254253
24266,28037.662855914135
24267,29963.9616839908
24268,30027.670582919152
24269,30276.906554766083
24270,34320.8264548859
24271,34319.96300128635
24272,35447.01914056421
24273,35367.77378465799
24274,35102.847755209725
24275,37730.522555676165
24276,37810.15739375302
24277,37279.60107979418
24278,37136.52399162249
24279,37684.00368021386
24280,37643.68740471653
24281,37715.30571683098
24282,40113.554112640995
24283,41482.58194395304
24284,41703.54210620734
24285,41716.190424147455
24286,41632.957434706834
24287,41613.832163791216
24288,41667.637175099604
24289,41782.68432440417
24290,41866.16823468724
24291,41595.462443211174
24292,41611.00869793922
24293,41583.57517701907
24294,41523.85223755691
24295,41565.48366437871
24296,42331.06659070009
24297,42383.15657788176
24298,42142.27105738806
24299,42109.01310663689
24300,42084.798974273406
24301,2416.8188147959268
24302,4239.983968548002
24303,0.0
24304,1083.2448866914106
24305,0.0
24306,3833.245842663444
24307,0.0
24308,0.0
24309,0.0
24310,0.0
24311,6340.641125604681
24312,2035.4126827506186
24313,0.0
24314,4099.540180475002
24315,0.0
24316,4017.414785975706
24317,4136.468955636326
24318,5601.589048626062
24319,4814.0812173924305
24320,2957.361880186151
24321,7695.350924354956
24322,5263.050564568754
24323,9887.756856845881
24324,9988.827688999614
24325,9874.364997797493
24326,9300.567155215538
24327,4532.181675045796
24328,8433.52805687657
24329,158.44450264015225
24330,0.0
24331,354.71854862161933
24332,379.9262871597181
24333,374.8192211086365
24334,423.686877481983
24335,424.7378810210353
24336,512.9041483390924
24337,509.6225473989897
24338,1285.4582655472527
24339,1283.8337008557223
24340,1810.9612229403272
24341,1811.3937653236303
24342,1847.7812273372529
24343,1853.3190538442425
24344,3616.4702827107235
24345,3617.848334692786
24346,5015.801739471792
24347,5014.096599083257
24348,5225.509155914743
24349,5224.77204106256
24350,5237.477978702249
24351,5234.196377762147
24352,5221.836001053385
24353,5220.214892147353
24354,5212.2075038036255
24355,5222.365563174635
24356,5217.961514832798
24357,5223.497939212535
24358,5214.0563476116195
24359,5359.8728874491035
24360,6358.5413972605875
24361,6810.663490662835
24362,7006.81342831439
24363,7075.692932294776
24364,7071.002276274111
24365,8010.244857487893
24366,8688.81453924457
24367,9087.169645313308
24368,11265.798050014328
24369,11419.206305893915
24370,11470.38096611827
24371,11978.246702917704
24372,12771.547151980392
24373,12758.999601686251
24374,12785.128530799895
24375,12713.338873299372
24376,12758.93105762907
24377,12768.361606793389
24378,12835.645134147402
24379,12846.85393875479
24380,12828.717681371549
24381,12963.777380309035
24382,13458.44156736214
24383,13646.452172848278
24384,13662.470182052646
24385,13770.440534876923
24386,13796.458092586117
24387,14868.362209356957
24388,16204.999451435955
24389,16139.07321615488
24390,19997.86805000874
24391,20140.95098848396
24392,20335.38004256204
24393,20329.895989369816
24394,20296.90806997677
24395,20290.35239647151
24396,20236.84452965012
24397,20324.594333471698
24398,20498.647167675506
24399,20479.103521030436
24400,20520.661883526078
24401,20485.527526189875
24402,20474.539948892303
24403,20399.497168863705
24404,20797.31442755165
24405,20788.199235984637
24406,20790.51737140797
24407,20809.26124826963
24408,20829.08720550794
24409,20783.714846696716
24410,20721.717173532288
24411,20794.69382322895
24412,21533.978286004236
24413,21505.04757634414
24414,21450.107994727525
24415,22370.522267262986
24416,22365.277217096384
24417,24315.36600929136
24418,24344.354855764974
24419,24327.53279676692
24420,26250.658928535155
24421,26233.49486485332
24422,28004.86304854271
24423,27902.017380885587
24424,27725.762895702854
24425,30299.885452388862
24426,30247.819713118606
24427,30028.270147007297
24428,30237.167278271107
24429,31144.155671041404
24430,31259.86554668527
24431,31233.326744608687
24432,33569.57168128828
24433,35307.841399868215
24434,35839.204759149914
24435,35892.920602315586
24436,35876.82937346701
24437,35914.34529065494
24438,35871.30121740633
24439,35917.18765515021
24440,35917.37384269908
24441,35874.25071942153
24442,35878.99738565842
24443,35854.63516710277
24444,35813.256376956866
24445,35757.80128724012
24446,35820.03839257354
24447,35770.299140839794
24448,35732.45058374758
24449,35678.71405986554
24450,35719.18088922973
24451,0.0
24452,0.0
24453,0.0
24454,0.0
24455,0.0
24456,0.0
24457,0.0
24458,0.0
24459,0.0
24460,0.0
24461,0.0
24462,0.0
24463,0.0
24464,0.0
24465,0.0
24466,0.0
24467,0.0
24468,0.0
24469,0.0
24470,0.0
24471,0.0
24472,0.0
24473,0.0
24474,0.0
24475,0.0
24476,0.0
24477,0.0
24478,0.0
24479,0.0
24480,0.0
24481,0.0
24482,0.0
24483,0.0
24484,0.0
24485,0.0
24486,0.0
24487,0.0
24488,0.0
24489,0.0
24490,0.0
24491,0.0
24492,0.0
24493,0.0
24494,0.0
24495,0.0
24496,0.0
24497,0.0
24498,0.0
24499,0.0
24500,0.0
24501,0.0
24502,0.0
24503,0.0
24504,0.0
24505,0.0
24506,0.0
24507,0.0
24508,0.0
24509,0.0
24510,0.0
24511,0.0
24512,0.0
24513,0.0
24514,0.0
24515,0.0
24516,0.0
24517,0.0
24518,0.0
24519,0.0
24520,0.0
24521,0.0
24522,0.0
24523,0.0
24524,0.0
24525,0.0
24526,0.0
24527,0.0
24528,0.0
24529,0.0
24530,0.0
24531,0.0
24532,0.0
24533,0.0
24534,0.0
24535,0.0
24536,0.0
24537,0.0
24538,0.0
24539,0.0
24540,0.0
24541,0.0
24542,0.0
24543,0.0
24544,0.0
24545,0.0
24546,0.0
24547,0.0
24548,0.0
24549,0.0
24550,0.0
24551,0.0
24552,0.0
24553,0.0
24554,0.0
24555,0.0
24556,0.0
24557,0.0
24558,0.0
24559,0.0
24560,0.0
24561,0.0
24562,0.0
24563,0.0
24564,0.0
24565,0.0
24566,0.0
24567,0.0
24568,0.0
24569,0.0
24570,0.0
24571,0.0
24572,0.0
24573,0.0
24574,0.0
24575,0.0
24576,0.0
24577,0.0
24578,0.0
24579,0.0
24580,0.0
24581,0.0
24582,0.0
24583,0.0
24584,0.0
24585,0.0
24586,0.0
24587,0.0
24588,0.0
24589,0.0
24590,0.0
24591,0.0
24592,0.0
24593,0.0
24594,0.0
24595,0.0
24596,0.0
24597,0.0
24598,0.0
24599,0.0
24600,0.0
24601,0.0
24602,0.0
24603,0.0
24604,0.0
24605,0.0
24606,0.0
24607,0.0
24608,0.0
24609,0.0
24610,0.0
24611,0.0
24612,0.0
24613,0.0
24614,0.0
24615,0.0
24616,0.0
24617,0.0
24618,0.0
24619,0.0
24620,0.0
24621,0.0
24622,0.0
24623,0.0
24624,0.0
24625,0.0
24626,0.0
24627,0.0
24628,0.0
24629,0.0
24630,0.0
24631,0.0
24632,0.0
24633,0.0
24634,0.0
24635,0.0
24636,0.0
24637,0.0
24638,0.0
24639,0.0
24640,0.0
24641,0.0
24642,0.0
24643,0.0
24644,0.0
24645,0.0
24646,0.0
24647,0.0
24648,0.0
24649,0.0
24650,0.0
24651,0.0
24652,0.0
24653,0.0
24654,0.0
24655,0.0
24656,0.0
24657,0.0
24658,0.0
24659,0.0
24660,0.0
24661,0.0
24662,0.0
24663,0.0
24664,0.0
24665,0.0
24666,0.0
24667,0.0
24668,0.0
24669,0.0
24670,0.0
24671,0.0
24672,0.0
24673,0.0
24674,0.0
24675,0.0
24676,0.0
24677,0.0
24678,0.0
24679,0.0
24680,0.0
24681,0.0
24682,0.0
24683,0.0
24684,0.0
24685,0.0
24686,0.0
24687,0.0
24688,0.0
24689,0.0
24690,0.0
24691,0.0
24692,0.0
24693,0.0
24694,0.0
24695,0.0
24696,0.0
24697,0.0
24698,0.0
24699,0.0
24700,0.0
24701,0.0
24702,0.0
24703,0.0
24704,0.0
24705,0.0
24706,0.0
24707,0.0
24708,0.0
24709,0.0
24710,0.0
24711,0.0
24712,0.0
24713,0.0
24714,0.0
24715,0.0
24716,0.0
24717,0.0
24718,0.0
24719,0.0
24720,0.0
24721,0.0
24722,0.0
24723,0.0
24724,0.0
24725,0.0
24726,0.0
24727,0.0
24728,0.0
24729,0.0
24730,0.0
24731,0.0
24732,0.0
24733,0.0
24734,0.0
24735,0.0
24736,0.0
24737,0.0
24738,0.0
24739,0.0
24740,0.0
24741,0.0
24742,0.0
24743,0.0
24744,0.0
24745,0.0
24746,0.0
24747,0.0
24748,0.0
24749,0.0
24750,0.0
24751,0.0
24752,0.0
24753,0.0
24754,0.0
24755,0.0
24756,0.0
24757,0.0
24758,0.0
24759,0.0
24760,0.0
24761,0.0
24762,0.0
24763,0.0
24764,0.0
24765,0.0
24766,0.0
24767,0.0
24768,0.0
24769,0.0
24770,0.0
24771,0.0
24772,0.0
24773,0.0
24774,0.0
24775,0.0
24776,0.0
24777,0.0
24778,0.0
24779,0.0
24780,0.0
24781,0.0
24782,0.0
24783,0.0
24784,0.0
24785,0.0
24786,0.0
24787,0.0
24788,0.0
24789,0.0
24790,0.0
24791,0.0
24792,0.0
24793,0.0
24794,0.0
24795,0.0
24796,0.0
24797,0.0
24798,0.0
24799,0.0
24800,0.0
24801,0.0
24802,0.0
24803,0.0
24804,0.0
24805,0.0
24806,0.0
24807,0.0
24808,0.0
24809,0.0
24810,0.0
24811,0.0
24812,0.0
24813,0.0
24814,0.0
24815,0.0
24816,0.0
24817,0.0
24818,0.0
24819,0.0
24820,0.0
24821,0.0
24822,0.0
24823,0.0
24824,0.0
24825,0.0
24826,0.0
24827,0.0
24828,0.0
24829,0.0
24830,0.0
24831,0.0
24832,0.0
24833,0.0
24834,0.0
24835,0.0
24836,0.0
24837,0.0
24838,0.0
24839,0.0
24840,0.0
24841,0.0
24842,0.0
24843,0.0
24844,0.0
24845,0.0
24846,0.0
24847,0.0
24848,0.0
24849,0.0
24850,0.0
24851,0.0
24852,0.0
24853,0.0
24854,0.0
24855,0.0
24856,0.0
24857,0.0
24858,0.0
24859,0.0
24860,0.0
24861,0.0
24862,0.0
24863,0.0
24864,0.0
24865,0.0
24866,0.0
24867,0.0
24868,0.0
24869,0.0
24870,0.0
24871,0.0
24872,0.0
24873,0.0
24874,0.0
24875,0.0
24876,0.0
24877,0.0
24878,0.0
24879,0.0
24880,0.0
24881,0.0
24882,0.0
24883,0.0
24884,0.0
24885,0.0
24886,0.0
24887,0.0
24888,0.0
24889,0.0
24890,0.0
24891,0.0
24892,0.0
24893,0.0
24894,0.0
24895,0.0
24896,0.0
24897,0.0
24898,0.0
24899,0.0
24900,0.0
24901,0.0
24902,0.0
24903,0.0
24904,0.0
24905,0.0
24906,0.0
24907,0.0
24908,0.0
24909,0.0
24910,585.5872870801497
24911,597.2484537001211
24912,5263.293475697669
24913,3637.847417003215
24914,1843.4105387354755
24915,0.0
24916,3621.012899042956
24917,3769.5722746544284
24918,6848.610514998186
24919,5931.528540485585
24920,8309.620621801376
24921,424.7610283697968
24922,7615.066207820785
24923,7859.038101995078
24924,7986.898842409245
24925,7914.5532371132
24926,7293.276852686504
24927,7211.3647461159
24928,1815.1951158569602
24929,0.0
24930,0.0
24931,0.0
24932,0.0
24933,0.0
24934,0.0
24935,0.0
24936,0.0
24937,0.0
24938,750.8308806079523
24939,749.2063159164214
24940,1280.4606636328485
24941,1280.8932060161517
24942,1315.8042743335157
24943,1316.9603011403872
24944,3073.980986551169
24945,3075.3590385332313
24946,4473.312443312233
24947,4475.7341285555185
24948,4594.158918371446
24949,4593.67677758756
24950,4602.000915527132
24951,4598.719314587028
24952,4586.358937878268
24953,4584.737828972234
24954,4580.857266260328
24955,4591.015325631338
24956,4586.866251357797
24957,4588.020876037418
24958,4578.579284436502
24959,4718.956767062025
24960,5573.27248621466
24961,5966.281092964162
24962,6073.268099814637
24963,6142.402577863319
24964,6133.329769297742
24965,7005.0380623609835
24966,7447.179348670646
24967,7845.534454739417
24968,10082.337952258347
24969,10235.746208137938
24970,10287.175842430592
24971,10790.659426685113
24972,11582.349620576148
24973,11569.802070282007
24974,11595.93099939565
24975,11529.752619274832
24976,11575.344803604527
24977,11585.030326837148
24978,11616.840354021078
24979,11628.049158628466
24980,11609.912901245225
24981,11793.37220984764
24982,12292.307180921438
24983,12480.317786407571
24984,12496.590769680239
24985,12585.436972921323
24986,12611.454530630517
24987,13683.358647401357
24988,15019.995889480355
24989,14958.196832675894
24990,18761.31708015144
24991,18904.65499269494
24992,19048.003023265166
24993,19042.51897007292
24994,19009.53105067988
24995,19002.975377174636
24996,18943.975946231072
24997,18944.328252464406
24998,19118.636060736517
24999,19093.106357588516
25000,19134.664720084165
25001,19099.530362747962
25002,19088.54278545036
25003,19013.691932430764
25004,19261.93706489394
25005,19224.076411913094
25006,19222.012394791473
25007,19240.756271653165
25008,19260.582228891475
25009,19215.20987008024
25010,19157.33937539245
25011,19230.316025089105
25012,19946.43825560116
25013,19883.152291493938
25014,19828.21270987733
25015,20748.626982412785
25016,20743.381932246168
25017,22697.5979029178
25018,22726.586749391416
25019,22684.934332305475
25020,24565.544922529272
25021,24522.694640840662
25022,25309.023339405092
25023,25206.17767174797
25024,24945.502591560708
25025,27453.245006832953
25026,27399.397380413586
25027,27096.26642930505
25028,26912.8674841781
25029,27415.036071925762
25030,27377.91632454796
25031,27361.05151101729
25032,29662.300149238417
25033,30944.288320782336
25034,31465.494217528383
25035,31449.39546818819
25036,31348.571220923015
25037,31341.77008828089
25038,31308.400003578132
25039,31350.9763481285
25040,31349.380648528302
25041,31296.268956375035
25042,31301.015622611976
25043,31276.65340405631
25044,31235.274613910373
25045,31189.493512739446
25046,31251.73061807291
25047,31200.209479190027
25048,31154.468820701102
25049,31100.732296819075
25050,31078.910352152718
25051,0.0
25052,0.0
25053,0.0
25054,0.0
25055,0.0
25056,0.0
25057,0.0
25058,0.0
25059,0.0
25060,0.0
25061,0.0
25062,0.0
25063,0.0
25064,0.0
25065,0.0
25066,0.0
25067,0.0
25068,0.0
25069,0.0
25070,0.0
25071,0.0
25072,0.0
25073,0.0
25074,0.0
25075,0.0
25076,0.0
25077,0.0
25078,0.0
25079,0.0
25080,0.0
25081,0.0
25082,0.0
25083,0.0
25084,0.0
25085,0.0
25086,0.0
25087,0.0
25088,0.0
25089,0.0
25090,0.0
25091,0.0
25092,0.0
25093,0.0
25094,0.0
25095,0.0
25096,0.0
25097,0.0
25098,0.0
25099,0.0
25100,0.0
25101,0.0
25102,0.0
25103,0.0
25104,0.0
25105,0.0
25106,0.0
25107,0.0
25108,0.0
25109,0.0
25110,0.0
25111,0.0
25112,0.0
25113,0.0
25114,0.0
25115,0.0
25116,0.0
25117,0.0
25118,0.0
25119,0.0
25120,0.0
25121,0.0
25122,0.0
25123,0.0
25124,0.0
25125,0.0
25126,0.0
25127,0.0
25128,0.0
25129,0.0
25130,0.0
25131,0.0
25132,0.0
25133,0.0
25134,0.0
25135,0.0
25136,0.0
25137,0.0
25138,0.0
25139,0.0
25140,0.0
25141,0.0
25142,0.0
25143,0.0
25144,0.0
25145,0.0
25146,0.0
25147,0.0
25148,0.0
25149,0.0
25150,0.0
25151,0.0
25152,0.0
25153,0.0
25154,0.0
25155,0.0
25156,0.0
25157,0.0
25158,0.0
25159,0.0
25160,0.0
25161,0.0
25162,0.0
25163,0.0
25164,0.0
25165,0.0
25166,0.0
25167,0.0
25168,0.0
25169,0.0
25170,0.0
25171,0.0
25172,0.0
25173,0.0
25174,0.0
25175,0.0
25176,0.0
25177,0.0
25178,0.0
25179,0.0
25180,0.0
25181,0.0
25182,0.0
25183,0.0
25184,0.0
25185,0.0
25186,0.0
25187,0.0
25188,0.0
25189,0.0
25190,0.0
25191,0.0
25192,0.0
25193,0.0
25194,0.0
25195,0.0
25196,0.0
25197,0.0
25198,0.0
25199,0.0
25200,0.0
25201,0.0
25202,0.0
25203,0.0
25204,0.0
25205,0.0
25206,0.0
25207,0.0
25208,0.0
25209,0.0
25210,0.0
25211,0.0
25212,0.0
25213,0.0
25214,0.0
25215,0.0
25216,0.0
25217,0.0
25218,0.0
25219,0.0
25220,0.0
25221,0.0
25222,0.0
25223,0.0
25224,0.0
25225,0.0
25226,0.0
25227,0.0
25228,0.0
25229,0.0
25230,0.0
25231,0.0
25232,0.0
25233,0.0
25234,1075.2920869805912
25235,1093.965321416808
25236,3332.224500557377
25237,3334.3235875667674
25238,3974.863463703493
25239,3971.6511645373034
25240,6712.304763971772
25241,6731.447477255091
25242,7964.564848768621
25243,7986.6991934268535
25244,8004.826637383063
25245,8001.598686892321
25246,8011.814013147352
25247,7946.2565819735555
25248,9367.784941661414
25249,9387.204247401314
25250,9397.192271768023
25251,9404.967301551806
25252,9346.589194406532
25253,9343.542726409942
25254,9264.327261232344
25255,9288.00612668195
25256,9336.676397596513
25257,9362.018188081587
25258,9434.668114523702
25259,10294.744119056524
25260,11387.059129824002
25261,11400.291880146982
25262,11430.024110594572
25263,11505.575052058151
25264,11817.967751749862
25265,13120.327681598992
25266,13044.33804223642
25267,12681.084424464578
25268,12321.058928071363
25269,12288.155643103119
25270,12315.952308943231
25271,12341.37211262008
25272,12399.245705618285
25273,12452.883708866171
25274,12455.07797160992
25275,12406.981428326904
25276,12924.911027891207
25277,12941.187349224985
25278,12929.510832466829
25279,12935.576851389167
25280,12930.708376372138
25281,12912.59252621836
25282,12847.186023844675
25283,12842.976957743631
25284,13227.562052051513
25285,14319.721247944517
25286,14304.388928924316
25287,15024.702537260691
25288,15026.863661352356
25289,15048.02747179972
25290,17424.72666071528
25291,17301.08181842199
25292,17985.39929094475
25293,17997.620902299284
25294,17974.000864200338
25295,18540.924342238282
25296,18491.809189672465
25297,18522.568946022006
25298,18994.67117369527
25299,18992.87286383278
25300,19000.117830111598
25301,18980.81247872214
25302,18970.44546555614
25303,18905.18036501572
25304,19102.549076334464
25305,19113.874946574233
25306,19054.2724820692
25307,19062.497897237852
25308,19061.81194806299
25309,19054.22437358306
25310,19215.870410052376
25311,19489.350047263662
25312,19847.552915676108
25313,19970.1036921211
25314,19733.733081880408
25315,20903.02078658778
25316,20899.61375293488
25317,21075.006258446345
25318,21173.39099245541
25319,21199.117353963353
25320,21754.782811098365
25321,21764.80452041136
25322,22696.94225100019
25323,22683.61599314155
25324,22450.458923785965
25325,23377.85754953917
25326,23352.53395072866
25327,23319.00226467385
25328,23328.508063526027
25329,23300.91009115134
25330,23313.676116149833
25331,23246.51354860291
25332,23272.52256740511
25333,23472.851275776156
25334,23472.57220880939
25335,23483.194237937605
25336,23743.95720135627
25337,23742.267562518613
25338,23167.69690149151
25339,23199.942713198463
25340,23226.827931649357
25341,23232.56652152601
25342,23248.115631576115
25343,23455.000028721723
25344,23148.450627936145
25345,23098.419444275612
25346,23129.2227419367
25347,23150.907353057773
25348,23155.648376314588
25349,23177.39534503417
25350,23179.11271729181
25351,0.05376502566395758
25352,3.581444221874572
25353,1.409386490720655
25354,0.0
25355,0.0
25356,0.0
25357,0.0
25358,0.05376502566395758
25359,3.581444221874572
25360,1.409386490720655
25361,0.0
25362,0.0
25363,0.0
25364,0.0
25365,0.05376502566395758
25366,3.581444221874572
25367,1.409386490720655
25368,0.0
25369,0.0
25370,0.0
25371,1.454304518955343
25372,32.01737550730493
25373,35.46133493350244
25374,310.5351017078988
25375,308.16504185147926
25376,301.6496570855977
25377,302.6243518000303
25378,873.2063571808552
25379,873.9304371136817
25380,1553.8342493523305
25381,1519.4882515431689
25382,1549.5898391370872
25383,1539.878013881007
25384,2825.8110297201024
25385,2828.981836155012
25386,5013.465913729008
25387,5018.4169230450225
25388,5563.777354613632
25389,5560.829897521226
25390,8330.687223715371
25391,8338.079618737333
25392,9459.451871970015
25393,9459.64805614992
25394,9476.212183370506
25395,9474.191041295478
25396,9475.060057520217
25397,9455.640514306087
25398,10845.025890406563
25399,10848.82560544076
25400,10838.500410806573
25401,10849.127362896972
25402,10789.635241354254
25403,10786.853615431439
25404,10833.561906057983
25405,10844.337061935865
25406,10877.32587574396
25407,10880.729505750713
25408,10957.291201693579
25409,11651.001771572557
25410,12781.143462487322
25411,12850.238018954284
25412,12909.405477860993
25413,12958.754495635218
25414,13280.31492567896
25415,13345.705486773237
25416,13337.825990231146
25417,13004.456110286348
25418,12770.389695229873
25419,12748.766547933094
25420,12755.237810622413
25421,12773.455866439308
25422,12814.062387621983
25423,12807.08152168952
25424,12783.593253252482
25425,12741.307455985987
25426,13077.546722829271
25427,13079.386442418396
25428,13067.038741417595
25429,13077.103864653076
25430,13070.747039585205
25431,13049.952747434876
25432,13002.19427667122
25433,12979.522849258994
25434,13337.36725665368
25435,14376.358531674112
25436,14354.021112754943
25437,15062.466380502463
25438,15055.200743720814
25439,15010.931497390393
25440,16915.22761825233
25441,16724.621120592223
25442,16686.99483625252
25443,16695.63113045706
25444,16665.635342739304
25445,16609.76097917183
25446,16570.15489683811
25447,16572.798418437207
25448,16568.566010676557
25449,16550.20656146487
25450,16555.163653492196
25451,16524.45510983247
25452,16498.638798160144
25453,16444.783421698998
25454,16573.6811537314
25455,16559.56881286617
25456,16489.819127451403
25457,16496.657610558814
25458,16486.74609379577
25459,16482.872849347004
25460,16670.21634401033
25461,16931.51889253806
25462,17270.756891450943
25463,17391.20439591415
25464,17110.490257741756
25465,18287.267314195917
25466,18270.682990527606
25467,18482.935771580273
25468,18568.17049966308
25469,18574.065372273497
25470,19073.34638136051
25471,19081.8179922176
25472,20014.810675224257
25473,20001.48395534609
25474,19749.787300927408
25475,20523.87429356721
25476,20466.34441763068
25477,20428.805973120092
25478,20438.543785966336
25479,20412.409792256734
25480,20412.212161171683
25481,20370.671808475177
25482,20384.583990594387
25483,20565.64217404618
25484,20563.38120919977
25485,20578.181778411516
25486,20841.66242633577
25487,20840.73677824638
25488,20292.278720649414
25489,20313.64220020385
25490,20322.003413655682
25491,20326.90241621041
25492,20345.856233996547
25493,20557.57553517576
25494,20267.687157165852
25495,20247.43792533037
25496,20267.14649989257
25497,20271.79738298733
25498,20276.183593444915
25499,20307.75863996003
25500,20315.421105633457
25501,0.0
25502,0.0
25503,0.0
25504,0.0
25505,0.0
25506,0.0
25507,0.0
25508,0.0
25509,0.0
25510,0.0
25511,0.0
25512,0.0
25513,0.0
25514,0.0
25515,0.0
25516,0.0
25517,0.0
25518,0.0
25519,0.0
25520,0.0
25521,0.0
25522,0.0
25523,0.0
25524,0.0
25525,0.0
25526,0.0
25527,0.0
25528,0.0
25529,0.0
25530,0.0
25531,0.0
25532,0.0
25533,0.0
25534,0.0
25535,0.0
25536,0.0
25537,0.0
25538,0.0
25539,0.0
25540,0.0
25541,0.0
25542,3.6617096316170037
25543,5.210230868966527
25544,10.44824546731556
25545,8.845830146753945
25546,2.7862990172228397
25547,0.0
25548,0.0
25549,0.0
25550,0.0
25551,0.0
25552,0.0
25553,0.0
25554,0.0
25555,0.0
25556,0.0
25557,0.0
25558,7.1525995995616425
25559,0.0
25560,0.0
25561,0.0
25562,0.0
25563,0.0
25564,18.358170632768797
25565,11.818014228640212
25566,9.281263559950908
25567,0.0
25568,0.0
25569,0.0
25570,0.0
25571,0.0
25572,0.0
25573,0.0
25574,0.0
25575,0.0
25576,0.0
25577,0.0
25578,0.0
25579,0.0
25580,0.0
25581,0.0
25582,0.0
25583,0.0
25584,21.213378307539127
25585,119.50849923259958
25586,42.70056954085396
25587,5.966325987621356
25588,1.0072429706961754
25589,0.0
25590,43.93260876232756
25591,0.0
25592,0.0
25593,4.106682258194053
25594,0.0
25595,0.0
25596,0.0
25597,0.0
25598,0.0
25599,0.0
25600,10.732931326906687
25601,0.0
25602,0.0
25603,0.0
25604,60.49407821956658
25605,45.09526359671299
25606,1.0307072043993066
25607,12.542006827984807
25608,13.051233219718833
25609,23.82663065377112
25610,260.8462554290861
25611,595.3839618943002
25612,1362.9072425453082
25613,1551.7920019022695
25614,1546.827244947327
25615,1564.612525470717
25616,1567.456968124945
25617,1800.0126071118548
25618,1877.2900317770357
25619,1884.3916879950839
25620,2122.978295383097
25621,2143.4388666994405
25622,2136.1643995405298
25623,2129.6194976904458
25624,2117.6322929743037
25625,1952.2212427690372
25626,1914.8235284744987
25627,1897.6454672763275
25628,1905.1974004930062
25629,1931.5057409872807
25630,1936.7859621886528
25631,1950.3749069958762
25632,1952.8243737571838
25633,2136.122578007285
25634,2135.3447909828765
25635,2148.1482111974165
25636,2418.321461858206
25637,2419.4423251208345
25638,1890.5255635380624
25639,1901.9222280102376
25640,1906.3584026767646
25641,1908.3479695842173
25642,1922.3958350187904
25643,2239.7737039918584
25644,2104.9311470512093
25645,2128.9994379153222
25646,2136.256064871755
25647,2138.932731413644
25648,2141.4220312997795
25649,2167.509391933014
25650,2188.46192521216
25651,99.42041484435961
25652,98.62125837199552
25653,96.87688899541531
25654,97.10462697236272
25655,234.41171200580487
25656,221.31459062316884
25657,79.49566023143174
25658,99.42041484435961
25659,98.62125837199552
25660,96.87688899541531
25661,97.10462697236272
25662,234.41171200580487
25663,221.31459062316884
25664,79.49566023143174
25665,99.42041484435961
25666,98.62125837199552
25667,96.87688899541531
25668,97.50258725953994
25669,234.8096722929821
25670,222.76155235139277
25671,81.18050526240992
25672,122.24042610545158
25673,121.35754986307438
25674,7227.433880739783
25675,7227.66943268879
25676,7411.933452464292
25677,7398.991310839748
25678,7871.717343331751
25679,7891.892151349092
25680,8625.561973492631
25681,8759.696808596012
25682,8789.655982476264
25683,8927.89749276913
25684,10299.741931125305
25685,10157.937889410056
25686,14569.547446291297
25687,14566.882379490973
25688,15350.500164555859
25689,15350.014416113976
25690,18613.336650890058
25691,18601.746352520597
25692,19680.062207424573
25693,19700.799565993046
25694,20207.119568098355
25695,20205.478757343993
25696,30379.11419982322
25697,30513.54777240389
25698,33923.89001213808
25699,33784.8485109342
25700,35587.83040367135
25701,35584.96068327839
25702,37518.41941510541
25703,37517.93366666349
25704,44894.15464094665
25705,44884.42514706466
25706,47230.73119504061
25707,47252.28408212238
25708,47311.74682751358
25709,71006.51020717001
25710,75543.03817643052
25711,77738.73953020373
25712,78421.45904098696
25713,78348.05259434925
25714,87965.10047521348
25715,99800.09936978755
25716,101705.84286145444
25717,106337.1821313605
25718,106154.5282439213
25719,106089.85221730368
25720,106062.18089495724
25721,106410.9663400493
25722,112070.62563096115
25723,112085.114250429
25724,112094.62844691549
25725,112251.07715164642
25726,116234.03918170158
25727,116094.66510852643
25728,116089.51923916345
25729,116166.23421126229
25730,116201.79192285943
25731,132910.37997967456
25732,133034.848991373
25733,133049.8264196941
25734,138910.29950457273
25735,157907.70506882036
25736,157960.28917998384
25737,169612.15599536154
25738,179109.55688310094
25739,179250.93846501547
25740,215984.2384315432
25741,220456.29142055465
25742,220692.96837662905
25743,220813.49988102168
25744,221113.01078605597
25745,221264.21667711544
25746,221285.48395927929
25747,221282.69170969448
25748,221298.15868791315
25749,221303.65111989074
25750,221305.5439054401
25751,221327.50267049437
25752,221327.83733444678
25753,221337.04953534208
25754,221379.564309971
25755,221416.17357359116
25756,221441.2453407774
25757,221450.5270370404
25758,221456.33120139394
25759,221459.27563187116
25760,221453.97314961502
25761,221451.65678797738
25762,229187.02179742695
25763,229233.34851604828
25764,243437.09591889346
25765,266843.86667363177
25766,266841.2921771898
25767,277342.89735577314
25768,280739.9599951809
25769,283478.1931557618
25770,300178.73435527034
25771,300213.8614190842
25772,315264.9811996117
25773,315259.6838733
25774,316878.40202041186
25775,332699.5370872159
25776,332711.9674666744
25777,332712.7568072046
25778,332716.19325463515
25779,332744.62691217783
25780,332767.18756501074
25781,332937.0890602939
25782,332940.5779548809
25783,332943.3336454728
25784,332946.26552181813
25785,332946.7516820096
25786,332950.33794063854
25787,332950.7775824008
25788,332952.76477024285
25789,332955.1958808301
25790,332956.26574800676
25791,332973.64076712553
25792,332971.35143596766
25793,333093.06320506614
25794,333100.2603340106
25795,333362.64643212367
25796,333363.7476924422
25797,333361.1453088726
25798,333359.1593962507
25799,333353.66846281354
25800,333351.1448590947
25801,58249.09498019628
25802,65087.65470935903
25803,116285.08602425846
25804,110656.65623203895
25805,104217.77760340016
25806,101555.35096905584
25807,105002.13585043649
25808,182401.00141613508
25809,197047.26453961703
25810,218082.96810423868
25811,216554.12762221377
25812,217398.99162873506
25813,214159.83367956095
25814,220257.22083363903
25815,227443.84218305425
25816,92286.79317937889
25817,85495.15822574585
25818,85493.47795956349
25819,85635.28506884201
25820,86273.88257256463
25821,86137.42965388461
25822,86466.78401472392
25823,86465.85833525601
25824,93022.00167227321
25825,93011.22977185054
25826,103471.32004214024
25827,103459.41081742107
25828,110014.46337168431
25829,110035.73925819657
25830,113445.02183410786
25831,117939.14388345336
25832,117960.21136496727
25833,118101.30453031958
25834,119479.70734528534
25835,119343.03143197905
25836,122291.98212937066
25837,122291.13149058161
25838,125907.04090418284
25839,125895.5477033693
25840,135620.5393152713
25841,135609.98193380734
25842,135592.26434444755
25843,135613.99582066797
25844,137539.35751875082
25845,137536.90291433118
25846,146649.83858106143
25847,146787.12380870187
25848,148594.4080910873
25849,148460.49471829247
25850,150263.14481343306
25851,150262.08952105124
25852,152112.23597759154
25853,152100.74277677797
25854,153728.21734352876
25855,153719.42360803383
25856,155765.65317328853
25857,155787.7682427874
25858,155853.66731237172
25859,203405.23038290004
25860,203297.33997787078
25861,203384.77689020117
25862,203197.06676283732
25863,204470.9307364805
25864,209380.26855737084
25865,208393.49780647893
25866,213823.29666062104
25867,220542.91679324233
25868,220338.25151567126
25869,220265.44007398968
25870,223020.44131147704
25871,225931.636664548
25872,225889.4604101505
25873,225886.65877997564
25874,228479.2097851962
25875,228538.62855839782
25876,228947.1522275758
25877,228812.8205687997
25878,228806.97572951412
25879,230514.88451071046
25880,231300.22064263676
25881,231319.78147980158
25882,230688.71285369853
25883,230697.64543509416
25884,233316.35395287446
25885,233261.08434657296
25886,233277.87172395975
25887,233194.1007159107
25888,237839.3088167255
25889,237203.07112254025
25890,248894.8226260822
25891,250970.50696650223
25892,262733.9431974572
25893,262736.9567217488
25894,262727.51989411464
25895,267251.538444855
25896,265264.93210141413
25897,266484.12819987047
25898,271543.27446414734
25899,271541.71893035626
25900,271540.00643757364
25901,273246.59656061546
25902,273247.14279542083
25903,271261.1930734154
25904,272496.7914950039
25905,273251.3291639105
25906,273253.2235675931
25907,273250.5908508098
25908,273254.94871723297
25909,273251.96860742796
25910,271259.14539727673
25911,272480.98591143405
25912,273253.0536462829
25913,273246.2071664577
25914,275203.7955518783
25915,590580.1928896651
25916,590559.0011741489
25917,588574.2674194707
25918,589807.5401285349
25919,590532.2889810335
25920,591678.2143066201
25921,591712.0013710062
25922,591716.8527731443
25923,602529.4308375758
25924,600539.9098866899
25925,601772.39280736
25926,602524.4247513076
25927,611027.1033970262
25928,611028.2369516757
25929,611028.7087361584
25930,617098.4570172168
25931,615127.4256840099
25932,616362.7709755477
25933,617119.6023616492
25934,617035.1133752709
25935,622437.808296292
25936,622424.3302624634
25937,622375.98030128
25938,620351.7535945933
25939,621550.0989451653
25940,673638.4712958767
25941,673617.7000614625
25942,673585.3379846559
25943,681733.1401508068
25944,689541.2233050767
25945,704030.1775616957
25946,707463.1141853507
25947,708215.4240965551
25948,708209.8396319053
25949,708654.9771115353
25950,708662.1750005361
25951,0.0
25952,0.0
25953,0.0
25954,0.0
25955,0.0
25956,0.0
25957,0.0
25958,0.0
25959,0.0
25960,0.0
25961,0.0
25962,0.0
25963,0.0
25964,0.0
25965,0.0
25966,0.0
25967,0.0
25968,0.0
25969,0.0
25970,0.0
25971,0.0
25972,0.0
25973,0.0
25974,0.0
25975,0.0
25976,0.0
25977,0.0
25978,0.0
25979,0.0
25980,0.0
25981,0.0
25982,0.0
25983,0.0
25984,0.0
25985,0.0
25986,0.0
25987,0.0
25988,0.0
25989,0.0
25990,0.0
25991,0.0
25992,0.0
25993,0.0
25994,0.0
25995,0.0
25996,0.0
25997,0.0
25998,0.0
25999,0.0
26000,0.0
26001,0.0
26002,0.0
26003,0.0
26004,0.0
26005,0.0
26006,0.0
26007,0.0
26008,0.0
26009,0.0
26010,0.0
26011,0.0
26012,0.0
26013,0.0
26014,0.0
26015,131.50620673058424
26016,0.0
26017,391.3399128798914
26018,62.09267982460276
26019,0.9555571933045046
26020,0.0
26021,0.0
26022,0.0
26023,0.0
26024,0.0
26025,5.857450751379688
26026,11.366036801871058
26027,1.251772498291511
26028,0.0
26029,0.0
26030,0.0
26031,0.0
26032,0.9592919466440533
26033,1.0832163947956994
26034,0.0
26035,0.0
26036,0.0
26037,0.0
26038,0.0
26039,4.127727850578025
26040,209.0725498013978
26041,0.9081473715540354
26042,0.0
26043,4.503491017724324
26044,0.0
26045,0.0
26046,0.0
26047,0.0
26048,0.15267420117499203
26049,0.0
26050,0.0
26051,3.2550561662383255
26052,0.0
26053,3.2098991081703345
26054,1.5884822988271692
26055,0.9587788827675592
26056,0.0
26057,0.0
26058,0.0
26059,0.0
26060,1.8454178523155411
26061,0.5795282921618168
26062,0.0
26063,0.0
26064,218.98464162015674
26065,1.1375341850131835
26066,0.0789490437705509
26067,0.0
26068,0.0
26069,0.0
26070,0.0
26071,0.0
26072,0.0
26073,0.0
26074,11.798019310597843
26075,0.0
26076,0.0
26077,0.0
26078,0.0
26079,0.0
26080,0.0
26081,0.0
26082,0.0
26083,0.0
26084,0.0
26085,0.0
26086,0.0
26087,0.0
26088,0.0
26089,0.0
26090,0.0
26091,0.0
26092,0.0
26093,0.0
26094,0.0
26095,0.0
26096,0.0
26097,0.0
26098,0.0
26099,6.3054243216644155
26100,7.55474891382441
26101,0.0
26102,0.0
26103,0.0
26104,0.0
26105,0.0
26106,0.0
26107,0.0
26108,0.0
26109,0.0
26110,0.0
26111,0.0
26112,0.0
26113,0.0
26114,0.0
26115,0.0
26116,0.0
26117,0.0
26118,0.0
26119,0.0
26120,0.0
26121,0.0
26122,0.0
26123,0.0
26124,0.0
26125,0.0
26126,0.0
26127,0.0
26128,0.0
26129,0.0
26130,0.0
26131,0.0
26132,0.0
26133,0.0
26134,0.0
26135,0.0
26136,0.0
26137,0.0
26138,0.0
26139,0.0
26140,0.0
26141,0.0
26142,0.0
26143,0.0
26144,0.0
26145,0.0
26146,0.0
26147,0.0
26148,0.0
26149,0.0
26150,0.0
26151,0.0
26152,0.0
26153,0.0
26154,0.0
26155,0.0
26156,0.0
26157,0.0
26158,0.0
26159,0.0
26160,0.0
26161,0.0
26162,0.0
26163,0.0
26164,0.0
26165,0.0
26166,0.0
26167,0.0
26168,0.0
26169,0.0
26170,0.0
26171,0.0
26172,0.0
26173,0.0
26174,0.0
26175,0.0
26176,0.0
26177,0.0
26178,0.0
26179,0.0
26180,0.0
26181,0.0
26182,0.0
26183,0.0
26184,0.0
26185,0.0
26186,0.0
26187,0.0
26188,0.0
26189,0.0
26190,0.0
26191,0.0
26192,0.0
26193,0.0
26194,0.0
26195,0.0
26196,0.0
26197,0.0
26198,0.0
26199,0.0
26200,0.0
26201,0.0
26202,0.0
26203,0.0
26204,0.0
26205,0.0
26206,0.0
26207,0.0
26208,0.0
26209,0.0
26210,0.0
26211,0.0
26212,0.0
26213,0.0
26214,0.0
26215,0.0
26216,0.0
26217,0.0
26218,0.0
26219,0.0
26220,0.0
26221,0.0
26222,0.0
26223,0.0
26224,0.0
26225,0.0
26226,0.0
26227,0.0
26228,0.0
26229,0.0
26230,0.0
26231,0.0
26232,0.0
26233,0.0
26234,0.0
26235,0.0
26236,0.0
26237,0.0
26238,0.0
26239,0.0
26240,0.0
26241,0.0
26242,0.0
26243,0.0
26244,0.0
26245,0.0
26246,0.0
26247,0.0
26248,0.0
26249,0.0
26250,0.0
26251,0.0
26252,0.0
26253,0.0
26254,0.0
26255,0.0
26256,0.0
26257,0.0
26258,0.0
26259,0.0
26260,0.0
26261,0.0
26262,0.0
26263,0.0
26264,0.0
26265,0.0
26266,0.0
26267,0.0
26268,0.0
26269,0.0
26270,0.0
26271,0.0
26272,0.0
26273,0.0
26274,0.0
26275,0.0
26276,0.0
26277,0.0
26278,0.0
26279,0.0
26280,0.0
26281,0.0
26282,0.0
26283,0.0
26284,0.0
26285,0.0
26286,0.0
26287,0.0
26288,0.0
26289,0.0
26290,0.0
26291,0.0
26292,0.0
26293,0.0
26294,0.0
26295,0.0
26296,0.0
26297,0.0
26298,0.0
26299,0.0
26300,0.0
26301,0.0
26302,0.0
26303,0.0
26304,0.0
26305,0.0
26306,0.0
26307,0.0
26308,0.0
26309,0.0
26310,0.0
26311,0.0
26312,0.0
26313,0.0
26314,0.0
26315,0.0
26316,0.0
26317,0.0
26318,0.0
26319,0.0
26320,0.0
26321,0.0
26322,0.0
26323,0.0
26324,0.0
26325,0.0
26326,0.0
26327,0.0
26328,0.0
26329,0.0
26330,0.0
26331,0.0
26332,0.0
26333,0.0
26334,0.0
26335,0.0
26336,0.0
26337,0.0
26338,0.0
26339,0.0
26340,0.0
26341,0.0
26342,0.0
26343,0.0
26344,0.0
26345,0.0
26346,0.0
26347,0.0
26348,0.0
26349,0.0
26350,0.0
26351,0.0
26352,0.0
26353,0.0
26354,0.0
26355,0.0
26356,0.0
26357,0.0
26358,0.0
26359,0.0
26360,0.0
26361,0.0
26362,0.0
26363,0.0
26364,0.0
26365,0.0
26366,0.0
26367,0.0
26368,0.0
26369,0.0
26370,0.0
26371,0.0
26372,0.0
26373,0.0
26374,0.0
26375,0.0
26376,0.0
26377,0.0
26378,0.0
26379,0.0
26380,0.0
26381,0.0
26382,0.0
26383,0.0
26384,0.0
26385,0.0
26386,0.0
26387,0.0
26388,0.0
26389,0.0
26390,0.0
26391,0.0
26392,0.0
26393,0.0
26394,0.0
26395,0.0
26396,0.0
26397,0.0
26398,0.0
26399,0.0
26400,0.0
26401,0.0
26402,0.0
26403,0.0
26404,0.0
26405,0.0
26406,0.0
26407,0.0
26408,0.0
26409,0.0
26410,0.0
26411,0.0
26412,0.0
26413,0.0
26414,0.0
26415,0.0
26416,0.0
26417,0.0
26418,0.0
26419,0.0
26420,0.0
26421,0.0
26422,0.0
26423,0.0
26424,0.0
26425,0.0
26426,0.0
26427,0.0
26428,0.0
26429,0.0
26430,0.0
26431,0.0
26432,0.0
26433,0.0
26434,0.0
26435,0.0
26436,0.0
26437,0.0
26438,0.0
26439,0.0
26440,0.0
26441,0.0
26442,0.0
26443,0.0
26444,0.0
26445,0.0
26446,0.0
26447,0.0
26448,0.0
26449,0.0
26450,0.0
26451,0.0
26452,0.0
26453,0.0
26454,0.0
26455,0.0
26456,0.0
26457,0.0
26458,0.0
26459,0.0
26460,0.0
26461,0.0
26462,0.0
26463,0.0
26464,0.0
26465,0.0
26466,0.0
26467,0.0
26468,0.0
26469,0.0
26470,0.0
26471,0.0
26472,0.0
26473,0.0
26474,0.0
26475,0.0
26476,0.0
26477,0.0
26478,0.0
26479,0.0
26480,0.0
26481,0.0
26482,0.0
26483,0.0
26484,0.0
26485,0.0
26486,0.0
26487,0.0
26488,0.0
26489,0.0
26490,0.0
26491,0.0
26492,0.0
26493,0.0
26494,0.0
26495,0.0
26496,0.0
26497,0.0
26498,0.0
26499,0.0
26500,0.0
26501,0.0
26502,0.0
26503,0.0
26504,0.0
26505,0.0
26506,0.0
26507,0.0
26508,0.0
26509,0.0
26510,0.0
26511,0.0
26512,0.0
26513,0.0
26514,0.0
26515,0.0
26516,0.0
26517,0.0
26518,0.0
26519,0.0
26520,0.0
26521,0.0
26522,0.0
26523,0.0
26524,0.0
26525,0.0
26526,0.0
26527,0.0
26528,0.0
26529,0.0
26530,0.0
26531,0.0
26532,0.0
26533,0.0
26534,0.0
26535,0.0
26536,0.0
26537,0.0
26538,0.0
26539,0.0
26540,0.0
26541,0.0
26542,0.0
26543,0.0
26544,0.0
26545,0.0
26546,0.0
26547,0.0
26548,0.0
26549,0.0
26550,0.0
26551,227696.3522344413
26552,115909.58230329026
26553,90530.4790612872
26554,173530.1962512642
26555,129819.04663698866
26556,159678.1919198796
26557,0.0
26558,63529.298800583274
26559,40238.64733032029
26560,152439.478159019
26561,180855.04694386493
26562,193232.4388762141
26563,209642.49225117575
26564,231501.5861239639
26565,171191.8108104888
26566,213771.1548450331
26567,213275.3669292016
26568,260051.02665112287
26569,253420.30319996635
26570,257895.8108820762
26571,218715.91556633593
26572,332893.4265195879
26573,329277.59826513816
26574,300268.2344139864
26575,343193.16512108117
26576,456173.75610345666
26577,469519.8468422312
26578,449907.4977565082
26579,429942.15467196784
26580,15303.043703056548
26581,7387.777598038748
26582,7387.491993394993
26583,7979.836708808387
26584,7981.842733876888
26585,7970.059524495703
26586,7992.458013603784
26587,7398.171844248488
26588,7395.311763433274
26589,7395.026158789519
26590,7987.387295504306
26591,7987.353981238034
26592,8111.730423120262
26593,8128.624412420147
26594,9733.95212277786
26595,9731.103883562315
26596,11486.674982551769
26597,12079.018317022268
26598,14244.244245661952
26599,14232.459321401095
26600,15735.911496901163
26601,14949.40410955042
26602,15609.389850727197
26603,15609.104246083441
26604,16395.532679523658
26605,16395.499365257383
26606,16377.968673780704
26607,16392.999710077685
26608,15606.50180411098
26609,41548.16919629571
26610,42964.29417588064
26611,46030.4412489435
26612,75700.48598513275
26613,76715.42755995349
26614,76603.04184853712
26615,75753.27114275101
26616,94667.02480840622
26617,94842.32241554401
26618,96077.62660783055
26619,96077.60472607246
26620,96224.30754432942
26621,96127.92929908562
26622,95575.28963281798
26623,95814.08764623555
26624,97484.50987846949
26625,98207.26703051456
26626,100628.84285415185
26627,100611.41030787051
26628,100625.75628149718
26629,99986.22942713484
26630,99906.85671831039
26631,99906.57228268687
26632,100617.50905074496
26633,100617.47573647636
26634,100600.04189131864
26635,100614.40198227087
26636,99974.86359929024
26637,99906.82961080197
26638,99906.54517517846
26639,100617.47529275353
26640,100793.02037039309
26641,100789.29439238184
26642,100803.63627083226
26643,100164.11451302483
26644,100096.08002533959
26645,100095.79558971607
26646,100786.21118342815
26647,100678.08694445358
26648,100619.79752701345
26649,100634.1597418969
26650,99888.33139810902
26651,99820.31292014936
26652,99824.97811732824
26653,100642.16198946649
26654,100645.3921753733
26655,100639.37158861756
26656,100653.76347196066
26657,100014.94455544405
26658,99957.89473092802
26659,99957.60736384841
26660,100641.2385068623
26661,98059.72415696786
26662,103554.13422329082
26663,103569.96716619866
26664,102733.64271611079
26665,125910.187526873
26666,125752.91254436671
26667,147600.88026009838
26668,146341.9907560653
26669,146350.72992041384
26670,232498.8341955837
26671,231859.3207096742
26672,242746.15643918366
26673,242745.87200356013
26674,243429.50192910756
26675,248265.64745679992
26676,246968.01127024624
26677,246503.0805034015
26678,245763.9255334427
26679,246428.70238624656
26680,246428.41795064282
26681,247072.2212590902
26682,247072.19025479263
26683,247085.9959078545
26684,247055.46114214824
26685,246415.94789756523
26686,246254.8770049087
26687,246257.14049759656
26688,246986.65442381697
26689,246986.60538243048
26690,246951.6824427131
26691,246126.76124872998
26692,244620.27694744567
26693,244552.25806977594
26694,244551.97363420585
26695,245302.37137954152
26696,245311.18355749894
26697,245324.101332454
26698,245321.35440591117
26699,244681.84077478552
26700,244611.115629118
26701,0.0
26702,0.0
26703,0.0
26704,0.0
26705,0.0
26706,0.0
26707,0.0
26708,0.0
26709,0.0
26710,0.0
26711,0.0
26712,0.0
26713,0.0
26714,0.0
26715,0.0
26716,0.0
26717,0.0
26718,0.0
26719,0.0
26720,0.0
26721,0.0
26722,0.0
26723,0.0
26724,0.0
26725,0.0
26726,0.0
26727,0.0
26728,0.0
26729,0.0
26730,0.0
26731,0.0
26732,0.0
26733,0.0
26734,0.0
26735,0.0
26736,0.0
26737,0.0
26738,0.0
26739,0.0
26740,0.0
26741,0.0
26742,0.0
26743,0.0
26744,0.0
26745,0.0
26746,0.0
26747,0.0
26748,0.0
26749,0.0
26750,0.0
26751,0.0
26752,0.0
26753,0.0
26754,0.0
26755,0.0
26756,0.0
26757,0.0
26758,0.0
26759,0.0
26760,0.0
26761,0.0
26762,0.0
26763,0.0
26764,0.0
26765,0.0
26766,0.0
26767,0.0
26768,0.0
26769,0.0
26770,0.0
26771,0.0
26772,0.0
26773,0.0
26774,0.0
26775,0.0
26776,0.0
26777,0.0
26778,0.0
26779,0.0
26780,0.0
26781,0.0
26782,51.31272207786355
26783,59.394281854197956
26784,0.0
26785,0.0
26786,0.0
26787,0.0
26788,0.0
26789,0.0
26790,379.6017748510511
26791,0.0
26792,0.0
26793,0.0
26794,0.0
26795,3.5720343203521963
26796,3.4337202539782585
26797,0.0
26798,2.08141152910717
26799,2.026916549678988
26800,0.43387767411813094
26801,0.0
26802,0.0
26803,0.0
26804,0.0
26805,0.508973147016978
26806,2.403376829293141
26807,0.0
26808,4.15141672226358
26809,1.2978713160754625
26810,0.0
26811,0.0
26812,2.715581393279312
26813,0.0
26814,0.0
26815,33.834248856429234
26816,12.286971866075271
26817,12.176080723012596
26818,13.25804878680894
26819,0.0
26820,0.0
26821,0.0
26822,0.0
26823,1.9835321915363178
26824,0.0
26825,0.0
26826,0.0
26827,0.0
26828,0.751712228116913
26829,1.1269330557400647
26830,0.0
26831,2.159535228873921
26832,5.314085766381555
26833,10.046020556365843
26834,0.0
26835,0.0
26836,0.0
26837,0.0
26838,0.0
26839,0.0
26840,0.0
26841,0.0
26842,0.0
26843,0.0
26844,0.0
26845,2.880790357809336
26846,1.9222011972916004
26847,2.0683878621216953
26848,0.0
26849,0.0
26850,0.0
26851,0.0
26852,0.0
26853,0.0
26854,0.0
26855,0.0
26856,0.0
26857,0.0
26858,0.0
26859,0.0
26860,0.0
26861,0.0
26862,0.0
26863,0.0
26864,2401.133522323141
26865,0.0
26866,3.3026861588419134
26867,0.45444694329039664
26868,0.1688422995366258
26869,0.0
26870,0.0
26871,0.0
26872,0.0
26873,3.3026861588419134
26874,0.45444694329039664
26875,0.1688422995366258
26876,0.0
26877,0.0
26878,0.0
26879,0.0
26880,3.3026861588419134
26881,0.45444694329039664
26882,0.1688422995366258
26883,0.0
26884,0.0
26885,0.0
26886,6.05480915188978
26887,10.848693153031121
26888,7.988612337819229
26889,7.703007694065454
26890,0.93797045746693
26891,0.9046561911942853
26892,125.2810980734137
26893,142.2212079682478
26894,2346.628971682395
26895,2343.780732466844
26896,4099.351831456301
26897,4092.568991975426
26898,6257.794920615112
26899,6246.009996354257
26900,7749.508292449275
26901,7562.080958454952
26902,8222.066699631727
26903,8221.781094987971
26904,8409.083354476812
26905,8409.050040210537
26906,8391.51934873387
26907,8406.596505625792
26908,8219.17865301551
26909,10086.173552172606
26910,11502.298531757537
26911,13969.319430869027
26912,19565.197984263643
26913,20580.139559084422
26914,20467.799968262978
26915,20217.10931583332
26916,22662.575793012074
26917,22837.87340014986
26918,23474.05141848497
26919,23474.029536726903
26920,23620.73235498391
26921,23524.400230335043
26922,23570.84061742386
26923,23809.638630841404
26924,25617.749452690216
26925,25741.380430783818
26926,28162.95625442112
26927,28145.523708139866
26928,28173.51132396003
26929,28133.064522954122
26930,28053.691814129674
26931,28053.40737850616
26932,28165.217972612776
26933,28165.1846583442
26934,28147.75081318657
26935,28162.157024733726
26936,28121.698695109564
26937,28053.664706621308
26938,28053.380270997794
26939,28165.18421462139
26940,28415.69011449852
26941,28411.964136487346
26942,28341.49235607794
26943,28301.050651626956
26944,28233.016163941713
26945,28232.7317283182
26946,28408.88092753355
26947,28300.75668855899
26948,28242.46727111895
26949,28172.01582714258
26950,28025.267536711122
26951,27957.249058751473
26952,27961.91425593037
26953,28264.831733571868
26954,28268.06022625982
26955,28262.03925165126
26956,28191.61747613453
26957,28151.878612974346
26958,28094.825247453573
26959,28094.537292010205
26960,28263.885341804173
26961,25682.36512392749
26962,31176.772016101717
26963,31107.787146755578
26964,30870.537581749635
26965,54047.070099315264
26966,53889.78561909987
26967,75223.48597176564
26968,73964.5962966184
26969,73973.3327811761
26970,80800.53262221895
26971,80760.09785819956
26972,91646.93541851375
26973,91646.64780348654
26974,91816.01136408176
26975,96652.17534487367
26976,95354.55069469094
26977,94804.89550420876
26978,94664.85149590892
26979,95329.63740522906
26980,95329.35296962608
26981,95458.8884132336
26982,95458.85740893603
26983,95472.66306205996
26984,95357.31463750961
26985,95316.88102605233
26986,95155.81013339572
26987,95158.07362613603
26988,95373.31997936392
26989,95373.27093797878
26990,95338.3479982611
26991,94975.40585741188
26992,94068.00160948417
26993,93999.98273181435
26994,93999.69829625955
26995,94235.82817273955
26996,94259.55460470129
26997,94272.47237958178
26998,94184.91170143952
26999,94144.47812367037
27000,94073.75139926853
27001,0.0
27002,0.0
27003,0.0
27004,0.0
27005,0.0
27006,0.0
27007,0.0
27008,0.0
27009,0.0
27010,0.0
27011,0.0
27012,0.0
27013,0.0
27014,0.0
27015,0.0
27016,0.0
27017,0.0
27018,0.0
27019,0.0
27020,0.0
27021,30609.886856361085
27022,43497.615683000164
27023,50854.28743703415
27024,58284.63827758257
27025,59118.94292107354
27026,60415.38790803552
27027,43733.68663822401
27028,37061.39439330882
27029,21630.87525869965
27030,11436.114769904585
27031,3327.940264488786
27032,3327.6546598450327
27033,3330.6970773340945
27034,3330.6724956903836
27035,3337.3054402493813
27036,3353.0119593072764
27037,3329.5552146088257
27038,3326.6951337936143
27039,3326.409529149861
27040,3329.4768265667735
27041,3329.443512300501
27042,3472.236108122905
27043,3489.1783581236336
27044,5801.409112629132
27045,5798.560873413579
27046,7843.672458355611
27047,7846.721953528276
27048,10006.037147451396
27049,10012.66837713072
27050,11516.168813331638
27051,11300.490850637709
27052,11960.476591814486
27053,11960.19098717073
27054,12157.3255813131
27055,12157.292267046825
27056,12163.923970005671
27057,12179.003267003483
27058,11963.334785693602
27059,14585.986456797347
27060,16051.54061660736
27061,18525.083770117293
27062,24120.962323512034
27063,25160.06629276834
27064,25047.728842052795
27065,24768.787560923538
27066,27214.254038102314
27067,27389.5516452401
27068,28029.815757733384
27069,28029.793875975316
27070,28200.659088667846
27071,28104.329104124878
27072,28123.983136433526
27073,28362.78114985107
27074,30010.33432806826
27075,30138.051400320037
27076,32559.627223957334
27077,32566.357072111605
27078,32594.346828037666
27079,32525.649398332163
27080,32446.276689507715
27081,32445.9922538842
27082,32573.236776396872
27083,32573.203462128295
27084,32579.93201140619
27085,32594.340363059244
27086,32525.631404735486
27087,32446.24958199935
27088,32445.965146375835
27089,32573.203018405486
27090,32806.31188837335
27091,32826.748304797686
27092,32756.278664493955
27093,32687.586331343377
27094,32608.204009410252
27095,32607.919573786738
27096,32799.50270140838
27097,32691.378462433586
27098,32657.251439429067
27099,32586.802135558595
27100,32411.803216427543
27101,32332.436904220012
27102,32337.10210139891
27103,32655.928092498925
27104,32658.961457342106
27105,32677.10287716907
27106,32606.683241758237
27107,32538.69374989846
27108,32470.292550129805
27109,32470.004594686437
27110,32654.67849539467
27111,30183.380952603908
27112,35701.95023921386
27113,35632.96544685857
27114,35367.46401927514
27115,53955.514107852796
27116,53798.2296276374
27117,72187.28116742212
27118,71314.43349866905
27119,71347.33237766229
27120,78174.52457826551
27121,78105.83918554652
27122,89307.281167017
27123,89306.9935519898
27124,89491.79447423056
27125,96113.93376178268
27126,94840.46807279601
27127,94290.83407511133
27128,94122.53943811188
27129,94775.97751318415
27130,94775.69972929049
27131,94920.67253454354
27132,94920.64153024598
27133,94958.60614456382
27134,94843.41785728205
27135,94774.73361712517
27136,94602.31489022067
27137,94604.57838297142
27138,94835.26209784485
27139,94835.21305645972
27140,94824.44907793809
27141,94709.2342761486
27142,94640.66712485091
27143,94561.30041293321
27144,94561.01289550895
27145,94810.14705526357
27146,94839.63030780184
27147,94875.23968808948
27148,94787.6811500531
27149,94718.99683195793
27150,94636.92227330821
27151,0.0
27152,0.0
27153,0.0
27154,0.0
27155,0.0
27156,0.0
27157,0.0
27158,0.0
27159,0.0
27160,0.0
27161,0.0
27162,0.0
27163,0.0
27164,0.0
27165,0.0
27166,0.0
27167,0.0
27168,0.0
27169,0.0
27170,0.0
27171,0.0
27172,0.0
27173,0.0
27174,0.0
27175,0.0
27176,0.0
27177,0.0
27178,0.0
27179,0.0
27180,0.0
27181,0.0
27182,0.0
27183,0.0
27184,0.0
27185,0.0
27186,0.0
27187,0.0
27188,0.0
27189,0.0
27190,0.0
27191,0.0
27192,0.0
27193,0.0
27194,0.0
27195,0.0
27196,0.0
27197,0.0
27198,0.0
27199,0.0
27200,0.0
27201,0.0
27202,0.0
27203,0.0
27204,0.0
27205,0.0
27206,0.0
27207,0.0
27208,0.0
27209,0.0
27210,0.0
27211,0.0
27212,0.0
27213,0.0
27214,0.0
27215,0.0
27216,0.0
27217,0.0
27218,0.0
27219,0.0
27220,0.0
27221,0.0
27222,0.0
27223,0.0
27224,0.0
27225,0.0
27226,0.0
27227,0.0
27228,0.0
27229,0.0
27230,0.0
27231,0.0
27232,0.0
27233,0.0
27234,0.0
27235,0.0
27236,0.0
27237,0.0
27238,0.0
27239,0.0
27240,0.0
27241,0.0
27242,0.0
27243,0.0
27244,0.0
27245,0.0
27246,0.0
27247,0.0
27248,0.0
27249,0.0
27250,0.0
27251,0.0
27252,0.0
27253,0.0
27254,0.0
27255,0.0
27256,0.0
27257,0.0
27258,0.0
27259,0.0
27260,0.0
27261,0.0
27262,0.0
27263,0.0
27264,0.0
27265,0.0
27266,0.0
27267,0.0
27268,0.0
27269,0.0
27270,0.0
27271,0.0
27272,0.0
27273,0.0
27274,0.0
27275,0.0
27276,0.0
27277,0.0
27278,0.0
27279,0.0
27280,0.0
27281,0.0
27282,0.0
27283,0.0
27284,0.0
27285,0.0
27286,0.0
27287,0.0
27288,0.0
27289,0.0
27290,0.0
27291,0.0
27292,0.0
27293,0.0
27294,0.0
27295,0.0
27296,0.0
27297,0.0
27298,0.0
27299,0.0
27300,0.0
27301,0.0
27302,0.0
27303,0.0
27304,0.0
27305,0.0
27306,0.0
27307,0.0
27308,0.0
27309,0.0
27310,0.0
27311,0.0
27312,0.0
27313,0.0
27314,0.0
27315,0.0
27316,0.0
27317,0.0
27318,0.0
27319,0.0
27320,0.0
27321,0.0
27322,0.0
27323,0.0
27324,0.0
27325,0.0
27326,4.297893032143173
27327,3.9462303259703027
27328,0.3781512294365318
27329,0.0
27330,0.0
27331,0.0
27332,0.0
27333,0.0
27334,0.0
27335,0.0
27336,0.0
27337,0.0
27338,0.0
27339,0.0
27340,0.0
27341,0.0
27342,0.0
27343,0.0
27344,0.0
27345,0.0
27346,34.071584233443495
27347,36.510266685892425
27348,0.0
27349,0.0
27350,0.0
27351,0.0
27352,0.0
27353,0.0
27354,654.4153257692452
27355,652.7773807193587
27356,775.7162930549968
27357,772.7269217868285
27358,883.115900665861
27359,3046.9477413087075
27360,3256.577251247986
27361,3712.402581005777
27362,3772.161214194335
27363,3849.8224203883756
27364,6267.921802604251
27365,6908.080049913492
27366,7010.225588970673
27367,7902.876003776058
27368,7932.473305075517
27369,7942.312013913914
27370,7958.676000364532
27371,8006.85347132481
27372,8046.526901337916
27373,8082.496103865368
27374,8117.060571665925
27375,8127.176565801737
27376,8130.650577167811
27377,8135.9896345184225
27378,8149.219825830242
27379,8155.945221674219
27380,8160.667152600671
27381,8147.711582152122
27382,8111.28329020471
27383,8099.701276885667
27384,8467.726044243867
27385,9768.731084512927
27386,9709.944592599848
27387,10582.754629563422
27388,10588.741280536131
27389,10618.204925107222
27390,13135.33571180339
27391,13163.329089336863
27392,13256.597545310877
27393,13282.979103558691
27394,13278.540206390087
27395,13312.71001019138
27396,13336.83107777676
27397,13370.895204258113
27398,13381.743913952401
27399,13401.688718014135
27400,13416.40525903665
27401,13413.876810790172
27402,13413.379255085614
27403,13423.059804100712
27404,13623.856301539969
27405,13617.261084404769
27406,13624.53152947451
27407,13639.891742043736
27408,13647.460574693692
27409,13665.086753597905
27410,13910.519606909362
27411,14297.607508882642
27412,15474.854655148863
27413,15662.13870027574
27414,15962.98526573975
27415,17760.365581697977
27416,17762.95868673186
27417,18002.62478701985
27418,18079.932904742538
27419,18086.975020656202
27420,19372.501052829182
27421,19389.738093551
27422,20485.256725158546
27423,20480.81052312157
27424,20646.16096689075
27425,21670.639764140426
27426,21639.254009312517
27427,21625.16462168543
27428,21629.574962385177
27429,21654.09178835527
27430,21754.352422691147
27431,21898.881419839043
27432,21901.11323044525
27433,22084.095101037
27434,22079.890555829657
27435,22091.237232936735
27436,22360.704271404746
27437,22361.30828427617
27438,21839.59095812452
27439,21850.67628960657
27440,21854.4518041569
27441,21869.0197863981
27442,21879.92605931573
27443,22258.091539193683
27444,22116.4922967124
27445,22143.74652539657
27446,22150.83428216218
27447,22214.69561490434
27448,22213.267769762493
27449,22219.62875099764
27450,22238.88802160048
27451,11696.025631822553
27452,11702.413294557049
27453,11714.062356266313
27454,11714.061856637023
27455,11695.95297973006
27456,11699.688248160548
27457,11691.863109315324
27458,11696.025631822553
27459,11702.413294557049
27460,11714.062356266313
27461,11714.061856637023
27462,11695.95297973006
27463,11699.688248160548
27464,11786.413224234795
27465,11790.583325507594
27466,11931.555618561804
27467,11943.251911999865
27468,12412.6952935353
27469,12395.617021769858
27470,13134.884990180553
27471,13126.203878827906
27472,13993.26569648262
27473,14000.127103732337
27474,14124.949641564535
27475,14124.962511817688
27476,14662.650668483868
27477,14667.818550140446
27478,14809.572941090244
27479,14813.579518393064
27480,15375.211005982403
27481,15969.698895845695
27482,16492.53294055144
27483,16472.862122547922
27484,16541.288441408535
27485,16532.661899621104
27486,16556.69607545583
27487,16563.711716589954
27488,16669.231843076635
27489,16670.175930671703
27490,16772.767518897628
27491,16779.43090064683
27492,16833.529210020417
27493,16837.732458694365
27494,18664.97738499106
27495,18676.92655617683
27496,18888.261389112948
27497,18861.815159044374
27498,18882.658274721096
27499,18874.007162246835
27500,18970.699723375914
27501,18980.626703524205
27502,19024.47265964075
27503,19018.343656963007
27504,19003.561525187124
27505,19011.47323245874
27506,18958.048053473547
27507,18962.263952342255
27508,19296.53631803009
27509,20164.307705242663
27510,20532.206520459342
27511,20670.99094474286
27512,20656.480806220243
27513,20613.872220633577
27514,20732.15231142749
27515,20726.373195942004
27516,20712.52998264383
27517,20710.275318611504
27518,20687.094850625344
27519,20666.706953595778
27520,20619.36911525935
27521,20517.644681491238
27522,20513.1160381502
27523,20481.49691855964
27524,20455.017877420916
27525,20431.23581858662
27526,20408.727433456428
27527,20355.60595568364
27528,20337.877381649683
27529,20239.138917058383
27530,20154.023049798958
27531,20720.373599573897
27532,20600.415498810962
27533,20544.67036403518
27534,20491.65784890211
27535,20480.481942049606
27536,20433.59387037493
27537,20408.588772822204
27538,20412.04486092149
27539,20349.607064465843
27540,21027.868619357752
27541,20889.336868807164
27542,20852.969079494538
27543,20813.71189904494
27544,20666.01627042551
27545,20712.91906641078
27546,20660.993984589917
27547,20669.950062525168
27548,20672.682792579395
27549,20722.604425972604
27550,20743.681269465764
27551,20836.78567929409
27552,21339.48860381505
27553,21331.460420001666
27554,21550.253119426776
27555,21796.762859176662
27556,22376.39294930874
27557,22490.861410452733
27558,22443.356743085067
27559,22457.7153004452
27560,22300.64090454188
27561,22372.119574884084
27562,21924.91482126391
27563,21923.146612427758
27564,22298.725279051465
27565,29894.48180143692
27566,30020.15455350887
27567,30521.979358642795
27568,30572.72940212814
27569,30621.74815620679
27570,33068.44377667522
27571,34298.109333961685
27572,35384.98190356151
27573,35099.110775879584
27574,35120.67981533569
27575,35136.93196742182
27576,35136.39811382452
27577,35184.17162586356
27578,35252.22581817978
27579,35305.33897717493
27580,35288.355711916425
27581,35296.4964521173
27582,35491.52557456852
27583,35318.45486237722
27584,35317.54653275946
27585,35108.877523235446
27586,35172.20956657867
27587,35253.475175461754
27588,35274.32476621451
27589,35394.760534101966
27590,35419.13427597751
27591,35477.82193294491
27592,35521.12654471001
27593,35565.47108939451
27594,35497.99553634741
27595,35502.976579837945
27596,35522.78192011106
27597,35525.62085441916
27598,35521.37992318531
27599,35525.63907275513
27600,35366.58522534432
27601,0.0
27602,0.0
27603,0.0
27604,0.0
27605,0.0
27606,0.0
27607,0.0
27608,0.0
27609,0.0
27610,0.0
27611,0.0
27612,0.0
27613,0.0
27614,0.0
27615,0.0
27616,0.0
27617,0.0
27618,0.0
27619,0.0
27620,0.0
27621,0.0
27622,0.0
27623,0.0
27624,0.0
27625,0.0
27626,0.0
27627,0.0
27628,0.0
27629,0.0
27630,0.0
27631,0.0
27632,0.0
27633,0.0
27634,0.0
27635,0.0
27636,0.0
27637,0.0
27638,0.0
27639,0.0
27640,0.0
27641,0.0
27642,0.0
27643,0.0
27644,0.0
27645,0.0
27646,0.0
27647,0.0
27648,0.0
27649,0.0
27650,0.0
27651,0.0
27652,0.0
27653,0.0
27654,0.035077033149453124
27655,0.010947115150834755
27656,0.0
27657,0.0
27658,0.0
27659,0.0
27660,0.0
27661,0.0
27662,0.0
27663,0.0
27664,0.0
27665,0.0
27666,0.0
27667,0.0
27668,0.0
27669,0.0
27670,0.0
27671,0.0
27672,0.0
27673,0.05947540233536614
27674,0.0
27675,0.04727551943827155
27676,0.021338975665358962
27677,0.03751149430906924
27678,0.0
27679,0.0
27680,0.05179791068644125
27681,0.0
27682,0.02618546836799147
27683,0.002055548061907304
27684,0.01692919033024475
27685,0.0
27686,0.0
27687,0.021846170825261534
27688,0.0
27689,0.0
27690,0.0
27691,0.0
27692,0.0
27693,0.0
27694,0.0
27695,0.0
27696,0.0
27697,0.0
27698,0.0
27699,0.0
27700,0.0
27701,0.0
27702,0.0
27703,0.0
27704,0.06918052602469929
27705,0.004886266860118421
27706,0.010725970851267039
27707,0.016169606803150684
27708,0.06552144384767365
27709,0.0
27710,0.0
27711,0.0
27712,0.0
27713,0.0365647464054215
27714,0.04219533183925826
27715,0.07805305768402436
27716,0.0
27717,0.0
27718,0.0
27719,0.0
27720,0.0035824551066480827
27721,0.013983228873086194
27722,0.07567241525822231
27723,0.0
27724,0.09787420501044009
27725,0.09239471448529088
27726,0.36038037273936313
27727,0.0
27728,0.0
27729,0.0
27730,0.0
27731,0.0
27732,0.0
27733,0.0
27734,0.0
27735,0.0
27736,0.0
27737,0.0
27738,0.0
27739,0.0
27740,0.0
27741,0.0
27742,0.0
27743,0.0
27744,0.0
27745,0.0
27746,0.0
27747,0.0
27748,0.0
27749,0.0
27750,0.0
27751,0.0
27752,0.0
27753,0.0
27754,0.0
27755,0.0
27756,0.0
27757,0.0
27758,0.0
27759,0.0
27760,0.0
27761,0.0
27762,0.0
27763,0.0
27764,0.0
27765,0.0
27766,5.173725698590393
27767,16.851120566877903
27768,48.094602648217446
27769,37.744882933659504
27770,647.5333998666057
27771,639.0146332190822
27772,1435.2115933681548
27773,1442.0644476142024
27774,1551.2914224588642
27775,1551.2928963598265
27776,2063.12200073356
27777,2062.035056257029
27778,2183.145801029101
27779,2185.2487125599973
27780,2668.3501496629906
27781,2860.230436832305
27782,3295.687164811019
27783,3283.9590264822436
27784,3310.6551933806513
27785,3302.1392763122403
27786,3307.6059069461835
27787,3314.787807255501
27788,3420.3528040502224
27789,3421.1799555245602
27790,3487.452264592747
27791,3487.8608202088417
27792,3469.534147244854
27793,3471.8447242955676
27794,5131.126176932758
27795,5143.120218426591
27796,5257.968006146655
27797,5239.3385055235285
27798,5248.460850891069
27799,5239.920363135832
27800,5309.104185703541
27801,5319.427427932235
27802,5352.128622900959
27803,5352.83813041724
27804,5336.781071967769
27805,5338.437953106276
27806,5278.384811843805
27807,5280.708039089302
27808,5348.719881850663
27809,5447.884676281409
27810,5620.056259329185
27811,5590.016424869727
27812,5569.122143332209
27813,5524.339995443511
27814,5640.664791384623
27815,5635.281930524894
27816,5621.491168241613
27817,5619.2217996275085
27818,5575.936109759834
27819,5548.131248177984
27820,5503.120315130794
27821,5402.816087640555
27822,5400.864140502598
27823,5369.680897328451
27824,5349.342062954618
27825,5325.068158003377
27826,5292.461739282849
27827,5231.675423036129
27828,5203.149566278554
27829,5104.740957894393
27830,5019.669960943034
27831,5591.03831358474
27832,5471.131705126975
27833,5409.151027493278
27834,5356.2848705678525
27835,5335.914459702767
27836,5300.615915078226
27837,5281.384645143394
27838,5293.358276698589
27839,5234.618545072115
27840,5059.930050812677
27841,4909.816955493656
27842,4874.551893009802
27843,4838.960240319891
27844,4692.797569297856
27845,4743.400582596406
27846,4695.679576621905
27847,4698.322431226698
27848,4698.03376757028
27849,4738.2517812789265
27850,4757.40428485875
27851,4853.601730420532
27852,5377.48168085257
27853,5370.081657993921
27854,5521.315092894744
27855,5695.163704361374
27856,6128.1520129085975
27857,6223.37920175405
27858,6122.567794914496
27859,6144.01241889194
27860,5955.967303121461
27861,5976.764568076693
27862,5510.442584874141
27863,5475.860128552994
27864,5851.6948996975125
27865,13443.905434210214
27866,13558.178994654218
27867,14060.537251495285
27868,14075.91053861661
27869,14111.54779491299
27870,16481.918773958027
27871,17711.27289901669
27872,18796.57713683016
27873,18517.651808803996
27874,18513.252975239862
27875,18523.08584354231
27876,18521.416422733157
27877,18562.82801707702
27878,18588.568324328513
27879,18629.77926354345
27880,18617.750747510057
27881,18624.2732692533
27882,18707.97681922788
27883,18547.41761329832
27884,18550.868538891733
27885,18418.235534568717
27886,18493.906291115036
27887,18582.36717251585
27888,18598.51336391493
27889,18727.360197786726
27890,18751.64051185644
27891,18766.224562021624
27892,18799.7972812398
27893,18807.31465669905
27894,18770.2867434141
27895,18776.020670984628
27896,18798.56837524182
27897,18801.45863933538
27898,18789.02103965454
27899,18791.851401075204
27900,18633.585208911813
27901,0.0
27902,0.0
27903,0.0
27904,0.0
27905,0.0
27906,0.0
27907,0.0
27908,0.0
27909,0.0
27910,0.0
27911,0.0
27912,0.0
27913,0.0
27914,0.0
27915,0.0
27916,572.6587899526918
27917,757.758069692041
27918,1619.9157758063593
27919,753.3017023712139
27920,3058.403928733586
27921,0.0
27922,0.0
27923,0.0
27924,0.0
27925,0.0
27926,0.0
27927,0.0
27928,0.0
27929,0.0
27930,10.756676873619735
27931,0.0
27932,0.0
27933,0.0
27934,0.0
27935,0.0
27936,0.0
27937,0.0
27938,9.632446955964312
27939,6.74462693027121
27940,0.0
27941,0.0
27942,0.0
27943,0.0
27944,0.0
27945,0.0
27946,0.0
27947,0.0
27948,0.0
27949,0.0
27950,11.601408211863852
27951,9.598472945645547
27952,6.851135173788364
27953,6.915518209446578
27954,0.0
27955,0.0
27956,0.0
27957,0.0
27958,0.0
27959,0.0
27960,0.0
27961,0.0
27962,0.0
27963,0.0
27964,0.0
27965,0.0
27966,0.0
27967,0.0
27968,0.0
27969,0.0
27970,0.0
27971,60.068557538711275
27972,39.30414305398169
27973,6.335507815385969
27974,0.0
27975,0.0
27976,45.55192589736727
27977,0.010987651315246774
27978,0.0
27979,0.0
27980,0.0
27981,347.9141053996631
27982,231.51176130774053
27983,167.92499481911275
27984,130.86629425747526
27985,112.83157900722857
27986,63.954019005075395
27987,45.97690818384748
27988,59.47305997425468
27989,194.27317183231315
27990,630.367096897052
27991,520.8060972609535
27992,560.576589670017
27993,519.4955744270761
27994,747.5904794954769
27995,798.064471924857
27996,753.6249389670907
27997,834.6394353062964
27998,851.6191390940334
27999,892.2890761290384
28000,1222.6629993951594
28001,1329.1777932934763
28002,2188.311353476781
28003,2263.5489692696765
28004,2623.4858151917024
28005,3845.071185972921
28006,6767.322961916487
28007,6935.925812387669
28008,7102.751213524862
28009,7120.522127411116
28010,7275.921923461301
28011,7465.34821333955
28012,8473.012512843903
28013,9135.008192409554
28014,9249.410658054923
28015,14862.478403829342
28016,14860.192097142533
28017,16920.497586361853
28018,17321.748491862953
28019,18414.481434435012
28020,24344.672656584957
28021,26014.386051107802
28022,27723.967458982155
28023,27753.124073677227
28024,28201.383921195582
28025,29102.21203544869
28026,29399.50634817781
28027,29593.232005326638
28028,31465.95765296477
28029,32104.28996231394
28030,33410.0720081719
28031,35250.7433247293
28032,38779.79198328661
28033,40209.04683854415
28034,40225.020555020325
28035,40578.14061593755
28036,40624.42445154492
28037,40656.22786570335
28038,40683.03495970379
28039,41140.13128227816
28040,42435.68888701577
28041,42472.01681066533
28042,43329.50481695244
28043,44127.36018594175
28044,44209.17481056248
28045,44230.22821851615
28046,45354.70201547308
28047,45372.67061702883
28048,45365.49972497847
28049,45369.85365548679
28050,45381.839344788365
28051,0.0
28052,0.0
28053,0.0
28054,0.0
28055,0.0
28056,0.0
28057,0.0
28058,0.0
28059,0.0
28060,0.0
28061,0.0
28062,0.0
28063,0.0
28064,0.0
28065,0.0
28066,0.0
28067,0.0
28068,0.0
28069,0.0
28070,0.0
28071,0.0
28072,0.0
28073,0.0
28074,0.0
28075,0.0
28076,0.0
28077,0.0
28078,0.0
28079,0.0
28080,30.49684556330969
28081,0.0
28082,0.0
28083,0.0
28084,0.0
28085,0.0
28086,0.0
28087,0.0
28088,1.7443152199024448
28089,0.42276560827762405
28090,0.0
28091,0.0
28092,0.0
28093,0.0
28094,28.092000215131556
28095,28.016595588849746
28096,14.682670836077373
28097,15.70426462666652
28098,0.0
28099,0.0
28100,0.0
28101,0.0
28102,0.0
28103,0.0
28104,0.0
28105,0.0
28106,0.0
28107,0.0
28108,0.0
28109,0.0
28110,15.467754934326885
28111,3.7255768527085804
28112,0.0
28113,0.0
28114,0.0
28115,0.0
28116,0.0
28117,0.0
28118,0.0
28119,0.0
28120,0.0
28121,0.0
28122,0.0
28123,0.0
28124,0.0
28125,0.0
28126,0.0
28127,0.0
28128,0.0
28129,0.0
28130,0.0
28131,0.0
28132,0.0
28133,0.0
28134,0.0
28135,0.0
28136,0.0
28137,0.0
28138,0.0
28139,0.0
28140,0.0
28141,0.0
28142,0.0
28143,0.0
28144,0.0
28145,0.0
28146,0.0
28147,0.0
28148,0.0
28149,0.0
28150,0.0
28151,0.0
28152,0.0
28153,0.0
28154,0.0
28155,0.0
28156,0.0
28157,0.0
28158,0.0
28159,0.0
28160,0.0
28161,0.5436948173449562
28162,0.0
28163,0.0
28164,0.0
28165,0.0
28166,0.0
28167,0.0
28168,0.0
28169,0.0
28170,0.0
28171,1.265823011796078
28172,0.0
28173,0.0
28174,0.0
28175,1.1379411356215334
28176,0.0
28177,4.138368889041677
28178,0.0
28179,0.0
28180,0.0
28181,0.0
28182,0.0
28183,0.0
28184,0.0
28185,0.0
28186,0.0
28187,0.0
28188,0.0
28189,0.0
28190,0.0
28191,0.0
28192,0.0
28193,0.0
28194,0.0
28195,0.0
28196,0.0
28197,0.4545621484327963
28198,0.3306472182939274
28199,1.6211697113554366
28200,2.491233475487869
28201,0.0
28202,0.0
28203,0.0
28204,0.0
28205,0.0
28206,0.0
28207,0.0
28208,0.0
28209,0.0
28210,0.0
28211,0.0
28212,0.0
28213,0.0
28214,0.0
28215,0.0
28216,0.0
28217,0.0
28218,0.0
28219,0.0
28220,0.0
28221,0.0
28222,0.0
28223,0.0
28224,0.0
28225,0.0
28226,0.0
28227,0.0
28228,0.0
28229,0.0
28230,98.03022273031833
28231,41.38061152311677
28232,24.30841548907206
28233,25.670209564918903
28234,12.165335754830972
28235,10.762495327872244
28236,7.5048590663388985
28237,8.106427876882535
28238,0.0
28239,0.0
28240,0.0
28241,0.0
28242,0.0
28243,0.0
28244,11.03214325562217
28245,11.38093701864679
28246,0.0
28247,0.0
28248,0.0
28249,0.0
28250,0.0
28251,0.0
28252,0.0
28253,0.0
28254,0.0
28255,0.0
28256,0.0
28257,0.0
28258,0.0
28259,0.0
28260,0.0
28261,2.341237187880323
28262,2.3286457190120973
28263,1.7392756845987143
28264,0.06370759155448369
28265,0.9510871184644253
28266,0.0
28267,0.0
28268,2.0712192174260626
28269,5.394479786504011
28270,5.478246649329107
28271,0.0
28272,0.0
28273,0.0
28274,0.0
28275,0.0
28276,0.0
28277,0.0
28278,0.0
28279,0.0
28280,0.0
28281,0.0
28282,0.0
28283,0.0
28284,0.0
28285,0.0
28286,0.0
28287,0.0
28288,0.0
28289,0.0
28290,0.0
28291,0.0
28292,0.0
28293,0.0
28294,0.03164368120022151
28295,6.2580258423180695
28296,2.399861046802265
28297,6.9965470055678844
28298,17.469948386942445
28299,44.920857190159005
28300,81.93171603621104
28301,113.89774889606059
28302,190.12601637784286
28303,220.05788130551454
28304,269.52937529339374
28305,398.08290852945913
28306,525.782819003898
28307,543.1545829116775
28308,550.6320378483072
28309,539.4379787941127
28310,557.674645504003
28311,563.827777500375
28312,564.8403232010387
28313,562.0701339013292
28314,683.9183708818575
28315,1665.4838206653144
28316,1677.8227530958777
28317,1899.3834625873467
28318,1900.969368111602
28319,1907.3787352958984
28320,2439.2653678305833
28321,2454.4723434303455
28322,2720.4891230484827
28323,2727.1906111310464
28324,2723.884680884917
28325,2869.6258010680513
28326,2883.7809668684667
28327,2919.5396488487554
28328,2909.8378919686597
28329,2902.9093661105685
28330,2888.245970155105
28331,2920.986820864338
28332,2877.955420079995
28333,2865.469781997933
28334,2860.9255188668108
28335,2847.9091288448035
28336,2842.831247376556
28337,2829.047975838966
28338,2827.731360677368
28339,2959.0401660382286
28340,2946.495877553685
28341,2934.382301755647
28342,2935.3062330053335
28343,2933.966162901926
28344,2921.733619751296
28345,2916.099564362916
28346,2916.529287688813
28347,2914.866624664072
28348,2909.321011162861
28349,2899.47594693129
28350,2896.85630334849
28351,0.0
28352,0.0
28353,0.0
28354,0.0
28355,0.0
28356,0.0
28357,0.0
28358,0.0
28359,0.0
28360,0.0
28361,0.0
28362,0.0
28363,0.0
28364,0.0
28365,0.0
28366,0.0
28367,0.0
28368,0.0
28369,0.0
28370,14171.873057297063
28371,0.0
28372,12204.813942160841
28373,0.0
28374,1275.7341362302327
28375,2171.5874476351787
28376,3863.704514901352
28377,0.0
28378,0.0
28379,0.0
28380,173.7777404192156
28381,47.68366900125152
28382,32.25135003188934
28383,34.880937637938736
28384,25.31198309834141
28385,24.347027105264836
28386,23.49501672865284
28387,23.68914036104026
28388,0.0
28389,0.0
28390,1.1211293042887231
28391,0.8052736284029053
28392,0.0
28393,0.0
28394,0.0
28395,0.0
28396,0.0
28397,0.0
28398,0.0
28399,0.0
28400,0.0
28401,0.0
28402,0.0
28403,0.0
28404,0.0
28405,0.0
28406,0.0
28407,0.0
28408,0.0
28409,0.0
28410,0.0
28411,0.0
28412,0.0
28413,0.0
28414,0.0
28415,0.0
28416,0.5582494356995014
28417,1.673703782237643
28418,3.4694591594248765
28419,4.376722547549112
28420,0.8148217401103212
28421,0.0
28422,0.0
28423,1.51882421644659
28424,1.0382538831275532
28425,0.0
28426,3.8419217590733954
28427,0.0
28428,0.0
28429,0.0
28430,0.0
28431,0.0
28432,0.0
28433,0.0
28434,0.0
28435,0.0
28436,0.0
28437,0.0
28438,0.0
28439,0.0
28440,0.0
28441,0.0
28442,0.0
28443,0.0
28444,0.0
28445,0.0
28446,0.0
28447,0.0
28448,2.7274505564033085
28449,23.64182405688416
28450,34.341772083788996
28451,50.600298520901795
28452,96.52668973132776
28453,119.7660350198339
28454,284.0722773033157
28455,342.12033735219484
28456,425.2711798581349
28457,427.8124518995949
28458,428.4483954328405
28459,416.4154410824206
28460,456.5891390962511
28461,473.6306935215646
28462,886.1426105224253
28463,867.8896910420312
28464,1109.5446973937333
28465,2314.5518688584816
28466,2337.098181996314
28467,2577.4432942108488
28468,2611.5029809443276
28469,2668.1177657151566
28470,7748.290428184622
28471,7848.05884075241
28472,8147.524133835985
28473,8779.374191268691
28474,8777.051089533583
28475,8964.576649447563
28476,8989.588775878801
28477,9040.638027012033
28478,9075.895723684936
28479,9152.192756625456
28480,9617.231013659108
28481,10081.409077315493
28482,11156.513631247326
28483,11664.679723517578
28484,11682.77746445636
28485,11680.616818148363
28486,11678.040516812087
28487,11666.392788589457
28488,11676.50480220337
28489,11818.087136113092
28490,11809.831397513635
28491,11795.489953641236
28492,11796.827457357464
28493,11832.60602470976
28494,11855.080121614803
28495,12014.46923794241
28496,12051.7614263729
28497,12051.247519371034
28498,12047.791807311669
28499,12051.81186242087
28500,12113.438840033765
28501,0.0
28502,0.0
28503,0.0
28504,0.0
28505,0.0
28506,8113.187913065017
28507,0.0
28508,0.024865551017980943
28509,0.0
28510,0.0
28511,0.0
28512,0.0
28513,0.0
28514,0.0
28515,0.0
28516,0.0
28517,0.0
28518,0.0
28519,0.0
28520,4.629223986219663
28521,4.731823817862725
28522,2.130645437662654
28523,2.350399978894881
28524,0.0
28525,0.0
28526,2.0665899545373954
28527,1.9879144933853183
28528,0.135550483664337
28529,0.674135677990427
28530,0.0
28531,0.0
28532,0.0
28533,0.0
28534,0.0
28535,0.0
28536,0.0
28537,0.0
28538,0.0
28539,0.0
28540,0.0
28541,0.0
28542,0.0
28543,0.0
28544,0.0
28545,0.0
28546,0.0
28547,0.0
28548,0.0
28549,0.0
28550,0.0
28551,0.0
28552,0.0
28553,0.0
28554,0.0
28555,0.0
28556,0.0
28557,0.22102268287998394
28558,0.48325558213880143
28559,0.0
28560,0.0
28561,0.0
28562,0.0
28563,0.0
28564,0.0
28565,0.5484969494297252
28566,0.0
28567,0.0
28568,0.0
28569,0.0
28570,0.0
28571,0.0012961684610251906
28572,0.0
28573,0.0
28574,0.0
28575,0.0
28576,0.0
28577,2.892691138721881
28578,4.777899379520655
28579,6.575930709557539
28580,4.1412311763244825
28581,7.630376522842054
28582,0.0
28583,0.0
28584,0.0
28585,0.0
28586,0.0
28587,0.0
28588,0.6235186604995409
28589,0.0
28590,0.0
28591,0.0
28592,0.0
28593,0.0
28594,0.0
28595,0.0
28596,0.0
28597,0.0
28598,0.0
28599,0.0
28600,0.0
28601,0.0
28602,0.0
28603,0.0
28604,18.853305812168735
28605,0.0
28606,6.278237213643525
28607,8.015732646260977
28608,0.0
28609,0.0
28610,0.0
28611,0.0
28612,217.89342933254957
28613,152.03981144866495
28614,236.9353767706855
28615,1235.816378594511
28616,1193.6858732024666
28617,1408.1220236671875
28618,1442.664867262373
28619,1497.8350340159427
28620,6396.0395358795895
28621,6495.839119526386
28622,6795.181247407426
28623,6967.946125845189
28624,6955.368949965409
28625,7143.387725456672
28626,7166.821691782361
28627,7218.618764657214
28628,7254.4364579960065
28629,7334.522592624725
28630,7809.178835040079
28631,8227.732478567455
28632,9255.973247591566
28633,9763.758754698358
28634,9784.607044722408
28635,9775.691672671703
28636,9776.823905081232
28637,9744.084979915137
28638,9731.182179372347
28639,9876.198460957099
28640,9864.717106138834
28641,9810.804057193849
28642,9791.770275792078
28643,9793.527092233613
28644,9825.568508255597
28645,9976.022889151809
28646,10011.572484627657
28647,10010.167603245241
28648,10007.69400296336
28649,10017.713892074402
28650,10082.182291873982
28651,0.0
28652,0.0
28653,300.6617471232675
28654,37.35994511414319
28655,0.0
28656,0.0
28657,0.0
28658,0.5749756211274996
28659,0.47693295572815536
28660,0.3554330308416278
28661,0.25412439142580506
28662,0.11471182828546941
28663,0.16801778697469438
28664,0.5651828983351547
28665,0.7673917891537355
28666,0.0
28667,0.0
28668,0.0
28669,0.0
28670,0.0
28671,0.0
28672,0.0
28673,0.0
28674,0.0
28675,0.0
28676,0.0
28677,0.0
28678,0.0
28679,0.0
28680,0.0
28681,0.0
28682,0.0
28683,0.0
28684,0.0
28685,0.0
28686,0.0
28687,0.0
28688,0.0
28689,0.0
28690,0.0
28691,0.0
28692,0.0
28693,0.0
28694,0.0
28695,0.0
28696,0.0
28697,0.0
28698,0.0
28699,0.0
28700,0.0
28701,0.0
28702,0.0
28703,0.0
28704,0.0
28705,0.0
28706,0.0
28707,0.0
28708,0.0
28709,0.0
28710,0.0
28711,0.0
28712,0.0
28713,0.0
28714,0.0
28715,0.0
28716,0.0
28717,0.0
28718,0.0
28719,0.0
28720,0.0
28721,0.0
28722,0.0
28723,0.0
28724,0.0
28725,0.0
28726,0.0
28727,0.0
28728,0.0
28729,0.0
28730,0.0
28731,0.0
28732,0.0
28733,0.0
28734,0.0
28735,0.0
28736,0.0
28737,0.0
28738,0.0
28739,0.0
28740,0.0
28741,0.0
28742,0.0
28743,0.0
28744,0.0
28745,0.0
28746,0.0
28747,0.0
28748,0.0
28749,0.0
28750,0.0
28751,0.0
28752,0.0
28753,0.0
28754,0.0
28755,0.0
28756,0.0
28757,0.0
28758,0.0
28759,0.0
28760,0.0
28761,0.0
28762,0.0
28763,0.0
28764,0.0
28765,349.7717895880808
28766,301.89768078007114
28767,505.9946710922921
28768,499.5401495917202
28769,503.37230131385525
28770,5169.426860595793
28771,5268.798270616342
28772,5519.837847324889
28773,5693.08813243454
28774,5684.118291956253
28775,5872.125238218804
28776,5894.356917446111
28777,5945.099536205338
28778,5965.140458755451
28779,5972.140369576212
28780,6412.823680407157
28781,6789.0826749171865
28782,7819.870475256928
28783,8336.933597867604
28784,8337.08778209422
28785,8340.399455680636
28786,8342.742747099437
28787,8320.052228242792
28788,8316.392794396183
28789,8463.150927394488
28790,8454.575772247486
28791,8405.188799014148
28792,8386.961013532335
28793,8352.96175647288
28794,8366.033055414673
28795,8484.022628811299
28796,8474.371072811997
28797,8472.300751561972
28798,8468.930257934024
28799,8479.432476963044
28800,8509.940142008852
28801,0.0
28802,0.0
28803,0.0
28804,0.0
28805,0.0
28806,0.0
28807,0.0
28808,0.0
28809,0.0
28810,0.0
28811,0.0
28812,0.0
28813,0.0
28814,0.12132611609065451
28815,0.07864547083392057
28816,0.0
28817,0.0
28818,0.0
28819,0.06128796160195519
28820,0.0
28821,0.0
28822,0.0
28823,0.0
28824,0.0
28825,0.0
28826,0.5130451533742366
28827,0.5691135017678083
28828,0.0
28829,0.0
28830,0.0
28831,0.0
28832,0.0
28833,0.0
28834,0.0
28835,0.0
28836,0.0
28837,0.0
28838,0.0
28839,0.0
28840,0.0
28841,0.0
28842,0.0
28843,0.04706728407139767
28844,0.0
28845,0.0
28846,0.0
28847,0.0
28848,0.0030786611551247654
28849,0.00011756043851618913
28850,0.08460152502327041
28851,0.09459766260066468
28852,0.0
28853,0.011762256544849966
28854,0.0
28855,0.0
28856,0.008659400812819715
28857,0.08523510250416967
28858,0.08930236651345042
28859,0.0
28860,0.0
28861,0.0
28862,0.0
28863,0.0
28864,0.0
28865,0.012453228027020053
28866,0.025377698267651336
28867,0.0
28868,0.0
28869,0.0
28870,0.0024832367594718064
28871,0.0
28872,0.016289262630736125
28873,0.035749669055929904
28874,0.0
28875,0.0
28876,0.0
28877,0.0
28878,0.0
28879,0.1398351470588299
28880,1.761883194295202
28881,1.5628344690465807
28882,0.3381092481721117
28883,0.0
28884,0.548519958243471
28885,0.047603754678776235
28886,0.0
28887,0.0
28888,1.633906907560057
28889,0.0
28890,11.372655403571297
28891,0.0
28892,0.0
28893,0.0
28894,0.0
28895,0.0
28896,0.0
28897,0.0
28898,0.0
28899,0.0
28900,0.5265656064809321
28901,1.0738704680752753
28902,10.167466940441171
28903,15.4263545576259
28904,1.588512642090226
28905,0.0
28906,0.7880253408900172
28907,0.0
28908,0.0
28909,0.0
28910,0.0
28911,0.0
28912,0.0
28913,0.0
28914,0.0
28915,0.0
28916,0.0
28917,0.0
28918,0.0
28919,0.0
28920,0.0
28921,0.0
28922,0.0
28923,0.0
28924,0.0
28925,0.0
28926,0.0
28927,0.0
28928,0.0
28929,0.0
28930,0.0
28931,0.0
28932,0.0
28933,0.0
28934,0.0
28935,0.0
28936,0.0
28937,0.0
28938,0.0
28939,0.0
28940,0.0
28941,0.0
28942,0.0
28943,0.0
28944,0.0
28945,0.0
28946,0.0
28947,0.0
28948,0.0
28949,0.0
28950,0.0
28951,0.0
28952,0.0
28953,0.0
28954,0.0
28955,0.0
28956,0.0
28957,0.0
28958,0.0
28959,0.0
28960,0.0
28961,0.0
28962,0.0
28963,0.0
28964,0.1233667190467876
28965,0.06181096019522942
28966,0.0
28967,0.0
28968,2.417570542851724
28969,2.977026861643703
28970,0.0
28971,0.0
28972,0.0
28973,0.0
28974,0.0
28975,0.0
28976,0.0
28977,0.0
28978,0.0
28979,0.0
28980,0.0
28981,0.0
28982,0.0
28983,0.0
28984,0.0
28985,0.0
28986,0.0
28987,0.0
28988,0.0
28989,0.0
28990,0.06408795844258745
28991,0.09066421456705437
28992,0.04652615845898092
28993,0.04889752441704838
28994,0.0
28995,0.0
28996,0.0
28997,0.0
28998,0.11051907930908395
28999,0.07591600735988209
29000,0.0
29001,0.0
29002,0.0
29003,0.0
29004,0.0
29005,0.0
29006,0.0
29007,0.0
29008,0.0
29009,0.0
29010,0.0
29011,0.0
29012,0.0
29013,0.0
29014,0.0
29015,0.0
29016,0.15128705457631828
29017,0.026949461874028437
29018,0.0
29019,0.0
29020,0.0
29021,0.0
29022,0.1492818742157987
29023,0.07786103285249844
29024,0.0
29025,0.0
29026,0.0
29027,0.0
29028,0.0
29029,0.0
29030,0.0
29031,0.0
29032,0.0
29033,0.0
29034,0.0
29035,0.0
29036,0.0
29037,0.6766503575458717
29038,0.9226425592702937
29039,0.0
29040,0.0
29041,0.0
29042,0.0
29043,0.0
29044,0.0
29045,0.0
29046,0.0
29047,0.0
29048,0.0
29049,0.0
29050,0.0
29051,0.0
29052,0.0
29053,0.0
29054,0.0
29055,0.0
29056,0.0
29057,0.3528021892194279
29058,1.4433126713210813
29059,0.8108014426843874
29060,1.0657102846223292
29061,1.6049915875487932
29062,0.0
29063,0.0
29064,11.898165237553265
29065,0.0
29066,0.0
29067,0.0
29068,0.0
29069,0.0
29070,0.0
29071,0.0
29072,0.0
29073,0.0
29074,0.0
29075,0.0
29076,0.0
29077,0.0
29078,0.0
29079,0.826718683759644
29080,0.0
29081,0.0
29082,1.3099709707669691
29083,0.11113935327885902
29084,0.0
29085,1.0183469841624953
29086,1.5126149250805445
29087,0.0
29088,0.0
29089,0.08153975754150711
29090,0.0
29091,0.0
29092,0.0
29093,0.0
29094,0.0
29095,0.0
29096,0.0
29097,0.0
29098,0.0
29099,0.0
29100,1.088551217724931
29101,0.0
29102,0.0
29103,0.0
29104,0.0
29105,0.0
29106,0.0
29107,0.0
29108,0.0
29109,0.0
29110,0.0
29111,0.0
29112,0.0
29113,0.0
29114,0.0
29115,0.0
29116,0.0
29117,0.0
29118,1.8416671661253563
29119,2.402697141999691
29120,0.0
29121,0.0
29122,0.0
29123,0.0
29124,0.0
29125,0.0
29126,0.0
29127,0.0
29128,0.0
29129,0.0
29130,0.0
29131,0.0
29132,0.0
29133,0.0
29134,0.07411468828031856
29135,0.058714980901556066
29136,0.0
29137,0.0
29138,0.0
29139,0.0
29140,0.12254504614713495
29141,0.21554489753886652
29142,0.1363794173962467
29143,0.15316970717965844
29144,0.0
29145,0.0
29146,0.0
29147,0.0
29148,0.11595532360015236
29149,0.06191487991179246
29150,0.0
29151,0.0
29152,0.0
29153,0.0
29154,0.0
29155,0.06671523721785363
29156,0.0
29157,0.0
29158,0.015061981246269895
29159,0.0
29160,0.0
29161,0.0
29162,0.0
29163,0.0
29164,0.0
29165,0.0
29166,0.0
29167,0.0
29168,0.0
29169,0.0
29170,0.0
29171,0.0
29172,0.0
29173,0.0
29174,0.0
29175,0.0
29176,0.0
29177,0.0
29178,0.0
29179,0.0
29180,0.0
29181,0.0
29182,0.0
29183,0.0
29184,0.0
29185,0.0
29186,0.0
29187,0.14156516733475413
29188,0.4600598914159205
29189,0.0
29190,0.0
29191,0.0
29192,0.0
29193,0.0
29194,0.5963080607400434
29195,0.1168707984139936
29196,0.0
29197,0.0
29198,0.0
29199,0.0
29200,0.0
29201,0.0
29202,0.0
29203,0.0
29204,0.0
29205,0.0
29206,0.0
29207,0.0
29208,0.0
29209,0.0
29210,0.0
29211,0.0
29212,0.0
29213,0.0
29214,9.79345955095452
29215,0.0
29216,0.0
29217,0.0
29218,0.0
29219,0.0
29220,0.0
29221,0.0
29222,0.0
29223,0.0
29224,0.0
29225,0.0
29226,0.0
29227,0.0
29228,0.0
29229,1.3402235890952272
29230,0.0
29231,0.0
29232,1.113720356392389
29233,0.0
29234,0.0
29235,0.0
29236,0.0
29237,0.0
29238,0.01803405271686269
29239,0.5894032337145405
29240,0.24253194352192767
29241,0.0
29242,0.0
29243,0.0
29244,0.0
29245,0.04521238568959637
29246,0.32205635424918516
29247,0.32693826839256296
29248,0.0
29249,0.12373984325641411
29250,1.9766146670161986
29251,0.0
29252,0.0
29253,0.0
29254,0.0
29255,0.0
29256,0.0
29257,0.0
29258,0.0
29259,0.0
29260,0.0
29261,0.0
29262,0.0
29263,0.0
29264,0.0
29265,0.0
29266,0.0
29267,0.0
29268,0.0
29269,0.0
29270,0.0
29271,0.0
29272,0.0
29273,0.0
29274,0.0
29275,0.0
29276,0.0
29277,0.0
29278,0.0
29279,0.0
29280,0.0
29281,0.0
29282,0.0
29283,0.0
29284,0.0
29285,0.0
29286,0.0
29287,0.0
29288,0.0
29289,0.0
29290,0.0
29291,0.0
29292,0.0
29293,0.0
29294,0.0
29295,0.0
29296,0.0
29297,0.0
29298,0.0
29299,0.0
29300,0.0
29301,0.0
29302,0.0
29303,0.0
29304,0.0
29305,0.0
29306,0.0
29307,0.0
29308,0.0
29309,0.0
29310,0.0
29311,0.0
29312,0.0
29313,0.0
29314,0.0
29315,0.0
29316,0.0
29317,0.0
29318,0.0
29319,0.0
29320,0.0
29321,0.0
29322,0.0
29323,0.0
29324,0.0
29325,0.0
29326,0.0
29327,0.0
29328,0.0
29329,0.0
29330,0.0
29331,0.0
29332,0.0
29333,0.0
29334,0.0
29335,0.0
29336,0.0
29337,0.0
29338,0.0
29339,0.0
29340,0.0
29341,0.0
29342,0.0
29343,0.0
29344,0.0
29345,0.0
29346,0.0
29347,0.0
29348,0.0
29349,0.0
29350,0.0
29351,0.0
29352,0.0
29353,0.0
29354,0.0
29355,0.0
29356,0.0
29357,0.0
29358,0.0
29359,0.0
29360,0.0
29361,0.0
29362,0.0
29363,0.0
29364,0.0
29365,0.0
29366,0.0
29367,0.0
29368,0.0
29369,0.0
29370,0.0
29371,0.0
29372,0.0
29373,0.0
29374,0.0
29375,0.0
29376,0.0
29377,0.0
29378,0.0
29379,0.0
29380,0.0
29381,0.0
29382,0.0
29383,0.0
29384,0.0
29385,0.0
29386,0.0
29387,0.0
29388,0.0
29389,0.0
29390,0.0
29391,0.0
29392,0.0
29393,0.0
29394,0.0
29395,0.0
29396,0.0
29397,0.0
29398,0.0
29399,0.0
29400,0.0
29401,0.0
29402,0.0
29403,0.0
29404,0.0
29405,0.0
29406,0.0
29407,0.0
29408,0.0
29409,0.0
29410,0.0
29411,0.0
29412,0.0
29413,0.0
29414,0.0
29415,0.0
29416,0.0
29417,0.0
29418,0.0
29419,0.0
29420,0.0
29421,0.0
29422,0.0
29423,0.0
29424,0.0
29425,0.0
29426,0.0
29427,0.0
29428,0.0
29429,0.0
29430,0.0
29431,0.0
29432,0.0
29433,0.0
29434,0.0
29435,0.0
29436,0.0
29437,0.0
29438,0.0
29439,0.0
29440,0.0
29441,0.0
29442,0.0
29443,0.0
29444,0.0
29445,0.0
29446,0.0
29447,0.0
29448,0.0
29449,0.0
29450,0.0
29451,0.0
29452,0.0
29453,0.0
29454,0.0
29455,0.0
29456,0.0
29457,0.0
29458,0.0
29459,0.0
29460,0.0
29461,0.0
29462,0.0
29463,0.0
29464,0.0
29465,0.0
29466,0.0
29467,0.0
29468,0.0
29469,0.0
29470,0.0
29471,0.0
29472,0.0
29473,0.0
29474,0.0
29475,0.0
29476,0.0
29477,0.0
29478,0.0
29479,0.0
29480,0.0
29481,0.0
29482,0.0
29483,0.0
29484,0.0
29485,0.0
29486,0.0
29487,0.0
29488,0.0
29489,0.0
29490,0.0
29491,0.0
29492,0.0
29493,0.0
29494,0.0
29495,0.0
29496,0.0
29497,0.0
29498,0.0
29499,0.0
29500,0.0
29501,0.0
29502,0.0
29503,0.0
29504,0.0
29505,0.0
29506,0.0
29507,0.0
29508,0.0
29509,0.0
29510,0.0
29511,0.0
29512,0.0
29513,0.0
29514,0.0
29515,0.0
29516,0.0
29517,0.0
29518,0.0
29519,0.0
29520,0.0
29521,0.0
29522,0.0
29523,0.0
29524,0.0
29525,0.0
29526,0.0
29527,0.0
29528,0.0
29529,0.0
29530,0.0
29531,0.0
29532,0.0
29533,0.0
29534,0.0
29535,0.0
29536,0.0
29537,0.0
29538,0.0
29539,0.0
29540,0.0
29541,0.0
29542,0.0
29543,0.0
29544,0.0
29545,0.0
29546,0.0
29547,0.0
29548,0.0
29549,0.0
29550,0.0
29551,0.0
29552,0.0
29553,0.0
29554,0.0
29555,0.0
29556,0.0
29557,0.0
29558,0.0
29559,0.0
29560,0.0
29561,0.0
29562,0.0
29563,0.0
29564,0.0
29565,0.0
29566,0.0
29567,0.0
29568,0.0
29569,0.0
29570,0.0
29571,0.0
29572,0.0
29573,0.0
29574,0.0
29575,0.0
29576,0.0
29577,0.0
29578,0.0
29579,0.0
29580,0.0
29581,0.0
29582,0.0
29583,0.0
29584,0.0
29585,0.0
29586,0.0
29587,0.0
29588,0.0
29589,0.0
29590,0.0
29591,0.0
29592,0.0
29593,0.0
29594,0.0
29595,0.0
29596,0.0
29597,0.0
29598,0.0
29599,0.0
29600,0.0
29601,0.0
29602,0.0
29603,0.0
29604,0.0
29605,0.0
29606,0.0
29607,0.0
29608,0.0
29609,0.0
29610,0.0
29611,0.0
29612,0.0
29613,0.0
29614,0.0
29615,0.0
29616,0.0
29617,0.0
29618,0.0
29619,0.0
29620,0.0
29621,0.0
29622,0.0
29623,0.0
29624,0.0
29625,0.0
29626,0.0
29627,0.0
29628,0.0
29629,0.0
29630,0.0
29631,0.0
29632,0.0
29633,0.0
29634,0.0
29635,0.0
29636,0.0
29637,0.0
29638,0.0
29639,0.0
29640,0.0
29641,0.0
29642,0.0
29643,0.0
29644,0.0
29645,0.0
29646,0.0
29647,0.0
29648,0.0
29649,0.0
29650,0.0
29651,0.0
29652,0.0
29653,0.0
29654,0.0
29655,0.0
29656,0.0
29657,0.0
29658,0.0
29659,0.0
29660,0.0
29661,0.0
29662,0.0
29663,0.0
29664,0.0
29665,0.0
29666,0.0
29667,0.0
29668,0.0
29669,0.0
29670,0.0
29671,0.0
29672,0.0
29673,0.0
29674,0.0
29675,0.0
29676,0.0
29677,0.0
29678,0.0
29679,0.0
29680,0.0
29681,0.0
29682,0.0
29683,0.0
29684,0.0
29685,0.0
29686,0.0
29687,0.0
29688,0.0
29689,0.0
29690,0.0
29691,0.0
29692,0.0
29693,0.0
29694,0.0
29695,0.0
29696,0.0
29697,0.0
29698,0.0
29699,0.0
29700,0.0
29701,0.0
29702,0.0
29703,0.0
29704,0.0
29705,0.0
29706,0.0
29707,0.0
29708,0.0
29709,0.0
29710,0.0
29711,0.0
29712,0.0
29713,0.0
29714,0.0
29715,0.0
29716,0.0
29717,0.0
29718,0.0
29719,0.0
29720,0.0
29721,0.0
29722,0.0
29723,0.0
29724,0.0
29725,0.0
29726,0.0
29727,0.0
29728,0.0
29729,0.0
29730,0.0
29731,0.0
29732,0.0
29733,0.0
29734,0.0
29735,0.0
29736,0.0
29737,0.0
29738,0.0
29739,0.0
29740,0.0
29741,0.0
29742,0.0
29743,0.0
29744,0.0
29745,0.0
29746,0.0
29747,0.0
29748,0.0
29749,0.0
29750,0.0
29751,0.0
29752,0.0
29753,0.0
29754,0.0
29755,0.0
29756,0.0
29757,0.0
29758,0.0
29759,0.0
29760,0.0
29761,0.0
29762,0.0
29763,0.0
29764,0.0
29765,0.0
29766,0.0
29767,0.0
29768,0.0
29769,0.0
29770,0.0
29771,0.0
29772,0.0
29773,0.0
29774,0.0
29775,0.0
29776,0.0
29777,0.0
29778,0.0
29779,0.0
29780,0.0
29781,0.0
29782,0.0
29783,0.0
29784,0.0
29785,0.0
29786,0.0
29787,0.0
29788,0.0
29789,0.0
29790,0.0
29791,0.0
29792,0.0
29793,0.0
29794,0.0
29795,0.0
29796,0.0
29797,0.0
29798,0.0
29799,0.0
29800,0.0
29801,0.0
29802,0.0
29803,0.0
29804,0.0
29805,0.0
29806,0.0
29807,0.0
29808,0.0
29809,0.0
29810,0.0
29811,0.0
29812,0.0
29813,0.0
29814,0.0
29815,0.0
29816,0.0
29817,0.0
29818,0.0
29819,0.0
29820,0.0
29821,0.0
29822,0.0
29823,0.0
29824,0.0
29825,0.0
29826,0.0
29827,0.0
29828,0.0
29829,0.0
29830,0.0
29831,0.0
29832,0.0
29833,0.0
29834,0.0
29835,0.0
29836,0.0
29837,0.0
29838,0.0
29839,0.0
29840,0.0
29841,0.0
29842,0.0
29843,0.0
29844,0.0
29845,0.0
29846,0.0
29847,0.0
29848,0.0
29849,0.0
29850,0.0
29851,0.0
29852,0.0
29853,0.0
29854,0.0
29855,0.0
29856,0.0
29857,0.0
29858,0.0
29859,0.0
29860,0.0
29861,0.0
29862,0.0
29863,0.0
29864,0.0
29865,0.0
29866,0.0
29867,0.0
29868,0.0
29869,0.0
29870,0.0
29871,0.0
29872,0.0
29873,0.0
29874,0.0
29875,0.0
29876,0.0
29877,0.0
29878,0.0
29879,0.0
29880,0.0
29881,0.0
29882,0.0
29883,0.0
29884,0.0
29885,0.0
29886,0.0
29887,0.0
29888,0.0
29889,0.0
29890,0.0
29891,0.0
29892,0.0
29893,0.0
29894,0.0
29895,0.0
29896,0.0
29897,0.0
29898,0.0
29899,0.0
29900,0.0
29901,0.0
29902,0.0
29903,0.0
29904,0.0
29905,0.0
29906,0.0
29907,0.0
29908,0.0
29909,0.0
29910,0.0
29911,0.0
29912,0.0
29913,0.0
29914,0.0
29915,0.0
29916,0.0
29917,0.0
29918,0.0
29919,0.0
29920,0.0
29921,0.0
29922,0.0
29923,0.0
29924,0.0
29925,0.0
29926,0.0
29927,0.0
29928,0.0
29929,0.0
29930,0.0
29931,0.0
29932,0.0
29933,0.0
29934,0.0
29935,0.0
29936,0.0
29937,0.0
29938,0.0
29939,0.0
29940,0.0
29941,0.0
29942,0.0
29943,0.0
29944,0.0
29945,0.0
29946,0.0
29947,0.0
29948,0.0
29949,0.0
29950,0.0
29951,0.0
29952,0.0
29953,0.0
29954,0.0
29955,0.0
29956,0.0
29957,0.0
29958,0.0
29959,0.0
29960,0.0
29961,0.0
29962,0.0
29963,0.0
29964,0.0
29965,0.0
29966,0.0
29967,0.0
29968,0.0
29969,0.0
29970,0.0
29971,0.0
29972,0.0
29973,0.0
29974,0.0
29975,0.0
29976,0.0
29977,0.0
29978,0.0
29979,0.0
29980,0.0
29981,0.0
29982,0.0
29983,0.0
29984,0.0
29985,0.0
29986,0.0
29987,0.0
29988,0.0
29989,0.0
29990,0.0
29991,0.0
29992,0.0
29993,0.0
29994,0.0
29995,0.0
29996,0.0
29997,0.0
29998,0.0
29999,0.0
30000,0.0
30001,0.0
30002,0.0
30003,0.0
30004,0.0
30005,0.0
30006,0.0
30007,0.0
30008,0.0
30009,0.0
30010,0.0
30011,0.0
30012,0.0
30013,0.0
30014,0.0
30015,0.0
30016,0.0
30017,0.0
30018,0.0
30019,0.0
30020,0.0
30021,0.0
30022,0.0
30023,0.0
30024,0.0
30025,0.0
30026,0.0
30027,0.0
30028,0.0
30029,0.0
30030,0.0
30031,0.0
30032,0.0
30033,0.0
30034,0.0
30035,0.0
30036,0.0
30037,0.0
30038,0.0
30039,0.0
30040,0.0
30041,0.0
30042,0.0
30043,0.0
30044,0.0
30045,0.0
30046,0.0
30047,0.0
30048,0.0
30049,0.0
30050,0.0
30051,0.0
30052,0.0
30053,0.0
30054,0.0
30055,0.0
30056,0.0
30057,0.0
30058,0.0
30059,0.0
30060,0.0
30061,0.0
30062,0.0
30063,0.0
30064,0.0
30065,0.0
30066,0.0
30067,0.0
30068,0.0
30069,0.0
30070,0.0
30071,0.0
30072,0.0
30073,0.0
30074,0.0
30075,0.0
30076,0.0
30077,0.0
30078,0.0
30079,0.0
30080,0.0
30081,0.0
30082,0.0
30083,0.0
30084,0.0
30085,0.0
30086,0.0
30087,0.0
30088,0.0
30089,0.0
30090,0.0
30091,0.0
30092,0.0
30093,0.0
30094,0.0
30095,0.0
30096,0.0
30097,0.0
30098,0.0
30099,0.0
30100,0.0
30101,0.0
30102,0.0
30103,0.0
30104,0.0
30105,0.0
30106,0.0
30107,0.0
30108,0.0
30109,0.0
30110,0.0
30111,0.0
30112,0.0
30113,0.0
30114,0.0
30115,0.0
30116,0.0
30117,0.0
30118,0.0
30119,0.0
30120,0.0
30121,0.0
30122,0.0
30123,0.0
30124,0.0
30125,0.0
30126,0.0
30127,0.0
30128,0.0
30129,0.0
30130,0.0
30131,0.0
30132,0.0
30133,0.0
30134,0.0
30135,0.0
30136,0.0
30137,0.0
30138,0.0
30139,0.0
30140,0.0
30141,0.0
30142,0.0
30143,0.0
30144,0.0
30145,0.0
30146,0.0
30147,0.0
30148,0.0
30149,0.0
30150,0.0
30151,0.0
30152,0.0
30153,0.0
30154,0.0
30155,0.0
30156,0.0
30157,0.0
30158,0.0
30159,0.0
30160,0.0
30161,0.0
30162,0.0
30163,0.0
30164,0.0
30165,0.0
30166,0.0
30167,0.0
30168,0.0
30169,0.0
30170,0.0
30171,0.0
30172,0.0
30173,0.0
30174,0.0
30175,0.0
30176,0.0
30177,0.0
30178,0.0
30179,0.0
30180,0.0
30181,0.0
30182,0.0
30183,0.0
30184,0.0
30185,0.0
30186,0.0
30187,0.0
30188,0.0
30189,0.0
30190,0.0
30191,0.0
30192,0.0
30193,0.0
30194,0.0
30195,0.0
30196,0.0
30197,0.0
30198,0.0
30199,0.0
30200,0.0
30201,0.0
30202,0.0
30203,0.0
30204,0.0
30205,0.0
30206,0.0
30207,0.0
30208,0.0
30209,0.0
30210,0.0
30211,0.0
30212,0.0
30213,0.0
30214,0.0
30215,0.0
30216,0.0
30217,0.0
30218,0.0
30219,0.0
30220,0.0
30221,0.0
30222,0.0
30223,0.0
30224,0.0
30225,0.0
30226,0.0
30227,0.0
30228,0.0
30229,0.0
30230,0.0
30231,0.0
30232,0.0
30233,0.0
30234,0.0
30235,0.0
30236,0.0
30237,0.0
30238,0.0
30239,0.0
30240,0.0
30241,0.0
30242,0.0
30243,0.0
30244,0.0
30245,0.0
30246,0.0
30247,0.0
30248,0.0
30249,0.0
30250,0.0
30251,0.0
30252,0.0
30253,0.0
30254,0.0
30255,0.0
30256,0.0
30257,0.0
30258,0.0
30259,0.0
30260,0.0
30261,0.0
30262,0.0
30263,0.0
30264,0.0
30265,0.0
30266,0.0
30267,0.0
30268,0.0
30269,0.0
30270,0.0
30271,0.0
30272,0.0
30273,0.0
30274,0.0
30275,0.0
30276,0.0
30277,0.0
30278,0.0
30279,0.0
30280,0.0
30281,0.0
30282,0.0
30283,0.0
30284,0.0
30285,0.0
30286,0.0
30287,0.0
30288,0.0
30289,0.0
30290,0.0
30291,0.0
30292,0.0
30293,0.0
30294,0.0
30295,0.0
30296,0.0
30297,0.0
30298,0.0
30299,0.0
30300,0.0
30301,0.0
30302,0.0
30303,0.0
30304,0.0
30305,0.0
30306,0.0
30307,0.0
30308,0.0
30309,0.0
30310,0.0
30311,0.0
30312,0.0
30313,0.0
30314,0.0
30315,0.0
30316,0.0
30317,0.0
30318,0.0
30319,0.0
30320,0.0
30321,0.0
30322,0.0
30323,0.0
30324,0.0
30325,0.0
30326,0.0
30327,0.0
30328,0.0
30329,0.0
30330,0.0
30331,0.0
30332,0.0
30333,0.0
30334,0.0
30335,0.0
30336,0.0
30337,0.0
30338,0.0
30339,0.0
30340,0.0
30341,0.0
30342,0.0
30343,0.0
30344,0.0
30345,0.0
30346,0.0
30347,0.0
30348,0.0
30349,0.0
30350,0.0
30351,0.0
30352,0.0
30353,0.0
30354,0.0
30355,0.0
30356,0.0
30357,0.0
30358,0.0
30359,0.0
30360,0.0
30361,0.0
30362,0.0
30363,0.0
30364,0.0
30365,0.0
30366,0.0
30367,0.0
30368,0.0
30369,0.0
30370,0.0
30371,0.0
30372,0.0
30373,0.0
30374,0.0
30375,0.0
30376,0.0
30377,0.0
30378,0.0
30379,0.0
30380,0.0
30381,0.0
30382,0.0
30383,0.0
30384,0.0
30385,0.0
30386,0.0
30387,0.0
30388,0.0
30389,0.0
30390,0.0
30391,0.0
30392,0.0
30393,0.0
30394,0.0
30395,0.0
30396,0.0
30397,0.0
30398,0.0
30399,0.0
30400,0.0
30401,0.0
30402,0.0
30403,0.0
30404,0.0
30405,0.0
30406,0.0
30407,0.0
30408,0.0
30409,0.0
30410,0.0
30411,0.0
30412,0.0
30413,0.0
30414,0.0
30415,0.0
30416,0.0
30417,0.0
30418,0.0
30419,0.0
30420,0.0
30421,0.0
30422,0.0
30423,0.0
30424,0.0
30425,0.0
30426,0.0
30427,0.0
30428,0.0
30429,0.0
30430,0.0
30431,0.0
30432,0.0
30433,0.0
30434,0.0
30435,0.0
30436,0.0
30437,0.0
30438,0.0
30439,0.0
30440,0.0
30441,0.0
30442,0.0
30443,0.0
30444,0.0
30445,0.0
30446,0.0
30447,0.0
30448,0.0
30449,0.0
30450,0.0
