ID,predicted_weight
1,0.0
2,0.0
3,0.0
4,0.0
5,0.0
6,0.0
7,0.0
8,0.0
9,0.0
10,0.0
11,0.0
12,0.0
13,0.0
14,0.0
15,0.0
16,0.0
17,0.0
18,0.0
19,0.0
20,0.0
21,0.0
22,0.0
23,0.0
24,0.0
25,0.0
26,0.0
27,0.0
28,0.0
29,0.0
30,0.0
31,0.0
32,0.0
33,0.0
34,0.0
35,0.0
36,0.0
37,0.0
38,0.0
39,0.0
40,0.0
41,0.0
42,0.0
43,0.0
44,0.0
45,0.0
46,0.0
47,0.0
48,0.0
49,0.0
50,0.0
51,0.0
52,0.0
53,0.0
54,0.0
55,0.0
56,0.0
57,0.0
58,0.0
59,0.0
60,0.0
61,0.0
62,0.0
63,0.0
64,0.0
65,0.0
66,0.0
67,0.0
68,0.0
69,0.0
70,0.0
71,0.0
72,0.0
73,0.0
74,0.0
75,0.0
76,0.0
77,0.0
78,0.0
79,0.0
80,0.0
81,0.0
82,0.0
83,0.0
84,0.0
85,0.0
86,0.0
87,0.0
88,0.0
89,0.0
90,0.0
91,0.0
92,0.0
93,0.0
94,0.0
95,0.0
96,0.0
97,0.0
98,0.0
99,0.0
100,0.0
101,0.0
102,0.0
103,0.0
104,0.0
105,0.0
106,0.0
107,0.0
108,0.0
109,0.0
110,0.0
111,0.0
112,0.0
113,0.0
114,0.0
115,0.0
116,0.0
117,0.0
118,0.0
119,0.0
120,0.0
121,0.0
122,0.0
123,0.0
124,0.0
125,0.0
126,0.0
127,0.0
128,0.0
129,0.0
130,0.0
131,0.0
132,0.0
133,0.0
134,0.0
135,0.0
136,0.0
137,0.0
138,0.0
139,0.0
140,0.0
141,0.0
142,0.0
143,0.0
144,0.0
145,0.0
146,0.0
147,0.0
148,0.0
149,0.0
150,0.0
151,0.0
152,0.0
153,0.0
154,0.0
155,0.0
156,0.0
157,0.0
158,0.0
159,0.0
160,0.0
161,0.0
162,0.0
163,0.0
164,0.0
165,0.0
166,0.0
167,0.0
168,0.0
169,0.0
170,0.0
171,0.0
172,0.0
173,0.0
174,0.0
175,0.0
176,0.0
177,0.0
178,0.0
179,0.0
180,0.0
181,0.0
182,0.0
183,0.0
184,0.0
185,0.0
186,0.0
187,0.0
188,0.0
189,0.0
190,0.0
191,0.0
192,0.0
193,0.0
194,0.0
195,0.0
196,0.0
197,0.0
198,0.0
199,0.0
200,0.0
201,0.0
202,0.0
203,0.0
204,0.0
205,0.0
206,0.0
207,0.0
208,0.0
209,0.0
210,0.0
211,0.0
212,0.0
213,0.0
214,0.0
215,0.0
216,0.0
217,0.0
218,0.0
219,0.0
220,0.0
221,0.0
222,0.0
223,0.0
224,0.0
225,0.0
226,0.0
227,0.0
228,0.0
229,0.0
230,0.0
231,0.0
232,0.0
233,0.0
234,0.0
235,0.0
236,0.0
237,0.0
238,0.0
239,0.0
240,0.0
241,0.0
242,0.0
243,0.0
244,0.0
245,0.0
246,0.0
247,0.0
248,0.0
249,0.0
250,0.0
251,0.0
252,0.0
253,0.0
254,0.0
255,0.0
256,0.0
257,0.0
258,0.0
259,0.0
260,0.0
261,0.0
262,0.0
263,0.0
264,0.0
265,0.0
266,0.0
267,0.0
268,0.0
269,0.0
270,0.0
271,0.0
272,0.0
273,0.0
274,0.0
275,0.0
276,0.0
277,0.0
278,0.0
279,0.0
280,0.0
281,0.0
282,0.0
283,0.0
284,0.0
285,0.0
286,0.0
287,0.0
288,0.0
289,0.0
290,0.0
291,0.0
292,0.0
293,0.0
294,0.0
295,0.0
296,0.0
297,0.0
298,0.0
299,0.0
300,0.0
301,0.0
302,0.0
303,0.0
304,0.0
305,0.0
306,0.0
307,0.0
308,0.0
309,0.0
310,0.0
311,0.0
312,0.0
313,0.0
314,0.0
315,0.0
316,0.0
317,0.0
318,0.0
319,0.0
320,0.0
321,0.0
322,0.0
323,0.0
324,0.0
325,0.0
326,0.0
327,0.0
328,0.0
329,0.0
330,0.0
331,0.0
332,0.0
333,0.0
334,0.0
335,0.0
336,0.0
337,0.0
338,0.0
339,0.0
340,0.0
341,0.0
342,0.0
343,0.0
344,0.0
345,0.0
346,0.0
347,0.0
348,0.0
349,0.0
350,0.0
351,0.0
352,0.0
353,0.0
354,0.0
355,0.0
356,0.0
357,0.0
358,0.0
359,0.0
360,0.0
361,0.0
362,0.0
363,0.0
364,0.0
365,0.0
366,0.0
367,0.0
368,0.0
369,0.0
370,0.0
371,0.0
372,0.0
373,0.0
374,0.0
375,0.0
376,0.0
377,0.0
378,0.0
379,0.0
380,0.0
381,0.0
382,0.0
383,0.0
384,0.0
385,0.0
386,0.0
387,0.0
388,0.0
389,0.0
390,0.0
391,0.0
392,0.0
393,0.0
394,0.0
395,0.0
396,0.0
397,0.0
398,0.0
399,0.0
400,0.0
401,0.0
402,0.0
403,0.0
404,0.0
405,0.0
406,0.0
407,0.0
408,0.0
409,0.0
410,0.0
411,0.0
412,0.0
413,0.0
414,0.0
415,0.0
416,0.0
417,0.0
418,0.0
419,0.0
420,0.0
421,0.0
422,0.0
423,0.0
424,0.0
425,0.0
426,0.0
427,0.0
428,0.0
429,0.0
430,0.0
431,0.0
432,0.0
433,0.0
434,0.0
435,0.0
436,0.0
437,0.0
438,0.0
439,0.0
440,0.0
441,0.0
442,0.0
443,0.0
444,0.0
445,0.0
446,0.0
447,0.0
448,0.0
449,0.0
450,0.0
451,0.0
452,0.0
453,0.0
454,0.0
455,0.0
456,0.0
457,0.0
458,0.0
459,0.0
460,0.0
461,0.0
462,0.0
463,0.0
464,0.0
465,0.0
466,0.0
467,0.0
468,0.0
469,0.0
470,0.0
471,0.0
472,0.0
473,0.0
474,0.0
475,0.0
476,0.0
477,0.0
478,0.0
479,0.0
480,0.0
481,0.0
482,0.0
483,0.0
484,0.0
485,0.0
486,0.0
487,0.0
488,0.0
489,0.0
490,0.0
491,0.0
492,0.0
493,0.0
494,0.0
495,0.0
496,0.0
497,0.0
498,0.0
499,0.0
500,0.0
501,0.0
502,0.0
503,0.0
504,0.0
505,0.0
506,0.0
507,0.0
508,0.0
509,0.0
510,0.0
511,0.0
512,0.0
513,0.0
514,0.0
515,0.0
516,0.0
517,0.0
518,0.0
519,0.0
520,0.0
521,0.0
522,0.0
523,0.0
524,0.0
525,0.0
526,0.0
527,0.0
528,0.0
529,0.0
530,0.0
531,0.0
532,0.0
533,0.0
534,0.0
535,0.0
536,0.0
537,0.0
538,0.0
539,0.0
540,0.0
541,0.0
542,0.0
543,0.0
544,0.0
545,0.0
546,0.0
547,0.0
548,0.0
549,0.0
550,0.0
551,0.0
552,0.0
553,0.0
554,0.0
555,0.0
556,0.0
557,0.0
558,0.0
559,0.0
560,0.0
561,0.0
562,0.0
563,0.0
564,0.0
565,0.0
566,0.0
567,0.0
568,0.0
569,0.0
570,0.0
571,0.0
572,0.0
573,0.0
574,0.0
575,0.0
576,0.0
577,0.0
578,0.0
579,0.0
580,0.0
581,0.0
582,0.0
583,0.0
584,0.0
585,0.0
586,0.0
587,0.0
588,0.0
589,0.0
590,0.0
591,0.0
592,0.0
593,0.0
594,0.0
595,0.0
596,0.0
597,0.0
598,0.0
599,0.0
600,0.0
601,0.0
602,0.0
603,0.0
604,0.0
605,0.0
606,0.0
607,0.0
608,0.0
609,0.0
610,0.0
611,0.0
612,0.0
613,0.0
614,0.0
615,0.0
616,0.0
617,0.0
618,0.0
619,0.0
620,0.0
621,0.0
622,0.0
623,0.0
624,0.0
625,0.0
626,0.0
627,0.0
628,0.0
629,0.0
630,0.0
631,0.0
632,0.0
633,0.0
634,0.0
635,0.0
636,0.0
637,0.0
638,0.0
639,0.0
640,0.0
641,0.0
642,0.0
643,0.0
644,0.0
645,0.0
646,0.0
647,0.0
648,0.0
649,0.0
650,0.0
651,0.0
652,0.0
653,0.0
654,0.0
655,0.0
656,0.0
657,0.0
658,0.0
659,0.0
660,0.0
661,0.0
662,0.0
663,0.0
664,0.0
665,0.0
666,0.0
667,0.0
668,0.0
669,0.0
670,0.0
671,0.0
672,0.0
673,0.0
674,0.0
675,0.0
676,0.0
677,0.0
678,0.0
679,0.0
680,0.0
681,0.0
682,0.0
683,0.0
684,0.0
685,0.0
686,0.0
687,0.0
688,0.0
689,0.0
690,0.0
691,0.0
692,0.0
693,0.0
694,0.0
695,0.0
696,0.0
697,0.0
698,0.0
699,0.0
700,0.0
701,0.0
702,0.0
703,0.0
704,0.0
705,0.0
706,0.0
707,0.0
708,0.0
709,0.0
710,0.0
711,0.0
712,0.0
713,0.0
714,0.0
715,0.0
716,0.0
717,0.0
718,0.0
719,0.0
720,0.0
721,0.0
722,0.0
723,0.0
724,0.0
725,0.0
726,0.0
727,0.0
728,0.0
729,0.0
730,0.0
731,0.0
732,0.0
733,0.0
734,0.0
735,0.0
736,0.0
737,0.0
738,0.0
739,0.0
740,0.0
741,0.0
742,0.0
743,0.0
744,0.0
745,0.0
746,0.0
747,0.0
748,0.0
749,0.0
750,0.0
751,0.0
752,0.0
753,0.0
754,0.0
755,0.0
756,0.0
757,0.0
758,0.0
759,0.0
760,0.0
761,0.0
762,0.0
763,0.0
764,0.0
765,0.0
766,0.0
767,0.0
768,0.0
769,0.0
770,0.0
771,0.0
772,0.0
773,0.0
774,0.0
775,0.0
776,0.0
777,0.0
778,0.0
779,0.0
780,0.0
781,0.0
782,0.0
783,0.0
784,0.0
785,0.0
786,0.0
787,0.0
788,0.0
789,0.0
790,0.0
791,0.0
792,0.0
793,0.0
794,0.0
795,0.0
796,0.0
797,0.0
798,0.0
799,0.0
800,0.0
801,0.0
802,0.0
803,0.0
804,0.0
805,0.0
806,0.0
807,0.0
808,0.0
809,0.0
810,0.0
811,0.0
812,0.0
813,0.0
814,0.0
815,0.0
816,0.0
817,0.0
818,0.0
819,0.0
820,0.0
821,0.0
822,0.0
823,0.0
824,0.0
825,0.0
826,0.0
827,0.0
828,0.0
829,0.0
830,0.0
831,0.0
832,0.0
833,0.0
834,0.0
835,0.0
836,0.0
837,0.0
838,0.0
839,0.0
840,0.0
841,0.0
842,0.0
843,0.0
844,0.0
845,0.0
846,0.0
847,0.0
848,0.0
849,0.0
850,0.0
851,0.0
852,0.0
853,0.0
854,0.0
855,0.0
856,0.0
857,0.0
858,0.0
859,0.0
860,0.0
861,0.0
862,0.0
863,0.0
864,0.0
865,0.0
866,0.0
867,0.0
868,0.0
869,0.0
870,0.0
871,0.0
872,0.0
873,0.0
874,0.0
875,0.0
876,0.0
877,0.0
878,0.0
879,0.0
880,0.0
881,0.0
882,0.0
883,0.0
884,0.0
885,0.0
886,0.0
887,0.0
888,0.0
889,0.0
890,0.0
891,0.0
892,0.0
893,0.0
894,0.0
895,0.0
896,0.0
897,0.0
898,0.0
899,0.0
900,0.0
901,0.0
902,0.0
903,0.0
904,0.0
905,0.0
906,0.0
907,0.0
908,0.0
909,0.0
910,0.0
911,0.0
912,0.0
913,0.0
914,0.0
915,0.0
916,0.0
917,0.0
918,0.0
919,0.0
920,0.0
921,0.0
922,0.0
923,0.0
924,0.0
925,0.0
926,0.0
927,0.0
928,0.0
929,0.0
930,0.0
931,0.0
932,0.0
933,0.0
934,0.0
935,0.0
936,0.0
937,0.0
938,0.0
939,0.0
940,0.0
941,0.0
942,0.0
943,0.0
944,0.0
945,0.0
946,0.0
947,0.0
948,0.0
949,0.0
950,0.0
951,0.0
952,0.0
953,0.0
954,0.0
955,0.0
956,0.0
957,0.0
958,0.0
959,0.0
960,0.0
961,0.0
962,0.0
963,0.0
964,0.0
965,0.0
966,0.0
967,0.0
968,0.0
969,0.0
970,0.0
971,0.0
972,0.0
973,0.0
974,0.0
975,0.0
976,0.0
977,0.0
978,0.0
979,0.0
980,0.0
981,0.0
982,0.0
983,0.0
984,0.0
985,0.0
986,0.0
987,0.0
988,0.0
989,0.0
990,0.0
991,0.0
992,0.0
993,0.0
994,0.0
995,0.0
996,0.0
997,0.0
998,0.0
999,0.0
1000,0.0
1001,0.0
1002,0.0
1003,0.0
1004,0.0
1005,0.0
1006,0.0
1007,0.0
1008,0.0
1009,0.0
1010,0.0
1011,0.0
1012,0.0
1013,0.0
1014,0.0
1015,0.0
1016,0.0
1017,0.0
1018,0.0
1019,0.0
1020,0.0
1021,0.0
1022,0.0
1023,0.0
1024,0.0
1025,0.0
1026,0.0
1027,0.0
1028,0.0
1029,0.0
1030,0.0
1031,0.0
1032,0.0
1033,0.0
1034,0.0
1035,0.0
1036,0.0
1037,0.0
1038,0.0
1039,0.0
1040,0.0
1041,0.0
1042,0.0
1043,0.0
1044,0.0
1045,0.0
1046,0.0
1047,0.0
1048,0.0
1049,0.0
1050,0.0
1051,0.0
1052,0.0
1053,0.0
1054,0.0
1055,0.0
1056,0.0
1057,0.0
1058,0.0
1059,0.0
1060,0.0
1061,0.0
1062,0.0
1063,0.0
1064,0.0
1065,0.0
1066,0.0
1067,0.0
1068,0.0
1069,0.0
1070,0.0
1071,0.0
1072,0.0
1073,0.0
1074,0.0
1075,0.0
1076,0.0
1077,0.0
1078,0.0
1079,0.0
1080,0.0
1081,0.0
1082,0.0
1083,0.0
1084,0.0
1085,0.0
1086,0.0
1087,0.0
1088,0.0
1089,0.0
1090,0.0
1091,0.0
1092,0.0
1093,0.0
1094,0.0
1095,0.0
1096,0.0
1097,0.0
1098,0.0
1099,0.0
1100,0.0
1101,0.0
1102,0.0
1103,0.0
1104,0.0
1105,0.0
1106,0.0
1107,0.0
1108,0.0
1109,0.0
1110,0.0
1111,0.0
1112,0.0
1113,0.0
1114,0.0
1115,0.0
1116,0.0
1117,0.0
1118,0.0
1119,0.0
1120,0.0
1121,0.0
1122,0.0
1123,0.0
1124,0.0
1125,0.0
1126,0.0
1127,0.0
1128,0.0
1129,0.0
1130,0.0
1131,0.0
1132,0.0
1133,0.0
1134,0.0
1135,0.0
1136,0.0
1137,0.0
1138,0.0
1139,0.0
1140,0.0
1141,0.0
1142,0.0
1143,0.0
1144,0.0
1145,0.0
1146,0.0
1147,0.0
1148,0.0
1149,0.0
1150,0.0
1151,0.0
1152,0.0
1153,0.0
1154,0.0
1155,0.0
1156,0.0
1157,0.0
1158,0.0
1159,0.0
1160,0.0
1161,0.0
1162,0.0
1163,0.0
1164,0.0
1165,0.0
1166,0.0
1167,0.0
1168,0.0
1169,0.0
1170,0.0
1171,0.0
1172,0.0
1173,0.0
1174,0.0
1175,0.0
1176,0.0
1177,0.0
1178,0.0
1179,0.0
1180,0.0
1181,0.0
1182,0.0
1183,0.0
1184,0.0
1185,0.0
1186,0.0
1187,0.0
1188,0.0
1189,0.0
1190,0.0
1191,0.0
1192,0.0
1193,0.0
1194,0.0
1195,0.0
1196,0.0
1197,0.0
1198,0.0
1199,0.0
1200,0.0
1201,0.0
1202,0.0
1203,0.0
1204,0.0
1205,0.0
1206,0.0
1207,0.0
1208,0.0
1209,0.0
1210,0.0
1211,0.0
1212,0.0
1213,0.0
1214,0.0
1215,0.0
1216,0.0
1217,0.0
1218,0.0
1219,0.0
1220,0.0
1221,0.0
1222,0.0
1223,0.0
1224,0.0
1225,0.0
1226,0.0
1227,0.0
1228,0.0
1229,0.0
1230,0.0
1231,0.0
1232,0.0
1233,0.0
1234,0.0
1235,0.0
1236,0.0
1237,0.0
1238,0.0
1239,0.0
1240,0.0
1241,0.0
1242,0.0
1243,0.0
1244,0.0
1245,0.0
1246,0.0
1247,0.0
1248,0.0
1249,0.0
1250,0.0
1251,0.0
1252,0.0
1253,0.0
1254,0.0
1255,0.0
1256,0.0
1257,0.0
1258,0.0
1259,0.0
1260,0.0
1261,0.0
1262,0.0
1263,0.0
1264,0.0
1265,0.0
1266,0.0
1267,0.0
1268,0.0
1269,0.0
1270,0.0
1271,0.0
1272,0.0
1273,0.0
1274,0.0
1275,0.0
1276,0.0
1277,0.0
1278,0.0
1279,0.0
1280,0.0
1281,0.0
1282,0.0
1283,0.0
1284,0.0
1285,0.0
1286,0.0
1287,0.0
1288,0.0
1289,0.0
1290,0.0
1291,0.0
1292,0.0
1293,0.0
1294,0.0
1295,0.0
1296,0.0
1297,0.0
1298,0.0
1299,0.0
1300,0.0
1301,0.0
1302,0.0
1303,0.0
1304,0.0
1305,0.0
1306,0.0
1307,0.0
1308,0.0
1309,0.0
1310,0.0
1311,0.0
1312,0.0
1313,0.0
1314,0.0
1315,0.0
1316,0.0
1317,0.0
1318,0.0
1319,0.0
1320,0.0
1321,0.0
1322,0.0
1323,0.0
1324,0.0
1325,0.0
1326,0.0
1327,0.0
1328,0.0
1329,0.0
1330,0.0
1331,0.0
1332,0.0
1333,0.0
1334,0.0
1335,0.0
1336,0.0
1337,0.0
1338,0.0
1339,0.0
1340,0.0
1341,0.0
1342,0.0
1343,0.0
1344,0.0
1345,0.0
1346,0.0
1347,0.0
1348,0.0
1349,0.0
1350,0.0
1351,0.0
1352,0.0
1353,0.0
1354,0.0
1355,0.0
1356,0.0
1357,0.0
1358,0.0
1359,0.0
1360,0.0
1361,0.0
1362,0.0
1363,0.0
1364,0.0
1365,0.0
1366,0.0
1367,0.0
1368,0.0
1369,0.0
1370,0.0
1371,0.0
1372,0.0
1373,0.0
1374,0.0
1375,0.0
1376,0.0
1377,0.0
1378,0.0
1379,0.0
1380,0.0
1381,0.0
1382,0.0
1383,0.0
1384,0.0
1385,0.0
1386,0.0
1387,0.0
1388,0.0
1389,0.0
1390,0.0
1391,0.0
1392,0.0
1393,0.0
1394,0.0
1395,0.0
1396,0.0
1397,0.0
1398,0.0
1399,0.0
1400,0.0
1401,0.0
1402,0.0
1403,0.0
1404,0.0
1405,0.0
1406,0.0
1407,0.0
1408,0.0
1409,0.0
1410,0.0
1411,0.0
1412,0.0
1413,0.0
1414,0.0
1415,0.0
1416,0.0
1417,0.0
1418,0.0
1419,0.0
1420,0.0
1421,0.0
1422,0.0
1423,0.0
1424,0.0
1425,0.0
1426,0.0
1427,0.0
1428,0.0
1429,0.0
1430,0.0
1431,0.0
1432,0.0
1433,0.0
1434,0.0
1435,0.0
1436,0.0
1437,0.0
1438,0.0
1439,0.0
1440,0.0
1441,0.0
1442,0.0
1443,0.0
1444,0.0
1445,0.0
1446,0.0
1447,0.0
1448,0.0
1449,0.0
1450,0.0
1451,0.0
1452,0.0
1453,0.0
1454,0.0
1455,0.0
1456,0.0
1457,0.0
1458,0.0
1459,0.0
1460,0.0
1461,0.0
1462,0.0
1463,0.0
1464,0.0
1465,0.0
1466,0.0
1467,0.0
1468,0.0
1469,0.0
1470,0.0
1471,0.0
1472,0.0
1473,0.0
1474,0.0
1475,0.0
1476,0.0
1477,0.0
1478,0.0
1479,0.0
1480,0.0
1481,0.0
1482,0.0
1483,0.0
1484,0.0
1485,0.0
1486,0.0
1487,0.0
1488,0.0
1489,0.0
1490,0.0
1491,0.0
1492,0.0
1493,0.0
1494,0.0
1495,0.0
1496,0.0
1497,0.0
1498,0.0
1499,0.0
1500,0.0
1501,0.0
1502,0.0
1503,0.0
1504,0.0
1505,0.0
1506,0.0
1507,0.0
1508,0.0
1509,0.0
1510,0.0
1511,0.0
1512,0.0
1513,0.0
1514,0.0
1515,0.0
1516,0.0
1517,0.0
1518,0.0
1519,0.0
1520,0.0
1521,0.0
1522,0.0
1523,0.0
1524,0.0
1525,0.0
1526,0.0
1527,0.0
1528,0.0
1529,0.0
1530,0.0
1531,0.0
1532,0.0
1533,0.0
1534,0.0
1535,0.0
1536,0.0
1537,0.0
1538,0.0
1539,0.0
1540,0.0
1541,0.0
1542,0.0
1543,0.0
1544,0.0
1545,0.0
1546,0.0
1547,0.0
1548,0.0
1549,0.0
1550,0.0
1551,0.0
1552,0.0
1553,0.0
1554,0.0
1555,0.0
1556,0.0
1557,0.0
1558,0.0
1559,0.0
1560,0.0
1561,0.0
1562,0.0
1563,0.0
1564,0.0
1565,0.0
1566,0.0
1567,0.0
1568,0.0
1569,0.0
1570,0.0
1571,0.0
1572,0.0
1573,0.0
1574,0.0
1575,0.0
1576,0.0
1577,0.0
1578,0.0
1579,0.0
1580,0.0
1581,0.0
1582,0.0
1583,0.0
1584,0.0
1585,0.0
1586,0.0
1587,0.0
1588,0.0
1589,0.0
1590,0.0
1591,0.0
1592,0.0
1593,0.0
1594,0.0
1595,0.0
1596,0.0
1597,0.0
1598,0.0
1599,0.0
1600,0.0
1601,0.0
1602,0.0
1603,0.0
1604,0.0
1605,0.0
1606,0.0
1607,0.0
1608,0.0
1609,0.0
1610,0.0
1611,0.0
1612,0.0
1613,0.0
1614,0.0
1615,0.0
1616,0.0
1617,0.0
1618,0.0
1619,0.0
1620,0.0
1621,0.0
1622,0.0
1623,0.0
1624,0.0
1625,0.0
1626,0.0
1627,0.0
1628,0.0
1629,0.0
1630,0.0
1631,0.0
1632,0.0
1633,0.0
1634,0.0
1635,0.0
1636,0.0
1637,0.0
1638,0.0
1639,0.0
1640,0.0
1641,0.0
1642,0.0
1643,0.0
1644,0.0
1645,0.0
1646,0.0
1647,0.0
1648,0.0
1649,0.0
1650,0.0
1651,0.0
1652,0.0
1653,0.0
1654,0.0
1655,0.0
1656,0.0
1657,0.0
1658,0.0
1659,0.0
1660,0.0
1661,0.0
1662,0.0
1663,0.0
1664,0.0
1665,0.0
1666,0.0
1667,0.0
1668,0.0
1669,0.0
1670,0.0
1671,0.0
1672,0.0
1673,0.0
1674,0.0
1675,0.0
1676,0.0
1677,0.0
1678,0.0
1679,0.0
1680,0.0
1681,0.0
1682,0.0
1683,0.0
1684,0.0
1685,0.0
1686,0.0
1687,0.0
1688,0.0
1689,0.0
1690,0.0
1691,0.0
1692,0.0
1693,0.0
1694,0.0
1695,0.0
1696,0.0
1697,0.0
1698,0.0
1699,0.0
1700,0.0
1701,0.0
1702,0.0
1703,0.0
1704,0.0
1705,0.0
1706,0.0
1707,0.0
1708,0.0
1709,0.0
1710,0.0
1711,0.0
1712,0.0
1713,0.0
1714,0.0
1715,0.0
1716,0.0
1717,0.0
1718,0.0
1719,0.0
1720,0.0
1721,0.0
1722,0.0
1723,0.0
1724,0.0
1725,0.0
1726,0.0
1727,0.0
1728,0.0
1729,0.0
1730,0.0
1731,0.0
1732,0.0
1733,0.0
1734,0.0
1735,0.0
1736,0.0
1737,0.0
1738,0.0
1739,0.0
1740,0.0
1741,0.0
1742,0.0
1743,0.0
1744,0.0
1745,0.0
1746,0.0
1747,0.0
1748,0.0
1749,0.0
1750,0.0
1751,0.0
1752,0.0
1753,0.0
1754,0.0
1755,0.0
1756,0.0
1757,0.0
1758,0.0
1759,0.0
1760,0.0
1761,0.0
1762,0.0
1763,0.0
1764,0.0
1765,0.0
1766,0.0
1767,0.0
1768,0.0
1769,0.0
1770,0.0
1771,0.0
1772,0.0
1773,0.0
1774,0.0
1775,0.0
1776,0.0
1777,0.0
1778,0.0
1779,0.0
1780,0.0
1781,0.0
1782,0.0
1783,0.0
1784,0.0
1785,0.0
1786,0.0
1787,0.0
1788,0.0
1789,0.0
1790,0.0
1791,0.0
1792,0.0
1793,0.0
1794,0.0
1795,0.0
1796,0.0
1797,0.0
1798,0.0
1799,0.0
1800,0.0
1801,0.0
1802,0.0
1803,0.0
1804,0.0
1805,0.0
1806,0.0
1807,0.0
1808,0.0
1809,0.0
1810,0.0
1811,0.0
1812,0.0
1813,0.0
1814,0.0
1815,0.0
1816,0.0
1817,0.0
1818,0.0
1819,0.0
1820,0.0
1821,0.0
1822,0.0
1823,0.0
1824,0.0
1825,0.0
1826,0.0
1827,0.0
1828,0.0
1829,0.0
1830,0.0
1831,0.0
1832,0.0
1833,0.0
1834,0.0
1835,0.0
1836,0.0
1837,0.0
1838,0.0
1839,0.0
1840,0.0
1841,0.0
1842,0.0
1843,0.0
1844,0.0
1845,0.0
1846,0.0
1847,0.0
1848,0.0
1849,0.0
1850,0.0
1851,0.0
1852,0.0
1853,0.0
1854,0.0
1855,0.0
1856,0.0
1857,0.0
1858,0.0
1859,0.0
1860,0.0
1861,0.0
1862,0.0
1863,0.0
1864,0.0
1865,0.0
1866,0.0
1867,0.0
1868,0.0
1869,0.0
1870,0.0
1871,0.0
1872,0.0
1873,0.0
1874,0.0
1875,0.0
1876,0.0
1877,0.0
1878,0.0
1879,0.0
1880,0.0
1881,0.0
1882,0.0
1883,0.0
1884,0.0
1885,0.0
1886,0.0
1887,0.0
1888,0.0
1889,0.0
1890,0.0
1891,0.0
1892,0.0
1893,0.0
1894,0.0
1895,0.0
1896,0.0
1897,0.0
1898,0.0
1899,0.0
1900,0.0
1901,0.0
1902,0.0
1903,0.0
1904,0.0
1905,0.0
1906,0.0
1907,0.0
1908,0.0
1909,0.0
1910,0.0
1911,0.0
1912,0.0
1913,0.0
1914,0.0
1915,0.0
1916,0.0
1917,0.0
1918,0.0
1919,0.0
1920,0.0
1921,0.0
1922,0.0
1923,0.0
1924,0.0
1925,0.0
1926,0.0
1927,0.0
1928,0.0
1929,0.0
1930,0.0
1931,0.0
1932,0.0
1933,0.0
1934,0.0
1935,0.0
1936,0.0
1937,0.0
1938,0.0
1939,0.0
1940,0.0
1941,0.0
1942,0.0
1943,0.0
1944,0.0
1945,0.0
1946,0.0
1947,0.0
1948,0.0
1949,0.0
1950,0.0
1951,0.0
1952,0.0
1953,0.0
1954,0.0
1955,0.0
1956,0.0
1957,0.0
1958,0.0
1959,0.0
1960,0.0
1961,0.0
1962,0.0
1963,0.0
1964,0.0
1965,0.0
1966,0.0
1967,0.0
1968,0.0
1969,0.0
1970,0.0
1971,0.0
1972,0.0
1973,0.0
1974,0.0
1975,0.0
1976,0.0
1977,0.0
1978,0.0
1979,0.0
1980,0.0
1981,0.0
1982,0.0
1983,0.0
1984,0.0
1985,0.0
1986,0.0
1987,0.0
1988,0.0
1989,0.0
1990,0.0
1991,0.0
1992,0.0
1993,0.0
1994,0.0
1995,0.0
1996,0.0
1997,0.0
1998,0.0
1999,0.0
2000,0.0
2001,0.0
2002,0.0
2003,0.0
2004,0.0
2005,0.0
2006,0.0
2007,0.0
2008,0.0
2009,0.0
2010,0.0
2011,0.0
2012,0.0
2013,0.0
2014,0.0
2015,0.0
2016,0.0
2017,0.0
2018,0.0
2019,0.0
2020,0.0
2021,0.0
2022,0.0
2023,0.0
2024,0.0
2025,0.0
2026,0.0
2027,0.0
2028,0.0
2029,0.0
2030,0.0
2031,0.0
2032,0.0
2033,0.0
2034,0.0
2035,0.0
2036,0.0
2037,0.0
2038,0.0
2039,0.0
2040,0.0
2041,0.0
2042,0.0
2043,0.0
2044,0.0
2045,0.0
2046,0.0
2047,0.0
2048,0.0
2049,0.0
2050,0.0
2051,0.0
2052,0.0
2053,0.0
2054,0.0
2055,0.0
2056,0.0
2057,0.0
2058,0.0
2059,0.0
2060,0.0
2061,0.0
2062,0.0
2063,0.0
2064,0.0
2065,0.0
2066,0.0
2067,0.0
2068,0.0
2069,0.0
2070,0.0
2071,0.0
2072,0.0
2073,0.0
2074,0.0
2075,0.0
2076,0.0
2077,0.0
2078,0.0
2079,0.0
2080,0.0
2081,0.0
2082,0.0
2083,0.0
2084,0.0
2085,0.0
2086,0.0
2087,0.0
2088,0.0
2089,0.0
2090,0.0
2091,0.0
2092,0.0
2093,0.0
2094,0.0
2095,0.0
2096,0.0
2097,0.0
2098,0.0
2099,0.0
2100,0.0
2101,0.0
2102,0.0
2103,0.0
2104,0.0
2105,0.0
2106,0.0
2107,0.0
2108,0.0
2109,0.0
2110,0.0
2111,0.0
2112,0.0
2113,0.0
2114,0.0
2115,0.0
2116,0.0
2117,0.0
2118,0.0
2119,0.0
2120,0.0
2121,0.0
2122,0.0
2123,0.0
2124,0.0
2125,0.0
2126,0.0
2127,0.0
2128,0.0
2129,0.0
2130,0.0
2131,0.0
2132,0.0
2133,0.0
2134,0.0
2135,0.0
2136,0.0
2137,0.0
2138,0.0
2139,0.0
2140,0.0
2141,0.0
2142,0.0
2143,0.0
2144,0.0
2145,0.0
2146,0.0
2147,0.0
2148,0.0
2149,0.0
2150,0.0
2151,0.0
2152,0.0
2153,0.0
2154,0.0
2155,0.0
2156,0.0
2157,0.0
2158,0.0
2159,0.0
2160,0.0
2161,0.0
2162,0.0
2163,0.0
2164,0.0
2165,0.0
2166,0.0
2167,0.0
2168,0.0
2169,0.0
2170,0.0
2171,0.0
2172,0.0
2173,0.0
2174,0.0
2175,0.0
2176,0.0
2177,0.0
2178,0.0
2179,0.0
2180,0.0
2181,0.0
2182,0.0
2183,0.0
2184,0.0
2185,0.0
2186,0.0
2187,0.0
2188,0.0
2189,0.0
2190,0.0
2191,0.0
2192,0.0
2193,0.0
2194,0.0
2195,0.0
2196,0.0
2197,0.0
2198,0.0
2199,0.0
2200,0.0
2201,0.0
2202,0.0
2203,0.0
2204,0.0
2205,0.0
2206,0.0
2207,0.0
2208,0.0
2209,0.0
2210,0.0
2211,0.0
2212,0.0
2213,0.0
2214,0.0
2215,0.0
2216,0.0
2217,0.0
2218,0.0
2219,0.0
2220,0.0
2221,0.0
2222,0.0
2223,0.0
2224,0.0
2225,0.0
2226,0.0
2227,0.0
2228,0.0
2229,0.0
2230,0.0
2231,0.0
2232,0.0
2233,0.0
2234,0.0
2235,0.0
2236,0.0
2237,0.0
2238,0.0
2239,0.0
2240,0.0
2241,0.0
2242,0.0
2243,0.0
2244,0.0
2245,0.0
2246,0.0
2247,0.0
2248,0.0
2249,0.0
2250,0.0
2251,0.0
2252,0.0
2253,0.0
2254,0.0
2255,0.0
2256,0.0
2257,0.0
2258,0.0
2259,0.0
2260,0.0
2261,0.0
2262,0.0
2263,0.0
2264,0.0
2265,0.0
2266,0.0
2267,0.0
2268,0.0
2269,0.0
2270,0.0
2271,0.0
2272,0.0
2273,0.0
2274,0.0
2275,0.0
2276,0.0
2277,0.0
2278,0.0
2279,0.0
2280,0.0
2281,0.0
2282,0.0
2283,0.0
2284,0.0
2285,0.0
2286,0.0
2287,0.0
2288,0.0
2289,0.0
2290,0.0
2291,0.0
2292,0.0
2293,0.0
2294,0.0
2295,0.0
2296,0.0
2297,0.0
2298,0.0
2299,0.0
2300,0.0
2301,0.0
2302,0.0
2303,0.0
2304,0.0
2305,0.0
2306,0.0
2307,0.0
2308,0.0
2309,0.0
2310,0.0
2311,0.0
2312,0.0
2313,0.0
2314,0.0
2315,0.0
2316,0.0
2317,0.0
2318,0.0
2319,0.0
2320,0.0
2321,0.0
2322,0.0
2323,0.0
2324,0.0
2325,0.0
2326,0.0
2327,0.0
2328,0.0
2329,0.0
2330,0.0
2331,0.0
2332,0.0
2333,0.0
2334,0.0
2335,0.0
2336,0.0
2337,0.0
2338,0.0
2339,0.0
2340,0.0
2341,0.0
2342,0.0
2343,0.0
2344,0.0
2345,0.0
2346,0.0
2347,0.0
2348,0.0
2349,0.0
2350,0.0
2351,0.0
2352,0.0
2353,0.0
2354,0.0
2355,0.0
2356,0.0
2357,0.0
2358,0.0
2359,0.0
2360,0.0
2361,0.0
2362,0.0
2363,0.0
2364,0.0
2365,0.0
2366,0.0
2367,0.0
2368,0.0
2369,0.0
2370,0.0
2371,0.0
2372,0.0
2373,0.0
2374,0.0
2375,0.0
2376,0.0
2377,0.0
2378,0.0
2379,0.0
2380,0.0
2381,0.0
2382,0.0
2383,0.0
2384,0.0
2385,0.0
2386,0.0
2387,0.0
2388,0.0
2389,0.0
2390,0.0
2391,0.0
2392,0.0
2393,0.0
2394,0.0
2395,0.0
2396,0.0
2397,0.0
2398,0.0
2399,0.0
2400,0.0
2401,0.0
2402,0.0
2403,0.0
2404,0.0
2405,0.0
2406,0.0
2407,0.0
2408,0.0
2409,0.0
2410,0.0
2411,0.0
2412,0.0
2413,0.0
2414,0.0
2415,0.0
2416,0.0
2417,0.0
2418,0.0
2419,0.0
2420,0.0
2421,0.0
2422,0.0
2423,0.0
2424,0.0
2425,0.0
2426,0.0
2427,0.0
2428,0.0
2429,0.0
2430,0.0
2431,0.0
2432,0.0
2433,0.0
2434,0.0
2435,0.0
2436,0.0
2437,0.0
2438,0.0
2439,0.0
2440,0.0
2441,0.0
2442,0.0
2443,0.0
2444,0.0
2445,0.0
2446,0.0
2447,0.0
2448,0.0
2449,0.0
2450,0.0
2451,0.0
2452,0.0
2453,0.0
2454,0.0
2455,0.0
2456,0.0
2457,0.0
2458,0.0
2459,0.0
2460,0.0
2461,0.0
2462,0.0
2463,0.0
2464,0.0
2465,0.0
2466,0.0
2467,0.0
2468,0.0
2469,0.0
2470,0.0
2471,0.0
2472,0.0
2473,0.0
2474,0.0
2475,0.0
2476,0.0
2477,0.0
2478,0.0
2479,0.0
2480,0.0
2481,0.0
2482,0.0
2483,0.0
2484,0.0
2485,0.0
2486,0.0
2487,0.0
2488,0.0
2489,0.0
2490,0.0
2491,0.0
2492,0.0
2493,0.0
2494,0.0
2495,0.0
2496,0.0
2497,0.0
2498,0.0
2499,0.0
2500,0.0
2501,0.0
2502,0.0
2503,0.0
2504,0.0
2505,0.0
2506,0.0
2507,0.0
2508,0.0
2509,0.0
2510,0.0
2511,0.0
2512,0.0
2513,0.0
2514,0.0
2515,0.0
2516,0.0
2517,0.0
2518,0.0
2519,0.0
2520,0.0
2521,0.0
2522,0.0
2523,0.0
2524,0.0
2525,0.0
2526,0.0
2527,0.0
2528,0.0
2529,0.0
2530,0.0
2531,0.0
2532,0.0
2533,0.0
2534,0.0
2535,0.0
2536,0.0
2537,0.0
2538,0.0
2539,0.0
2540,0.0
2541,0.0
2542,0.0
2543,0.0
2544,0.0
2545,0.0
2546,0.0
2547,0.0
2548,0.0
2549,0.0
2550,0.0
2551,0.0
2552,0.0
2553,0.0
2554,0.0
2555,0.0
2556,0.0
2557,0.0
2558,0.0
2559,0.0
2560,0.0
2561,0.0
2562,0.0
2563,0.0
2564,0.0
2565,0.0
2566,0.0
2567,0.0
2568,0.0
2569,0.0
2570,0.0
2571,0.0
2572,0.0
2573,0.0
2574,0.0
2575,0.0
2576,0.0
2577,0.0
2578,0.0
2579,0.0
2580,0.0
2581,0.0
2582,0.0
2583,0.0
2584,0.0
2585,0.0
2586,0.0
2587,0.0
2588,0.0
2589,0.0
2590,0.0
2591,0.0
2592,0.0
2593,0.0
2594,0.0
2595,0.0
2596,0.0
2597,0.0
2598,0.0
2599,0.0
2600,0.0
2601,0.0
2602,0.0
2603,0.0
2604,0.0
2605,0.0
2606,0.0
2607,0.0
2608,0.0
2609,0.0
2610,0.0
2611,0.0
2612,0.0
2613,0.0
2614,0.0
2615,0.0
2616,0.0
2617,0.0
2618,0.0
2619,0.0
2620,0.0
2621,0.0
2622,0.0
2623,0.0
2624,0.0
2625,0.0
2626,0.0
2627,0.0
2628,0.0
2629,0.0
2630,0.0
2631,0.0
2632,0.0
2633,0.0
2634,0.0
2635,0.0
2636,0.0
2637,0.0
2638,0.0
2639,0.0
2640,0.0
2641,0.0
2642,0.0
2643,0.0
2644,0.0
2645,0.0
2646,0.0
2647,0.0
2648,0.0
2649,0.0
2650,0.0
2651,0.0
2652,0.0
2653,0.0
2654,0.0
2655,0.0
2656,0.0
2657,0.0
2658,0.0
2659,0.0
2660,0.0
2661,0.0
2662,0.0
2663,0.0
2664,0.0
2665,0.0
2666,0.0
2667,0.0
2668,0.0
2669,0.0
2670,0.0
2671,0.0
2672,0.0
2673,0.0
2674,0.0
2675,0.0
2676,0.0
2677,0.0
2678,0.0
2679,0.0
2680,0.0
2681,0.0
2682,0.0
2683,0.0
2684,0.0
2685,0.0
2686,0.0
2687,0.0
2688,0.0
2689,0.0
2690,0.0
2691,0.0
2692,0.0
2693,0.0
2694,0.0
2695,0.0
2696,0.0
2697,0.0
2698,0.0
2699,0.0
2700,0.0
2701,0.0
2702,0.0
2703,0.0
2704,0.0
2705,0.0
2706,0.0
2707,0.0
2708,0.0
2709,0.0
2710,0.0
2711,0.0
2712,0.0
2713,0.0
2714,0.0
2715,0.0
2716,0.0
2717,0.0
2718,0.0
2719,0.0
2720,0.0
2721,0.0
2722,0.0
2723,0.0
2724,0.0
2725,0.0
2726,0.0
2727,0.0
2728,0.0
2729,0.0
2730,0.0
2731,0.0
2732,0.0
2733,0.0
2734,0.0
2735,0.0
2736,0.0
2737,0.0
2738,0.0
2739,0.0
2740,0.0
2741,0.0
2742,0.0
2743,0.0
2744,0.0
2745,0.0
2746,0.0
2747,0.0
2748,0.0
2749,0.0
2750,0.0
2751,0.0
2752,0.0
2753,0.0
2754,0.0
2755,0.0
2756,0.0
2757,0.0
2758,0.0
2759,0.0
2760,0.0
2761,0.0
2762,0.0
2763,0.0
2764,0.0
2765,0.0
2766,0.0
2767,0.0
2768,0.0
2769,0.0
2770,0.0
2771,0.0
2772,0.0
2773,0.0
2774,0.0
2775,0.0
2776,0.0
2777,0.0
2778,0.0
2779,0.0
2780,0.0
2781,0.0
2782,0.0
2783,0.0
2784,0.0
2785,0.0
2786,0.0
2787,0.0
2788,0.0
2789,0.0
2790,0.0
2791,0.0
2792,0.0
2793,0.0
2794,0.0
2795,0.0
2796,0.0
2797,0.0
2798,0.0
2799,0.0
2800,0.0
2801,0.0
2802,0.0
2803,0.0
2804,0.0
2805,0.0
2806,0.0
2807,0.0
2808,0.0
2809,0.0
2810,0.0
2811,0.0
2812,0.0
2813,0.0
2814,0.0
2815,0.0
2816,0.0
2817,0.0
2818,0.0
2819,0.0
2820,0.0
2821,0.0
2822,0.0
2823,0.0
2824,0.0
2825,0.0
2826,0.0
2827,0.0
2828,0.0
2829,0.0
2830,0.0
2831,0.0
2832,0.0
2833,0.0
2834,0.0
2835,0.0
2836,0.0
2837,0.0
2838,0.0
2839,0.0
2840,0.0
2841,0.0
2842,0.0
2843,0.0
2844,0.0
2845,0.0
2846,0.0
2847,0.0
2848,0.0
2849,0.0
2850,0.0
2851,0.0
2852,0.0
2853,0.0
2854,0.0
2855,0.0
2856,0.0
2857,0.0
2858,0.0
2859,0.0
2860,0.0
2861,0.0
2862,0.0
2863,0.0
2864,0.0
2865,0.0
2866,0.0
2867,0.0
2868,0.0
2869,0.0
2870,0.0
2871,0.0
2872,0.0
2873,0.0
2874,0.0
2875,0.0
2876,0.0
2877,0.0
2878,0.0
2879,0.0
2880,0.0
2881,0.0
2882,0.0
2883,0.0
2884,0.0
2885,0.0
2886,0.0
2887,0.0
2888,0.0
2889,0.0
2890,0.0
2891,0.0
2892,0.0
2893,0.0
2894,0.0
2895,0.0
2896,0.0
2897,0.0
2898,0.0
2899,0.0
2900,0.0
2901,0.0
2902,0.0
2903,0.0
2904,0.0
2905,0.0
2906,0.0
2907,0.0
2908,0.0
2909,0.0
2910,0.0
2911,0.0
2912,0.0
2913,0.0
2914,0.0
2915,0.0
2916,0.0
2917,0.0
2918,0.0
2919,0.0
2920,0.0
2921,0.0
2922,0.0
2923,0.0
2924,0.0
2925,0.0
2926,0.0
2927,0.0
2928,0.0
2929,0.0
2930,0.0
2931,0.0
2932,0.0
2933,0.0
2934,0.0
2935,0.0
2936,0.0
2937,0.0
2938,0.0
2939,0.0
2940,0.0
2941,0.0
2942,0.0
2943,0.0
2944,0.0
2945,0.0
2946,0.0
2947,0.0
2948,0.0
2949,0.0
2950,0.0
2951,0.0
2952,0.0
2953,0.0
2954,0.0
2955,0.0
2956,0.0
2957,0.0
2958,0.0
2959,0.0
2960,0.0
2961,0.0
2962,0.0
2963,0.0
2964,0.0
2965,0.0
2966,0.0
2967,0.0
2968,0.0
2969,0.0
2970,0.0
2971,0.0
2972,0.0
2973,0.0
2974,0.0
2975,0.0
2976,0.0
2977,0.0
2978,0.0
2979,0.0
2980,0.0
2981,0.0
2982,0.0
2983,0.0
2984,0.0
2985,0.0
2986,0.0
2987,0.0
2988,0.0
2989,0.0
2990,0.0
2991,0.0
2992,0.0
2993,0.0
2994,0.0
2995,0.0
2996,0.0
2997,0.0
2998,0.0
2999,0.0
3000,0.0
3001,0.0
3002,0.0
3003,0.0
3004,0.0
3005,0.0
3006,0.0
3007,0.0
3008,0.0
3009,0.0
3010,0.0
3011,0.0
3012,0.0
3013,0.0
3014,0.0
3015,0.0
3016,0.0
3017,0.0
3018,0.0
3019,0.0
3020,0.0
3021,0.0
3022,0.0
3023,0.0
3024,0.0
3025,0.0
3026,0.0
3027,0.0
3028,0.0
3029,0.0
3030,0.0
3031,0.0
3032,0.0
3033,0.0
3034,0.0
3035,0.0
3036,0.0
3037,0.0
3038,0.0
3039,0.0
3040,0.0
3041,0.0
3042,0.0
3043,0.0
3044,0.0
3045,0.0
3046,0.0
3047,0.0
3048,0.0
3049,0.0
3050,0.0
3051,0.0
3052,0.0
3053,0.0
3054,0.0
3055,0.0
3056,0.0
3057,0.0
3058,0.0
3059,0.0
3060,0.0
3061,0.0
3062,0.0
3063,0.0
3064,0.0
3065,0.0
3066,0.0
3067,0.0
3068,0.0
3069,0.0
3070,0.0
3071,0.0
3072,0.0
3073,0.0
3074,0.0
3075,0.0
3076,0.0
3077,0.0
3078,0.0
3079,0.0
3080,0.0
3081,0.0
3082,0.0
3083,0.0
3084,0.0
3085,0.0
3086,0.0
3087,0.0
3088,0.0
3089,0.0
3090,0.0
3091,0.0
3092,0.0
3093,0.0
3094,0.0
3095,0.0
3096,0.0
3097,0.0
3098,0.0
3099,0.0
3100,0.0
3101,0.0
3102,0.0
3103,0.0
3104,0.0
3105,0.0
3106,0.0
3107,0.0
3108,0.0
3109,0.0
3110,0.0
3111,0.0
3112,0.0
3113,0.0
3114,0.0
3115,0.0
3116,0.0
3117,0.0
3118,0.0
3119,0.0
3120,0.0
3121,0.0
3122,0.0
3123,0.0
3124,0.0
3125,0.0
3126,0.0
3127,0.0
3128,0.0
3129,0.0
3130,0.0
3131,0.0
3132,0.0
3133,0.0
3134,0.0
3135,0.0
3136,0.0
3137,0.0
3138,0.0
3139,0.0
3140,0.0
3141,0.0
3142,0.0
3143,0.0
3144,0.0
3145,0.0
3146,0.0
3147,0.0
3148,0.0
3149,0.0
3150,0.0
3151,0.0
3152,0.0
3153,0.0
3154,0.0
3155,0.0
3156,0.0
3157,0.0
3158,0.0
3159,0.0
3160,0.0
3161,0.0
3162,0.0
3163,0.0
3164,0.0
3165,0.0
3166,0.0
3167,0.0
3168,0.0
3169,0.0
3170,0.0
3171,0.0
3172,0.0
3173,0.0
3174,0.0
3175,0.0
3176,0.0
3177,0.0
3178,0.0
3179,0.0
3180,0.0
3181,0.0
3182,0.0
3183,0.0
3184,0.0
3185,0.0
3186,0.0
3187,0.0
3188,0.0
3189,0.0
3190,0.0
3191,0.0
3192,0.0
3193,0.0
3194,0.0
3195,0.0
3196,0.0
3197,0.0
3198,0.0
3199,0.0
3200,0.0
3201,0.0
3202,0.0
3203,0.0
3204,0.0
3205,0.0
3206,0.0
3207,0.0
3208,0.0
3209,0.0
3210,0.0
3211,0.0
3212,0.0
3213,0.0
3214,0.0
3215,0.0
3216,0.0
3217,0.0
3218,0.0
3219,0.0
3220,0.0
3221,0.0
3222,0.0
3223,0.0
3224,0.0
3225,0.0
3226,0.0
3227,0.0
3228,0.0
3229,0.0
3230,0.0
3231,0.0
3232,0.0
3233,0.0
3234,0.0
3235,0.0
3236,0.0
3237,0.0
3238,0.0
3239,0.0
3240,0.0
3241,0.0
3242,0.0
3243,0.0
3244,0.0
3245,0.0
3246,0.0
3247,0.0
3248,0.0
3249,0.0
3250,0.0
3251,0.0
3252,0.0
3253,0.0
3254,0.0
3255,0.0
3256,0.0
3257,0.0
3258,0.0
3259,0.0
3260,0.0
3261,0.0
3262,0.0
3263,0.0
3264,0.0
3265,0.0
3266,0.0
3267,0.0
3268,0.0
3269,0.0
3270,0.0
3271,0.0
3272,0.0
3273,0.0
3274,0.0
3275,0.0
3276,0.0
3277,0.0
3278,0.0
3279,0.0
3280,0.0
3281,0.0
3282,0.0
3283,0.0
3284,0.0
3285,0.0
3286,0.0
3287,0.0
3288,0.0
3289,0.0
3290,0.0
3291,0.0
3292,0.0
3293,0.0
3294,0.0
3295,0.0
3296,0.0
3297,0.0
3298,0.0
3299,0.0
3300,0.0
3301,0.0
3302,0.0
3303,0.0
3304,0.0
3305,0.0
3306,0.0
3307,0.0
3308,0.0
3309,0.0
3310,0.0
3311,0.0
3312,0.0
3313,0.0
3314,0.0
3315,0.0
3316,0.0
3317,0.0
3318,0.0
3319,0.0
3320,0.0
3321,0.0
3322,0.0
3323,0.0
3324,0.0
3325,0.0
3326,0.0
3327,0.0
3328,0.0
3329,0.0
3330,0.0
3331,0.0
3332,0.0
3333,0.0
3334,0.0
3335,0.0
3336,0.0
3337,0.0
3338,0.0
3339,0.0
3340,0.0
3341,0.0
3342,0.0
3343,0.0
3344,0.0
3345,0.0
3346,0.0
3347,0.0
3348,0.0
3349,0.0
3350,0.0
3351,0.0
3352,0.0
3353,0.0
3354,0.0
3355,0.0
3356,0.0
3357,0.0
3358,0.0
3359,0.0
3360,0.0
3361,0.0
3362,0.0
3363,0.0
3364,0.0
3365,0.0
3366,0.0
3367,0.0
3368,0.0
3369,0.0
3370,0.0
3371,0.0
3372,0.0
3373,0.0
3374,0.0
3375,0.0
3376,0.0
3377,0.0
3378,0.0
3379,0.0
3380,0.0
3381,0.0
3382,0.0
3383,0.0
3384,0.0
3385,0.0
3386,0.0
3387,0.0
3388,0.0
3389,0.0
3390,0.0
3391,0.0
3392,0.0
3393,0.0
3394,0.0
3395,0.0
3396,0.0
3397,0.0
3398,0.0
3399,0.0
3400,0.0
3401,0.0
3402,0.0
3403,0.0
3404,0.0
3405,0.0
3406,0.0
3407,0.0
3408,0.0
3409,0.0
3410,0.0
3411,0.0
3412,0.0
3413,0.0
3414,0.0
3415,0.0
3416,0.0
3417,0.0
3418,0.0
3419,0.0
3420,0.0
3421,0.0
3422,0.0
3423,0.0
3424,0.0
3425,0.0
3426,0.0
3427,0.0
3428,0.0
3429,0.0
3430,0.0
3431,0.0
3432,0.0
3433,0.0
3434,0.0
3435,0.0
3436,0.0
3437,0.0
3438,0.0
3439,0.0
3440,0.0
3441,0.0
3442,0.0
3443,0.0
3444,0.0
3445,0.0
3446,0.0
3447,0.0
3448,0.0
3449,0.0
3450,0.0
3451,0.0
3452,0.0
3453,0.0
3454,0.0
3455,0.0
3456,0.0
3457,0.0
3458,0.0
3459,0.0
3460,0.0
3461,0.0
3462,0.0
3463,0.0
3464,0.0
3465,0.0
3466,0.0
3467,0.0
3468,0.0
3469,0.0
3470,0.0
3471,0.0
3472,0.0
3473,0.0
3474,0.0
3475,0.0
3476,0.0
3477,0.0
3478,0.0
3479,0.0
3480,0.0
3481,0.0
3482,0.0
3483,0.0
3484,0.0
3485,0.0
3486,0.0
3487,0.0
3488,0.0
3489,0.0
3490,0.0
3491,0.0
3492,0.0
3493,0.0
3494,0.0
3495,0.0
3496,0.0
3497,0.0
3498,0.0
3499,0.0
3500,0.0
3501,0.0
3502,0.0
3503,0.0
3504,0.0
3505,0.0
3506,0.0
3507,0.0
3508,0.0
3509,0.0
3510,0.0
3511,0.0
3512,0.0
3513,0.0
3514,0.0
3515,0.0
3516,0.0
3517,0.0
3518,0.0
3519,0.0
3520,0.0
3521,0.0
3522,0.0
3523,0.0
3524,0.0
3525,0.0
3526,0.0
3527,0.0
3528,0.0
3529,0.0
3530,0.0
3531,0.0
3532,0.0
3533,0.0
3534,0.0
3535,0.0
3536,0.0
3537,0.0
3538,0.0
3539,0.0
3540,0.0
3541,0.0
3542,0.0
3543,0.0
3544,0.0
3545,0.0
3546,0.0
3547,0.0
3548,0.0
3549,0.0
3550,0.0
3551,0.0
3552,0.0
3553,0.0
3554,0.0
3555,0.0
3556,0.0
3557,0.0
3558,0.0
3559,0.0
3560,0.0
3561,0.0
3562,0.0
3563,0.0
3564,0.0
3565,0.0
3566,0.0
3567,0.0
3568,0.0
3569,0.0
3570,0.0
3571,0.0
3572,0.0
3573,0.0
3574,0.0
3575,0.0
3576,0.0
3577,0.0
3578,0.0
3579,0.0
3580,0.0
3581,0.0
3582,0.0
3583,0.0
3584,0.0
3585,0.0
3586,0.0
3587,0.0
3588,0.0
3589,0.0
3590,0.0
3591,0.0
3592,0.0
3593,0.0
3594,0.0
3595,0.0
3596,0.0
3597,0.0
3598,0.0
3599,0.0
3600,0.0
3601,0.0
3602,0.0
3603,0.0
3604,0.0
3605,0.0
3606,0.0
3607,0.0
3608,0.0
3609,0.0
3610,0.0
3611,0.0
3612,0.0
3613,0.0
3614,0.0
3615,0.0
3616,0.0
3617,0.0
3618,0.0
3619,0.0
3620,0.0
3621,0.0
3622,0.0
3623,0.0
3624,0.0
3625,0.0
3626,0.0
3627,0.0
3628,0.0
3629,0.0
3630,0.0
3631,0.0
3632,0.0
3633,0.0
3634,0.0
3635,0.0
3636,0.0
3637,0.0
3638,0.0
3639,0.0
3640,0.0
3641,0.0
3642,0.0
3643,0.0
3644,0.0
3645,0.0
3646,0.0
3647,0.0
3648,0.0
3649,0.0
3650,0.0
3651,0.0
3652,0.0
3653,0.0
3654,0.0
3655,0.0
3656,0.0
3657,0.0
3658,0.0
3659,0.0
3660,0.0
3661,0.0
3662,0.0
3663,0.0
3664,0.0
3665,0.0
3666,0.0
3667,0.0
3668,0.0
3669,0.0
3670,0.0
3671,0.0
3672,0.0
3673,0.0
3674,0.0
3675,0.0
3676,0.0
3677,0.0
3678,0.0
3679,0.0
3680,0.0
3681,0.0
3682,0.0
3683,0.0
3684,0.0
3685,0.0
3686,0.0
3687,0.0
3688,0.0
3689,0.0
3690,0.0
3691,0.0
3692,0.0
3693,0.0
3694,0.0
3695,0.0
3696,0.0
3697,0.0
3698,0.0
3699,0.0
3700,0.0
3701,0.0
3702,0.0
3703,0.0
3704,0.0
3705,0.0
3706,0.0
3707,0.0
3708,0.0
3709,0.0
3710,0.0
3711,0.0
3712,0.0
3713,0.0
3714,0.0
3715,0.0
3716,0.0
3717,0.0
3718,0.0
3719,0.0
3720,0.0
3721,0.0
3722,0.0
3723,0.0
3724,0.0
3725,0.0
3726,0.0
3727,0.0
3728,0.0
3729,0.0
3730,0.0
3731,0.0
3732,0.0
3733,0.0
3734,0.0
3735,0.0
3736,0.0
3737,0.0
3738,0.0
3739,0.0
3740,0.0
3741,0.0
3742,0.0
3743,0.0
3744,0.0
3745,0.0
3746,0.0
3747,0.0
3748,0.0
3749,0.0
3750,0.0
3751,0.0
3752,0.0
3753,0.0
3754,0.0
3755,0.0
3756,0.0
3757,0.0
3758,0.0
3759,0.0
3760,0.0
3761,0.0
3762,0.0
3763,0.0
3764,0.0
3765,0.0
3766,0.0
3767,0.0
3768,0.0
3769,0.0
3770,0.0
3771,0.0
3772,0.0
3773,0.0
3774,0.0
3775,0.0
3776,0.0
3777,0.0
3778,0.0
3779,0.0
3780,0.0
3781,0.0
3782,0.0
3783,0.0
3784,0.0
3785,0.0
3786,0.0
3787,0.0
3788,0.0
3789,0.0
3790,0.0
3791,0.0
3792,0.0
3793,0.0
3794,0.0
3795,0.0
3796,0.0
3797,0.0
3798,0.0
3799,0.0
3800,0.0
3801,0.0
3802,0.0
3803,0.0
3804,0.0
3805,0.0
3806,0.0
3807,0.0
3808,0.0
3809,0.0
3810,0.0
3811,0.0
3812,0.0
3813,0.0
3814,0.0
3815,0.0
3816,0.0
3817,0.0
3818,0.0
3819,0.0
3820,0.0
3821,0.0
3822,0.0
3823,0.0
3824,0.0
3825,0.0
3826,0.0
3827,0.0
3828,0.0
3829,0.0
3830,0.0
3831,0.0
3832,0.0
3833,0.0
3834,0.0
3835,0.0
3836,0.0
3837,0.0
3838,0.0
3839,0.0
3840,0.0
3841,0.0
3842,0.0
3843,0.0
3844,0.0
3845,0.0
3846,0.0
3847,0.0
3848,0.0
3849,0.0
3850,0.0
3851,0.0
3852,0.0
3853,0.0
3854,0.0
3855,0.0
3856,0.0
3857,0.0
3858,0.0
3859,0.0
3860,0.0
3861,0.0
3862,0.0
3863,0.0
3864,0.0
3865,0.0
3866,0.0
3867,0.0
3868,0.0
3869,0.0
3870,0.0
3871,0.0
3872,0.0
3873,0.0
3874,0.0
3875,0.0
3876,0.0
3877,0.0
3878,0.0
3879,0.0
3880,0.0
3881,0.0
3882,0.0
3883,0.0
3884,0.0
3885,0.0
3886,0.0
3887,0.0
3888,0.0
3889,0.0
3890,0.0
3891,0.0
3892,0.0
3893,0.0
3894,0.0
3895,0.0
3896,0.0
3897,0.0
3898,0.0
3899,0.0
3900,0.0
3901,0.0
3902,0.0
3903,0.0
3904,0.0
3905,0.0
3906,0.0
3907,0.0
3908,0.0
3909,0.0
3910,0.0
3911,0.0
3912,0.0
3913,0.0
3914,0.0
3915,0.0
3916,0.0
3917,0.0
3918,0.0
3919,0.0
3920,0.0
3921,0.0
3922,0.0
3923,0.0
3924,0.0
3925,0.0
3926,0.0
3927,0.0
3928,0.0
3929,0.0
3930,0.0
3931,0.0
3932,0.0
3933,0.0
3934,0.0
3935,0.0
3936,0.0
3937,0.0
3938,0.0
3939,0.0
3940,0.0
3941,0.0
3942,0.0
3943,0.0
3944,0.0
3945,0.0
3946,0.0
3947,0.0
3948,0.0
3949,0.0
3950,0.0
3951,0.0
3952,0.0
3953,0.0
3954,0.0
3955,0.0
3956,0.0
3957,0.0
3958,0.0
3959,0.0
3960,0.0
3961,0.0
3962,0.0
3963,0.0
3964,0.0
3965,0.0
3966,0.0
3967,0.0
3968,0.0
3969,0.0
3970,0.0
3971,0.0
3972,0.0
3973,0.0
3974,0.0
3975,0.0
3976,0.0
3977,0.0
3978,0.0
3979,0.0
3980,0.0
3981,0.0
3982,0.0
3983,0.0
3984,0.0
3985,0.0
3986,0.0
3987,0.0
3988,0.0
3989,0.0
3990,0.0
3991,0.0
3992,0.0
3993,0.0
3994,0.0
3995,0.0
3996,0.0
3997,0.0
3998,0.0
3999,0.0
4000,0.0
4001,0.0
4002,0.0
4003,0.0
4004,0.0
4005,0.0
4006,0.0
4007,0.0
4008,0.0
4009,0.0
4010,0.0
4011,0.0
4012,0.0
4013,0.0
4014,0.0
4015,0.0
4016,0.0
4017,0.0
4018,0.0
4019,0.0
4020,0.0
4021,0.0
4022,0.0
4023,0.0
4024,0.0
4025,0.0
4026,0.0
4027,0.0
4028,0.0
4029,0.0
4030,0.0
4031,0.0
4032,0.0
4033,0.0
4034,0.0
4035,0.0
4036,0.0
4037,0.0
4038,0.0
4039,0.0
4040,0.0
4041,0.0
4042,0.0
4043,0.0
4044,0.0
4045,0.0
4046,0.0
4047,0.0
4048,0.0
4049,0.0
4050,0.0
4051,0.0
4052,0.0
4053,0.0
4054,0.0
4055,0.0
4056,0.0
4057,0.0
4058,0.0
4059,0.0
4060,0.0
4061,0.0
4062,0.0
4063,0.0
4064,0.0
4065,0.0
4066,0.0
4067,0.0
4068,0.0
4069,0.0
4070,0.0
4071,0.0
4072,0.0
4073,0.0
4074,0.0
4075,0.0
4076,0.0
4077,0.0
4078,0.0
4079,0.0
4080,0.0
4081,0.0
4082,0.0
4083,0.0
4084,0.0
4085,0.0
4086,0.0
4087,0.0
4088,0.0
4089,0.0
4090,0.0
4091,0.0
4092,0.0
4093,0.0
4094,0.0
4095,0.0
4096,0.0
4097,0.0
4098,0.0
4099,0.0
4100,0.0
4101,0.0
4102,0.0
4103,0.0
4104,0.0
4105,0.0
4106,0.0
4107,0.0
4108,0.0
4109,0.0
4110,0.0
4111,0.0
4112,0.0
4113,0.0
4114,0.0
4115,0.0
4116,0.0
4117,0.0
4118,0.0
4119,0.0
4120,0.0
4121,0.0
4122,0.0
4123,0.0
4124,0.0
4125,0.0
4126,0.0
4127,0.0
4128,0.0
4129,0.0
4130,0.0
4131,0.0
4132,0.0
4133,0.0
4134,0.0
4135,0.0
4136,0.0
4137,0.0
4138,0.0
4139,0.0
4140,0.0
4141,0.0
4142,0.0
4143,0.0
4144,0.0
4145,0.0
4146,0.0
4147,0.0
4148,0.0
4149,0.0
4150,0.0
4151,0.0
4152,0.0
4153,0.0
4154,0.0
4155,0.0
4156,0.0
4157,0.0
4158,0.0
4159,0.0
4160,0.0
4161,0.0
4162,0.0
4163,0.0
4164,0.0
4165,0.0
4166,0.0
4167,0.0
4168,0.0
4169,0.0
4170,0.0
4171,0.0
4172,0.0
4173,0.0
4174,0.0
4175,0.0
4176,0.0
4177,0.0
4178,0.0
4179,0.0
4180,0.0
4181,0.0
4182,0.0
4183,0.0
4184,0.0
4185,0.0
4186,0.0
4187,0.0
4188,0.0
4189,0.0
4190,0.0
4191,0.0
4192,0.0
4193,0.0
4194,0.0
4195,0.0
4196,0.0
4197,0.0
4198,0.0
4199,0.0
4200,0.0
4201,0.0
4202,0.0
4203,0.0
4204,0.0
4205,0.0
4206,0.0
4207,0.0
4208,0.0
4209,0.0
4210,0.0
4211,0.0
4212,0.0
4213,0.0
4214,0.0
4215,0.0
4216,0.0
4217,0.0
4218,0.0
4219,0.0
4220,0.0
4221,0.0
4222,0.0
4223,0.0
4224,0.0
4225,0.0
4226,0.0
4227,0.0
4228,0.0
4229,0.0
4230,0.0
4231,0.0
4232,0.0
4233,0.0
4234,0.0
4235,0.0
4236,0.0
4237,0.0
4238,0.0
4239,0.0
4240,0.0
4241,0.0
4242,0.0
4243,0.0
4244,0.0
4245,0.0
4246,0.0
4247,0.0
4248,0.0
4249,0.0
4250,0.0
4251,0.0
4252,0.0
4253,0.0
4254,0.0
4255,0.0
4256,0.0
4257,0.0
4258,0.0
4259,0.0
4260,0.0
4261,0.0
4262,0.0
4263,0.0
4264,0.0
4265,0.0
4266,0.0
4267,0.0
4268,0.0
4269,0.0
4270,0.0
4271,0.0
4272,0.0
4273,0.0
4274,0.0
4275,0.0
4276,0.0
4277,0.0
4278,0.0
4279,0.0
4280,0.0
4281,0.0
4282,0.0
4283,0.0
4284,0.0
4285,0.0
4286,0.0
4287,0.0
4288,0.0
4289,0.0
4290,0.0
4291,0.0
4292,0.0
4293,0.0
4294,0.0
4295,0.0
4296,0.0
4297,0.0
4298,0.0
4299,0.0
4300,0.0
4301,0.0
4302,0.0
4303,0.0
4304,0.0
4305,0.0
4306,0.0
4307,0.0
4308,0.0
4309,0.0
4310,0.0
4311,0.0
4312,0.0
4313,0.0
4314,0.0
4315,0.0
4316,0.0
4317,0.0
4318,0.0
4319,0.0
4320,0.0
4321,0.0
4322,0.0
4323,0.0
4324,0.0
4325,0.0
4326,0.0
4327,0.0
4328,0.0
4329,0.0
4330,0.0
4331,0.0
4332,0.0
4333,0.0
4334,0.0
4335,0.0
4336,0.0
4337,0.0
4338,0.0
4339,0.0
4340,0.0
4341,0.0
4342,0.0
4343,0.0
4344,0.0
4345,0.0
4346,0.0
4347,0.0
4348,0.0
4349,0.0
4350,0.0
4351,0.0
4352,0.0
4353,0.0
4354,0.0
4355,0.0
4356,0.0
4357,0.0
4358,0.0
4359,0.0
4360,0.0
4361,0.0
4362,0.0
4363,0.0
4364,0.0
4365,0.0
4366,0.0
4367,0.0
4368,0.0
4369,0.0
4370,0.0
4371,0.0
4372,0.0
4373,0.0
4374,0.0
4375,0.0
4376,0.0
4377,0.0
4378,0.0
4379,0.0
4380,0.0
4381,0.0
4382,0.0
4383,0.0
4384,0.0
4385,0.0
4386,0.0
4387,0.0
4388,0.0
4389,0.0
4390,0.0
4391,0.0
4392,0.0
4393,0.0
4394,0.0
4395,0.0
4396,0.0
4397,0.0
4398,0.0
4399,0.0
4400,0.0
4401,0.0
4402,0.0
4403,0.0
4404,0.0
4405,0.0
4406,0.0
4407,0.0
4408,0.0
4409,0.0
4410,0.0
4411,0.0
4412,0.0
4413,0.0
4414,0.0
4415,0.0
4416,0.0
4417,0.0
4418,0.0
4419,0.0
4420,0.0
4421,0.0
4422,0.0
4423,0.0
4424,0.0
4425,0.0
4426,0.0
4427,0.0
4428,0.0
4429,0.0
4430,0.0
4431,0.0
4432,0.0
4433,0.0
4434,0.0
4435,0.0
4436,0.0
4437,0.0
4438,0.0
4439,0.0
4440,0.0
4441,0.0
4442,0.0
4443,0.0
4444,0.0
4445,0.0
4446,0.0
4447,0.0
4448,0.0
4449,0.0
4450,0.0
4451,0.0
4452,0.0
4453,0.0
4454,0.0
4455,0.0
4456,0.0
4457,0.0
4458,0.0
4459,0.0
4460,0.0
4461,0.0
4462,0.0
4463,0.0
4464,0.0
4465,0.0
4466,0.0
4467,0.0
4468,0.0
4469,0.0
4470,0.0
4471,0.0
4472,0.0
4473,0.0
4474,0.0
4475,0.0
4476,0.0
4477,0.0
4478,0.0
4479,0.0
4480,0.0
4481,0.0
4482,0.0
4483,0.0
4484,0.0
4485,0.0
4486,0.0
4487,0.0
4488,0.0
4489,0.0
4490,0.0
4491,0.0
4492,0.0
4493,0.0
4494,0.0
4495,0.0
4496,0.0
4497,0.0
4498,0.0
4499,0.0
4500,0.0
4501,0.0
4502,0.0
4503,0.0
4504,0.0
4505,0.0
4506,0.0
4507,0.0
4508,0.0
4509,0.0
4510,0.0
4511,0.0
4512,0.0
4513,0.0
4514,0.0
4515,0.0
4516,0.0
4517,0.0
4518,0.0
4519,0.0
4520,0.0
4521,0.0
4522,0.0
4523,0.0
4524,0.0
4525,0.0
4526,0.0
4527,0.0
4528,0.0
4529,0.0
4530,0.0
4531,0.0
4532,0.0
4533,0.0
4534,0.0
4535,0.0
4536,0.0
4537,0.0
4538,0.0
4539,0.0
4540,0.0
4541,0.0
4542,0.0
4543,0.0
4544,0.0
4545,0.0
4546,0.0
4547,0.0
4548,0.0
4549,0.0
4550,0.0
4551,0.0
4552,0.0
4553,0.0
4554,0.0
4555,0.0
4556,0.0
4557,0.0
4558,0.0
4559,0.0
4560,0.0
4561,0.0
4562,0.0
4563,0.0
4564,0.0
4565,0.0
4566,0.0
4567,0.0
4568,0.0
4569,0.0
4570,0.0
4571,0.0
4572,0.0
4573,0.0
4574,0.0
4575,0.0
4576,0.0
4577,0.0
4578,0.0
4579,0.0
4580,0.0
4581,0.0
4582,0.0
4583,0.0
4584,0.0
4585,0.0
4586,0.0
4587,0.0
4588,0.0
4589,0.0
4590,0.0
4591,0.0
4592,0.0
4593,0.0
4594,0.0
4595,0.0
4596,0.0
4597,0.0
4598,0.0
4599,0.0
4600,0.0
4601,0.0
4602,0.0
4603,0.0
4604,0.0
4605,0.0
4606,0.0
4607,0.0
4608,0.0
4609,0.0
4610,0.0
4611,0.0
4612,0.0
4613,0.0
4614,0.0
4615,0.0
4616,0.0
4617,0.0
4618,0.0
4619,0.0
4620,0.0
4621,0.0
4622,0.0
4623,0.0
4624,0.0
4625,0.0
4626,0.0
4627,0.0
4628,0.0
4629,0.0
4630,0.0
4631,0.0
4632,0.0
4633,0.0
4634,0.0
4635,0.0
4636,0.0
4637,0.0
4638,0.0
4639,0.0
4640,0.0
4641,0.0
4642,0.0
4643,0.0
4644,0.0
4645,0.0
4646,0.0
4647,0.0
4648,0.0
4649,0.0
4650,0.0
4651,0.0
4652,0.0
4653,0.0
4654,0.0
4655,0.0
4656,0.0
4657,0.0
4658,0.0
4659,0.0
4660,0.0
4661,0.0
4662,0.0
4663,0.0
4664,0.0
4665,0.0
4666,0.0
4667,0.0
4668,0.0
4669,0.0
4670,0.0
4671,0.0
4672,0.0
4673,0.0
4674,0.0
4675,0.0
4676,0.0
4677,0.0
4678,0.0
4679,0.0
4680,0.0
4681,0.0
4682,0.0
4683,0.0
4684,0.0
4685,0.0
4686,0.0
4687,0.0
4688,0.0
4689,0.0
4690,0.0
4691,0.0
4692,0.0
4693,0.0
4694,0.0
4695,0.0
4696,0.0
4697,0.0
4698,0.0
4699,0.0
4700,0.0
4701,0.0
4702,0.0
4703,0.0
4704,0.0
4705,0.0
4706,0.0
4707,0.0
4708,0.0
4709,0.0
4710,0.0
4711,0.0
4712,0.0
4713,0.0
4714,0.0
4715,0.0
4716,0.0
4717,0.0
4718,0.0
4719,0.0
4720,0.0
4721,0.0
4722,0.0
4723,0.0
4724,0.0
4725,0.0
4726,0.0
4727,0.0
4728,0.0
4729,0.0
4730,0.0
4731,0.0
4732,0.0
4733,0.0
4734,0.0
4735,0.0
4736,0.0
4737,0.0
4738,0.0
4739,0.0
4740,0.0
4741,0.0
4742,0.0
4743,0.0
4744,0.0
4745,0.0
4746,0.0
4747,0.0
4748,0.0
4749,0.0
4750,0.0
4751,0.0
4752,0.0
4753,0.0
4754,0.0
4755,0.0
4756,0.0
4757,0.0
4758,0.0
4759,0.0
4760,0.0
4761,0.0
4762,0.0
4763,0.0
4764,0.0
4765,0.0
4766,0.0
4767,0.0
4768,0.0
4769,0.0
4770,0.0
4771,0.0
4772,0.0
4773,0.0
4774,0.0
4775,0.0
4776,0.0
4777,0.0
4778,0.0
4779,0.0
4780,0.0
4781,0.0
4782,0.0
4783,0.0
4784,0.0
4785,0.0
4786,0.0
4787,0.0
4788,0.0
4789,0.0
4790,0.0
4791,0.0
4792,0.0
4793,0.0
4794,0.0
4795,0.0
4796,0.0
4797,0.0
4798,0.0
4799,0.0
4800,0.0
4801,0.0
4802,0.0
4803,0.0
4804,0.0
4805,0.0
4806,0.0
4807,0.0
4808,0.0
4809,0.0
4810,0.0
4811,0.0
4812,0.0
4813,0.0
4814,0.0
4815,0.0
4816,0.0
4817,0.0
4818,0.0
4819,0.0
4820,0.0
4821,0.0
4822,0.0
4823,0.0
4824,0.0
4825,0.0
4826,0.0
4827,0.0
4828,0.0
4829,0.0
4830,0.0
4831,0.0
4832,0.0
4833,0.0
4834,0.0
4835,0.0
4836,0.0
4837,0.0
4838,0.0
4839,0.0
4840,0.0
4841,0.0
4842,0.0
4843,0.0
4844,0.0
4845,0.0
4846,0.0
4847,0.0
4848,0.0
4849,0.0
4850,0.0
4851,0.0
4852,0.0
4853,0.0
4854,0.0
4855,0.0
4856,0.0
4857,0.0
4858,0.0
4859,0.0
4860,0.0
4861,0.0
4862,0.0
4863,0.0
4864,0.0
4865,0.0
4866,0.0
4867,0.0
4868,0.0
4869,0.0
4870,0.0
4871,0.0
4872,0.0
4873,0.0
4874,0.0
4875,0.0
4876,0.0
4877,0.0
4878,0.0
4879,0.0
4880,0.0
4881,0.0
4882,0.0
4883,0.0
4884,0.0
4885,0.0
4886,0.0
4887,0.0
4888,0.0
4889,0.0
4890,0.0
4891,0.0
4892,0.0
4893,0.0
4894,0.0
4895,0.0
4896,0.0
4897,0.0
4898,0.0
4899,0.0
4900,0.0
4901,0.0
4902,0.0
4903,0.0
4904,0.0
4905,0.0
4906,0.0
4907,0.0
4908,0.0
4909,0.0
4910,0.0
4911,0.0
4912,0.0
4913,0.0
4914,0.0
4915,0.0
4916,0.0
4917,0.0
4918,0.0
4919,0.0
4920,0.0
4921,0.0
4922,0.0
4923,0.0
4924,0.0
4925,0.0
4926,0.0
4927,0.0
4928,0.0
4929,0.0
4930,0.0
4931,0.0
4932,0.0
4933,0.0
4934,0.0
4935,0.0
4936,0.0
4937,0.0
4938,0.0
4939,0.0
4940,0.0
4941,0.0
4942,0.0
4943,0.0
4944,0.0
4945,0.0
4946,0.0
4947,0.0
4948,0.0
4949,0.0
4950,0.0
4951,0.0
4952,0.0
4953,0.0
4954,0.0
4955,0.0
4956,0.0
4957,0.0
4958,0.0
4959,0.0
4960,0.0
4961,0.0
4962,0.0
4963,0.0
4964,0.0
4965,0.0
4966,0.0
4967,0.0
4968,0.0
4969,0.0
4970,0.0
4971,0.0
4972,0.0
4973,0.0
4974,0.0
4975,0.0
4976,0.0
4977,0.0
4978,0.0
4979,0.0
4980,0.0
4981,0.0
4982,0.0
4983,0.0
4984,0.0
4985,0.0
4986,0.0
4987,0.0
4988,0.0
4989,0.0
4990,0.0
4991,0.0
4992,0.0
4993,0.0
4994,0.0
4995,0.0
4996,0.0
4997,0.0
4998,0.0
4999,0.0
5000,0.0
5001,0.0
5002,0.0
5003,0.0
5004,0.0
5005,0.0
5006,0.0
5007,0.0
5008,0.0
5009,0.0
5010,0.0
5011,0.0
5012,0.0
5013,0.0
5014,0.0
5015,0.0
5016,0.0
5017,0.0
5018,0.0
5019,0.0
5020,0.0
5021,0.0
5022,0.0
5023,0.0
5024,0.0
5025,0.0
5026,0.0
5027,0.0
5028,0.0
5029,0.0
5030,0.0
5031,0.0
5032,0.0
5033,0.0
5034,0.0
5035,0.0
5036,0.0
5037,0.0
5038,0.0
5039,0.0
5040,0.0
5041,0.0
5042,0.0
5043,0.0
5044,0.0
5045,0.0
5046,0.0
5047,0.0
5048,0.0
5049,0.0
5050,0.0
5051,0.0
5052,0.0
5053,0.0
5054,0.0
5055,0.0
5056,0.0
5057,0.0
5058,0.0
5059,0.0
5060,0.0
5061,0.0
5062,0.0
5063,0.0
5064,0.0
5065,0.0
5066,0.0
5067,0.0
5068,0.0
5069,0.0
5070,0.0
5071,0.0
5072,0.0
5073,0.0
5074,0.0
5075,0.0
5076,0.0
5077,0.0
5078,0.0
5079,0.0
5080,0.0
5081,0.0
5082,0.0
5083,0.0
5084,0.0
5085,0.0
5086,0.0
5087,0.0
5088,0.0
5089,0.0
5090,0.0
5091,0.0
5092,0.0
5093,0.0
5094,0.0
5095,0.0
5096,0.0
5097,0.0
5098,0.0
5099,0.0
5100,0.0
5101,0.0
5102,0.0
5103,0.0
5104,0.0
5105,0.0
5106,0.0
5107,0.0
5108,0.0
5109,0.0
5110,0.0
5111,0.0
5112,0.0
5113,0.0
5114,0.0
5115,0.0
5116,0.0
5117,0.0
5118,0.0
5119,0.0
5120,0.0
5121,0.0
5122,0.0
5123,0.0
5124,0.0
5125,0.0
5126,0.0
5127,0.0
5128,0.0
5129,0.0
5130,0.0
5131,0.0
5132,0.0
5133,0.0
5134,0.0
5135,0.0
5136,0.0
5137,0.0
5138,0.0
5139,0.0
5140,0.0
5141,0.0
5142,0.0
5143,0.0
5144,0.0
5145,0.0
5146,0.0
5147,0.0
5148,0.0
5149,0.0
5150,0.0
5151,0.0
5152,0.0
5153,0.0
5154,0.0
5155,0.0
5156,0.0
5157,0.0
5158,0.0
5159,0.0
5160,0.0
5161,0.0
5162,0.0
5163,0.0
5164,0.0
5165,0.0
5166,0.0
5167,0.0
5168,0.0
5169,0.0
5170,0.0
5171,0.0
5172,0.0
5173,0.0
5174,0.0
5175,0.0
5176,0.0
5177,0.0
5178,0.0
5179,0.0
5180,0.0
5181,0.0
5182,0.0
5183,0.0
5184,0.0
5185,0.0
5186,0.0
5187,0.0
5188,0.0
5189,0.0
5190,0.0
5191,0.0
5192,0.0
5193,0.0
5194,0.0
5195,0.0
5196,0.0
5197,0.0
5198,0.0
5199,0.0
5200,0.0
5201,0.0
5202,0.0
5203,0.0
5204,0.0
5205,0.0
5206,0.0
5207,0.0
5208,0.0
5209,0.0
5210,0.0
5211,0.0
5212,0.0
5213,0.0
5214,0.0
5215,0.0
5216,0.0
5217,0.0
5218,0.0
5219,0.0
5220,0.0
5221,0.0
5222,0.0
5223,0.0
5224,0.0
5225,0.0
5226,0.0
5227,0.0
5228,0.0
5229,0.0
5230,0.0
5231,0.0
5232,0.0
5233,0.0
5234,0.0
5235,0.0
5236,0.0
5237,0.0
5238,0.0
5239,0.0
5240,0.0
5241,0.0
5242,0.0
5243,0.0
5244,0.0
5245,0.0
5246,0.0
5247,0.0
5248,0.0
5249,0.0
5250,0.0
5251,0.0
5252,0.0
5253,0.0
5254,0.0
5255,0.0
5256,0.0
5257,0.0
5258,0.0
5259,0.0
5260,0.0
5261,0.0
5262,0.0
5263,0.0
5264,0.0
5265,0.0
5266,0.0
5267,0.0
5268,0.0
5269,0.0
5270,0.0
5271,0.0
5272,0.0
5273,0.0
5274,0.0
5275,0.0
5276,0.0
5277,0.0
5278,0.0
5279,0.0
5280,0.0
5281,0.0
5282,0.0
5283,0.0
5284,0.0
5285,0.0
5286,0.0
5287,0.0
5288,0.0
5289,0.0
5290,0.0
5291,0.0
5292,0.0
5293,0.0
5294,0.0
5295,0.0
5296,0.0
5297,0.0
5298,0.0
5299,0.0
5300,0.0
5301,0.0
5302,0.0
5303,0.0
5304,0.0
5305,0.0
5306,0.0
5307,0.0
5308,0.0
5309,0.0
5310,0.0
5311,0.0
5312,0.0
5313,0.0
5314,0.0
5315,0.0
5316,0.0
5317,0.0
5318,0.0
5319,0.0
5320,0.0
5321,0.0
5322,0.0
5323,0.0
5324,0.0
5325,0.0
5326,0.0
5327,0.0
5328,0.0
5329,0.0
5330,0.0
5331,0.0
5332,0.0
5333,0.0
5334,0.0
5335,0.0
5336,0.0
5337,0.0
5338,0.0
5339,0.0
5340,0.0
5341,0.0
5342,0.0
5343,0.0
5344,0.0
5345,0.0
5346,0.0
5347,0.0
5348,0.0
5349,0.0
5350,0.0
5351,0.0
5352,0.0
5353,0.0
5354,0.0
5355,0.0
5356,0.0
5357,0.0
5358,0.0
5359,0.0
5360,0.0
5361,0.0
5362,0.0
5363,0.0
5364,0.0
5365,0.0
5366,0.0
5367,0.0
5368,0.0
5369,0.0
5370,0.0
5371,0.0
5372,0.0
5373,0.0
5374,0.0
5375,0.0
5376,0.0
5377,0.0
5378,0.0
5379,0.0
5380,0.0
5381,0.0
5382,0.0
5383,0.0
5384,0.0
5385,0.0
5386,0.0
5387,0.0
5388,0.0
5389,0.0
5390,0.0
5391,0.0
5392,0.0
5393,0.0
5394,0.0
5395,0.0
5396,0.0
5397,0.0
5398,0.0
5399,0.0
5400,0.0
5401,0.0
5402,0.0
5403,0.0
5404,0.0
5405,0.0
5406,0.0
5407,0.0
5408,0.0
5409,0.0
5410,0.0
5411,0.0
5412,0.0
5413,0.0
5414,0.0
5415,0.0
5416,0.0
5417,0.0
5418,0.0
5419,0.0
5420,0.0
5421,0.0
5422,0.0
5423,0.0
5424,0.0
5425,0.0
5426,0.0
5427,0.0
5428,0.0
5429,0.0
5430,0.0
5431,0.0
5432,0.0
5433,0.0
5434,0.0
5435,0.0
5436,0.0
5437,0.0
5438,0.0
5439,0.0
5440,0.0
5441,0.0
5442,0.0
5443,0.0
5444,0.0
5445,0.0
5446,0.0
5447,0.0
5448,0.0
5449,0.0
5450,0.0
5451,0.0
5452,0.0
5453,0.0
5454,0.0
5455,0.0
5456,0.0
5457,0.0
5458,0.0
5459,0.0
5460,0.0
5461,0.0
5462,0.0
5463,0.0
5464,0.0
5465,0.0
5466,0.0
5467,0.0
5468,0.0
5469,0.0
5470,0.0
5471,0.0
5472,0.0
5473,0.0
5474,0.0
5475,0.0
5476,0.0
5477,0.0
5478,0.0
5479,0.0
5480,0.0
5481,0.0
5482,0.0
5483,0.0
5484,0.0
5485,0.0
5486,0.0
5487,0.0
5488,0.0
5489,0.0
5490,0.0
5491,0.0
5492,0.0
5493,0.0
5494,0.0
5495,0.0
5496,0.0
5497,0.0
5498,0.0
5499,0.0
5500,0.0
5501,0.0
5502,0.0
5503,0.0
5504,0.0
5505,0.0
5506,0.0
5507,0.0
5508,0.0
5509,0.0
5510,0.0
5511,0.0
5512,0.0
5513,0.0
5514,0.0
5515,0.0
5516,0.0
5517,0.0
5518,0.0
5519,0.0
5520,0.0
5521,0.0
5522,0.0
5523,0.0
5524,0.0
5525,0.0
5526,0.0
5527,0.0
5528,0.0
5529,0.0
5530,0.0
5531,0.0
5532,0.0
5533,0.0
5534,0.0
5535,0.0
5536,0.0
5537,0.0
5538,0.0
5539,0.0
5540,0.0
5541,0.0
5542,0.0
5543,0.0
5544,0.0
5545,0.0
5546,0.0
5547,0.0
5548,0.0
5549,0.0
5550,0.0
5551,0.0
5552,0.0
5553,0.0
5554,0.0
5555,0.0
5556,0.0
5557,0.0
5558,0.0
5559,0.0
5560,0.0
5561,0.0
5562,0.0
5563,0.0
5564,0.0
5565,0.0
5566,0.0
5567,0.0
5568,0.0
5569,0.0
5570,0.0
5571,0.0
5572,0.0
5573,0.0
5574,0.0
5575,0.0
5576,0.0
5577,0.0
5578,0.0
5579,0.0
5580,0.0
5581,0.0
5582,0.0
5583,0.0
5584,0.0
5585,0.0
5586,0.0
5587,0.0
5588,0.0
5589,0.0
5590,0.0
5591,0.0
5592,0.0
5593,0.0
5594,0.0
5595,0.0
5596,0.0
5597,0.0
5598,0.0
5599,0.0
5600,0.0
5601,0.0
5602,0.0
5603,0.0
5604,0.0
5605,0.0
5606,0.0
5607,0.0
5608,0.0
5609,0.0
5610,0.0
5611,0.0
5612,0.0
5613,0.0
5614,0.0
5615,0.0
5616,0.0
5617,0.0
5618,0.0
5619,0.0
5620,0.0
5621,0.0
5622,0.0
5623,0.0
5624,0.0
5625,0.0
5626,0.0
5627,0.0
5628,0.0
5629,0.0
5630,0.0
5631,0.0
5632,0.0
5633,0.0
5634,0.0
5635,0.0
5636,0.0
5637,0.0
5638,0.0
5639,0.0
5640,0.0
5641,0.0
5642,0.0
5643,0.0
5644,0.0
5645,0.0
5646,0.0
5647,0.0
5648,0.0
5649,0.0
5650,0.0
5651,0.0
5652,0.0
5653,0.0
5654,0.0
5655,0.0
5656,0.0
5657,0.0
5658,0.0
5659,0.0
5660,0.0
5661,0.0
5662,0.0
5663,0.0
5664,0.0
5665,0.0
5666,0.0
5667,0.0
5668,0.0
5669,0.0
5670,0.0
5671,0.0
5672,0.0
5673,0.0
5674,0.0
5675,0.0
5676,0.0
5677,0.0
5678,0.0
5679,0.0
5680,0.0
5681,0.0
5682,0.0
5683,0.0
5684,0.0
5685,0.0
5686,0.0
5687,0.0
5688,0.0
5689,0.0
5690,0.0
5691,0.0
5692,0.0
5693,0.0
5694,0.0
5695,0.0
5696,0.0
5697,0.0
5698,0.0
5699,0.0
5700,0.0
5701,0.0
5702,0.0
5703,0.0
5704,0.0
5705,0.0
5706,0.0
5707,0.0
5708,0.0
5709,0.0
5710,0.0
5711,0.0
5712,0.0
5713,0.0
5714,0.0
5715,0.0
5716,0.0
5717,0.0
5718,0.0
5719,0.0
5720,0.0
5721,0.0
5722,0.0
5723,0.0
5724,0.0
5725,0.0
5726,0.0
5727,0.0
5728,0.0
5729,0.0
5730,0.0
5731,0.0
5732,0.0
5733,0.0
5734,0.0
5735,0.0
5736,0.0
5737,0.0
5738,0.0
5739,0.0
5740,0.0
5741,0.0
5742,0.0
5743,0.0
5744,0.0
5745,0.0
5746,0.0
5747,0.0
5748,0.0
5749,0.0
5750,0.0
5751,0.0
5752,0.0
5753,0.0
5754,0.0
5755,0.0
5756,0.0
5757,0.0
5758,0.0
5759,0.0
5760,0.0
5761,0.0
5762,0.0
5763,0.0
5764,0.0
5765,0.0
5766,0.0
5767,0.0
5768,0.0
5769,0.0
5770,0.0
5771,0.0
5772,0.0
5773,0.0
5774,0.0
5775,0.0
5776,0.0
5777,0.0
5778,0.0
5779,0.0
5780,0.0
5781,0.0
5782,0.0
5783,0.0
5784,0.0
5785,0.0
5786,0.0
5787,0.0
5788,0.0
5789,0.0
5790,0.0
5791,0.0
5792,0.0
5793,0.0
5794,0.0
5795,0.0
5796,0.0
5797,0.0
5798,0.0
5799,0.0
5800,0.0
5801,0.0
5802,0.0
5803,0.0
5804,0.0
5805,0.0
5806,0.0
5807,0.0
5808,0.0
5809,0.0
5810,0.0
5811,0.0
5812,0.0
5813,0.0
5814,0.0
5815,0.0
5816,0.0
5817,0.0
5818,0.0
5819,0.0
5820,0.0
5821,0.0
5822,0.0
5823,0.0
5824,0.0
5825,0.0
5826,0.0
5827,0.0
5828,0.0
5829,0.0
5830,0.0
5831,0.0
5832,0.0
5833,0.0
5834,0.0
5835,0.0
5836,0.0
5837,0.0
5838,0.0
5839,0.0
5840,0.0
5841,0.0
5842,0.0
5843,0.0
5844,0.0
5845,0.0
5846,0.0
5847,0.0
5848,0.0
5849,0.0
5850,0.0
5851,0.0
5852,0.0
5853,0.0
5854,0.0
5855,0.0
5856,0.0
5857,0.0
5858,0.0
5859,0.0
5860,0.0
5861,0.0
5862,0.0
5863,0.0
5864,0.0
5865,0.0
5866,0.0
5867,0.0
5868,0.0
5869,0.0
5870,0.0
5871,0.0
5872,0.0
5873,0.0
5874,0.0
5875,0.0
5876,0.0
5877,0.0
5878,0.0
5879,0.0
5880,0.0
5881,0.0
5882,0.0
5883,0.0
5884,0.0
5885,0.0
5886,0.0
5887,0.0
5888,0.0
5889,0.0
5890,0.0
5891,0.0
5892,0.0
5893,0.0
5894,0.0
5895,0.0
5896,0.0
5897,0.0
5898,0.0
5899,0.0
5900,0.0
5901,0.0
5902,0.0
5903,0.0
5904,0.0
5905,0.0
5906,0.0
5907,0.0
5908,0.0
5909,0.0
5910,0.0
5911,0.0
5912,0.0
5913,0.0
5914,0.0
5915,0.0
5916,0.0
5917,0.0
5918,0.0
5919,0.0
5920,0.0
5921,0.0
5922,0.0
5923,0.0
5924,0.0
5925,0.0
5926,0.0
5927,0.0
5928,0.0
5929,0.0
5930,0.0
5931,0.0
5932,0.0
5933,0.0
5934,0.0
5935,0.0
5936,0.0
5937,0.0
5938,0.0
5939,0.0
5940,0.0
5941,0.0
5942,0.0
5943,0.0
5944,0.0
5945,0.0
5946,0.0
5947,0.0
5948,0.0
5949,0.0
5950,0.0
5951,0.0
5952,0.0
5953,0.0
5954,0.0
5955,0.0
5956,0.0
5957,0.0
5958,0.0
5959,0.0
5960,0.0
5961,0.0
5962,0.0
5963,0.0
5964,0.0
5965,0.0
5966,0.0
5967,0.0
5968,0.0
5969,0.0
5970,0.0
5971,0.0
5972,0.0
5973,0.0
5974,0.0
5975,0.0
5976,0.0
5977,0.0
5978,0.0
5979,0.0
5980,0.0
5981,0.0
5982,0.0
5983,0.0
5984,0.0
5985,0.0
5986,0.0
5987,0.0
5988,0.0
5989,0.0
5990,0.0
5991,0.0
5992,0.0
5993,0.0
5994,0.0
5995,0.0
5996,0.0
5997,0.0
5998,0.0
5999,0.0
6000,0.0
6001,0.0
6002,0.0
6003,0.0
6004,0.0
6005,0.0
6006,0.0
6007,0.0
6008,0.0
6009,0.0
6010,0.0
6011,0.0
6012,0.0
6013,0.0
6014,0.0
6015,0.0
6016,0.0
6017,0.0
6018,0.0
6019,0.0
6020,0.0
6021,0.0
6022,0.0
6023,0.0
6024,0.0
6025,0.0
6026,0.0
6027,0.0
6028,0.0
6029,0.0
6030,0.0
6031,0.0
6032,0.0
6033,0.0
6034,0.0
6035,0.0
6036,0.0
6037,0.0
6038,0.0
6039,0.0
6040,0.0
6041,0.0
6042,0.0
6043,0.0
6044,0.0
6045,0.0
6046,0.0
6047,0.0
6048,0.0
6049,0.0
6050,0.0
6051,0.0
6052,0.0
6053,0.0
6054,0.0
6055,0.0
6056,0.0
6057,0.0
6058,0.0
6059,0.0
6060,0.0
6061,0.0
6062,0.0
6063,0.0
6064,0.0
6065,0.0
6066,0.0
6067,0.0
6068,0.0
6069,0.0
6070,0.0
6071,0.0
6072,0.0
6073,0.0
6074,0.0
6075,0.0
6076,0.0
6077,0.0
6078,0.0
6079,0.0
6080,0.0
6081,0.0
6082,0.0
6083,0.0
6084,0.0
6085,0.0
6086,0.0
6087,0.0
6088,0.0
6089,0.0
6090,0.0
6091,0.0
6092,0.0
6093,0.0
6094,0.0
6095,0.0
6096,0.0
6097,0.0
6098,0.0
6099,0.0
6100,0.0
6101,0.0
6102,0.0
6103,0.0
6104,0.0
6105,0.0
6106,0.0
6107,0.0
6108,0.0
6109,0.0
6110,0.0
6111,0.0
6112,0.0
6113,0.0
6114,0.0
6115,0.0
6116,0.0
6117,0.0
6118,0.0
6119,0.0
6120,0.0
6121,0.0
6122,0.0
6123,0.0
6124,0.0
6125,0.0
6126,0.0
6127,0.0
6128,0.0
6129,0.0
6130,0.0
6131,0.0
6132,0.0
6133,0.0
6134,0.0
6135,0.0
6136,0.0
6137,0.0
6138,0.0
6139,0.0
6140,0.0
6141,0.0
6142,0.0
6143,0.0
6144,0.0
6145,0.0
6146,0.0
6147,0.0
6148,0.0
6149,0.0
6150,0.0
6151,0.0
6152,0.0
6153,0.0
6154,0.0
6155,0.0
6156,0.0
6157,0.0
6158,0.0
6159,0.0
6160,0.0
6161,0.0
6162,0.0
6163,0.0
6164,0.0
6165,0.0
6166,0.0
6167,0.0
6168,0.0
6169,0.0
6170,0.0
6171,0.0
6172,0.0
6173,0.0
6174,0.0
6175,0.0
6176,0.0
6177,0.0
6178,0.0
6179,0.0
6180,0.0
6181,0.0
6182,0.0
6183,0.0
6184,0.0
6185,0.0
6186,0.0
6187,0.0
6188,0.0
6189,0.0
6190,0.0
6191,0.0
6192,0.0
6193,0.0
6194,0.0
6195,0.0
6196,0.0
6197,0.0
6198,0.0
6199,0.0
6200,0.0
6201,0.0
6202,0.0
6203,0.0
6204,0.0
6205,0.0
6206,0.0
6207,0.0
6208,0.0
6209,0.0
6210,0.0
6211,0.0
6212,0.0
6213,0.0
6214,0.0
6215,0.0
6216,0.0
6217,0.0
6218,0.0
6219,0.0
6220,0.0
6221,0.0
6222,0.0
6223,0.0
6224,0.0
6225,0.0
6226,0.0
6227,0.0
6228,0.0
6229,0.0
6230,0.0
6231,0.0
6232,0.0
6233,0.0
6234,0.0
6235,0.0
6236,0.0
6237,0.0
6238,0.0
6239,0.0
6240,0.0
6241,0.0
6242,0.0
6243,0.0
6244,0.0
6245,0.0
6246,0.0
6247,0.0
6248,0.0
6249,0.0
6250,0.0
6251,0.0
6252,0.0
6253,0.0
6254,0.0
6255,0.0
6256,0.0
6257,0.0
6258,0.0
6259,0.0
6260,0.0
6261,0.0
6262,0.0
6263,0.0
6264,0.0
6265,0.0
6266,0.0
6267,0.0
6268,0.0
6269,0.0
6270,0.0
6271,0.0
6272,0.0
6273,0.0
6274,0.0
6275,0.0
6276,0.0
6277,0.0
6278,0.0
6279,0.0
6280,0.0
6281,0.0
6282,0.0
6283,0.0
6284,0.0
6285,0.0
6286,0.0
6287,0.0
6288,0.0
6289,0.0
6290,0.0
6291,0.0
6292,0.0
6293,0.0
6294,0.0
6295,0.0
6296,0.0
6297,0.0
6298,0.0
6299,0.0
6300,0.0
6301,0.0
6302,0.0
6303,0.0
6304,0.0
6305,0.0
6306,0.0
6307,0.0
6308,0.0
6309,0.0
6310,0.0
6311,0.0
6312,0.0
6313,0.0
6314,0.0
6315,0.0
6316,0.0
6317,0.0
6318,0.0
6319,0.0
6320,0.0
6321,0.0
6322,0.0
6323,0.0
6324,0.0
6325,0.0
6326,0.0
6327,0.0
6328,0.0
6329,0.0
6330,0.0
6331,0.0
6332,0.0
6333,0.0
6334,0.0
6335,0.0
6336,0.0
6337,0.0
6338,0.0
6339,0.0
6340,0.0
6341,0.0
6342,0.0
6343,0.0
6344,0.0
6345,0.0
6346,0.0
6347,0.0
6348,0.0
6349,0.0
6350,0.0
6351,0.0
6352,0.0
6353,0.0
6354,0.0
6355,0.0
6356,0.0
6357,0.0
6358,0.0
6359,0.0
6360,0.0
6361,0.0
6362,0.0
6363,0.0
6364,0.0
6365,0.0
6366,0.0
6367,0.0
6368,0.0
6369,0.0
6370,0.0
6371,0.0
6372,0.0
6373,0.0
6374,0.0
6375,0.0
6376,0.0
6377,0.0
6378,0.0
6379,0.0
6380,0.0
6381,0.0
6382,0.0
6383,0.0
6384,0.0
6385,0.0
6386,0.0
6387,0.0
6388,0.0
6389,0.0
6390,0.0
6391,0.0
6392,0.0
6393,0.0
6394,0.0
6395,0.0
6396,0.0
6397,0.0
6398,0.0
6399,0.0
6400,0.0
6401,0.0
6402,0.0
6403,0.0
6404,0.0
6405,0.0
6406,0.0
6407,0.0
6408,0.0
6409,0.0
6410,0.0
6411,0.0
6412,0.0
6413,0.0
6414,0.0
6415,0.0
6416,0.0
6417,0.0
6418,0.0
6419,0.0
6420,0.0
6421,0.0
6422,0.0
6423,0.0
6424,0.0
6425,0.0
6426,0.0
6427,0.0
6428,0.0
6429,0.0
6430,0.0
6431,0.0
6432,0.0
6433,0.0
6434,0.0
6435,0.0
6436,0.0
6437,0.0
6438,0.0
6439,0.0
6440,0.0
6441,0.0
6442,0.0
6443,0.0
6444,0.0
6445,0.0
6446,0.0
6447,0.0
6448,0.0
6449,0.0
6450,0.0
6451,0.0
6452,0.0
6453,0.0
6454,0.0
6455,0.0
6456,0.0
6457,0.0
6458,0.0
6459,0.0
6460,0.0
6461,0.0
6462,0.0
6463,0.0
6464,0.0
6465,0.0
6466,0.0
6467,0.0
6468,0.0
6469,0.0
6470,0.0
6471,0.0
6472,0.0
6473,0.0
6474,0.0
6475,0.0
6476,0.0
6477,0.0
6478,0.0
6479,0.0
6480,0.0
6481,0.0
6482,0.0
6483,0.0
6484,0.0
6485,0.0
6486,0.0
6487,0.0
6488,0.0
6489,0.0
6490,0.0
6491,0.0
6492,0.0
6493,0.0
6494,0.0
6495,0.0
6496,0.0
6497,0.0
6498,0.0
6499,0.0
6500,0.0
6501,0.0
6502,0.0
6503,0.0
6504,0.0
6505,0.0
6506,0.0
6507,0.0
6508,0.0
6509,0.0
6510,0.0
6511,0.0
6512,0.0
6513,0.0
6514,0.0
6515,0.0
6516,0.0
6517,0.0
6518,0.0
6519,0.0
6520,0.0
6521,0.0
6522,0.0
6523,0.0
6524,0.0
6525,0.0
6526,0.0
6527,0.0
6528,0.0
6529,0.0
6530,0.0
6531,0.0
6532,0.0
6533,0.0
6534,0.0
6535,0.0
6536,0.0
6537,0.0
6538,0.0
6539,0.0
6540,0.0
6541,0.0
6542,0.0
6543,0.0
6544,0.0
6545,0.0
6546,0.0
6547,0.0
6548,0.0
6549,0.0
6550,0.0
6551,0.0
6552,0.0
6553,0.0
6554,0.0
6555,0.0
6556,0.0
6557,0.0
6558,0.0
6559,0.0
6560,0.0
6561,0.0
6562,0.0
6563,0.0
6564,0.0
6565,0.0
6566,0.0
6567,0.0
6568,0.0
6569,0.0
6570,0.0
6571,0.0
6572,0.0
6573,0.0
6574,0.0
6575,0.0
6576,0.0
6577,0.0
6578,0.0
6579,0.0
6580,0.0
6581,0.0
6582,0.0
6583,0.0
6584,0.0
6585,0.0
6586,0.0
6587,0.0
6588,0.0
6589,0.0
6590,0.0
6591,0.0
6592,0.0
6593,0.0
6594,0.0
6595,0.0
6596,0.0
6597,0.0
6598,0.0
6599,0.0
6600,0.0
6601,0.0
6602,0.0
6603,0.0
6604,0.0
6605,0.0
6606,0.0
6607,0.0
6608,0.0
6609,0.0
6610,0.0
6611,0.0
6612,0.0
6613,0.0
6614,0.0
6615,0.0
6616,0.0
6617,0.0
6618,0.0
6619,0.0
6620,0.0
6621,0.0
6622,0.0
6623,0.0
6624,0.0
6625,0.0
6626,0.0
6627,0.0
6628,0.0
6629,0.0
6630,0.0
6631,0.0
6632,0.0
6633,0.0
6634,0.0
6635,0.0
6636,0.0
6637,0.0
6638,0.0
6639,0.0
6640,0.0
6641,0.0
6642,0.0
6643,0.0
6644,0.0
6645,0.0
6646,0.0
6647,0.0
6648,0.0
6649,0.0
6650,0.0
6651,0.0
6652,0.0
6653,0.0
6654,0.0
6655,0.0
6656,0.0
6657,0.0
6658,0.0
6659,0.0
6660,0.0
6661,0.0
6662,0.0
6663,0.0
6664,0.0
6665,0.0
6666,0.0
6667,0.0
6668,0.0
6669,0.0
6670,0.0
6671,0.0
6672,0.0
6673,0.0
6674,0.0
6675,0.0
6676,0.0
6677,0.0
6678,0.0
6679,0.0
6680,0.0
6681,0.0
6682,0.0
6683,0.0
6684,0.0
6685,0.0
6686,0.0
6687,0.0
6688,0.0
6689,0.0
6690,0.0
6691,0.0
6692,0.0
6693,0.0
6694,0.0
6695,0.0
6696,0.0
6697,0.0
6698,0.0
6699,0.0
6700,0.0
6701,0.0
6702,0.0
6703,0.0
6704,0.0
6705,0.0
6706,0.0
6707,0.0
6708,0.0
6709,0.0
6710,0.0
6711,0.0
6712,0.0
6713,0.0
6714,0.0
6715,0.0
6716,0.0
6717,0.0
6718,0.0
6719,0.0
6720,0.0
6721,0.0
6722,0.0
6723,0.0
6724,0.0
6725,0.0
6726,0.0
6727,0.0
6728,0.0
6729,0.0
6730,0.0
6731,0.0
6732,0.0
6733,0.0
6734,0.0
6735,0.0
6736,0.0
6737,0.0
6738,0.0
6739,0.0
6740,0.0
6741,0.0
6742,0.0
6743,0.0
6744,0.0
6745,0.0
6746,0.0
6747,0.0
6748,0.0
6749,0.0
6750,0.0
6751,0.0
6752,0.0
6753,0.0
6754,0.0
6755,0.0
6756,0.0
6757,0.0
6758,0.0
6759,0.0
6760,0.0
6761,0.0
6762,0.0
6763,0.0
6764,0.0
6765,0.0
6766,0.0
6767,0.0
6768,0.0
6769,0.0
6770,0.0
6771,0.0
6772,0.0
6773,0.0
6774,0.0
6775,0.0
6776,0.0
6777,0.0
6778,0.0
6779,0.0
6780,0.0
6781,0.0
6782,0.0
6783,0.0
6784,0.0
6785,0.0
6786,0.0
6787,0.0
6788,0.0
6789,0.0
6790,0.0
6791,0.0
6792,0.0
6793,0.0
6794,0.0
6795,0.0
6796,0.0
6797,0.0
6798,0.0
6799,0.0
6800,0.0
6801,0.0
6802,0.0
6803,0.0
6804,0.0
6805,0.0
6806,0.0
6807,0.0
6808,0.0
6809,0.0
6810,0.0
6811,0.0
6812,0.0
6813,0.0
6814,0.0
6815,0.0
6816,0.0
6817,0.0
6818,0.0
6819,0.0
6820,0.0
6821,0.0
6822,0.0
6823,0.0
6824,0.0
6825,0.0
6826,0.0
6827,0.0
6828,0.0
6829,0.0
6830,0.0
6831,0.0
6832,0.0
6833,0.0
6834,0.0
6835,0.0
6836,0.0
6837,0.0
6838,0.0
6839,0.0
6840,0.0
6841,0.0
6842,0.0
6843,0.0
6844,0.0
6845,0.0
6846,0.0
6847,0.0
6848,0.0
6849,0.0
6850,0.0
6851,0.0
6852,0.0
6853,0.0
6854,0.0
6855,0.0
6856,0.0
6857,0.0
6858,0.0
6859,0.0
6860,0.0
6861,0.0
6862,0.0
6863,0.0
6864,0.0
6865,0.0
6866,0.0
6867,0.0
6868,0.0
6869,0.0
6870,0.0
6871,0.0
6872,0.0
6873,0.0
6874,0.0
6875,0.0
6876,0.0
6877,0.0
6878,0.0
6879,0.0
6880,0.0
6881,0.0
6882,0.0
6883,0.0
6884,0.0
6885,0.0
6886,0.0
6887,0.0
6888,0.0
6889,0.0
6890,0.0
6891,0.0
6892,0.0
6893,0.0
6894,0.0
6895,0.0
6896,0.0
6897,0.0
6898,0.0
6899,0.0
6900,0.0
6901,0.0
6902,0.0
6903,0.0
6904,0.0
6905,0.0
6906,0.0
6907,0.0
6908,0.0
6909,0.0
6910,0.0
6911,0.0
6912,0.0
6913,0.0
6914,0.0
6915,0.0
6916,0.0
6917,0.0
6918,0.0
6919,0.0
6920,0.0
6921,0.0
6922,0.0
6923,0.0
6924,0.0
6925,0.0
6926,0.0
6927,0.0
6928,0.0
6929,0.0
6930,0.0
6931,0.0
6932,0.0
6933,0.0
6934,0.0
6935,0.0
6936,0.0
6937,0.0
6938,0.0
6939,0.0
6940,0.0
6941,0.0
6942,0.0
6943,0.0
6944,0.0
6945,0.0
6946,0.0
6947,0.0
6948,0.0
6949,0.0
6950,0.0
6951,0.0
6952,0.0
6953,0.0
6954,0.0
6955,0.0
6956,0.0
6957,0.0
6958,0.0
6959,0.0
6960,0.0
6961,0.0
6962,0.0
6963,0.0
6964,0.0
6965,0.0
6966,0.0
6967,0.0
6968,0.0
6969,0.0
6970,0.0
6971,0.0
6972,0.0
6973,0.0
6974,0.0
6975,0.0
6976,0.0
6977,0.0
6978,0.0
6979,0.0
6980,0.0
6981,0.0
6982,0.0
6983,0.0
6984,0.0
6985,0.0
6986,0.0
6987,0.0
6988,0.0
6989,0.0
6990,0.0
6991,0.0
6992,0.0
6993,0.0
6994,0.0
6995,0.0
6996,0.0
6997,0.0
6998,0.0
6999,0.0
7000,0.0
7001,0.0
7002,0.0
7003,0.0
7004,0.0
7005,0.0
7006,0.0
7007,0.0
7008,0.0
7009,0.0
7010,0.0
7011,0.0
7012,0.0
7013,0.0
7014,0.0
7015,0.0
7016,0.0
7017,0.0
7018,0.0
7019,0.0
7020,0.0
7021,0.0
7022,0.0
7023,0.0
7024,0.0
7025,0.0
7026,0.0
7027,0.0
7028,0.0
7029,0.0
7030,0.0
7031,0.0
7032,0.0
7033,0.0
7034,0.0
7035,0.0
7036,0.0
7037,0.0
7038,0.0
7039,0.0
7040,0.0
7041,0.0
7042,0.0
7043,0.0
7044,0.0
7045,0.0
7046,0.0
7047,0.0
7048,0.0
7049,0.0
7050,0.0
7051,0.0
7052,0.0
7053,0.0
7054,0.0
7055,0.0
7056,0.0
7057,0.0
7058,0.0
7059,0.0
7060,0.0
7061,0.0
7062,0.0
7063,0.0
7064,0.0
7065,0.0
7066,0.0
7067,0.0
7068,0.0
7069,0.0
7070,0.0
7071,0.0
7072,0.0
7073,0.0
7074,0.0
7075,0.0
7076,0.0
7077,0.0
7078,0.0
7079,0.0
7080,0.0
7081,0.0
7082,0.0
7083,0.0
7084,0.0
7085,0.0
7086,0.0
7087,0.0
7088,0.0
7089,0.0
7090,0.0
7091,0.0
7092,0.0
7093,0.0
7094,0.0
7095,0.0
7096,0.0
7097,0.0
7098,0.0
7099,0.0
7100,0.0
7101,0.0
7102,0.0
7103,0.0
7104,0.0
7105,0.0
7106,0.0
7107,0.0
7108,0.0
7109,0.0
7110,0.0
7111,0.0
7112,0.0
7113,0.0
7114,0.0
7115,0.0
7116,0.0
7117,0.0
7118,0.0
7119,0.0
7120,0.0
7121,0.0
7122,0.0
7123,0.0
7124,0.0
7125,0.0
7126,0.0
7127,0.0
7128,0.0
7129,0.0
7130,0.0
7131,0.0
7132,0.0
7133,0.0
7134,0.0
7135,0.0
7136,0.0
7137,0.0
7138,0.0
7139,0.0
7140,0.0
7141,0.0
7142,0.0
7143,0.0
7144,0.0
7145,0.0
7146,0.0
7147,0.0
7148,0.0
7149,0.0
7150,0.0
7151,0.0
7152,0.0
7153,0.0
7154,0.0
7155,0.0
7156,0.0
7157,0.0
7158,0.0
7159,0.0
7160,0.0
7161,0.0
7162,0.0
7163,0.0
7164,0.0
7165,0.0
7166,0.0
7167,0.0
7168,0.0
7169,0.0
7170,0.0
7171,0.0
7172,0.0
7173,0.0
7174,0.0
7175,0.0
7176,0.0
7177,0.0
7178,0.0
7179,0.0
7180,0.0
7181,0.0
7182,0.0
7183,0.0
7184,0.0
7185,0.0
7186,0.0
7187,0.0
7188,0.0
7189,0.0
7190,0.0
7191,0.0
7192,0.0
7193,0.0
7194,0.0
7195,0.0
7196,0.0
7197,0.0
7198,0.0
7199,0.0
7200,0.0
7201,0.0
7202,0.0
7203,0.0
7204,0.0
7205,0.0
7206,0.0
7207,0.0
7208,0.0
7209,0.0
7210,0.0
7211,0.0
7212,0.0
7213,0.0
7214,0.0
7215,0.0
7216,0.0
7217,0.0
7218,0.0
7219,0.0
7220,0.0
7221,0.0
7222,0.0
7223,0.0
7224,0.0
7225,0.0
7226,0.0
7227,0.0
7228,0.0
7229,0.0
7230,0.0
7231,0.0
7232,0.0
7233,0.0
7234,0.0
7235,0.0
7236,0.0
7237,0.0
7238,0.0
7239,0.0
7240,0.0
7241,0.0
7242,0.0
7243,0.0
7244,0.0
7245,0.0
7246,0.0
7247,0.0
7248,0.0
7249,0.0
7250,0.0
7251,0.0
7252,0.0
7253,0.0
7254,0.0
7255,0.0
7256,0.0
7257,0.0
7258,0.0
7259,0.0
7260,0.0
7261,0.0
7262,0.0
7263,0.0
7264,0.0
7265,0.0
7266,0.0
7267,0.0
7268,0.0
7269,0.0
7270,0.0
7271,0.0
7272,0.0
7273,0.0
7274,0.0
7275,0.0
7276,0.0
7277,0.0
7278,0.0
7279,0.0
7280,0.0
7281,0.0
7282,0.0
7283,0.0
7284,0.0
7285,0.0
7286,0.0
7287,0.0
7288,0.0
7289,0.0
7290,0.0
7291,0.0
7292,0.0
7293,0.0
7294,0.0
7295,0.0
7296,0.0
7297,0.0
7298,0.0
7299,0.0
7300,0.0
7301,0.0
7302,0.0
7303,0.0
7304,0.0
7305,0.0
7306,0.0
7307,0.0
7308,0.0
7309,0.0
7310,0.0
7311,0.0
7312,0.0
7313,0.0
7314,0.0
7315,0.0
7316,0.0
7317,0.0
7318,0.0
7319,0.0
7320,0.0
7321,0.0
7322,0.0
7323,0.0
7324,0.0
7325,0.0
7326,0.0
7327,0.0
7328,0.0
7329,0.0
7330,0.0
7331,0.0
7332,0.0
7333,0.0
7334,0.0
7335,0.0
7336,0.0
7337,0.0
7338,0.0
7339,0.0
7340,0.0
7341,0.0
7342,0.0
7343,0.0
7344,0.0
7345,0.0
7346,0.0
7347,0.0
7348,0.0
7349,0.0
7350,0.0
7351,0.0
7352,0.0
7353,0.0
7354,0.0
7355,0.0
7356,0.0
7357,0.0
7358,0.0
7359,0.0
7360,0.0
7361,0.0
7362,0.0
7363,0.0
7364,0.0
7365,0.0
7366,0.0
7367,0.0
7368,0.0
7369,0.0
7370,0.0
7371,0.0
7372,0.0
7373,0.0
7374,0.0
7375,0.0
7376,0.0
7377,0.0
7378,0.0
7379,0.0
7380,0.0
7381,0.0
7382,0.0
7383,0.0
7384,0.0
7385,0.0
7386,0.0
7387,0.0
7388,0.0
7389,0.0
7390,0.0
7391,0.0
7392,0.0
7393,0.0
7394,0.0
7395,0.0
7396,0.0
7397,0.0
7398,0.0
7399,0.0
7400,0.0
7401,0.0
7402,0.0
7403,0.0
7404,0.0
7405,0.0
7406,0.0
7407,0.0
7408,0.0
7409,0.0
7410,0.0
7411,0.0
7412,0.0
7413,0.0
7414,0.0
7415,0.0
7416,0.0
7417,0.0
7418,0.0
7419,0.0
7420,0.0
7421,0.0
7422,0.0
7423,0.0
7424,0.0
7425,0.0
7426,0.0
7427,0.0
7428,0.0
7429,0.0
7430,0.0
7431,0.0
7432,0.0
7433,0.0
7434,0.0
7435,0.0
7436,0.0
7437,0.0
7438,0.0
7439,0.0
7440,0.0
7441,0.0
7442,0.0
7443,0.0
7444,0.0
7445,0.0
7446,0.0
7447,0.0
7448,0.0
7449,0.0
7450,0.0
7451,0.0
7452,0.0
7453,0.0
7454,0.0
7455,0.0
7456,0.0
7457,0.0
7458,0.0
7459,0.0
7460,0.0
7461,0.0
7462,0.0
7463,0.0
7464,0.0
7465,0.0
7466,0.0
7467,0.0
7468,0.0
7469,0.0
7470,0.0
7471,0.0
7472,0.0
7473,0.0
7474,0.0
7475,0.0
7476,0.0
7477,0.0
7478,0.0
7479,0.0
7480,0.0
7481,0.0
7482,0.0
7483,0.0
7484,0.0
7485,0.0
7486,0.0
7487,0.0
7488,0.0
7489,0.0
7490,0.0
7491,0.0
7492,0.0
7493,0.0
7494,0.0
7495,0.0
7496,0.0
7497,0.0
7498,0.0
7499,0.0
7500,0.0
7501,0.0
7502,0.0
7503,0.0
7504,0.0
7505,0.0
7506,0.0
7507,0.0
7508,0.0
7509,0.0
7510,0.0
7511,0.0
7512,0.0
7513,0.0
7514,0.0
7515,0.0
7516,0.0
7517,0.0
7518,0.0
7519,0.0
7520,0.0
7521,0.0
7522,0.0
7523,0.0
7524,0.0
7525,0.0
7526,0.0
7527,0.0
7528,0.0
7529,0.0
7530,0.0
7531,0.0
7532,0.0
7533,0.0
7534,0.0
7535,0.0
7536,0.0
7537,0.0
7538,0.0
7539,0.0
7540,0.0
7541,0.0
7542,0.0
7543,0.0
7544,0.0
7545,0.0
7546,0.0
7547,0.0
7548,0.0
7549,0.0
7550,0.0
7551,0.0
7552,0.0
7553,0.0
7554,0.0
7555,0.0
7556,0.0
7557,0.0
7558,0.0
7559,0.0
7560,0.0
7561,0.0
7562,0.0
7563,0.0
7564,0.0
7565,0.0
7566,0.0
7567,0.0
7568,0.0
7569,0.0
7570,0.0
7571,0.0
7572,0.0
7573,0.0
7574,0.0
7575,0.0
7576,0.0
7577,0.0
7578,0.0
7579,0.0
7580,0.0
7581,0.0
7582,0.0
7583,0.0
7584,0.0
7585,0.0
7586,0.0
7587,0.0
7588,0.0
7589,0.0
7590,0.0
7591,0.0
7592,0.0
7593,0.0
7594,0.0
7595,0.0
7596,0.0
7597,0.0
7598,0.0
7599,0.0
7600,0.0
7601,0.0
7602,0.0
7603,0.0
7604,0.0
7605,0.0
7606,0.0
7607,0.0
7608,0.0
7609,0.0
7610,0.0
7611,0.0
7612,0.0
7613,0.0
7614,0.0
7615,0.0
7616,0.0
7617,0.0
7618,0.0
7619,0.0
7620,0.0
7621,0.0
7622,0.0
7623,0.0
7624,0.0
7625,0.0
7626,0.0
7627,0.0
7628,0.0
7629,0.0
7630,0.0
7631,0.0
7632,0.0
7633,0.0
7634,0.0
7635,0.0
7636,0.0
7637,0.0
7638,0.0
7639,0.0
7640,0.0
7641,0.0
7642,0.0
7643,0.0
7644,0.0
7645,0.0
7646,0.0
7647,0.0
7648,0.0
7649,0.0
7650,0.0
7651,0.0
7652,0.0
7653,0.0
7654,0.0
7655,0.0
7656,0.0
7657,0.0
7658,0.0
7659,0.0
7660,0.0
7661,0.0
7662,0.0
7663,0.0
7664,0.0
7665,0.0
7666,0.0
7667,0.0
7668,0.0
7669,0.0
7670,0.0
7671,0.0
7672,0.0
7673,0.0
7674,0.0
7675,0.0
7676,0.0
7677,0.0
7678,0.0
7679,0.0
7680,0.0
7681,0.0
7682,0.0
7683,0.0
7684,0.0
7685,0.0
7686,0.0
7687,0.0
7688,0.0
7689,0.0
7690,0.0
7691,0.0
7692,0.0
7693,0.0
7694,0.0
7695,0.0
7696,0.0
7697,0.0
7698,0.0
7699,0.0
7700,0.0
7701,0.0
7702,0.0
7703,0.0
7704,0.0
7705,0.0
7706,0.0
7707,0.0
7708,0.0
7709,0.0
7710,0.0
7711,0.0
7712,0.0
7713,0.0
7714,0.0
7715,0.0
7716,0.0
7717,0.0
7718,0.0
7719,0.0
7720,0.0
7721,0.0
7722,0.0
7723,0.0
7724,0.0
7725,0.0
7726,0.0
7727,0.0
7728,0.0
7729,0.0
7730,0.0
7731,0.0
7732,0.0
7733,0.0
7734,0.0
7735,0.0
7736,0.0
7737,0.0
7738,0.0
7739,0.0
7740,0.0
7741,0.0
7742,0.0
7743,0.0
7744,0.0
7745,0.0
7746,0.0
7747,0.0
7748,0.0
7749,0.0
7750,0.0
7751,0.0
7752,0.0
7753,0.0
7754,0.0
7755,0.0
7756,0.0
7757,0.0
7758,0.0
7759,0.0
7760,0.0
7761,0.0
7762,0.0
7763,0.0
7764,0.0
7765,0.0
7766,0.0
7767,0.0
7768,0.0
7769,0.0
7770,0.0
7771,0.0
7772,0.0
7773,0.0
7774,0.0
7775,0.0
7776,0.0
7777,0.0
7778,0.0
7779,0.0
7780,0.0
7781,0.0
7782,0.0
7783,0.0
7784,0.0
7785,0.0
7786,0.0
7787,0.0
7788,0.0
7789,0.0
7790,0.0
7791,0.0
7792,0.0
7793,0.0
7794,0.0
7795,0.0
7796,0.0
7797,0.0
7798,0.0
7799,0.0
7800,0.0
7801,0.0
7802,0.0
7803,0.0
7804,0.0
7805,0.0
7806,0.0
7807,0.0
7808,0.0
7809,0.0
7810,0.0
7811,0.0
7812,0.0
7813,0.0
7814,0.0
7815,0.0
7816,0.0
7817,0.0
7818,0.0
7819,0.0
7820,0.0
7821,0.0
7822,0.0
7823,0.0
7824,0.0
7825,0.0
7826,0.0
7827,0.0
7828,0.0
7829,0.0
7830,0.0
7831,0.0
7832,0.0
7833,0.0
7834,0.0
7835,0.0
7836,0.0
7837,0.0
7838,0.0
7839,0.0
7840,0.0
7841,0.0
7842,0.0
7843,0.0
7844,0.0
7845,0.0
7846,0.0
7847,0.0
7848,0.0
7849,0.0
7850,0.0
7851,0.0
7852,0.0
7853,0.0
7854,0.0
7855,0.0
7856,0.0
7857,0.0
7858,0.0
7859,0.0
7860,0.0
7861,0.0
7862,0.0
7863,0.0
7864,0.0
7865,0.0
7866,0.0
7867,0.0
7868,0.0
7869,0.0
7870,0.0
7871,0.0
7872,0.0
7873,0.0
7874,0.0
7875,0.0
7876,0.0
7877,0.0
7878,0.0
7879,0.0
7880,0.0
7881,0.0
7882,0.0
7883,0.0
7884,0.0
7885,0.0
7886,0.0
7887,0.0
7888,0.0
7889,0.0
7890,0.0
7891,0.0
7892,0.0
7893,0.0
7894,0.0
7895,0.0
7896,0.0
7897,0.0
7898,0.0
7899,0.0
7900,0.0
7901,0.0
7902,0.0
7903,0.0
7904,0.0
7905,0.0
7906,0.0
7907,0.0
7908,0.0
7909,0.0
7910,0.0
7911,0.0
7912,0.0
7913,0.0
7914,0.0
7915,0.0
7916,0.0
7917,0.0
7918,0.0
7919,0.0
7920,0.0
7921,0.0
7922,0.0
7923,0.0
7924,0.0
7925,0.0
7926,0.0
7927,0.0
7928,0.0
7929,0.0
7930,0.0
7931,0.0
7932,0.0
7933,0.0
7934,0.0
7935,0.0
7936,0.0
7937,0.0
7938,0.0
7939,0.0
7940,0.0
7941,0.0
7942,0.0
7943,0.0
7944,0.0
7945,0.0
7946,0.0
7947,0.0
7948,0.0
7949,0.0
7950,0.0
7951,0.0
7952,0.0
7953,0.0
7954,0.0
7955,0.0
7956,0.0
7957,0.0
7958,0.0
7959,0.0
7960,0.0
7961,0.0
7962,0.0
7963,0.0
7964,0.0
7965,0.0
7966,0.0
7967,0.0
7968,0.0
7969,0.0
7970,0.0
7971,0.0
7972,0.0
7973,0.0
7974,0.0
7975,0.0
7976,0.0
7977,0.0
7978,0.0
7979,0.0
7980,0.0
7981,0.0
7982,0.0
7983,0.0
7984,0.0
7985,0.0
7986,0.0
7987,0.0
7988,0.0
7989,0.0
7990,0.0
7991,0.0
7992,0.0
7993,0.0
7994,0.0
7995,0.0
7996,0.0
7997,0.0
7998,0.0
7999,0.0
8000,0.0
8001,0.0
8002,0.0
8003,0.0
8004,0.0
8005,0.0
8006,0.0
8007,0.0
8008,0.0
8009,0.0
8010,0.0
8011,0.0
8012,0.0
8013,0.0
8014,0.0
8015,0.0
8016,0.0
8017,0.0
8018,0.0
8019,0.0
8020,0.0
8021,0.0
8022,0.0
8023,0.0
8024,0.0
8025,0.0
8026,0.0
8027,0.0
8028,0.0
8029,0.0
8030,0.0
8031,0.0
8032,0.0
8033,0.0
8034,0.0
8035,0.0
8036,0.0
8037,0.0
8038,0.0
8039,0.0
8040,0.0
8041,0.0
8042,0.0
8043,0.0
8044,0.0
8045,0.0
8046,0.0
8047,0.0
8048,0.0
8049,0.0
8050,0.0
8051,0.0
8052,0.0
8053,0.0
8054,0.0
8055,0.0
8056,0.0
8057,0.0
8058,0.0
8059,0.0
8060,0.0
8061,0.0
8062,0.0
8063,0.0
8064,0.0
8065,0.0
8066,0.0
8067,0.0
8068,0.0
8069,0.0
8070,0.0
8071,0.0
8072,0.0
8073,0.0
8074,0.0
8075,0.0
8076,0.0
8077,0.0
8078,0.0
8079,0.0
8080,0.0
8081,0.0
8082,0.0
8083,0.0
8084,0.0
8085,0.0
8086,0.0
8087,0.0
8088,0.0
8089,0.0
8090,0.0
8091,0.0
8092,0.0
8093,0.0
8094,0.0
8095,0.0
8096,0.0
8097,0.0
8098,0.0
8099,0.0
8100,0.0
8101,0.0
8102,0.0
8103,0.0
8104,0.0
8105,0.0
8106,0.0
8107,0.0
8108,0.0
8109,0.0
8110,0.0
8111,0.0
8112,0.0
8113,0.0
8114,0.0
8115,0.0
8116,0.0
8117,0.0
8118,0.0
8119,0.0
8120,0.0
8121,0.0
8122,0.0
8123,0.0
8124,0.0
8125,0.0
8126,0.0
8127,0.0
8128,0.0
8129,0.0
8130,0.0
8131,0.0
8132,0.0
8133,0.0
8134,0.0
8135,0.0
8136,0.0
8137,0.0
8138,0.0
8139,0.0
8140,0.0
8141,0.0
8142,0.0
8143,0.0
8144,0.0
8145,0.0
8146,0.0
8147,0.0
8148,0.0
8149,0.0
8150,0.0
8151,0.0
8152,0.0
8153,0.0
8154,0.0
8155,0.0
8156,0.0
8157,0.0
8158,0.0
8159,0.0
8160,0.0
8161,0.0
8162,0.0
8163,0.0
8164,0.0
8165,0.0
8166,0.0
8167,0.0
8168,0.0
8169,0.0
8170,0.0
8171,0.0
8172,0.0
8173,0.0
8174,0.0
8175,0.0
8176,0.0
8177,0.0
8178,0.0
8179,0.0
8180,0.0
8181,0.0
8182,0.0
8183,0.0
8184,0.0
8185,0.0
8186,0.0
8187,0.0
8188,0.0
8189,0.0
8190,0.0
8191,0.0
8192,0.0
8193,0.0
8194,0.0
8195,0.0
8196,0.0
8197,0.0
8198,0.0
8199,0.0
8200,0.0
8201,0.0
8202,0.0
8203,0.0
8204,0.0
8205,0.0
8206,0.0
8207,0.0
8208,0.0
8209,0.0
8210,0.0
8211,0.0
8212,0.0
8213,0.0
8214,0.0
8215,0.0
8216,0.0
8217,0.0
8218,0.0
8219,0.0
8220,0.0
8221,0.0
8222,0.0
8223,0.0
8224,0.0
8225,0.0
8226,0.0
8227,0.0
8228,0.0
8229,0.0
8230,0.0
8231,0.0
8232,0.0
8233,0.0
8234,0.0
8235,0.0
8236,0.0
8237,0.0
8238,0.0
8239,0.0
8240,0.0
8241,0.0
8242,0.0
8243,0.0
8244,0.0
8245,0.0
8246,0.0
8247,0.0
8248,0.0
8249,0.0
8250,0.0
8251,0.0
8252,0.0
8253,0.0
8254,0.0
8255,0.0
8256,0.0
8257,0.0
8258,0.0
8259,0.0
8260,0.0
8261,0.0
8262,0.0
8263,0.0
8264,0.0
8265,0.0
8266,0.0
8267,0.0
8268,0.0
8269,0.0
8270,0.0
8271,0.0
8272,0.0
8273,0.0
8274,0.0
8275,0.0
8276,0.0
8277,0.0
8278,0.0
8279,0.0
8280,0.0
8281,0.0
8282,0.0
8283,0.0
8284,0.0
8285,0.0
8286,0.0
8287,0.0
8288,0.0
8289,0.0
8290,0.0
8291,0.0
8292,0.0
8293,0.0
8294,0.0
8295,0.0
8296,0.0
8297,0.0
8298,0.0
8299,0.0
8300,0.0
8301,0.0
8302,0.0
8303,0.0
8304,0.0
8305,0.0
8306,0.0
8307,0.0
8308,0.0
8309,0.0
8310,0.0
8311,0.0
8312,0.0
8313,0.0
8314,0.0
8315,0.0
8316,0.0
8317,0.0
8318,0.0
8319,0.0
8320,0.0
8321,0.0
8322,0.0
8323,0.0
8324,0.0
8325,0.0
8326,0.0
8327,0.0
8328,0.0
8329,0.0
8330,0.0
8331,0.0
8332,0.0
8333,0.0
8334,0.0
8335,0.0
8336,0.0
8337,0.0
8338,0.0
8339,0.0
8340,0.0
8341,0.0
8342,0.0
8343,0.0
8344,0.0
8345,0.0
8346,0.0
8347,0.0
8348,0.0
8349,0.0
8350,0.0
8351,0.0
8352,0.0
8353,0.0
8354,0.0
8355,0.0
8356,0.0
8357,0.0
8358,0.0
8359,0.0
8360,0.0
8361,0.0
8362,0.0
8363,0.0
8364,0.0
8365,0.0
8366,0.0
8367,0.0
8368,0.0
8369,0.0
8370,0.0
8371,0.0
8372,0.0
8373,0.0
8374,0.0
8375,0.0
8376,0.0
8377,0.0
8378,0.0
8379,0.0
8380,0.0
8381,0.0
8382,0.0
8383,0.0
8384,0.0
8385,0.0
8386,0.0
8387,0.0
8388,0.0
8389,0.0
8390,0.0
8391,0.0
8392,0.0
8393,0.0
8394,0.0
8395,0.0
8396,0.0
8397,0.0
8398,0.0
8399,0.0
8400,0.0
8401,0.0
8402,0.0
8403,0.0
8404,0.0
8405,0.0
8406,0.0
8407,0.0
8408,0.0
8409,0.0
8410,0.0
8411,0.0
8412,0.0
8413,0.0
8414,0.0
8415,0.0
8416,0.0
8417,0.0
8418,0.0
8419,0.0
8420,0.0
8421,0.0
8422,0.0
8423,0.0
8424,0.0
8425,0.0
8426,0.0
8427,0.0
8428,0.0
8429,0.0
8430,0.0
8431,0.0
8432,0.0
8433,0.0
8434,0.0
8435,0.0
8436,0.0
8437,0.0
8438,0.0
8439,0.0
8440,0.0
8441,0.0
8442,0.0
8443,0.0
8444,0.0
8445,0.0
8446,0.0
8447,0.0
8448,0.0
8449,0.0
8450,0.0
8451,0.0
8452,0.0
8453,0.0
8454,0.0
8455,0.0
8456,0.0
8457,0.0
8458,0.0
8459,0.0
8460,0.0
8461,0.0
8462,0.0
8463,0.0
8464,0.0
8465,0.0
8466,0.0
8467,0.0
8468,0.0
8469,0.0
8470,0.0
8471,0.0
8472,0.0
8473,0.0
8474,0.0
8475,0.0
8476,0.0
8477,0.0
8478,0.0
8479,0.0
8480,0.0
8481,0.0
8482,0.0
8483,0.0
8484,0.0
8485,0.0
8486,0.0
8487,0.0
8488,0.0
8489,0.0
8490,0.0
8491,0.0
8492,0.0
8493,0.0
8494,0.0
8495,0.0
8496,0.0
8497,0.0
8498,0.0
8499,0.0
8500,0.0
8501,0.0
8502,0.0
8503,0.0
8504,0.0
8505,0.0
8506,0.0
8507,0.0
8508,0.0
8509,0.0
8510,0.0
8511,0.0
8512,0.0
8513,0.0
8514,0.0
8515,0.0
8516,0.0
8517,0.0
8518,0.0
8519,0.0
8520,0.0
8521,0.0
8522,0.0
8523,0.0
8524,0.0
8525,0.0
8526,0.0
8527,0.0
8528,0.0
8529,0.0
8530,0.0
8531,0.0
8532,0.0
8533,0.0
8534,0.0
8535,0.0
8536,0.0
8537,0.0
8538,0.0
8539,0.0
8540,0.0
8541,0.0
8542,0.0
8543,0.0
8544,0.0
8545,0.0
8546,0.0
8547,0.0
8548,0.0
8549,0.0
8550,0.0
8551,0.0
8552,0.0
8553,0.0
8554,0.0
8555,0.0
8556,0.0
8557,0.0
8558,0.0
8559,0.0
8560,0.0
8561,0.0
8562,0.0
8563,0.0
8564,0.0
8565,0.0
8566,0.0
8567,0.0
8568,0.0
8569,0.0
8570,0.0
8571,0.0
8572,0.0
8573,0.0
8574,0.0
8575,0.0
8576,0.0
8577,0.0
8578,0.0
8579,0.0
8580,0.0
8581,0.0
8582,0.0
8583,0.0
8584,0.0
8585,0.0
8586,0.0
8587,0.0
8588,0.0
8589,0.0
8590,0.0
8591,0.0
8592,0.0
8593,0.0
8594,0.0
8595,0.0
8596,0.0
8597,0.0
8598,0.0
8599,0.0
8600,0.0
8601,0.0
8602,0.0
8603,0.0
8604,0.0
8605,0.0
8606,0.0
8607,0.0
8608,0.0
8609,0.0
8610,0.0
8611,0.0
8612,0.0
8613,0.0
8614,0.0
8615,0.0
8616,0.0
8617,0.0
8618,0.0
8619,0.0
8620,0.0
8621,0.0
8622,0.0
8623,0.0
8624,0.0
8625,0.0
8626,0.0
8627,0.0
8628,0.0
8629,0.0
8630,0.0
8631,0.0
8632,0.0
8633,0.0
8634,0.0
8635,0.0
8636,0.0
8637,0.0
8638,0.0
8639,0.0
8640,0.0
8641,0.0
8642,0.0
8643,0.0
8644,0.0
8645,0.0
8646,0.0
8647,0.0
8648,0.0
8649,0.0
8650,0.0
8651,0.0
8652,0.0
8653,0.0
8654,0.0
8655,0.0
8656,0.0
8657,0.0
8658,0.0
8659,0.0
8660,0.0
8661,0.0
8662,0.0
8663,0.0
8664,0.0
8665,0.0
8666,0.0
8667,0.0
8668,0.0
8669,0.0
8670,0.0
8671,0.0
8672,0.0
8673,0.0
8674,0.0
8675,0.0
8676,0.0
8677,0.0
8678,0.0
8679,0.0
8680,0.0
8681,0.0
8682,0.0
8683,0.0
8684,0.0
8685,0.0
8686,0.0
8687,0.0
8688,0.0
8689,0.0
8690,0.0
8691,0.0
8692,0.0
8693,0.0
8694,0.0
8695,0.0
8696,0.0
8697,0.0
8698,0.0
8699,0.0
8700,0.0
8701,0.0
8702,0.0
8703,0.0
8704,0.0
8705,0.0
8706,0.0
8707,0.0
8708,0.0
8709,0.0
8710,0.0
8711,0.0
8712,0.0
8713,0.0
8714,0.0
8715,0.0
8716,0.0
8717,0.0
8718,0.0
8719,0.0
8720,0.0
8721,0.0
8722,0.0
8723,0.0
8724,0.0
8725,0.0
8726,0.0
8727,0.0
8728,0.0
8729,0.0
8730,0.0
8731,0.0
8732,0.0
8733,0.0
8734,0.0
8735,0.0
8736,0.0
8737,0.0
8738,0.0
8739,0.0
8740,0.0
8741,0.0
8742,0.0
8743,0.0
8744,0.0
8745,0.0
8746,0.0
8747,0.0
8748,0.0
8749,0.0
8750,0.0
8751,0.0
8752,0.0
8753,0.0
8754,0.0
8755,0.0
8756,0.0
8757,0.0
8758,0.0
8759,0.0
8760,0.0
8761,0.0
8762,0.0
8763,0.0
8764,0.0
8765,0.0
8766,0.0
8767,0.0
8768,0.0
8769,0.0
8770,0.0
8771,0.0
8772,0.0
8773,0.0
8774,0.0
8775,0.0
8776,0.0
8777,0.0
8778,0.0
8779,0.0
8780,0.0
8781,0.0
8782,0.0
8783,0.0
8784,0.0
8785,0.0
8786,0.0
8787,0.0
8788,0.0
8789,0.0
8790,0.0
8791,0.0
8792,0.0
8793,0.0
8794,0.0
8795,0.0
8796,0.0
8797,0.0
8798,0.0
8799,0.0
8800,0.0
8801,0.0
8802,0.0
8803,0.0
8804,0.0
8805,0.0
8806,0.0
8807,0.0
8808,0.0
8809,0.0
8810,0.0
8811,0.0
8812,0.0
8813,0.0
8814,0.0
8815,0.0
8816,0.0
8817,0.0
8818,0.0
8819,0.0
8820,0.0
8821,0.0
8822,0.0
8823,0.0
8824,0.0
8825,0.0
8826,0.0
8827,0.0
8828,0.0
8829,0.0
8830,0.0
8831,0.0
8832,0.0
8833,0.0
8834,0.0
8835,0.0
8836,0.0
8837,0.0
8838,0.0
8839,0.0
8840,0.0
8841,0.0
8842,0.0
8843,0.0
8844,0.0
8845,0.0
8846,0.0
8847,0.0
8848,0.0
8849,0.0
8850,0.0
8851,0.0
8852,0.0
8853,0.0
8854,0.0
8855,0.0
8856,0.0
8857,0.0
8858,0.0
8859,0.0
8860,0.0
8861,0.0
8862,0.0
8863,0.0
8864,0.0
8865,0.0
8866,0.0
8867,0.0
8868,0.0
8869,0.0
8870,0.0
8871,0.0
8872,0.0
8873,0.0
8874,0.0
8875,0.0
8876,0.0
8877,0.0
8878,0.0
8879,0.0
8880,0.0
8881,0.0
8882,0.0
8883,0.0
8884,0.0
8885,0.0
8886,0.0
8887,0.0
8888,0.0
8889,0.0
8890,0.0
8891,0.0
8892,0.0
8893,0.0
8894,0.0
8895,0.0
8896,0.0
8897,0.0
8898,0.0
8899,0.0
8900,0.0
8901,0.0
8902,0.0
8903,0.0
8904,0.0
8905,0.0
8906,0.0
8907,0.0
8908,0.0
8909,0.0
8910,0.0
8911,0.0
8912,0.0
8913,0.0
8914,0.0
8915,0.0
8916,0.0
8917,0.0
8918,0.0
8919,0.0
8920,0.0
8921,0.0
8922,0.0
8923,0.0
8924,0.0
8925,0.0
8926,0.0
8927,0.0
8928,0.0
8929,0.0
8930,0.0
8931,0.0
8932,0.0
8933,0.0
8934,0.0
8935,0.0
8936,0.0
8937,0.0
8938,0.0
8939,0.0
8940,0.0
8941,0.0
8942,0.0
8943,0.0
8944,0.0
8945,0.0
8946,0.0
8947,0.0
8948,0.0
8949,0.0
8950,0.0
8951,0.0
8952,0.0
8953,0.0
8954,0.0
8955,0.0
8956,0.0
8957,0.0
8958,0.0
8959,0.0
8960,0.0
8961,0.0
8962,0.0
8963,0.0
8964,0.0
8965,0.0
8966,0.0
8967,0.0
8968,0.0
8969,0.0
8970,0.0
8971,0.0
8972,0.0
8973,0.0
8974,0.0
8975,0.0
8976,0.0
8977,0.0
8978,0.0
8979,0.0
8980,0.0
8981,0.0
8982,0.0
8983,0.0
8984,0.0
8985,0.0
8986,0.0
8987,0.0
8988,0.0
8989,0.0
8990,0.0
8991,0.0
8992,0.0
8993,0.0
8994,0.0
8995,0.0
8996,0.0
8997,0.0
8998,0.0
8999,0.0
9000,0.0
9001,0.0
9002,0.0
9003,0.0
9004,0.0
9005,0.0
9006,0.0
9007,0.0
9008,0.0
9009,0.0
9010,0.0
9011,0.0
9012,0.0
9013,0.0
9014,0.0
9015,0.0
9016,0.0
9017,0.0
9018,0.0
9019,0.0
9020,0.0
9021,0.0
9022,0.0
9023,0.0
9024,0.0
9025,0.0
9026,0.0
9027,0.0
9028,0.0
9029,0.0
9030,0.0
9031,0.0
9032,0.0
9033,0.0
9034,0.0
9035,0.0
9036,0.0
9037,0.0
9038,0.0
9039,0.0
9040,0.0
9041,0.0
9042,0.0
9043,0.0
9044,0.0
9045,0.0
9046,0.0
9047,0.0
9048,0.0
9049,0.0
9050,0.0
9051,0.0
9052,0.0
9053,0.0
9054,0.0
9055,0.0
9056,0.0
9057,0.0
9058,0.0
9059,0.0
9060,0.0
9061,0.0
9062,0.0
9063,0.0
9064,0.0
9065,0.0
9066,0.0
9067,0.0
9068,0.0
9069,0.0
9070,0.0
9071,0.0
9072,0.0
9073,0.0
9074,0.0
9075,0.0
9076,0.0
9077,0.0
9078,0.0
9079,0.0
9080,0.0
9081,0.0
9082,0.0
9083,0.0
9084,0.0
9085,0.0
9086,0.0
9087,0.0
9088,0.0
9089,0.0
9090,0.0
9091,0.0
9092,0.0
9093,0.0
9094,0.0
9095,0.0
9096,0.0
9097,0.0
9098,0.0
9099,0.0
9100,0.0
9101,0.0
9102,0.0
9103,0.0
9104,0.0
9105,0.0
9106,0.0
9107,0.0
9108,0.0
9109,0.0
9110,0.0
9111,0.0
9112,0.0
9113,0.0
9114,0.0
9115,0.0
9116,0.0
9117,0.0
9118,0.0
9119,0.0
9120,0.0
9121,0.0
9122,0.0
9123,0.0
9124,0.0
9125,0.0
9126,0.0
9127,0.0
9128,0.0
9129,0.0
9130,0.0
9131,0.0
9132,0.0
9133,0.0
9134,0.0
9135,0.0
9136,0.0
9137,0.0
9138,0.0
9139,0.0
9140,0.0
9141,0.0
9142,0.0
9143,0.0
9144,0.0
9145,0.0
9146,0.0
9147,0.0
9148,0.0
9149,0.0
9150,0.0
9151,0.0
9152,0.0
9153,0.0
9154,0.0
9155,0.0
9156,0.0
9157,0.0
9158,0.0
9159,0.0
9160,0.0
9161,0.0
9162,0.0
9163,0.0
9164,0.0
9165,0.0
9166,0.0
9167,0.0
9168,0.0
9169,0.0
9170,0.0
9171,0.0
9172,0.0
9173,0.0
9174,0.0
9175,0.0
9176,0.0
9177,0.0
9178,0.0
9179,0.0
9180,0.0
9181,0.0
9182,0.0
9183,0.0
9184,0.0
9185,0.0
9186,0.0
9187,0.0
9188,0.0
9189,0.0
9190,0.0
9191,0.0
9192,0.0
9193,0.0
9194,0.0
9195,0.0
9196,0.0
9197,0.0
9198,0.0
9199,0.0
9200,0.0
9201,0.0
9202,0.0
9203,0.0
9204,0.0
9205,0.0
9206,0.0
9207,0.0
9208,0.0
9209,0.0
9210,0.0
9211,0.0
9212,0.0
9213,0.0
9214,0.0
9215,0.0
9216,0.0
9217,0.0
9218,0.0
9219,0.0
9220,0.0
9221,0.0
9222,0.0
9223,0.0
9224,0.0
9225,0.0
9226,0.0
9227,0.0
9228,0.0
9229,0.0
9230,0.0
9231,0.0
9232,0.0
9233,0.0
9234,0.0
9235,0.0
9236,0.0
9237,0.0
9238,0.0
9239,0.0
9240,0.0
9241,0.0
9242,0.0
9243,0.0
9244,0.0
9245,0.0
9246,0.0
9247,0.0
9248,0.0
9249,0.0
9250,0.0
9251,0.0
9252,0.0
9253,0.0
9254,0.0
9255,0.0
9256,0.0
9257,0.0
9258,0.0
9259,0.0
9260,0.0
9261,0.0
9262,0.0
9263,0.0
9264,0.0
9265,0.0
9266,0.0
9267,0.0
9268,0.0
9269,0.0
9270,0.0
9271,0.0
9272,0.0
9273,0.0
9274,0.0
9275,0.0
9276,0.0
9277,0.0
9278,0.0
9279,0.0
9280,0.0
9281,0.0
9282,0.0
9283,0.0
9284,0.0
9285,0.0
9286,0.0
9287,0.0
9288,0.0
9289,0.0
9290,0.0
9291,0.0
9292,0.0
9293,0.0
9294,0.0
9295,0.0
9296,0.0
9297,0.0
9298,0.0
9299,0.0
9300,0.0
9301,0.0
9302,0.0
9303,0.0
9304,0.0
9305,0.0
9306,0.0
9307,0.0
9308,0.0
9309,0.0
9310,0.0
9311,0.0
9312,0.0
9313,0.0
9314,0.0
9315,0.0
9316,0.0
9317,0.0
9318,0.0
9319,0.0
9320,0.0
9321,0.0
9322,0.0
9323,0.0
9324,0.0
9325,0.0
9326,0.0
9327,0.0
9328,0.0
9329,0.0
9330,0.0
9331,0.0
9332,0.0
9333,0.0
9334,0.0
9335,0.0
9336,0.0
9337,0.0
9338,0.0
9339,0.0
9340,0.0
9341,0.0
9342,0.0
9343,0.0
9344,0.0
9345,0.0
9346,0.0
9347,0.0
9348,0.0
9349,0.0
9350,0.0
9351,0.0
9352,0.0
9353,0.0
9354,0.0
9355,0.0
9356,0.0
9357,0.0
9358,0.0
9359,0.0
9360,0.0
9361,0.0
9362,0.0
9363,0.0
9364,0.0
9365,0.0
9366,0.0
9367,0.0
9368,0.0
9369,0.0
9370,0.0
9371,0.0
9372,0.0
9373,0.0
9374,0.0
9375,0.0
9376,0.0
9377,0.0
9378,0.0
9379,0.0
9380,0.0
9381,0.0
9382,0.0
9383,0.0
9384,0.0
9385,0.0
9386,0.0
9387,0.0
9388,0.0
9389,0.0
9390,0.0
9391,0.0
9392,0.0
9393,0.0
9394,0.0
9395,0.0
9396,0.0
9397,0.0
9398,0.0
9399,0.0
9400,0.0
9401,0.0
9402,0.0
9403,0.0
9404,0.0
9405,0.0
9406,0.0
9407,0.0
9408,0.0
9409,0.0
9410,0.0
9411,0.0
9412,0.0
9413,0.0
9414,0.0
9415,0.0
9416,0.0
9417,0.0
9418,0.0
9419,0.0
9420,0.0
9421,0.0
9422,0.0
9423,0.0
9424,0.0
9425,0.0
9426,0.0
9427,0.0
9428,0.0
9429,0.0
9430,0.0
9431,0.0
9432,0.0
9433,0.0
9434,0.0
9435,0.0
9436,0.0
9437,0.0
9438,0.0
9439,0.0
9440,0.0
9441,0.0
9442,0.0
9443,0.0
9444,0.0
9445,0.0
9446,0.0
9447,0.0
9448,0.0
9449,0.0
9450,0.0
9451,0.0
9452,0.0
9453,0.0
9454,0.0
9455,0.0
9456,0.0
9457,0.0
9458,0.0
9459,0.0
9460,0.0
9461,0.0
9462,0.0
9463,0.0
9464,0.0
9465,0.0
9466,0.0
9467,0.0
9468,0.0
9469,0.0
9470,0.0
9471,0.0
9472,0.0
9473,0.0
9474,0.0
9475,0.0
9476,0.0
9477,0.0
9478,0.0
9479,0.0
9480,0.0
9481,0.0
9482,0.0
9483,0.0
9484,0.0
9485,0.0
9486,0.0
9487,0.0
9488,0.0
9489,0.0
9490,0.0
9491,0.0
9492,0.0
9493,0.0
9494,0.0
9495,0.0
9496,0.0
9497,0.0
9498,0.0
9499,0.0
9500,0.0
9501,0.0
9502,0.0
9503,0.0
9504,0.0
9505,0.0
9506,0.0
9507,0.0
9508,0.0
9509,0.0
9510,0.0
9511,0.0
9512,0.0
9513,0.0
9514,0.0
9515,0.0
9516,0.0
9517,0.0
9518,0.0
9519,0.0
9520,0.0
9521,0.0
9522,0.0
9523,0.0
9524,0.0
9525,0.0
9526,0.0
9527,0.0
9528,0.0
9529,0.0
9530,0.0
9531,0.0
9532,0.0
9533,0.0
9534,0.0
9535,0.0
9536,0.0
9537,0.0
9538,0.0
9539,0.0
9540,0.0
9541,0.0
9542,0.0
9543,0.0
9544,0.0
9545,0.0
9546,0.0
9547,0.0
9548,0.0
9549,0.0
9550,0.0
9551,0.0
9552,0.0
9553,0.0
9554,0.0
9555,0.0
9556,0.0
9557,0.0
9558,0.0
9559,0.0
9560,0.0
9561,0.0
9562,0.0
9563,0.0
9564,0.0
9565,0.0
9566,0.0
9567,0.0
9568,0.0
9569,0.0
9570,0.0
9571,0.0
9572,0.0
9573,0.0
9574,0.0
9575,0.0
9576,0.0
9577,0.0
9578,0.0
9579,0.0
9580,0.0
9581,0.0
9582,0.0
9583,0.0
9584,0.0
9585,0.0
9586,0.0
9587,0.0
9588,0.0
9589,0.0
9590,0.0
9591,0.0
9592,0.0
9593,0.0
9594,0.0
9595,0.0
9596,0.0
9597,0.0
9598,0.0
9599,0.0
9600,0.0
9601,0.0
9602,0.0
9603,0.0
9604,0.0
9605,0.0
9606,0.0
9607,0.0
9608,0.0
9609,0.0
9610,0.0
9611,0.0
9612,0.0
9613,0.0
9614,0.0
9615,0.0
9616,0.0
9617,0.0
9618,0.0
9619,0.0
9620,0.0
9621,0.0
9622,0.0
9623,0.0
9624,0.0
9625,0.0
9626,0.0
9627,0.0
9628,0.0
9629,0.0
9630,0.0
9631,0.0
9632,0.0
9633,0.0
9634,0.0
9635,0.0
9636,0.0
9637,0.0
9638,0.0
9639,0.0
9640,0.0
9641,0.0
9642,0.0
9643,0.0
9644,0.0
9645,0.0
9646,0.0
9647,0.0
9648,0.0
9649,0.0
9650,0.0
9651,0.0
9652,0.0
9653,0.0
9654,0.0
9655,0.0
9656,0.0
9657,0.0
9658,0.0
9659,0.0
9660,0.0
9661,0.0
9662,0.0
9663,0.0
9664,0.0
9665,0.0
9666,0.0
9667,0.0
9668,0.0
9669,0.0
9670,0.0
9671,0.0
9672,0.0
9673,0.0
9674,0.0
9675,0.0
9676,0.0
9677,0.0
9678,0.0
9679,0.0
9680,0.0
9681,0.0
9682,0.0
9683,0.0
9684,0.0
9685,0.0
9686,0.0
9687,0.0
9688,0.0
9689,0.0
9690,0.0
9691,0.0
9692,0.0
9693,0.0
9694,0.0
9695,0.0
9696,0.0
9697,0.0
9698,0.0
9699,0.0
9700,0.0
9701,0.0
9702,0.0
9703,0.0
9704,0.0
9705,0.0
9706,0.0
9707,0.0
9708,0.0
9709,0.0
9710,0.0
9711,0.0
9712,0.0
9713,0.0
9714,0.0
9715,0.0
9716,0.0
9717,0.0
9718,0.0
9719,0.0
9720,0.0
9721,0.0
9722,0.0
9723,0.0
9724,0.0
9725,0.0
9726,0.0
9727,0.0
9728,0.0
9729,0.0
9730,0.0
9731,0.0
9732,0.0
9733,0.0
9734,0.0
9735,0.0
9736,0.0
9737,0.0
9738,0.0
9739,0.0
9740,0.0
9741,0.0
9742,0.0
9743,0.0
9744,0.0
9745,0.0
9746,0.0
9747,0.0
9748,0.0
9749,0.0
9750,0.0
9751,0.0
9752,0.0
9753,0.0
9754,0.0
9755,0.0
9756,0.0
9757,0.0
9758,0.0
9759,0.0
9760,0.0
9761,0.0
9762,0.0
9763,0.0
9764,0.0
9765,0.0
9766,0.0
9767,0.0
9768,0.0
9769,0.0
9770,0.0
9771,0.0
9772,0.0
9773,0.0
9774,0.0
9775,0.0
9776,0.0
9777,0.0
9778,0.0
9779,0.0
9780,0.0
9781,0.0
9782,0.0
9783,0.0
9784,0.0
9785,0.0
9786,0.0
9787,0.0
9788,0.0
9789,0.0
9790,0.0
9791,0.0
9792,0.0
9793,0.0
9794,0.0
9795,0.0
9796,0.0
9797,0.0
9798,0.0
9799,0.0
9800,0.0
9801,0.0
9802,0.0
9803,0.0
9804,0.0
9805,0.0
9806,0.0
9807,0.0
9808,0.0
9809,0.0
9810,0.0
9811,0.0
9812,0.0
9813,0.0
9814,0.0
9815,0.0
9816,0.0
9817,0.0
9818,0.0
9819,0.0
9820,0.0
9821,0.0
9822,0.0
9823,0.0
9824,0.0
9825,0.0
9826,0.0
9827,0.0
9828,0.0
9829,0.0
9830,0.0
9831,0.0
9832,0.0
9833,0.0
9834,0.0
9835,0.0
9836,0.0
9837,0.0
9838,0.0
9839,0.0
9840,0.0
9841,0.0
9842,0.0
9843,0.0
9844,0.0
9845,0.0
9846,0.0
9847,0.0
9848,0.0
9849,0.0
9850,0.0
9851,0.0
9852,0.0
9853,0.0
9854,0.0
9855,0.0
9856,0.0
9857,0.0
9858,0.0
9859,0.0
9860,0.0
9861,0.0
9862,0.0
9863,0.0
9864,0.0
9865,0.0
9866,0.0
9867,0.0
9868,0.0
9869,0.0
9870,0.0
9871,0.0
9872,0.0
9873,0.0
9874,0.0
9875,0.0
9876,0.0
9877,0.0
9878,0.0
9879,0.0
9880,0.0
9881,0.0
9882,0.0
9883,0.0
9884,0.0
9885,0.0
9886,0.0
9887,0.0
9888,0.0
9889,0.0
9890,0.0
9891,0.0
9892,0.0
9893,0.0
9894,0.0
9895,0.0
9896,0.0
9897,0.0
9898,0.0
9899,0.0
9900,0.0
9901,0.0
9902,0.0
9903,0.0
9904,0.0
9905,48.92163516562623
9906,109.9727473372011
9907,0.0
9908,1430.0290335542193
9909,8383.628948478798
9910,6124.358776487394
9911,10405.882184395032
9912,10522.97627906658
9913,0.0
9914,12611.953488900459
9915,13220.135583823649
9916,14161.458205154438
9917,13669.26456680489
9918,22787.45908946428
9919,24470.057349717616
9920,26457.12406020478
9921,26985.68243787041
9922,0.0
9923,5950.213832218209
9924,5843.975754699188
9925,5784.98636121237
9926,5938.68865858016
9927,5905.939023365265
9928,5975.714387075213
9929,5985.548146299141
9930,5950.213832218209
9931,6250.08715012953
9932,6242.488483156671
9933,6396.190780524463
9934,6657.075308924006
9935,6726.8506726339565
9936,6749.01872422142
9937,6713.6844101404895
9938,6639.603834955857
9939,6580.614441469035
9940,6737.643826638239
9941,6704.894191423344
9942,6774.669555133292
9943,6784.50331435722
9944,6773.08094234415
9945,6666.842864825128
9946,6607.853471338307
9947,6761.555768706097
9948,6730.558748121808
9949,6800.3341118317585
9950,6815.147816313838
9951,6779.813502232908
9952,7023.4897349569
9953,6964.500341470077
9954,8494.173428817428
9955,8461.423793602533
9956,8526.038117114434
9957,8535.87187633836
9958,10443.57174786065
9959,12029.089846830746
9960,11970.100453343925
9961,12123.802750711715
9962,12091.05311549682
9963,12162.87223666144
9964,12172.70599588537
9965,12116.31910695001
9966,12010.08102943099
9967,11945.373596058535
9968,12105.150663731278
9969,12074.440718052036
9970,12157.536363697132
9971,12468.092545322352
9972,12976.08315452665
9973,13658.209843984536
9974,13667.092675871505
9975,14073.304858485832
9976,14417.757702692672
9977,14457.792549148393
9978,14467.626308372322
9979,14469.905232280746
9980,14900.406667061852
9981,15090.30886698078
9982,16844.97007842427
9983,18727.223221026827
9984,19899.759385639936
9985,20040.12604842626
9986,20349.935878797773
9987,20270.02670293635
9988,20243.550575135665
9989,20886.14334676309
9990,24349.822172606106
9991,24371.254076701163
9992,24456.197297104518
9993,24420.86298302358
9994,24314.624905504566
9995,24255.635512017743
9996,24454.651943698722
9997,24426.159451383523
9998,24447.59135547858
9999,24450.616191305944
10000,24397.69484024746
10001,24280.747341970862
10002,24234.153949355274
10003,25628.29106718585
10004,25599.798574870652
10005,25618.347775409915
10006,25573.357308019724
10007,25645.17860659777
10008,25529.435428575187
10009,25470.446035088364
10010,25782.6814464178
10011,25754.1889541026
10012,25804.080338095926
10013,25887.55587122241
10014,26152.486766034257
10015,26034.740609682383
10016,25936.24057167093
10017,26166.239477506282
10018,26137.746985191083
10019,26105.88819157671
10020,26956.192444782715
10021,26908.41108234623
10022,26790.664925994355
10023,26731.675532507532
10024,26962.71703657485
10025,27869.564863353593
10026,27936.24671191421
10027,27954.116347475745
10028,27906.33498503926
10029,27832.60108319873
10030,27936.921725908214
10031,28167.530686303493
10032,28139.038193988294
10033,28160.47009808335
10034,28161.438638183397
10035,28113.65727574691
10036,27995.911119395038
10037,27977.592660834976
10038,28334.4336524369
10039,28544.2954549357
10040,28612.68770605731
10041,29741.607416655876
10042,29995.59779376731
10043,29877.851637415435
10044,29809.047130105744
10045,30081.09431256124
10046,30052.60182024604
10047,30085.709363296843
10048,30031.19665532283
10049,29983.415292886344
10050,29865.66913653447
10051,0.0
10052,0.0
10053,0.0
10054,0.0
10055,0.0
10056,0.0
10057,0.0
10058,0.0
10059,0.0
10060,0.0
10061,0.0
10062,0.0
10063,0.0
10064,0.0
10065,0.0
10066,0.0
10067,0.0
10068,0.0
10069,0.0
10070,0.0
10071,0.0
10072,0.0
10073,0.0
10074,0.0
10075,0.0
10076,0.0
10077,0.0
10078,0.0
10079,0.0
10080,0.0
10081,0.0
10082,0.0
10083,0.0
10084,0.0
10085,0.0
10086,0.0
10087,0.0
10088,0.0
10089,0.0
10090,0.0
10091,0.0
10092,0.0
10093,0.0
10094,0.0
10095,0.0
10096,0.0
10097,0.0
10098,0.0
10099,0.0
10100,0.0
10101,0.0
10102,0.0
10103,0.0
10104,0.0
10105,0.0
10106,0.0
10107,0.0
10108,0.0
10109,0.0
10110,0.0
10111,0.0
10112,0.0
10113,0.0
10114,0.0
10115,0.0
10116,0.0
10117,0.0
10118,0.0
10119,0.0
10120,0.0
10121,0.0
10122,0.0
10123,0.0
10124,0.0
10125,0.0
10126,0.0
10127,0.0
10128,0.0
10129,0.0
10130,0.0
10131,0.0
10132,0.0
10133,0.0
10134,0.0
10135,0.0
10136,0.0
10137,0.0
10138,0.0
10139,0.0
10140,0.0
10141,0.0
10142,0.0
10143,0.0
10144,0.0
10145,0.0
10146,0.0
10147,0.0
10148,0.0
10149,0.0
10150,0.0
10151,0.0
10152,0.0
10153,0.0
10154,0.0
10155,0.0
10156,0.0
10157,0.0
10158,0.0
10159,0.0
10160,0.0
10161,0.0
10162,0.0
10163,0.0
10164,0.0
10165,0.0
10166,0.0
10167,0.0
10168,0.0
10169,0.0
10170,0.0
10171,0.0
10172,0.0
10173,0.0
10174,0.0
10175,0.0
10176,0.0
10177,0.0
10178,0.0
10179,0.0
10180,0.0
10181,0.0
10182,0.0
10183,0.0
10184,0.0
10185,0.0
10186,0.0
10187,0.0
10188,0.0
10189,0.0
10190,0.0
10191,0.0
10192,0.0
10193,0.0
10194,0.0
10195,0.0
10196,0.0
10197,0.0
10198,0.0
10199,0.0
10200,0.0
10201,1248.2234735081975
10202,1466.167224446829
10203,1229.4629374862432
10204,0.0
10205,0.0
10206,0.0
10207,0.0
10208,0.0
10209,0.0
10210,0.0
10211,3303.583749899372
10212,0.0
10213,0.0
10214,3054.8346173491327
10215,3199.556221775333
10216,4955.15511827303
10217,3776.699670956266
10218,15076.190390892363
10219,16859.087037837988
10220,18623.078219231746
10221,19239.645973135248
10222,16231.031973168954
10223,22361.299705076086
10224,24990.43346289074
10225,24655.0534767258
10226,25596.243849583996
10227,10247.98534536037
10228,0.0
10229,5831.994308563625
10230,5796.659994482695
10231,6096.533312394015
10232,6088.934645421156
10233,6242.636942788947
10234,6503.521471188492
10235,6573.296834898442
10236,6595.4648864859055
10237,6560.130572404975
10238,6486.049997220342
10239,6427.060603733521
10240,6584.089988902725
10241,6551.3403536878295
10242,6621.115717397778
10243,6630.949476621706
10244,6619.527104608635
10245,6513.289027089614
10246,6454.299633602793
10247,6608.001930970583
10248,6577.004910386294
10249,6646.780274096244
10250,6661.593978578324
10251,6626.259664497394
10252,6869.935897221386
10253,6810.946503734564
10254,8340.619591081897
10255,8307.869955866998
10256,8372.48427937891
10257,8382.31803860284
10258,10290.01791012514
10259,11875.536009095233
10260,11816.546615608411
10261,11970.248912976202
10262,11937.499277761306
10263,12038.375038225211
10264,12048.20879744914
10265,11991.82190851378
10266,11885.583830994761
10267,11820.876397622305
10268,11980.653465295049
10269,11949.943519615808
10270,12033.039165260905
10271,12343.595346886124
10272,12851.585956090423
10273,13533.712645548309
10274,13542.595477435278
10275,13948.807660049604
10276,14293.260504256445
10277,14333.295350712166
10278,14343.129109936095
10279,14345.408033844518
10280,14775.909468625625
10281,14965.811668544553
10282,16720.472879988043
10283,18602.726022590607
10284,19775.262187203698
10285,19915.628849990022
10286,20225.43868036153
10287,20145.529504500108
10288,20119.053376699423
10289,20761.646148326847
10290,24237.726130796316
10291,24259.158034891374
10292,24344.10125529473
10293,24308.76694121379
10294,24202.528863694777
10295,24143.539470207954
10296,24342.555901888933
10297,24314.063409573733
10298,24335.49531366879
10299,24338.520149496155
10300,24292.550219446493
10301,24175.602721169897
10302,24129.009328554308
10303,25523.146446384882
10304,25494.653954069683
10305,25513.203154608946
10306,25468.212687218755
10307,25540.0339857968
10308,25424.290807774218
10309,25365.301414287394
10310,25677.53682561683
10311,25649.04433330163
10312,25698.935717294957
10313,25782.41125042144
10314,26047.342145233288
10315,25929.595988881414
10316,25831.09595086996
10317,26061.094856705313
10318,26032.602364390114
10319,26000.74357077574
10320,26848.18682503691
10321,26800.405462600425
10322,26682.65930624855
10323,26623.66991276173
10324,26854.711416829046
10325,27761.55924360779
10326,27828.241092168406
10327,27846.11072772994
10328,27798.329365293455
10329,27724.595463452926
10330,27828.91610616241
10331,28059.52506655769
10332,28031.03257424249
10333,28052.464478337548
10334,28053.433018437594
10335,28005.651656001108
10336,27887.905499649234
10337,27869.587041089173
10338,28226.428032691096
10339,28436.289835189895
10340,28504.682086311506
10341,29633.601796910072
10342,29827.33772523664
10343,29709.591568884767
10344,29640.787061575076
10345,29912.83424403057
10346,29884.341751715372
10347,29917.449294766175
10348,29862.936586792162
10349,29815.155224355676
10350,29697.409068003803
10351,3488.9714707189482
10352,0.0
10353,1513.1895861614175
10354,710.9151310012902
10355,0.0
10356,0.0
10357,0.0
10358,0.0
10359,0.0
10360,5804.7513632334985
10361,1172.0401810017327
10362,0.0
10363,0.0
10364,1719.787556527812
10365,2950.5210216939104
10366,4341.088665501282
10367,4084.161139588414
10368,12765.149178885164
10369,13174.715392112023
10370,13921.703214270845
10371,15053.463498224573
10372,16307.915282030404
10373,16064.355801952857
10374,17812.904080557873
10375,17402.059519454793
10376,18165.531347986413
10377,11720.289180003789
10378,7488.76900771736
10379,12947.60076833111
10380,69.09859894154457
10381,3551.775487718411
10382,3545.7771972810797
10383,3547.5383719946576
10384,3547.5383719946576
10385,3576.230344360498
10386,3584.5555162361256
10387,3551.775487718411
10388,3551.775487718411
10389,3545.7771972810797
10390,3547.5383719946576
10391,3547.5383719946576
10392,3576.230344360498
10393,3584.5555162361256
10394,3551.775487718411
10395,3551.775487718411
10396,3545.7771972810797
10397,3547.5383719946576
10398,3547.5383719946576
10399,3576.230344360498
10400,3584.5555162361256
10401,3551.775487718411
10402,3551.775487718411
10403,3545.7771972810797
10404,3547.5383719946576
10405,3547.5383719946576
10406,3576.230344360498
10407,3584.5555162361256
10408,3551.775487718411
10409,3551.775487718411
10410,3545.7771972810797
10411,3547.5383719946576
10412,3547.5383719946576
10413,3576.230344360498
10414,3584.5555162361256
10415,3551.775487718411
10416,3551.775487718411
10417,3545.7771972810797
10418,3552.9046347857143
10419,3552.9046347857143
10420,3581.5966071515545
10421,3589.9217790271823
10422,3557.141750509468
10423,3557.141750509468
10424,3551.1434600721363
10425,3552.9046347857143
10426,3558.1359037641264
10427,3586.8278761299666
10428,3595.1530480055944
10429,3562.37301948788
10430,3562.37301948788
10431,3556.3747290505485
10432,3558.1359037641264
10433,3558.1359037641264
10434,3622.5929301043757
10435,3630.9181019800035
10436,3598.138073462289
10437,3636.689446833777
10438,3687.896281435594
10439,3689.657456149172
10440,3689.657456149172
10441,3718.3494285150123
10442,3726.67460039064
10443,3693.8945718729256
10444,3693.8945718729256
10445,3687.896281435594
10446,3689.657456149172
10447,3689.657456149172
10448,3746.8131772589672
10449,3755.138349134595
10450,3722.3583206168805
10451,3722.3583206168805
10452,3716.360030179549
10453,3718.121204893127
10454,3718.121204893127
10455,3746.8131772589672
10456,3755.138349134595
10457,3722.3583206168805
10458,4091.4797872711597
10459,4151.030687586633
10460,4164.049008606396
10461,4164.049008606396
10462,4192.740980972235
10463,4201.066152847862
10464,4168.286124330149
10465,4168.286124330149
10466,4162.287833892817
10467,4164.049008606396
10468,4203.968401264571
10469,4396.3544832575435
10470,8723.78791499044
10471,8691.007886472724
10472,8691.007886472724
10473,8685.009596035392
10474,8686.770770748968
10475,8743.224110518815
10476,8771.916082884658
10477,8900.287954943606
10478,8867.50792642589
10479,8867.50792642589
10480,8861.509635988557
10481,8863.270810702134
10482,8863.270810702134
10483,9105.093052917291
10484,9113.41822479292
10485,9521.26421916319
10486,9521.26421916319
10487,9515.265928725858
10488,9517.027103439435
10489,9517.027103439435
10490,9545.719075805277
10491,11125.949943020989
10492,11093.169914503273
10493,11113.724495543414
10494,11107.726205106082
10495,11109.48737981966
10496,11109.48737981966
10497,12183.589906783383
10498,12359.343846250797
10499,12453.457542237351
10500,12482.11689300207
10501,0.0
10502,0.0
10503,0.0
10504,0.0
10505,0.0
10506,0.0
10507,0.0
10508,0.0
10509,0.0
10510,0.0
10511,0.0
10512,0.0
10513,0.0
10514,0.0
10515,0.0
10516,0.0
10517,0.0
10518,0.0
10519,0.0
10520,0.0
10521,0.0
10522,0.0
10523,0.0
10524,0.0
10525,0.0
10526,0.0
10527,0.0
10528,0.0
10529,0.0
10530,0.0
10531,0.0
10532,0.0
10533,0.0
10534,0.0
10535,0.0
10536,0.0
10537,0.0
10538,0.0
10539,0.0
10540,0.0
10541,0.0
10542,0.0
10543,0.0
10544,0.0
10545,0.0
10546,0.0
10547,0.0
10548,0.0
10549,0.0
10550,0.0
10551,0.0
10552,0.0
10553,0.0
10554,0.0
10555,0.0
10556,0.0
10557,0.0
10558,0.0
10559,0.0
10560,0.0
10561,0.0
10562,0.0
10563,0.0
10564,0.0
10565,0.0
10566,0.0
10567,0.0
10568,0.0
10569,0.0
10570,0.0
10571,0.0
10572,0.0
10573,0.0
10574,0.0
10575,0.0
10576,0.0
10577,0.0
10578,0.0
10579,0.0
10580,0.0
10581,0.0
10582,0.0
10583,0.0
10584,0.0
10585,0.0
10586,0.0
10587,0.0
10588,0.0
10589,0.0
10590,0.0
10591,0.0
10592,0.0
10593,0.0
10594,0.0
10595,0.0
10596,0.0
10597,0.0
10598,0.0
10599,0.0
10600,0.0
10601,0.0
10602,0.0
10603,0.0
10604,0.0
10605,0.0
10606,0.0
10607,0.0
10608,0.0
10609,0.0
10610,0.0
10611,0.0
10612,0.0
10613,0.0
10614,0.0
10615,0.0
10616,0.0
10617,0.0
10618,0.0
10619,0.0
10620,0.0
10621,0.0
10622,0.0
10623,0.0
10624,0.0
10625,0.0
10626,0.0
10627,0.0
10628,0.0
10629,0.0
10630,0.0
10631,0.0
10632,0.0
10633,0.0
10634,0.0
10635,0.0
10636,0.0
10637,0.0
10638,0.0
10639,0.0
10640,0.0
10641,0.0
10642,0.0
10643,0.0
10644,0.0
10645,0.0
10646,0.0
10647,0.0
10648,0.0
10649,0.0
10650,0.0
10651,0.0
10652,0.0
10653,0.0
10654,0.0
10655,0.0
10656,0.0
10657,0.0
10658,0.0
10659,0.0
10660,0.0
10661,0.0
10662,0.0
10663,0.0
10664,0.0
10665,0.0
10666,0.0
10667,0.0
10668,0.0
10669,0.0
10670,0.0
10671,0.0
10672,0.0
10673,0.0
10674,0.0
10675,0.0
10676,0.0
10677,0.0
10678,0.0
10679,0.0
10680,0.0
10681,0.0
10682,0.0
10683,0.0
10684,0.0
10685,0.0
10686,0.0
10687,0.0
10688,0.0
10689,0.0
10690,0.0
10691,0.0
10692,0.0
10693,0.0
10694,0.0
10695,0.0
10696,0.0
10697,0.0
10698,0.0
10699,0.0
10700,0.0
10701,0.0
10702,0.0
10703,0.0
10704,0.0
10705,0.0
10706,0.0
10707,0.0
10708,0.0
10709,0.0
10710,0.0
10711,0.0
10712,0.0
10713,0.0
10714,0.0
10715,0.0
10716,0.0
10717,0.0
10718,0.0
10719,0.0
10720,0.0
10721,0.0
10722,0.0
10723,0.0
10724,0.0
10725,0.0
10726,0.0
10727,0.0
10728,0.0
10729,0.0
10730,0.0
10731,0.0
10732,0.0
10733,0.0
10734,0.0
10735,0.0
10736,0.0
10737,0.0
10738,0.0
10739,0.0
10740,0.0
10741,0.0
10742,0.0
10743,0.0
10744,0.0
10745,0.0
10746,0.0
10747,0.0
10748,0.0
10749,0.0
10750,0.0
10751,0.0
10752,0.0
10753,0.0
10754,0.0
10755,0.0
10756,0.0
10757,0.0
10758,0.0
10759,0.0
10760,0.0
10761,0.0
10762,0.0
10763,0.0
10764,0.0
10765,0.0
10766,0.0
10767,0.0
10768,0.0
10769,0.0
10770,0.0
10771,0.0
10772,0.0
10773,0.0
10774,0.0
10775,0.0
10776,0.0
10777,0.0
10778,0.0
10779,0.0
10780,0.0
10781,0.0
10782,0.0
10783,0.0
10784,0.0
10785,0.0
10786,0.0
10787,0.0
10788,0.0
10789,0.0
10790,0.0
10791,0.0
10792,0.0
10793,0.0
10794,0.0
10795,0.0
10796,0.0
10797,0.0
10798,0.0
10799,0.0
10800,0.0
10801,0.0
10802,0.0
10803,0.0
10804,0.0
10805,0.0
10806,0.0
10807,0.0
10808,0.0
10809,0.0
10810,0.0
10811,0.0
10812,0.0
10813,0.0
10814,0.0
10815,0.0
10816,0.0
10817,0.0
10818,0.0
10819,0.0
10820,0.0
10821,0.0
10822,0.0
10823,0.0
10824,0.0
10825,0.0
10826,0.0
10827,0.0
10828,0.0
10829,0.0
10830,0.0
10831,0.0
10832,0.0
10833,0.0
10834,0.0
10835,0.0
10836,0.0
10837,0.0
10838,0.0
10839,0.0
10840,0.0
10841,0.0
10842,0.0
10843,0.0
10844,0.0
10845,0.0
10846,0.0
10847,0.0
10848,0.0
10849,0.0
10850,0.0
10851,0.0
10852,0.0
10853,0.0
10854,0.0
10855,0.0
10856,0.0
10857,0.0
10858,0.0
10859,0.0
10860,0.0
10861,0.0
10862,0.0
10863,0.0
10864,0.0
10865,0.0
10866,0.0
10867,0.0
10868,0.0
10869,0.0
10870,0.0
10871,0.0
10872,0.0
10873,0.0
10874,0.0
10875,0.0
10876,0.0
10877,0.0
10878,0.0
10879,0.0
10880,0.0
10881,0.0
10882,0.0
10883,0.0
10884,0.0
10885,0.0
10886,0.0
10887,0.0
10888,0.0
10889,0.0
10890,0.0
10891,0.0
10892,0.0
10893,0.0
10894,0.0
10895,0.0
10896,0.0
10897,0.0
10898,0.0
10899,0.0
10900,0.0
10901,0.0
10902,0.0
10903,0.0
10904,0.0
10905,0.0
10906,0.0
10907,0.0
10908,0.0
10909,0.0
10910,0.0
10911,0.0
10912,0.0
10913,0.0
10914,0.0
10915,0.0
10916,0.0
10917,0.0
10918,0.0
10919,0.0
10920,0.0
10921,0.0
10922,0.0
10923,0.0
10924,0.0
10925,0.0
10926,0.0
10927,0.0
10928,0.0
10929,0.0
10930,0.0
10931,0.0
10932,0.0
10933,0.0
10934,0.0
10935,0.0
10936,0.0
10937,0.0
10938,0.0
10939,0.0
10940,0.0
10941,0.0
10942,0.0
10943,0.0
10944,0.0
10945,0.0
10946,0.0
10947,0.0
10948,0.0
10949,0.0
10950,0.0
10951,0.0
10952,0.0
10953,0.0
10954,0.0
10955,0.0
10956,0.0
10957,0.0
10958,1547.739902766834
10959,986.0523343760709
10960,13426.622157575377
10961,9941.166794987288
10962,7291.203467616803
10963,5933.133995744655
10964,5533.176398471047
10965,10538.363951610378
10966,12120.310800744384
10967,11955.535934521902
10968,16823.588621140956
10969,17858.7147075405
10970,13621.940034320856
10971,13210.924317623629
10972,16130.343777780909
10973,12754.386771932033
10974,19154.119663785244
10975,16468.108667493892
10976,17276.575753312307
10977,17030.143398177355
10978,12269.625840349006
10979,5648.355864346129
10980,1029.9189930965347
10981,3551.775487718411
10982,3545.7771972810797
10983,3547.5383719946576
10984,3547.5383719946576
10985,3576.230344360498
10986,3584.5555162361256
10987,3551.775487718411
10988,3551.775487718411
10989,3545.7771972810797
10990,3547.5383719946576
10991,3547.5383719946576
10992,3576.230344360498
10993,3584.5555162361256
10994,3551.775487718411
10995,3551.775487718411
10996,3545.7771972810797
10997,3547.5383719946576
10998,3547.5383719946576
10999,3576.230344360498
11000,3584.5555162361256
11001,3551.775487718411
11002,3551.775487718411
11003,3545.7771972810797
11004,3547.5383719946576
11005,3547.5383719946576
11006,3576.230344360498
11007,3584.5555162361256
11008,3551.775487718411
11009,3551.775487718411
11010,3545.7771972810797
11011,3547.5383719946576
11012,3547.5383719946576
11013,3576.230344360498
11014,3584.5555162361256
11015,3551.775487718411
11016,3551.775487718411
11017,3545.7771972810797
11018,3552.9046347857143
11019,3552.9046347857143
11020,3581.5966071515545
11021,3589.9217790271823
11022,3557.141750509468
11023,3557.141750509468
11024,3551.1434600721363
11025,3552.9046347857143
11026,3558.1359037641264
11027,3586.8278761299666
11028,3595.1530480055944
11029,3562.37301948788
11030,3562.37301948788
11031,3556.3747290505485
11032,3558.1359037641264
11033,3558.1359037641264
11034,3622.5929301043757
11035,3630.9181019800035
11036,3598.138073462289
11037,3636.689446833777
11038,3687.896281435594
11039,3689.657456149172
11040,3689.657456149172
11041,3718.3494285150123
11042,3726.67460039064
11043,3693.8945718729256
11044,3693.8945718729256
11045,3687.896281435594
11046,3689.657456149172
11047,3689.657456149172
11048,3746.8131772589672
11049,3755.138349134595
11050,3722.3583206168805
11051,3722.3583206168805
11052,3716.360030179549
11053,3718.121204893127
11054,3718.121204893127
11055,3746.8131772589672
11056,3755.138349134595
11057,3722.3583206168805
11058,4091.4797872711597
11059,4151.030687586633
11060,4164.049008606396
11061,4164.049008606396
11062,4192.740980972235
11063,4201.066152847862
11064,4168.286124330149
11065,4168.286124330149
11066,4162.287833892817
11067,4164.049008606396
11068,4203.968401264571
11069,4396.3544832575435
11070,8723.78791499044
11071,8691.007886472724
11072,8691.007886472724
11073,8685.009596035392
11074,8686.770770748968
11075,8743.224110518815
11076,8771.916082884658
11077,8900.287954943606
11078,8867.50792642589
11079,8867.50792642589
11080,8861.509635988557
11081,8863.270810702134
11082,8863.270810702134
11083,9105.093052917291
11084,9113.41822479292
11085,9521.26421916319
11086,9521.26421916319
11087,9515.265928725858
11088,9517.027103439435
11089,9517.027103439435
11090,9545.719075805277
11091,11125.949943020989
11092,11093.169914503273
11093,11113.724495543414
11094,11107.726205106082
11095,11109.48737981966
11096,11109.48737981966
11097,12183.589906783383
11098,12359.343846250797
11099,12453.457542237351
11100,12482.11689300207
11101,0.0
11102,0.0
11103,0.0
11104,0.0
11105,0.0
11106,0.0
11107,0.0
11108,0.0
11109,0.0
11110,0.0
11111,0.0
11112,0.0
11113,0.0
11114,16916.256257318793
11115,5256.772788140239
11116,22788.808854827123
11117,29027.067000131825
11118,41915.23471071808
11119,43163.31044399388
11120,36584.692017712914
11121,45466.09533551065
11122,36296.018109361554
11123,27833.16331942894
11124,35039.672168422105
11125,34496.43529691092
11126,42647.60776433774
11127,32703.98138282436
11128,10701.951130958541
11129,22957.68583361992
11130,0.0
11131,3551.775487718411
11132,3545.7771972810797
11133,3547.5383719946576
11134,3547.5383719946576
11135,3576.230344360498
11136,3584.5555162361256
11137,3551.775487718411
11138,3551.775487718411
11139,3545.7771972810797
11140,3547.5383719946576
11141,3547.5383719946576
11142,3576.230344360498
11143,3584.5555162361256
11144,3551.775487718411
11145,3551.775487718411
11146,3545.7771972810797
11147,3547.5383719946576
11148,3547.5383719946576
11149,3576.230344360498
11150,3584.5555162361256
11151,3551.775487718411
11152,3551.775487718411
11153,3545.7771972810797
11154,3547.5383719946576
11155,3547.5383719946576
11156,3576.230344360498
11157,3584.5555162361256
11158,3551.775487718411
11159,3551.775487718411
11160,3545.7771972810797
11161,3547.5383719946576
11162,3547.5383719946576
11163,3576.230344360498
11164,3584.5555162361256
11165,3551.775487718411
11166,3551.775487718411
11167,3545.7771972810797
11168,3552.9046347857143
11169,3552.9046347857143
11170,3581.5966071515545
11171,3589.9217790271823
11172,3557.141750509468
11173,3557.141750509468
11174,3551.1434600721363
11175,3552.9046347857143
11176,3558.1359037641264
11177,3586.8278761299666
11178,3595.1530480055944
11179,3562.37301948788
11180,3562.37301948788
11181,3556.3747290505485
11182,3558.1359037641264
11183,3558.1359037641264
11184,3622.5929301043757
11185,3630.9181019800035
11186,3598.138073462289
11187,3636.689446833777
11188,3687.896281435594
11189,3689.657456149172
11190,3689.657456149172
11191,3718.3494285150123
11192,3726.67460039064
11193,3693.8945718729256
11194,3693.8945718729256
11195,3687.896281435594
11196,3689.657456149172
11197,3689.657456149172
11198,3746.8131772589672
11199,3755.138349134595
11200,3722.3583206168805
11201,3722.3583206168805
11202,3716.360030179549
11203,3718.121204893127
11204,3718.121204893127
11205,3746.8131772589672
11206,3755.138349134595
11207,3722.3583206168805
11208,4091.4797872711597
11209,4151.030687586633
11210,4164.049008606396
11211,4164.049008606396
11212,4192.740980972235
11213,4201.066152847862
11214,4168.286124330149
11215,4168.286124330149
11216,4162.287833892817
11217,4164.049008606396
11218,4203.968401264571
11219,4396.3544832575435
11220,8723.78791499044
11221,8691.007886472724
11222,8691.007886472724
11223,8685.009596035392
11224,8686.770770748968
11225,8743.224110518815
11226,8771.916082884658
11227,8900.287954943606
11228,8867.50792642589
11229,8867.50792642589
11230,8861.509635988557
11231,8863.270810702134
11232,8863.270810702134
11233,9105.093052917291
11234,9113.41822479292
11235,9521.26421916319
11236,9521.26421916319
11237,9515.265928725858
11238,9517.027103439435
11239,9517.027103439435
11240,9545.719075805277
11241,11125.949943020989
11242,11093.169914503273
11243,11113.724495543414
11244,11107.726205106082
11245,11109.48737981966
11246,11109.48737981966
11247,12183.589906783383
11248,12359.343846250797
11249,12453.457542237351
11250,12482.11689300207
11251,0.0
11252,0.0
11253,0.0
11254,0.0
11255,0.0
11256,0.0
11257,0.0
11258,0.0
11259,0.0
11260,0.0
11261,0.0
11262,0.0
11263,0.0
11264,0.0
11265,0.0
11266,0.0
11267,0.0
11268,0.0
11269,0.0
11270,0.0
11271,0.0
11272,0.0
11273,0.0
11274,0.0
11275,0.0
11276,0.0
11277,0.0
11278,0.0
11279,0.0
11280,0.0
11281,0.0
11282,0.0
11283,0.0
11284,0.0
11285,0.0
11286,0.0
11287,0.0
11288,0.0
11289,0.0
11290,0.0
11291,0.0
11292,0.0
11293,0.0
11294,0.0
11295,0.0
11296,0.0
11297,0.0
11298,0.0
11299,0.0
11300,0.0
11301,0.0
11302,0.0
11303,0.0
11304,0.0
11305,0.0
11306,0.0
11307,0.0
11308,0.0
11309,0.0
11310,0.0
11311,0.0
11312,0.0
11313,0.0
11314,0.0
11315,0.0
11316,0.0
11317,0.0
11318,0.0
11319,0.0
11320,0.0
11321,0.0
11322,0.0
11323,0.0
11324,0.0
11325,0.0
11326,0.0
11327,0.0
11328,0.0
11329,0.0
11330,0.0
11331,0.0
11332,0.0
11333,0.0
11334,0.0
11335,0.0
11336,0.0
11337,0.0
11338,0.0
11339,0.0
11340,0.0
11341,0.0
11342,0.0
11343,0.0
11344,0.0
11345,0.0
11346,0.0
11347,0.0
11348,0.0
11349,0.0
11350,0.0
11351,0.0
11352,0.0
11353,0.0
11354,0.0
11355,0.0
11356,0.0
11357,0.0
11358,0.0
11359,0.0
11360,0.0
11361,0.0
11362,0.0
11363,0.0
11364,0.0
11365,0.0
11366,0.0
11367,0.0
11368,0.0
11369,0.0
11370,0.0
11371,0.0
11372,0.0
11373,0.0
11374,0.0
11375,0.0
11376,0.0
11377,0.0
11378,0.0
11379,0.0
11380,0.0
11381,0.0
11382,0.0
11383,0.0
11384,0.0
11385,0.0
11386,0.0
11387,0.0
11388,0.0
11389,0.0
11390,0.0
11391,0.0
11392,0.0
11393,0.0
11394,0.0
11395,0.0
11396,0.0
11397,0.0
11398,0.0
11399,0.0
11400,0.0
11401,1108265.7618804614
11402,1083312.0375201344
11403,1097278.6733002914
11404,1133719.0677074378
11405,1094309.7641831185
11406,1188554.726089229
11407,974093.6588479935
11408,1081509.3421139012
11409,1057578.091245247
11410,929791.0482398196
11411,936485.5199005873
11412,932109.7406885307
11413,720373.774970331
11414,621753.4938788102
11415,577182.7669741453
11416,702698.888084698
11417,694123.051830032
11418,781715.4537690703
11419,785533.1382047067
11420,349155.1015314885
11421,292108.99345282384
11422,308147.4782403671
11423,300087.3066239457
11424,266081.8577351006
11425,249263.6982151343
11426,274146.34026910237
11427,206895.14520548555
11428,128482.33440839413
11429,72116.69045778638
11430,6398.386386469756
11431,2798.995074243837
11432,2791.396407270977
11433,2942.9187789868347
11434,3203.8033073863785
11435,3273.5786710963293
11436,3297.926648335728
11437,3262.5923342547967
11438,3188.511759070167
11439,3129.5223655833447
11440,3284.371825100612
11441,3251.622189885716
11442,3321.397553595666
11443,3333.41123847153
11444,3321.9888664584582
11445,3215.750788939439
11446,3156.7613954526173
11447,3308.2837671684706
11448,3277.2867465841823
11449,3347.0621102941313
11450,3364.055740428147
11451,3328.721426347218
11452,3572.3976590712114
11453,3513.408265584389
11454,5035.187902363628
11455,5002.438267148733
11456,5067.052590660634
11457,5079.066275536499
11458,6986.766147058794
11459,8572.284246028907
11460,8513.294852542076
11461,8664.817224257951
11462,8632.06758904305
11463,8703.886710207675
11464,8715.900395083538
11465,8659.513506148172
11466,8553.27542862915
11467,8488.567995256684
11468,8646.16513727752
11469,8615.45519159827
11470,8698.550837243367
11471,9011.286944520523
11472,9494.801720920696
11473,10112.38708148193
11474,10121.2699133689
11475,10525.302170331292
11476,10869.755014538132
11477,10909.789860993853
11478,10921.803545869718
11479,10924.082469778143
11480,11338.15111757711
11481,11528.053317496042
11482,13280.534603287619
11483,15162.787745890157
11484,16273.822728302937
11485,16416.369316741188
11486,16671.30884143619
11487,16591.39966557476
11488,16557.853755204786
11489,17198.26660118027
11490,20661.945427023333
11491,20683.377331118383
11492,20770.500477173675
11493,20735.166163092745
11494,20628.92808557373
11495,20569.93869208691
11496,20766.77519811595
11497,20738.28270580075
11498,20759.7146098958
11499,20764.9193713751
11500,20711.998020316623
11501,20595.050522040026
11502,20548.45712942444
11503,21940.41432160308
11504,21911.92182928788
11505,21930.471029827142
11506,21887.660488088888
11507,21959.481786666933
11508,21843.73860864435
11509,21784.749215157528
11510,22094.804700835026
11511,22066.312208519827
11512,22116.203592513153
11513,22201.859051291573
11514,22466.78994610342
11515,22349.043789751548
11516,22250.543751740093
11517,22478.36273192351
11518,22449.87023960831
11519,22418.011445993936
11520,23138.30454083136
11521,23090.523178394873
11522,22972.777022043
11523,22913.787628556176
11524,23135.011805445665
11525,24041.859632224412
11526,24108.54148078503
11527,24136.228443524393
11528,24088.447081087907
11529,23990.176988522966
11530,24024.865051588276
11531,24245.656684805726
11532,24217.164192490527
11533,24238.596096585585
11534,24249.38196386346
11535,24201.600601426973
11536,24083.8544450751
11537,24065.53598651504
11538,24412.559650939133
11539,24622.42145343793
11540,24643.85335753299
11541,25782.590395309388
11542,26036.58077242082
11543,25918.834616068947
11544,25850.030108759256
11545,26112.259964036923
11546,26083.767471721723
11547,26116.875014772526
11548,26072.179633976342
11549,26024.398271539856
11550,25906.652115187982
11551,1013.4454328192105
11552,0.0
11553,7957.209276326934
11554,2975.131173149769
11555,5063.099266188303
11556,2729.329807139184
11557,1855.596834820427
11558,4540.043537142453
11559,4566.883503840885
11560,1552.1511144513188
11561,5469.085381860918
11562,7670.0382703904215
11563,5783.342312456085
11564,8381.816574714634
11565,9544.59857165961
11566,10236.546324071813
11567,9637.491004034626
11568,18071.750351362844
11569,19605.80682000625
11570,19657.783575878402
11571,20069.737019781074
11572,13093.191391701901
11573,19390.16190083477
11574,21695.70185468106
11575,21335.85932249972
11576,22635.232466139103
11577,22393.46572703565
11578,22798.56365841303
11579,0.0
11580,2119.1797133878918
11581,2419.053031299214
11582,2411.454364326355
11583,2567.8959680112275
11584,3526.067094149986
11585,3595.842457859937
11586,3609.922082867489
11587,3579.936889049387
11588,3502.4109079279237
11589,3443.4215144411014
11590,3603.1902059273875
11591,3570.440570712491
11592,3640.215934422442
11593,3641.961267066458
11594,3635.8880153162154
11595,3529.6499377971963
11596,3470.660544310374
11597,3627.102147995247
11598,3596.1051274109573
11599,3665.880491120908
11600,3672.605769023076
11601,3642.620575204974
11602,6191.070063916856
11603,6132.080670430035
11604,16043.322583807549
11605,16010.572948592653
11606,16078.582992187386
11607,16080.328324831404
11608,17993.377316616556
11609,21530.68983667436
11610,21471.700443187536
11611,21628.142046872406
11612,21595.39241165751
11613,21665.16777536746
11614,21666.91310801148
11615,21615.875339338952
11616,21509.63726181994
11617,21444.929828447483
11618,21580.141463804324
11619,21518.379763772176
11620,21601.47540941727
11621,21723.15710420266
11622,22187.92916026717
11623,22171.630741415556
11624,22180.513573302524
11625,22589.465062233936
11626,22881.6245036021
11627,22921.659350057816
11628,22923.404682701836
11629,22931.03272687309
11630,23361.534161654203
11631,23551.43636157313
11632,25308.836879333725
11633,27191.09002193626
11634,28363.626186549332
11635,28482.519261882106
11636,28576.833108065413
11637,28496.92393220399
11638,28470.447804403302
11639,28687.159962628215
11640,31705.994516825704
11641,31727.42642092076
11642,31804.281214744205
11643,31774.2960209261
11644,31668.057943407086
11645,31609.068549920263
11646,31810.82428791832
11647,31782.33179560312
11648,31803.76369969818
11649,31798.70010894563
11650,31758.079299158802
11651,31641.131800882205
11652,31594.538408266617
11653,32791.72105142847
11654,32763.228559113246
11655,32781.77775965253
11656,32728.698865682403
11657,32805.86928452331
11658,32690.1261065007
11659,32631.136713013875
11660,32855.36820592159
11661,32826.87571360638
11662,32858.311782055825
11663,32933.698888602405
11664,32940.922316369746
11665,32823.17616001785
11666,32724.676122006364
11667,32957.414334158835
11668,32928.92184184364
11669,32897.063048229276
11670,33492.19609840061
11671,33449.763856226964
11672,33332.017699875076
11673,33273.02830638826
11674,33475.00417697434
11675,34381.852003753054
11676,34448.53385231366
11677,34458.31506129529
11678,34415.88281912166
11679,34342.14891728113
11680,34443.05208852569
11681,34676.400355238016
11682,34647.907862922824
11683,34669.33976701789
11684,34662.219880538025
11685,34619.78763836439
11686,34502.04148201251
11687,34483.72302345244
11688,34843.30332137142
11689,34993.177157914026
11690,35061.569409035634
11691,36182.40069305427
11692,36206.3221082937
11693,36088.57595194182
11694,36019.771444632126
11695,36294.55793340469
11696,36266.0654410895
11697,36299.17298414031
11698,36236.57184958638
11699,36194.13960741274
11700,36076.39345106086
11701,0.0
11702,0.0
11703,0.0
11704,0.0
11705,0.0
11706,0.0
11707,0.0
11708,0.0
11709,0.0
11710,0.0
11711,0.0
11712,0.0
11713,0.0
11714,0.0
11715,0.0
11716,0.0
11717,0.0
11718,0.0
11719,0.0
11720,0.0
11721,0.0
11722,0.0
11723,0.0
11724,0.0
11725,0.0
11726,0.0
11727,0.0
11728,0.0
11729,0.0
11730,0.0
11731,0.0
11732,0.0
11733,0.0
11734,0.0
11735,0.0
11736,0.0
11737,0.0
11738,0.0
11739,0.0
11740,0.0
11741,0.0
11742,0.0
11743,0.0
11744,0.0
11745,0.0
11746,0.0
11747,0.0
11748,0.0
11749,0.0
11750,0.0
11751,0.0
11752,0.0
11753,0.0
11754,0.0
11755,0.0
11756,0.0
11757,0.0
11758,0.0
11759,0.0
11760,0.0
11761,0.0
11762,0.0
11763,0.0
11764,0.0
11765,0.0
11766,0.0
11767,0.0
11768,0.0
11769,0.0
11770,0.0
11771,0.0
11772,0.0
11773,0.0
11774,0.0
11775,0.0
11776,0.0
11777,0.0
11778,0.0
11779,0.0
11780,0.0
11781,0.0
11782,0.0
11783,0.0
11784,0.0
11785,0.0
11786,0.0
11787,0.0
11788,0.0
11789,0.0
11790,0.0
11791,0.0
11792,0.0
11793,0.0
11794,0.0
11795,0.0
11796,0.0
11797,0.0
11798,0.0
11799,0.0
11800,0.0
11801,0.0
11802,0.0
11803,0.0
11804,0.0
11805,0.0
11806,0.0
11807,0.0
11808,0.0
11809,0.0
11810,0.0
11811,0.0
11812,0.0
11813,0.0
11814,0.0
11815,0.0
11816,0.0
11817,0.0
11818,0.0
11819,0.0
11820,0.0
11821,0.0
11822,0.0
11823,0.0
11824,0.0
11825,0.0
11826,0.0
11827,0.0
11828,0.0
11829,0.0
11830,0.0
11831,0.0
11832,0.0
11833,0.0
11834,0.0
11835,0.0
11836,0.0
11837,0.0
11838,0.0
11839,0.0
11840,0.0
11841,0.0
11842,0.0
11843,0.0
11844,0.0
11845,0.0
11846,0.0
11847,0.0
11848,0.0
11849,0.0
11850,0.0
11851,0.0
11852,0.0
11853,0.0
11854,0.0
11855,0.0
11856,0.0
11857,0.0
11858,0.0
11859,0.0
11860,0.0
11861,0.0
11862,0.0
11863,0.0
11864,0.0
11865,0.0
11866,0.0
11867,0.0
11868,0.0
11869,0.0
11870,0.0
11871,0.0
11872,0.0
11873,0.0
11874,0.0
11875,0.0
11876,0.0
11877,0.0
11878,0.0
11879,0.0
11880,0.0
11881,0.0
11882,0.0
11883,0.0
11884,0.0
11885,0.0
11886,0.0
11887,0.0
11888,0.0
11889,0.0
11890,0.0
11891,0.0
11892,0.0
11893,0.0
11894,0.0
11895,0.0
11896,0.0
11897,0.0
11898,0.0
11899,0.0
11900,0.0
11901,0.0
11902,0.0
11903,0.0
11904,0.0
11905,0.0
11906,0.0
11907,0.0
11908,0.0
11909,0.0
11910,0.0
11911,0.0
11912,0.0
11913,0.0
11914,0.0
11915,0.0
11916,0.0
11917,0.0
11918,0.0
11919,0.0
11920,0.0
11921,0.0
11922,0.0
11923,0.0
11924,0.0
11925,0.0
11926,0.0
11927,0.0
11928,0.0
11929,0.0
11930,0.0
11931,0.0
11932,0.0
11933,0.0
11934,0.0
11935,0.0
11936,0.0
11937,0.0
11938,0.0
11939,0.0
11940,0.0
11941,0.0
11942,0.0
11943,0.0
11944,0.0
11945,0.0
11946,0.0
11947,0.0
11948,0.0
11949,0.0
11950,0.0
11951,0.0
11952,0.0
11953,0.0
11954,0.0
11955,0.0
11956,0.0
11957,0.0
11958,0.0
11959,0.0
11960,0.0
11961,0.0
11962,0.0
11963,0.0
11964,0.0
11965,0.0
11966,0.0
11967,0.0
11968,0.0
11969,0.0
11970,0.0
11971,0.0
11972,0.0
11973,0.0
11974,0.0
11975,0.0
11976,0.0
11977,0.0
11978,0.0
11979,0.0
11980,0.0
11981,0.0
11982,0.0
11983,0.0
11984,0.0
11985,0.0
11986,0.0
11987,0.0
11988,0.0
11989,0.0
11990,0.0
11991,0.0
11992,0.0
11993,0.0
11994,0.0
11995,0.0
11996,0.0
11997,0.0
11998,0.0
11999,0.0
12000,0.0
12001,0.0
12002,0.0
12003,0.0
12004,0.0
12005,0.0
12006,0.0
12007,0.0
12008,0.0
12009,0.0
12010,0.0
12011,0.0
12012,0.0
12013,0.0
12014,0.0
12015,0.0
12016,0.0
12017,0.0
12018,0.0
12019,0.0
12020,0.0
12021,0.0
12022,0.0
12023,0.0
12024,0.0
12025,0.0
12026,0.0
12027,0.0
12028,0.0
12029,0.0
12030,0.0
12031,0.0
12032,0.0
12033,0.0
12034,0.0
12035,0.0
12036,0.0
12037,0.0
12038,0.0
12039,0.0
12040,0.0
12041,0.0
12042,0.0
12043,0.0
12044,0.0
12045,0.0
12046,0.0
12047,0.0
12048,0.0
12049,0.0
12050,0.0
12051,0.0
12052,0.0
12053,0.0
12054,0.0
12055,0.0
12056,0.0
12057,0.0
12058,0.0
12059,0.0
12060,0.0
12061,0.0
12062,0.0
12063,0.0
12064,0.0
12065,0.0
12066,0.0
12067,0.0
12068,0.0
12069,0.0
12070,0.0
12071,0.0
12072,0.0
12073,0.0
12074,0.0
12075,0.0
12076,0.0
12077,0.0
12078,0.0
12079,0.0
12080,0.0
12081,0.0
12082,0.0
12083,0.0
12084,0.0
12085,0.0
12086,0.0
12087,0.0
12088,0.0
12089,0.0
12090,0.0
12091,0.0
12092,0.0
12093,0.0
12094,0.0
12095,0.0
12096,0.0
12097,0.0
12098,0.0
12099,0.0
12100,0.0
12101,0.0
12102,0.0
12103,0.0
12104,0.0
12105,0.0
12106,0.0
12107,0.0
12108,0.0
12109,0.0
12110,0.0
12111,0.0
12112,0.0
12113,0.0
12114,0.0
12115,0.0
12116,0.0
12117,0.0
12118,0.0
12119,0.0
12120,0.0
12121,0.0
12122,0.0
12123,0.0
12124,0.0
12125,0.0
12126,0.0
12127,0.0
12128,0.0
12129,0.0
12130,0.0
12131,0.0
12132,0.0
12133,0.0
12134,0.0
12135,0.0
12136,0.0
12137,0.0
12138,0.0
12139,0.0
12140,0.0
12141,0.0
12142,0.0
12143,0.0
12144,0.0
12145,0.0
12146,0.0
12147,0.0
12148,0.0
12149,0.0
12150,0.0
12151,0.0
12152,0.0
12153,0.0
12154,0.0
12155,0.0
12156,0.0
12157,0.0
12158,0.0
12159,0.0
12160,0.0
12161,0.0
12162,0.0
12163,0.0
12164,10258.972417640689
12165,1877.8874080165376
12166,17710.272067695896
12167,21620.424401578155
12168,32620.51314395124
12169,34729.47659793596
12170,24232.27006515654
12171,37177.73984420209
12172,33677.299440710856
12173,36359.6399632462
12174,38523.977067739426
12175,38019.25945759164
12176,46289.454938939416
12177,24602.246298534235
12178,15715.897866477046
12179,840.6758410686193
12180,0.0
12181,2435.138044371661
12182,2427.539377398802
12183,2583.9809810836746
12184,3542.152107222433
12185,3611.927470932384
12186,3626.007095939936
12187,3596.021902121834
12188,3521.9413269372035
12189,3462.951933450381
12190,3622.7206249366673
12191,3589.970989721771
12192,3659.7463534317217
12193,3661.4916860757376
12194,3655.418434325495
12195,3549.180356806476
12196,3490.1909633196537
12197,3646.6325670045267
12198,3615.635546420237
12199,3685.410910130188
12200,3692.1361880323557
12201,3662.150994214254
12202,6210.600482926136
12203,6151.611089439314
12204,16062.853002816828
12205,16030.103367601932
12206,16098.113411196666
12207,16099.858743840683
12208,18012.907735625835
12209,21550.22025568364
12210,21491.230862196815
12211,21647.672465881686
12212,21614.92283066679
12213,21684.69819437674
12214,21686.443527020758
12215,21635.40575834823
12216,21529.167680829218
12217,21464.460247456762
12218,21599.671882813604
12219,21537.910182781456
12220,21621.00582842655
12221,21742.68752321194
12222,22207.45957927645
12223,22191.161160424836
12224,22200.043992311803
12225,22608.995481243215
12226,22901.15492261138
12227,22941.189769067096
12228,22942.935101711115
12229,22950.56314588237
12230,23381.064580663482
12231,23570.96678058241
12232,25328.367298343004
12233,27210.62044094554
12234,28383.15660555861
12235,28502.049680891385
12236,28596.363527074693
12237,28516.45435121327
12238,28489.97822341258
12239,28706.690381637494
12240,31725.524935834983
12241,31746.95683993004
12242,31823.811633753485
12243,31793.82643993538
12244,31687.588362416365
12245,31628.598968929542
12246,31830.3547069276
12247,31801.8622146124
12248,31823.294118707458
12249,31818.23052795491
12250,31777.60971816808
12251,31660.662219891485
12252,31614.068827275896
12253,32811.25147043775
12254,32782.758978122554
12255,32801.30817866182
12256,32748.229284691683
12257,32825.39970353258
12258,32709.656525509978
12259,32650.667132023154
12260,32874.89862493086
12261,32846.406132615666
12262,32877.84220106511
12263,32953.22930761172
12264,32960.452735379055
12265,32842.70657902712
12266,32744.206541015643
12267,32976.944753168114
12268,32948.452260852915
12269,32916.593467238556
12270,33511.72651740989
12271,33469.29427523624
12272,33351.548118884355
12273,33292.55872539754
12274,33494.53459598362
12275,34401.38242276233
12276,34468.06427132294
12277,34477.84548030457
12278,34435.41323813094
12279,34361.679336290406
12280,34462.58250753497
12281,34695.930774247296
12282,34667.4382819321
12283,34688.87018602717
12284,34681.750299547304
12285,34639.31805737367
12286,34521.57190102179
12287,34503.25344246172
12288,34862.8337403807
12289,35012.707576923305
12290,35081.09982804491
12291,36201.93111206355
12292,36225.85252730298
12293,36108.1063709511
12294,36039.301863641405
12295,36314.08835241397
12296,36285.59586009878
12297,36318.703403149586
12298,36256.102268595656
12299,36213.67002642202
12300,36095.92387007014
12301,0.0
12302,0.0
12303,0.0
12304,0.0
12305,0.0
12306,0.0
12307,0.0
12308,0.0
12309,0.0
12310,0.0
12311,0.0
12312,0.0
12313,0.0
12314,0.0
12315,0.0
12316,0.0
12317,0.0
12318,0.0
12319,0.0
12320,0.0
12321,0.0
12322,0.0
12323,0.0
12324,0.0
12325,0.0
12326,0.0
12327,0.0
12328,0.0
12329,0.0
12330,0.0
12331,0.0
12332,0.0
12333,0.0
12334,0.0
12335,0.0
12336,0.0
12337,0.0
12338,0.0
12339,0.0
12340,0.0
12341,0.0
12342,0.0
12343,0.0
12344,0.0
12345,0.0
12346,0.0
12347,0.0
12348,0.0
12349,0.0
12350,0.0
12351,0.0
12352,0.0
12353,0.0
12354,0.0
12355,0.0
12356,0.0
12357,0.0
12358,0.0
12359,0.0
12360,0.0
12361,0.0
12362,0.0
12363,0.0
12364,0.0
12365,0.0
12366,0.0
12367,0.0
12368,0.0
12369,0.0
12370,0.0
12371,0.0
12372,0.0
12373,0.0
12374,0.0
12375,0.0
12376,0.0
12377,0.0
12378,0.0
12379,0.0
12380,0.0
12381,0.0
12382,0.0
12383,0.0
12384,0.0
12385,0.0
12386,0.0
12387,0.0
12388,0.0
12389,0.0
12390,0.0
12391,0.0
12392,0.0
12393,0.0
12394,0.0
12395,0.0
12396,0.0
12397,0.0
12398,0.0
12399,0.0
12400,0.0
12401,0.0
12402,0.0
12403,0.0
12404,0.0
12405,0.0
12406,0.0
12407,0.0
12408,0.0
12409,0.0
12410,0.0
12411,0.0
12412,0.0
12413,0.0
12414,0.0
12415,0.0
12416,0.0
12417,0.0
12418,0.0
12419,0.0
12420,0.0
12421,0.0
12422,0.0
12423,0.0
12424,0.0
12425,0.0
12426,0.0
12427,0.0
12428,0.0
12429,0.0
12430,0.0
12431,0.0
12432,0.0
12433,0.0
12434,0.0
12435,0.0
12436,0.0
12437,0.0
12438,0.0
12439,0.0
12440,0.0
12441,0.0
12442,0.0
12443,0.0
12444,0.0
12445,0.0
12446,0.0
12447,0.0
12448,0.0
12449,0.0
12450,0.0
12451,0.0
12452,0.0
12453,0.0
12454,0.0
12455,0.0
12456,0.0
12457,0.0
12458,0.0
12459,0.0
12460,0.0
12461,0.0
12462,0.0
12463,0.0
12464,6891.901550792831
12465,8437.307407708999
12466,14588.59582302434
12467,14227.08119574509
12468,24518.851247886814
12469,26438.381860498117
12470,28525.48625708763
12471,28272.340743401932
12472,26037.80502261631
12473,25002.740032899783
12474,25711.505523607735
12475,25125.876090854283
12476,32544.479010040068
12477,26537.77919329027
12478,19660.852592080144
12479,7371.563588951329
12480,902.5836590814068
12481,3551.775487718411
12482,3545.7771972810797
12483,3547.5383719946576
12484,3547.5383719946576
12485,3576.230344360498
12486,3584.5555162361256
12487,3551.775487718411
12488,3551.775487718411
12489,3545.7771972810797
12490,3547.5383719946576
12491,3547.5383719946576
12492,3576.230344360498
12493,3584.5555162361256
12494,3551.775487718411
12495,3551.775487718411
12496,3545.7771972810797
12497,3547.5383719946576
12498,3547.5383719946576
12499,3576.230344360498
12500,3584.5555162361256
12501,3551.775487718411
12502,3551.775487718411
12503,3545.7771972810797
12504,3547.5383719946576
12505,3547.5383719946576
12506,3576.230344360498
12507,3584.5555162361256
12508,3551.775487718411
12509,3551.775487718411
12510,3545.7771972810797
12511,3547.5383719946576
12512,3547.5383719946576
12513,3576.230344360498
12514,3584.5555162361256
12515,3551.775487718411
12516,3551.775487718411
12517,3545.7771972810797
12518,3552.9046347857143
12519,3552.9046347857143
12520,3581.5966071515545
12521,3589.9217790271823
12522,3557.141750509468
12523,3557.141750509468
12524,3551.1434600721363
12525,3552.9046347857143
12526,3558.1359037641264
12527,3586.8278761299666
12528,3595.1530480055944
12529,3562.37301948788
12530,3562.37301948788
12531,3556.3747290505485
12532,3558.1359037641264
12533,3558.1359037641264
12534,3622.5929301043757
12535,3630.9181019800035
12536,3598.138073462289
12537,3636.689446833777
12538,3687.896281435594
12539,3689.657456149172
12540,3689.657456149172
12541,3718.3494285150123
12542,3726.67460039064
12543,3693.8945718729256
12544,3693.8945718729256
12545,3687.896281435594
12546,3689.657456149172
12547,3689.657456149172
12548,3746.8131772589672
12549,3755.138349134595
12550,3722.3583206168805
12551,3722.3583206168805
12552,3716.360030179549
12553,3718.121204893127
12554,3718.121204893127
12555,3746.8131772589672
12556,3755.138349134595
12557,3722.3583206168805
12558,4091.4797872711597
12559,4151.030687586633
12560,4164.049008606396
12561,4164.049008606396
12562,4192.740980972235
12563,4201.066152847862
12564,4168.286124330149
12565,4168.286124330149
12566,4162.287833892817
12567,4164.049008606396
12568,4203.968401264571
12569,4396.3544832575435
12570,8723.78791499044
12571,8691.007886472724
12572,8691.007886472724
12573,8685.009596035392
12574,8686.770770748968
12575,8743.224110518815
12576,8771.916082884658
12577,8900.287954943606
12578,8867.50792642589
12579,8867.50792642589
12580,8861.509635988557
12581,8863.270810702134
12582,8863.270810702134
12583,9105.093052917291
12584,9113.41822479292
12585,9521.26421916319
12586,9521.26421916319
12587,9515.265928725858
12588,9517.027103439435
12589,9517.027103439435
12590,9545.719075805277
12591,11125.949943020989
12592,11093.169914503273
12593,11113.724495543414
12594,11107.726205106082
12595,11109.48737981966
12596,11109.48737981966
12597,12183.589906783383
12598,12359.343846250797
12599,12453.457542237351
12600,12482.11689300207
12601,0.0
12602,0.0
12603,0.0
12604,0.0
12605,0.0
12606,0.0
12607,0.0
12608,0.0
12609,0.0
12610,0.0
12611,0.0
12612,0.0
12613,0.0
12614,0.0
12615,0.0
12616,0.0
12617,0.0
12618,0.0
12619,0.0
12620,0.0
12621,0.0
12622,0.0
12623,0.0
12624,0.0
12625,0.0
12626,0.0
12627,0.0
12628,0.0
12629,0.0
12630,0.0
12631,0.0
12632,0.0
12633,0.0
12634,0.0
12635,0.0
12636,0.0
12637,0.0
12638,0.0
12639,0.0
12640,0.0
12641,0.0
12642,0.0
12643,0.0
12644,0.0
12645,0.0
12646,0.0
12647,0.0
12648,0.0
12649,0.0
12650,0.0
12651,0.0
12652,0.0
12653,0.0
12654,0.0
12655,0.0
12656,0.0
12657,0.0
12658,0.0
12659,0.0
12660,0.0
12661,0.0
12662,0.0
12663,0.0
12664,0.0
12665,0.0
12666,0.0
12667,0.0
12668,0.0
12669,0.0
12670,0.0
12671,0.0
12672,0.0
12673,0.0
12674,0.0
12675,0.0
12676,0.0
12677,0.0
12678,0.0
12679,0.0
12680,0.0
12681,0.0
12682,0.0
12683,0.0
12684,0.0
12685,0.0
12686,0.0
12687,0.0
12688,0.0
12689,0.0
12690,0.0
12691,0.0
12692,0.0
12693,0.0
12694,0.0
12695,0.0
12696,0.0
12697,0.0
12698,0.0
12699,0.0
12700,0.0
12701,0.0
12702,0.0
12703,0.0
12704,0.0
12705,0.0
12706,0.0
12707,0.0
12708,0.0
12709,0.0
12710,0.0
12711,0.0
12712,0.0
12713,0.0
12714,0.0
12715,0.0
12716,0.0
12717,0.0
12718,0.0
12719,0.0
12720,0.0
12721,0.0
12722,0.0
12723,0.0
12724,0.0
12725,0.0
12726,0.0
12727,0.0
12728,0.0
12729,0.0
12730,0.0
12731,0.0
12732,0.0
12733,0.0
12734,0.0
12735,0.0
12736,0.0
12737,0.0
12738,0.0
12739,0.0
12740,0.0
12741,0.0
12742,0.0
12743,0.0
12744,0.0
12745,0.0
12746,0.0
12747,0.0
12748,0.0
12749,0.0
12750,0.0
12751,0.0
12752,0.0
12753,0.0
12754,0.0
12755,0.0
12756,0.0
12757,0.0
12758,0.0
12759,0.0
12760,0.0
12761,0.0
12762,0.0
12763,0.0
12764,0.0020900230664558264
12765,0.0
12766,0.030125678099638863
12767,0.0015112479038065657
12768,0.0015112479038065657
12769,0.0
12770,0.0
12771,0.0020900230664558264
12772,0.0
12773,0.030125678099638863
12774,0.0015112479038065657
12775,0.0015112479038065657
12776,0.0
12777,0.0
12778,0.0020900230664558264
12779,0.0
12780,0.030125678099638863
12781,0.0015112479038065657
12782,0.0015112479038065657
12783,0.0
12784,0.0
12785,0.0020900230664558264
12786,0.0
12787,0.030125678099638863
12788,0.0015112479038065657
12789,0.0015112479038065657
12790,0.0
12791,0.0
12792,0.0020900230664558264
12793,0.0
12794,0.030125678099638863
12795,0.0015112479038065657
12796,0.0015112479038065657
12797,0.0
12798,0.0
12799,0.0020900230664558264
12800,0.0
12801,0.030125678099638863
12802,0.0015112479038065657
12803,0.0015112479038065657
12804,0.0
12805,0.0
12806,0.0020900230664558264
12807,0.0
12808,0.030125678099638863
12809,0.0015112479038065657
12810,0.0015112479038065657
12811,0.0
12812,0.34968866688699585
12813,0.38353857314922757
12814,0.0
12815,2.4344891851471013
12816,115.65914768592697
12817,124.26746115642501
12818,129.9626403159236
12819,138.85344332394033
12820,140.80778310718216
12821,156.34200329853473
12822,237.569145187482
12823,279.58031564708057
12824,324.8567617972969
12825,338.628104458664
12826,378.78046258815505
12827,441.6457220534354
12828,874.1591954817198
12829,880.4707512293627
12830,911.0819630707399
12831,932.3174275686721
12832,957.2960331514988
12833,960.3487686056201
12834,960.382618511883
12835,1143.14138385367
12836,1143.906157173609
12837,2679.8059542131755
12838,4680.542529390967
12839,6845.544651908964
12840,11893.625201074221
12841,12674.794501623674
12842,12672.612999580031
12843,13077.645691135194
12844,13077.617076704997
12845,13080.866406926807
12846,13082.46712899741
12847,13085.724960034884
12848,13085.758809941144
12849,13082.802424980533
12850,13086.165423220302
12851,13087.108590979018
12852,13095.163511124772
12853,13102.992409651208
12854,13110.605525408268
12855,13112.857176014993
12856,13113.963971714644
12857,13122.990365084033
12858,13126.678543300308
12859,13325.882296048092
12860,13331.670190031055
12861,13340.615507466144
12862,13343.646144607093
12863,13353.335224699078
12864,13366.176206832875
12865,13371.941209886128
12866,13394.82209498914
12867,15301.39855257511
12868,16470.68191099711
12869,16921.93863327005
12870,19240.495227278934
12871,19248.54319605812
12872,19261.28402808282
12873,19561.737285891646
12874,19560.09788685235
12875,19557.71986326166
12876,19553.78321735973
12877,19548.54467510946
12878,19552.423129109775
12879,19552.567567056616
12880,19552.905659319204
12881,19553.81314065423
12882,19553.81314065423
12883,19541.881761642013
12884,19539.28631827516
12885,19541.48226375727
12886,19540.727875571647
12887,19540.3955603898
12888,19525.68298326448
12889,19520.028616023905
12890,19515.99774066885
12891,19508.94902594609
12892,19502.152527565984
12893,19499.887277440517
12894,19495.288457496164
12895,19498.389318192647
12896,19498.389318192647
12897,19492.29889259163
12898,19489.76833555038
12899,19494.898351828913
12900,19495.288457496164
12901,0.0
12902,0.0
12903,0.0
12904,0.0
12905,0.0
12906,0.0
12907,0.0
12908,0.0
12909,0.0
12910,0.0
12911,0.0
12912,0.0
12913,0.0
12914,0.0
12915,0.0
12916,0.0
12917,0.0
12918,0.0
12919,0.0
12920,0.0
12921,0.0
12922,0.0
12923,0.0
12924,0.0
12925,0.0
12926,0.0
12927,0.0
12928,0.0
12929,0.0
12930,0.0
12931,0.0
12932,0.0
12933,0.0
12934,0.0
12935,0.0
12936,0.0
12937,0.0
12938,0.0
12939,0.0
12940,0.0
12941,0.0
12942,0.0
12943,0.0
12944,0.0
12945,0.0
12946,0.0
12947,0.0
12948,0.0
12949,0.0
12950,0.0
12951,0.0
12952,0.0
12953,0.0
12954,0.0
12955,0.0
12956,0.0
12957,0.0
12958,0.0
12959,0.0
12960,0.0
12961,0.0
12962,0.0
12963,0.0
12964,0.0
12965,0.0
12966,0.0
12967,0.0
12968,0.0
12969,0.0
12970,0.0
12971,0.0
12972,0.0
12973,0.0
12974,0.0
12975,0.0
12976,0.0
12977,0.0
12978,0.0
12979,0.0
12980,0.0
12981,0.0
12982,0.0
12983,0.0
12984,0.0
12985,0.0
12986,0.0
12987,0.0
12988,0.0
12989,0.0
12990,0.0
12991,0.0
12992,0.0
12993,0.0
12994,0.0
12995,0.0
12996,0.0
12997,0.0
12998,0.0
12999,0.0
13000,0.0
13001,0.0
13002,0.0
13003,0.0
13004,0.0
13005,0.0
13006,0.0
13007,0.0
13008,0.0
13009,0.0
13010,0.0
13011,0.0
13012,0.0
13013,0.0
13014,0.0
13015,0.0
13016,0.0
13017,0.0
13018,0.0
13019,0.0
13020,0.0
13021,0.0
13022,0.0
13023,0.0
13024,0.0
13025,0.0
13026,0.0
13027,0.0
13028,0.0
13029,0.0
13030,0.0
13031,0.0
13032,0.0
13033,0.0
13034,0.0
13035,0.0
13036,0.0
13037,0.0
13038,0.0
13039,0.0
13040,0.0
13041,0.0
13042,0.0
13043,0.0
13044,0.0
13045,0.0
13046,0.0
13047,0.0
13048,0.0
13049,0.0
13050,0.0
13051,0.0
13052,0.0
13053,0.0
13054,0.0
13055,0.0
13056,0.0
13057,0.0
13058,0.0
13059,0.0
13060,0.0
13061,0.0
13062,0.0
13063,0.0
13064,0.0
13065,0.0
13066,0.0
13067,0.0
13068,0.0
13069,0.0
13070,0.0
13071,0.0
13072,0.0
13073,0.0
13074,0.0
13075,0.0
13076,0.0
13077,0.0
13078,0.0
13079,0.0
13080,0.0
13081,0.0
13082,0.0
13083,0.0
13084,0.0
13085,0.0
13086,0.0
13087,0.0
13088,0.0
13089,0.0
13090,0.0
13091,0.0
13092,0.0
13093,0.0
13094,0.0
13095,0.0
13096,0.0
13097,0.0
13098,0.0
13099,0.0
13100,0.0
13101,0.0
13102,0.0
13103,0.0
13104,0.0
13105,0.0
13106,0.0
13107,0.0
13108,0.0
13109,0.0
13110,0.0
13111,0.0
13112,0.0
13113,0.0
13114,0.0
13115,0.0
13116,0.0
13117,0.0
13118,0.0
13119,0.0
13120,0.0
13121,0.0
13122,0.0
13123,0.0
13124,0.0
13125,0.0
13126,0.0
13127,0.0
13128,0.0
13129,0.0
13130,0.0
13131,0.0
13132,0.0
13133,0.0
13134,0.0
13135,0.0
13136,0.0
13137,0.0
13138,0.0
13139,0.0
13140,0.0
13141,0.0
13142,0.0
13143,0.0
13144,0.0
13145,0.0
13146,0.0
13147,0.0
13148,0.0
13149,0.0
13150,0.0
13151,0.0
13152,0.0
13153,0.0
13154,0.0
13155,0.0
13156,0.0
13157,0.0
13158,0.0
13159,0.0
13160,0.0
13161,0.0
13162,0.0
13163,0.0
13164,0.0
13165,0.0
13166,0.0
13167,0.0
13168,0.0
13169,0.0
13170,0.0
13171,0.0
13172,0.0
13173,0.0
13174,0.0
13175,0.0
13176,0.0
13177,0.0
13178,0.0
13179,0.0
13180,0.0
13181,0.0
13182,0.0
13183,0.0
13184,0.0
13185,0.0
13186,0.0
13187,0.0
13188,0.0
13189,0.0
13190,0.0
13191,0.0
13192,0.0
13193,0.0
13194,0.0
13195,0.0
13196,0.0
13197,0.0
13198,0.0
13199,0.0
13200,0.0
13201,0.0
13202,0.0
13203,0.0
13204,0.0
13205,2.517792684777105
13206,2.517792684777105
13207,2.6048401573001017
13208,0.0
13209,0.0
13210,0.0
13211,0.0
13212,2.517792684777105
13213,2.517792684777105
13214,2.6048401573001017
13215,0.0
13216,0.0
13217,0.0
13218,0.0
13219,2.517792684777105
13220,2.517792684777105
13221,2.6048401573001017
13222,0.0
13223,0.0
13224,0.0
13225,0.0
13226,2.517792684777105
13227,2.517792684777105
13228,2.6048401573001017
13229,0.0
13230,0.0
13231,0.0
13232,0.0
13233,2.517792684777105
13234,2.517792684777105
13235,2.6048401573001017
13236,0.0
13237,0.0
13238,0.0
13239,0.0
13240,2.517792684777105
13241,2.517792684777105
13242,2.6048401573001017
13243,0.0
13244,0.0
13245,0.0
13246,0.0
13247,2.517792684777105
13248,2.517792684777105
13249,2.6048401573001017
13250,0.0
13251,0.0
13252,0.0
13253,0.0
13254,2.517792684777105
13255,2.517792684777105
13256,2.6048401573001017
13257,0.0
13258,0.0
13259,0.0
13260,0.0
13261,2.517792684777105
13262,2.1387828378100475
13263,2.2258303103330475
13264,0.0
13265,0.0
13266,0.0
13267,0.0
13268,9.778262922297818
13269,18.669065930313973
13270,19.274345911514867
13271,30.578473336083338
13272,52.37427401253907
13273,55.46204360976305
13274,69.88763841668172
13275,94.51838158789879
13276,133.83229625169196
13277,196.1090145355342
13278,198.15027989710498
13279,200.89200255096156
13280,228.0977692975989
13281,249.33323379553133
13282,265.7804954365161
13283,267.0259480131662
13284,267.1129954856893
13285,239.74006728858018
13286,236.93500751473283
13287,397.11182001856764
13288,595.4869608979186
13289,552.9263890209401
13290,817.6204671250009
13291,753.4512548484192
13292,747.0396600379954
13293,1147.6565394104039
13294,1144.2224798854695
13295,1147.4718101072785
13296,1160.224705566927
13297,1163.482536604398
13298,1163.5695840769206
13299,1156.3831063495302
13300,1156.176271495514
13301,1153.7139941594935
13302,1161.768914305244
13303,1180.7499862207194
13304,1188.3631019777786
13305,1190.6679501507692
13306,1187.5446530836361
13307,1193.001213359236
13308,1193.2839464807728
13309,1392.4876992285574
13310,1402.5422429790142
13311,1410.4149484666725
13312,1413.4987831738838
13313,1418.9577704990904
13314,1428.228919539094
13315,1430.5884774976062
13316,1453.469362600616
13317,3371.1979935756353
13318,4540.481351997619
13319,4991.791271836784
13320,7282.098428543716
13321,7286.576564229152
13322,7295.9119511591025
13323,7581.495242453924
13324,7587.666419839897
13325,7585.288396249211
13326,7581.404947913548
13327,7571.936312896521
13328,7572.244933803058
13329,7568.98392665517
13330,7569.322018917765
13331,7581.381673641791
13332,7581.381673641791
13333,7569.503492195827
13334,7562.677956062219
13335,7561.304068450553
13336,7557.1442351702035
13337,7556.811919988348
13338,7553.251516252046
13339,7547.597149011467
13340,7543.619471222662
13341,7532.340663733126
13342,7521.974332259261
13343,7516.303637039066
13344,7511.704817094714
13345,7525.957851180209
13346,7525.957851180209
13347,7519.920623145444
13348,7513.159973337424
13349,7514.720156522201
13350,7511.704817094714
13351,0.0
13352,0.0
13353,0.0
13354,1129.27985136455
13355,1277.633028469513
13356,1244.8833932546163
13357,1314.6587569645667
13358,1324.4925161884953
13359,1294.507322370392
13360,1188.2692448513749
13361,1129.27985136455
13362,1277.633028469513
13363,1244.8833932546163
13364,1314.6587569645667
13365,1324.4925161884953
13366,1294.507322370392
13367,1188.2692448513749
13368,1129.27985136455
13369,1277.633028469513
13370,1244.8833932546163
13371,1314.6587569645667
13372,1324.4925161884953
13373,1294.507322370392
13374,1188.2692448513749
13375,1129.27985136455
13376,1277.633028469513
13377,1244.8833932546163
13378,1314.6587569645667
13379,1324.4925161884953
13380,1294.507322370392
13381,1594.380640281717
13382,1586.781973308858
13383,1735.13515041382
13384,1821.2630597674734
13385,1891.0384234774228
13386,1913.206475064887
13387,1883.2212812467847
13388,1809.1407060621543
13389,1750.1513125753315
13390,1901.8315774817072
13391,1869.0819422668114
13392,1938.857305976761
13393,1948.691065200689
13394,1942.6178134504457
13395,1836.379735931426
13396,1777.3903424446032
13397,1925.7435195495661
13398,1894.7464989652767
13399,1964.5218626752262
13400,1979.3355671573067
13401,1949.3503733392045
13402,2108.203212460415
13403,2049.2138189735974
13404,2494.7877434294987
13405,2462.0381082146023
13406,2524.260162128829
13407,2534.0939213527568
13408,4447.1429131378745
13409,4307.5319498888775
13410,4248.5425564020525
13411,4396.895733507006
13412,4364.146098292111
13413,4465.021858756014
13414,4474.855617979942
13415,4423.8178493074165
13416,4317.5797717884025
13417,4252.872338415948
13418,4379.995547192879
13419,4318.2338471607345
13420,4401.329492805826
13421,4531.099614171115
13422,4995.871670235635
13423,4979.57325138402
13424,4988.456083270989
13425,5389.319145622489
13426,5681.478586990654
13427,5721.513433446371
13428,5731.347192670297
13429,5738.975236841553
13430,6169.4766716226595
13431,6359.378871541584
13432,8108.690962722276
13433,9990.944105324817
13434,11163.480269937898
13435,11292.401100405155
13436,11386.714946588458
13437,11306.80577072703
13438,11280.329642926341
13439,11488.953374571347
13440,14507.787928768848
13441,14529.219832863906
13442,14614.163053267263
13443,14584.177859449155
13444,14477.939781930136
13445,14418.950388443314
13446,14612.61769986146
13447,14584.125207546263
13448,14605.557111641321
13449,14608.581947468689
13450,14567.961137681852
13451,14451.013639405252
13452,14404.420246789667
13453,15593.514463371574
13454,15565.021971056378
13455,15583.571171595642
13456,15538.580704205455
13457,15615.751123046324
13458,15500.00794502374
13459,15441.01855153692
13460,15657.161617864675
13461,15628.669125549479
13462,15660.105193998921
13463,15743.58072712542
13464,15750.80415489276
13465,15633.057998540882
13466,15534.55796052943
13467,15759.207746101947
13468,15730.715253786751
13469,15698.856460172381
13470,16302.077936923615
13471,16259.64569474996
13472,16141.899538398082
13473,16082.91014491126
13474,16276.797588917432
13475,17183.645415696126
13476,17250.32726425674
13477,17268.196899818282
13478,17225.764657644624
13479,17152.030755804106
13480,17252.933927048667
13481,17478.193767181117
13482,17449.701274865914
13483,17471.133178960976
13484,17472.101719061026
13485,17429.66947688736
13486,17311.923320535494
13487,17293.60486197543
13488,17645.096733314524
13489,17794.97056985713
13490,17863.362820978742
13491,18992.282531577344
13492,19016.20394681676
13493,18898.457790464887
13494,18829.653283155196
13495,19096.351345347863
13496,19067.858853032663
13497,19100.966396083462
13498,19046.45368810945
13499,19004.021445935796
13500,18886.275289583922
13501,0.0
13502,0.0
13503,0.0
13504,0.0
13505,0.0
13506,0.0
13507,0.0
13508,0.0
13509,0.0
13510,0.0
13511,0.0
13512,0.0
13513,0.0
13514,0.0
13515,0.0
13516,0.0
13517,0.0
13518,0.0
13519,0.0
13520,0.0
13521,0.0
13522,0.0
13523,0.0
13524,0.0
13525,0.0
13526,0.0
13527,0.0
13528,0.0
13529,0.0
13530,0.0
13531,0.0
13532,0.0
13533,0.0
13534,0.0
13535,0.0
13536,0.0
13537,0.0
13538,0.0
13539,0.0
13540,0.0
13541,0.0
13542,0.0
13543,0.0
13544,0.0
13545,0.0
13546,0.0
13547,0.0
13548,0.0
13549,0.0
13550,0.0
13551,0.0
13552,0.0
13553,0.0
13554,0.0
13555,0.0
13556,0.0
13557,0.0
13558,0.0
13559,0.0
13560,0.0
13561,0.0
13562,0.0
13563,0.0
13564,0.0
13565,0.0
13566,0.0
13567,0.0
13568,0.0
13569,0.0
13570,0.0
13571,0.0
13572,0.0
13573,0.0
13574,0.0
13575,0.0
13576,0.0
13577,0.0
13578,0.0
13579,0.0
13580,0.0
13581,0.0
13582,0.0
13583,0.0
13584,0.0
13585,0.0
13586,0.0
13587,0.0
13588,0.0
13589,0.0
13590,0.0
13591,0.0
13592,0.0
13593,0.0
13594,0.0
13595,0.0
13596,0.0
13597,0.0
13598,0.0
13599,0.0
13600,0.0
13601,0.0
13602,0.0
13603,0.0
13604,0.0
13605,0.0
13606,0.0
13607,0.0
13608,0.0
13609,0.0
13610,0.0
13611,0.0
13612,0.0
13613,0.0
13614,0.0
13615,0.0
13616,0.0
13617,0.0
13618,0.0
13619,0.0
13620,0.0
13621,0.0
13622,0.0
13623,0.0
13624,0.0
13625,0.0
13626,0.0
13627,0.0
13628,0.0
13629,0.0
13630,0.0
13631,0.0
13632,0.0
13633,0.0
13634,0.0
13635,0.0
13636,0.0
13637,0.0
13638,0.0
13639,0.0
13640,0.0
13641,0.0
13642,0.0
13643,0.0
13644,0.0
13645,0.0
13646,0.0
13647,0.0
13648,0.0
13649,0.0
13650,0.0
13651,0.0
13652,0.0
13653,0.0
13654,0.0
13655,0.0
13656,0.0
13657,0.0
13658,0.0
13659,0.0
13660,0.0
13661,0.0
13662,0.0
13663,0.0
13664,0.0
13665,0.0
13666,0.0
13667,0.0
13668,0.0
13669,0.0
13670,0.0
13671,0.0
13672,0.0
13673,0.0
13674,0.0
13675,0.0
13676,0.0
13677,0.0
13678,0.0
13679,0.0
13680,0.0
13681,0.0
13682,0.0
13683,0.0
13684,0.0
13685,0.0
13686,0.0
13687,0.0
13688,0.0
13689,0.0
13690,0.0
13691,0.0
13692,0.0
13693,0.0
13694,0.0
13695,0.0
13696,0.0
13697,0.0
13698,0.0
13699,0.0
13700,0.0
13701,0.0
13702,0.0
13703,0.0
13704,0.0
13705,0.0
13706,0.0
13707,0.0
13708,0.0
13709,0.0
13710,0.0
13711,0.0
13712,0.0
13713,0.0
13714,0.0
13715,0.0
13716,0.0
13717,0.0
13718,0.0
13719,0.0
13720,0.0
13721,0.0
13722,0.0
13723,0.0
13724,0.0
13725,0.0
13726,0.0
13727,0.0
13728,0.0
13729,0.0
13730,0.0
13731,0.0
13732,0.0
13733,0.0
13734,0.0
13735,0.0
13736,0.0
13737,0.0
13738,0.0
13739,0.0
13740,0.0
13741,0.0
13742,0.0
13743,0.0
13744,0.0
13745,0.0
13746,0.0
13747,0.0
13748,0.0
13749,0.0
13750,0.0
13751,0.0
13752,0.0
13753,0.0
13754,0.0
13755,0.0
13756,0.0
13757,0.0
13758,0.0
13759,0.0
13760,0.0
13761,0.0
13762,0.0
13763,0.0
13764,0.0
13765,0.0
13766,0.0
13767,0.0
13768,0.0
13769,0.0
13770,0.0
13771,0.0
13772,0.0
13773,0.0
13774,0.0
13775,0.0
13776,0.0
13777,0.0
13778,0.0
13779,0.0
13780,0.0
13781,0.0
13782,0.0
13783,0.0
13784,0.0
13785,0.0
13786,0.0
13787,0.0
13788,0.0
13789,0.0
13790,0.0
13791,0.0
13792,0.0
13793,0.0
13794,0.0
13795,0.0
13796,0.0
13797,0.0
13798,0.0
13799,0.0
13800,0.0
13801,0.0
13802,0.0
13803,0.0
13804,0.0
13805,0.0
13806,0.0
13807,0.0
13808,0.0
13809,0.0
13810,0.0
13811,0.0
13812,0.0
13813,0.0
13814,0.0
13815,0.0
13816,0.0
13817,0.0
13818,0.0
13819,0.0
13820,0.0
13821,0.0
13822,0.0
13823,0.0
13824,0.0
13825,0.0
13826,0.0
13827,0.0
13828,0.0
13829,0.0
13830,0.0
13831,0.0
13832,0.0
13833,0.0
13834,0.0
13835,0.0
13836,0.0
13837,0.0
13838,0.0
13839,0.0
13840,0.0
13841,0.0
13842,0.0
13843,0.0
13844,0.0
13845,0.0
13846,0.0
13847,0.0
13848,0.0
13849,0.0
13850,0.0
13851,0.0
13852,0.0
13853,0.0
13854,0.0
13855,0.0
13856,0.0
13857,0.0
13858,0.0
13859,0.0
13860,0.0
13861,0.0
13862,0.0
13863,0.0
13864,0.0
13865,0.0
13866,0.0
13867,0.0
13868,0.0
13869,0.0
13870,0.0
13871,0.0
13872,0.0
13873,0.0
13874,0.0
13875,0.0
13876,0.0
13877,0.0
13878,0.0
13879,0.0
13880,0.0
13881,0.0
13882,0.0
13883,0.0
13884,0.0
13885,0.0
13886,0.0
13887,0.0
13888,0.0
13889,0.0
13890,0.0
13891,0.0
13892,0.0
13893,0.0
13894,0.0
13895,0.0
13896,0.0
13897,0.0
13898,0.0
13899,0.0
13900,0.0
13901,0.0
13902,0.0
13903,0.0
13904,0.0
13905,0.0
13906,0.0
13907,0.0
13908,0.0
13909,0.0
13910,0.0
13911,0.0
13912,0.0
13913,0.0
13914,0.0
13915,0.0
13916,0.0
13917,0.0
13918,0.0
13919,0.0
13920,0.0
13921,0.0
13922,0.0
13923,0.0
13924,0.0
13925,0.0
13926,0.0
13927,0.0
13928,0.0
13929,0.0
13930,0.0
13931,0.0
13932,0.0
13933,0.0
13934,0.0
13935,0.0
13936,0.0
13937,0.0
13938,0.0
13939,0.0
13940,0.0
13941,0.0
13942,0.0
13943,0.0
13944,0.0
13945,0.0
13946,0.0
13947,0.0
13948,0.0
13949,0.0
13950,0.0
13951,0.0
13952,0.0
13953,0.0
13954,0.0
13955,0.0
13956,0.0
13957,0.0
13958,0.0
13959,0.0
13960,0.0
13961,0.0
13962,0.0
13963,0.0
13964,0.0
13965,0.0
13966,0.0
13967,0.0
13968,0.0
13969,0.0
13970,0.0
13971,0.0
13972,0.0
13973,0.0
13974,0.0
13975,0.0
13976,0.0
13977,0.0
13978,0.0
13979,0.0
13980,0.0
13981,0.0
13982,0.0
13983,0.0
13984,0.0
13985,0.0
13986,0.0
13987,0.0
13988,0.0
13989,0.0
13990,0.0
13991,0.0
13992,0.0
13993,0.0
13994,0.0
13995,0.0
13996,0.0
13997,0.0
13998,0.0
13999,0.0
14000,0.0
14001,0.0
14002,0.0
14003,0.0
14004,0.0
14005,0.0
14006,0.0
14007,0.0
14008,0.0
14009,0.0
14010,0.0
14011,0.0
14012,0.0
14013,0.0
14014,0.0
14015,0.0
14016,0.0
14017,0.0
14018,0.0
14019,0.0
14020,0.0
14021,0.0
14022,0.0
14023,0.0
14024,0.0
14025,0.0
14026,0.0
14027,0.0
14028,0.0
14029,0.0
14030,0.0
14031,0.0
14032,0.0
14033,0.0
14034,0.0
14035,0.0
14036,0.0
14037,0.0
14038,0.0
14039,0.0
14040,0.0
14041,0.0
14042,0.0
14043,0.0
14044,0.0
14045,0.0
14046,0.0
14047,0.0
14048,0.0
14049,0.0
14050,0.0
14051,0.0
14052,0.0
14053,0.0
14054,0.0
14055,0.0
14056,0.0
14057,0.0
14058,0.0
14059,0.0
14060,0.0
14061,0.0
14062,0.0
14063,0.0
14064,0.0
14065,0.0
14066,0.0
14067,0.0
14068,0.0
14069,0.0
14070,0.0
14071,0.0
14072,0.0
14073,0.0
14074,0.0
14075,0.0
14076,0.0
14077,0.0
14078,0.0
14079,0.0
14080,0.0
14081,0.0
14082,0.0
14083,0.0
14084,0.0
14085,0.0
14086,0.0
14087,0.0
14088,0.0
14089,0.0
14090,0.0
14091,0.0
14092,0.0
14093,0.0
14094,0.0
14095,0.0
14096,0.0
14097,0.0
14098,0.0
14099,0.0
14100,0.0
14101,0.0
14102,0.0
14103,0.0
14104,0.0
14105,0.0
14106,0.0
14107,0.0
14108,0.0
14109,0.0
14110,0.0
14111,0.0
14112,0.0
14113,0.0
14114,0.0
14115,0.0
14116,0.0
14117,0.0
14118,0.0
14119,0.0
14120,0.0
14121,0.0
14122,0.0
14123,0.0
14124,0.0
14125,0.0
14126,0.0
14127,0.0
14128,0.0
14129,0.0
14130,0.0
14131,0.0
14132,0.0
14133,0.0
14134,0.0
14135,0.0
14136,0.0
14137,0.0
14138,0.0
14139,0.0
14140,0.0
14141,0.0
14142,0.0
14143,0.0
14144,0.0
14145,0.0
14146,0.0
14147,0.0
14148,0.0
14149,0.0
14150,0.0
14151,0.0
14152,0.0
14153,0.0
14154,0.0
14155,0.0
14156,0.0
14157,0.0
14158,0.0
14159,0.0
14160,0.0
14161,0.0
14162,0.0
14163,0.0
14164,0.0
14165,0.0
14166,0.0
14167,0.0
14168,0.0
14169,0.0
14170,0.0
14171,0.0
14172,0.0
14173,0.0
14174,0.0
14175,0.0
14176,0.0
14177,0.0
14178,0.0
14179,0.0
14180,0.0
14181,0.0
14182,0.0
14183,0.0
14184,0.0
14185,0.0
14186,0.0
14187,0.0
14188,0.0
14189,0.0
14190,0.0
14191,0.0
14192,0.0
14193,0.0
14194,0.0
14195,0.0
14196,0.0
14197,0.0
14198,0.0
14199,0.0
14200,0.0
14201,0.0
14202,0.0
14203,0.0
14204,0.0
14205,0.0
14206,0.0
14207,0.0
14208,0.0
14209,0.0
14210,0.0
14211,0.0
14212,0.0
14213,0.0
14214,0.0
14215,0.0
14216,0.0
14217,0.0
14218,0.0
14219,0.0
14220,0.0
14221,0.0
14222,0.0
14223,0.0
14224,0.0
14225,0.0
14226,0.0
14227,0.0
14228,0.0
14229,0.0
14230,0.0
14231,0.0
14232,0.0
14233,0.0
14234,0.0
14235,0.0
14236,0.0
14237,0.0
14238,0.0
14239,0.0
14240,0.0
14241,0.0
14242,0.0
14243,0.0
14244,0.0
14245,0.0
14246,0.0
14247,0.0
14248,0.0
14249,0.0
14250,0.0
14251,0.0
14252,0.0
14253,0.0
14254,0.0
14255,0.0
14256,0.0
14257,0.0
14258,0.0
14259,0.0
14260,0.0
14261,0.0
14262,0.0
14263,0.0
14264,0.0
14265,0.0
14266,0.0
14267,0.0
14268,0.0
14269,0.0
14270,0.0
14271,0.0
14272,0.0
14273,0.0
14274,0.0
14275,0.0
14276,0.0
14277,0.0
14278,0.0
14279,0.0
14280,0.0
14281,0.0
14282,0.0
14283,0.0
14284,0.0
14285,0.0
14286,0.0
14287,0.0
14288,0.0
14289,0.0
14290,0.0
14291,0.0
14292,0.0
14293,0.0
14294,0.0
14295,0.0
14296,0.0
14297,0.0
14298,0.0
14299,0.0
14300,0.0
14301,0.0
14302,0.0
14303,0.0
14304,0.0
14305,0.0
14306,0.0
14307,0.0
14308,0.0
14309,0.0
14310,0.0
14311,0.0
14312,0.0
14313,0.0
14314,0.0
14315,0.0
14316,0.0
14317,0.0
14318,0.0
14319,0.0
14320,0.0
14321,0.0
14322,0.0
14323,0.0
14324,0.0
14325,0.0
14326,0.0
14327,0.0
14328,0.0
14329,0.0
14330,0.0
14331,0.0
14332,0.0
14333,0.0
14334,0.0
14335,0.0
14336,0.0
14337,0.0
14338,0.0
14339,0.0
14340,0.0
14341,0.0
14342,0.0
14343,0.0
14344,0.0
14345,0.0
14346,0.0
14347,0.0
14348,0.0
14349,0.0
14350,0.0
14351,0.0
14352,0.0
14353,0.0
14354,0.0
14355,0.0
14356,0.0
14357,0.0
14358,0.0
14359,0.0
14360,0.0
14361,0.0
14362,0.0
14363,0.0
14364,0.0
14365,0.0
14366,0.0
14367,0.0
14368,0.0
14369,0.0
14370,0.0
14371,0.0
14372,0.0
14373,0.0
14374,0.0
14375,0.0
14376,41.489089260302094
14377,41.489089260302094
14378,41.489089260302094
14379,86.03714776287487
14380,86.03714776287487
14381,86.03714776287487
14382,100.37079974606536
14383,316.73251830231635
14384,438.49061373799924
14385,620.6810699562767
14386,936.6217168469964
14387,1014.2841474536267
14388,1152.7376679915897
14389,1222.2536772128205
14390,1540.1415438741217
14391,1574.7506076876787
14392,1607.0213287182717
14393,1773.5824805986997
14394,1854.8098312106333
14395,2041.1279162993435
14396,1925.137107720023
14397,1991.4952412695204
14398,2065.0000378862305
14399,2065.0000378862305
14400,2095.4683746167652
14401,0.0
14402,0.0
14403,0.0
14404,0.0
14405,0.0
14406,0.0
14407,0.0
14408,0.0
14409,0.0
14410,0.0
14411,0.0
14412,0.0
14413,0.0
14414,0.0
14415,0.0
14416,0.0
14417,0.0
14418,0.0
14419,0.0
14420,0.0
14421,0.0
14422,0.0
14423,0.0
14424,0.0
14425,0.0
14426,0.0
14427,0.0
14428,0.0
14429,0.0
14430,0.0
14431,0.0
14432,0.0
14433,0.0
14434,0.0
14435,0.0
14436,0.0
14437,0.0
14438,0.0
14439,0.0
14440,0.0
14441,0.0
14442,0.0
14443,0.0
14444,0.0
14445,0.0
14446,0.0
14447,0.0
14448,0.0
14449,0.0
14450,0.0
14451,0.0
14452,0.0
14453,0.0
14454,0.0
14455,0.0
14456,0.0
14457,0.0
14458,0.0
14459,0.0
14460,0.0
14461,0.0
14462,0.0
14463,0.0
14464,0.0
14465,0.0
14466,0.0
14467,0.0
14468,0.0
14469,0.0
14470,0.0
14471,0.0
14472,0.0
14473,0.0
14474,0.0
14475,0.0
14476,0.0
14477,0.0
14478,0.0
14479,0.0
14480,0.0
14481,0.0
14482,0.0
14483,0.0
14484,0.0
14485,0.0
14486,0.0
14487,0.0
14488,0.0
14489,0.0
14490,0.0
14491,0.0
14492,0.0
14493,0.0
14494,0.0
14495,0.0
14496,0.0
14497,0.0
14498,0.0
14499,0.0
14500,0.0
14501,0.0
14502,0.0
14503,0.0
14504,0.0
14505,0.0
14506,0.0
14507,0.0
14508,0.0
14509,0.0
14510,0.0
14511,0.0
14512,0.0
14513,0.0
14514,0.0
14515,0.0
14516,0.0
14517,0.0
14518,0.0
14519,0.0
14520,0.0
14521,0.0
14522,0.0
14523,0.0
14524,0.0
14525,0.0
14526,0.0
14527,0.0
14528,0.0
14529,0.0
14530,0.0
14531,0.0
14532,0.0
14533,0.0
14534,0.0
14535,0.0
14536,0.0
14537,0.0
14538,0.0
14539,0.0
14540,0.0
14541,0.0
14542,0.0
14543,0.0
14544,0.0
14545,0.0
14546,0.0
14547,0.0
14548,0.0
14549,0.0
14550,0.0
14551,0.0
14552,0.0
14553,0.0
14554,0.0
14555,0.0
14556,0.0
14557,0.0
14558,0.0
14559,0.0
14560,0.0
14561,0.0
14562,0.0
14563,0.0
14564,0.0
14565,0.0
14566,0.0
14567,0.0
14568,0.0
14569,0.0
14570,0.0
14571,0.0
14572,0.0
14573,0.0
14574,0.0
14575,0.0
14576,0.0
14577,0.0
14578,0.0
14579,0.0
14580,0.0
14581,0.0
14582,0.0
14583,0.0
14584,0.0
14585,0.0
14586,0.0
14587,0.0
14588,0.0
14589,0.0
14590,0.0
14591,0.0
14592,0.0
14593,0.0
14594,0.0
14595,0.0
14596,0.0
14597,0.0
14598,0.0
14599,0.0
14600,0.0
14601,0.0
14602,0.0
14603,0.0
14604,0.0
14605,0.0
14606,0.0
14607,0.0
14608,0.0
14609,0.0
14610,0.0
14611,0.0
14612,0.0
14613,0.0
14614,0.0
14615,0.0
14616,0.0
14617,0.0
14618,0.0
14619,0.0
14620,0.0
14621,0.0
14622,0.0
14623,0.0
14624,0.0
14625,0.0
14626,0.0
14627,0.0
14628,0.0
14629,0.0
14630,0.0
14631,0.0
14632,0.0
14633,0.0
14634,0.0
14635,0.0
14636,0.0
14637,0.0
14638,0.0
14639,0.0
14640,0.0
14641,0.0
14642,0.0
14643,0.0
14644,0.0
14645,0.0
14646,0.0
14647,0.0
14648,0.0
14649,0.0
14650,0.0
14651,0.0
14652,0.0
14653,0.0
14654,0.0
14655,0.0
14656,0.0
14657,0.0
14658,0.0
14659,0.0
14660,0.0
14661,0.0
14662,0.0
14663,0.0
14664,0.0
14665,0.0
14666,0.0
14667,0.0
14668,0.0
14669,0.0
14670,0.0
14671,0.0
14672,0.0
14673,0.0
14674,0.0
14675,0.0
14676,0.0
14677,0.0
14678,0.0
14679,0.0
14680,0.0
14681,0.0
14682,0.0
14683,0.0
14684,0.0
14685,0.0
14686,0.0
14687,0.0
14688,0.0
14689,0.0
14690,0.0
14691,0.0
14692,0.0
14693,0.0
14694,0.0
14695,0.0
14696,0.0
14697,0.0
14698,0.0
14699,0.0
14700,0.0
14701,0.0
14702,0.0
14703,0.0
14704,0.0
14705,0.0
14706,0.0
14707,0.0
14708,0.0
14709,0.0
14710,0.0
14711,0.0
14712,0.0
14713,0.0
14714,0.0
14715,0.0
14716,0.0
14717,0.0
14718,0.0
14719,0.0
14720,0.0
14721,0.0
14722,0.0
14723,0.0
14724,0.0
14725,0.0
14726,0.0
14727,0.0
14728,0.0
14729,0.0
14730,0.0
14731,0.0
14732,0.0
14733,0.0
14734,0.0
14735,0.0
14736,0.0
14737,0.0
14738,0.0
14739,0.0
14740,0.0
14741,0.0
14742,0.0
14743,0.0
14744,0.0
14745,0.0
14746,0.0
14747,0.0
14748,0.0
14749,0.0
14750,0.0
14751,0.0
14752,0.0
14753,0.0
14754,0.0
14755,0.0
14756,0.0
14757,0.0
14758,0.0
14759,0.0
14760,0.0
14761,0.0
14762,0.0
14763,0.0
14764,0.0
14765,0.0
14766,0.0
14767,0.0
14768,0.0
14769,0.0
14770,0.0
14771,0.0
14772,0.0
14773,0.0
14774,0.0
14775,0.0
14776,0.0
14777,0.0
14778,0.0
14779,0.0
14780,0.0
14781,0.0
14782,0.0
14783,0.0
14784,0.0
14785,0.0
14786,0.0
14787,0.0
14788,0.0
14789,0.0
14790,0.0
14791,0.0
14792,0.0
14793,0.0
14794,0.0
14795,0.0
14796,0.0
14797,0.0
14798,0.0
14799,0.0
14800,0.0
14801,0.0
14802,0.0
14803,0.0
14804,0.0
14805,0.0
14806,0.0
14807,0.0
14808,0.0
14809,0.0
14810,0.0
14811,0.0
14812,0.0
14813,0.0
14814,0.0
14815,0.0
14816,0.0
14817,0.0
14818,0.0
14819,0.0
14820,0.0
14821,0.0
14822,0.0
14823,0.0
14824,0.0
14825,0.0
14826,0.0
14827,0.0
14828,0.0
14829,0.0
14830,0.0
14831,0.0
14832,0.0
14833,0.0
14834,0.0
14835,0.0
14836,0.0
14837,0.0
14838,0.0
14839,0.0
14840,0.0
14841,0.0
14842,0.0
14843,0.0
14844,0.0
14845,0.0
14846,0.0
14847,0.0
14848,0.0
14849,0.0
14850,0.0
14851,9712.358275496657
14852,9712.358275496657
14853,9712.358275496657
14854,9712.358275496657
14855,9712.358275496657
14856,9712.358275496657
14857,9712.358275496657
14858,9712.358275496657
14859,9712.358275496657
14860,9712.358275496657
14861,9712.358275496657
14862,9712.358275496657
14863,9712.358275496657
14864,9712.358275496657
14865,9712.358275496657
14866,9712.358275496657
14867,9712.358275496657
14868,9712.358275496657
14869,9712.358275496657
14870,9712.358275496657
14871,9712.358275496657
14872,9712.358275496657
14873,9712.358275496657
14874,9712.358275496657
14875,9712.358275496657
14876,9712.358275496657
14877,9712.358275496657
14878,9712.358275496657
14879,9712.358275496657
14880,9712.358275496657
14881,9712.358275496657
14882,9712.358275496657
14883,9712.358275496657
14884,9712.358275496657
14885,9712.358275496657
14886,9712.358275496657
14887,9712.358275496657
14888,9712.358275496657
14889,9712.358275496657
14890,9712.358275496657
14891,9712.358275496657
14892,9712.358275496657
14893,9712.358275496657
14894,9712.358275496657
14895,9712.358275496657
14896,9712.358275496657
14897,9712.358275496657
14898,9712.358275496657
14899,9712.358275496657
14900,9712.358275496657
14901,9712.358275496657
14902,9712.358275496657
14903,9712.358275496657
14904,9712.358275496657
14905,9712.358275496657
14906,9712.358275496657
14907,9712.358275496657
14908,9712.358275496657
14909,9712.358275496657
14910,9712.358275496657
14911,9712.358275496657
14912,9712.358275496657
14913,9712.358275496657
14914,9712.358275496657
14915,9712.358275496657
14916,9712.358275496657
14917,9712.358275496657
14918,9712.358275496657
14919,9712.358275496657
14920,9712.358275496657
14921,9712.358275496657
14922,9712.358275496657
14923,9712.358275496657
14924,9712.358275496657
14925,9712.358275496657
14926,9712.358275496657
14927,9712.358275496657
14928,9712.358275496657
14929,9712.358275496657
14930,9712.358275496657
14931,9712.358275496657
14932,9712.358275496657
14933,9712.358275496657
14934,9712.358275496657
14935,9712.358275496657
14936,9712.358275496657
14937,9712.358275496657
14938,9712.358275496657
14939,9712.358275496657
14940,9712.358275496657
14941,9712.358275496657
14942,9712.358275496657
14943,9712.358275496657
14944,9712.358275496657
14945,9712.358275496657
14946,9712.358275496657
14947,9712.358275496657
14948,9712.358275496657
14949,9712.358275496657
14950,9712.358275496657
14951,9712.358275496657
14952,9712.358275496657
14953,9712.358275496657
14954,9712.358275496657
14955,9712.358275496657
14956,9712.358275496657
14957,9712.358275496657
14958,9712.358275496657
14959,9712.358275496657
14960,9712.358275496657
14961,9712.358275496657
14962,9712.358275496657
14963,9712.358275496657
14964,9712.358275496657
14965,9712.358275496657
14966,9712.358275496657
14967,9712.358275496657
14968,9712.358275496657
14969,9712.358275496657
14970,9712.358275496657
14971,9712.358275496657
14972,9712.358275496657
14973,9712.358275496657
14974,9712.358275496657
14975,9712.358275496657
14976,9712.358275496657
14977,9712.358275496657
14978,9712.358275496657
14979,9712.358275496657
14980,9712.358275496657
14981,9743.413859161423
14982,9743.413859161423
14983,9743.413859161423
14984,9743.413859161423
14985,9796.731355914368
14986,9796.731355914368
14987,9796.731355914368
14988,9889.093252310848
14989,9989.118152121124
14990,9989.118152121124
14991,9989.118152121124
14992,9989.118152121124
14993,9989.118152121124
14994,9989.118152121124
14995,9989.118152121124
14996,9989.118152121124
14997,10160.291066555807
14998,10250.088088326333
14999,10250.088088326333
15000,10250.088088326333
15001,0.0
15002,0.0
15003,0.0
15004,0.0
15005,0.0
15006,0.0
15007,0.0
15008,0.0
15009,0.0
15010,0.0
15011,0.0
15012,0.0
15013,0.0
15014,0.0
15015,0.0
15016,0.0
15017,0.0
15018,0.0
15019,0.0
15020,0.0
15021,0.0
15022,0.0
15023,0.0
15024,0.0
15025,0.0
15026,0.0
15027,0.0
15028,0.0
15029,0.0
15030,0.0
15031,0.0
15032,0.0
15033,0.0
15034,0.0
15035,0.0
15036,0.0
15037,0.0
15038,0.0
15039,0.0
15040,0.0
15041,0.0
15042,0.0
15043,0.0
15044,0.0
15045,0.0
15046,0.0
15047,0.0
15048,0.0
15049,0.0
15050,0.0
15051,0.0
15052,0.0
15053,0.0
15054,0.0
15055,0.0
15056,0.0
15057,0.0
15058,0.0
15059,0.0
15060,0.0
15061,0.0
15062,0.0
15063,0.0
15064,0.0
15065,0.0
15066,0.0
15067,0.0
15068,0.0
15069,0.0
15070,0.0
15071,0.0
15072,0.0
15073,0.0
15074,0.0
15075,0.0
15076,0.0
15077,0.0
15078,0.0
15079,0.0
15080,0.0
15081,0.0
15082,0.0
15083,0.0
15084,0.0
15085,0.0
15086,0.0
15087,0.0
15088,0.0
15089,0.0
15090,0.0
15091,0.0
15092,0.0
15093,0.0
15094,0.0
15095,0.0
15096,0.0
15097,0.0
15098,0.0
15099,0.0
15100,0.0
15101,0.0
15102,0.0
15103,0.0
15104,0.0
15105,0.0
15106,0.0
15107,0.0
15108,0.0
15109,0.0
15110,0.0
15111,0.0
15112,0.0
15113,0.0
15114,0.0
15115,0.0
15116,0.0
15117,0.0
15118,0.0
15119,0.0
15120,0.0
15121,0.0
15122,0.0
15123,0.0
15124,0.0
15125,0.0
15126,0.0
15127,0.0
15128,0.0
15129,0.0
15130,0.0
15131,0.0
15132,0.0
15133,0.0
15134,0.0
15135,0.0
15136,0.0
15137,0.0
15138,0.0
15139,0.0
15140,0.0
15141,0.0
15142,0.0
15143,0.0
15144,0.0
15145,0.0
15146,0.0
15147,0.0
15148,0.0
15149,0.0
15150,0.0
15151,0.0
15152,0.0
15153,0.0
15154,0.0
15155,0.0
15156,0.0
15157,0.0
15158,0.0
15159,0.0
15160,0.0
15161,0.0
15162,0.0
15163,0.0
15164,0.0
15165,0.0
15166,0.0
15167,0.0
15168,0.0
15169,0.0
15170,0.0
15171,0.0
15172,0.0
15173,0.0
15174,0.0
15175,0.0
15176,0.0
15177,0.0
15178,0.0
15179,0.0
15180,0.0
15181,0.0
15182,0.0
15183,0.0
15184,0.0
15185,0.0
15186,0.0
15187,0.0
15188,0.0
15189,0.0
15190,0.0
15191,0.0
15192,0.0
15193,0.0
15194,0.0
15195,0.0
15196,0.0
15197,0.0
15198,0.0
15199,0.0
15200,0.0
15201,0.0
15202,0.0
15203,0.0
15204,0.0
15205,0.0
15206,0.0
15207,0.0
15208,0.0
15209,0.0
15210,0.0
15211,0.0
15212,0.0
15213,0.0
15214,0.0
15215,0.0
15216,0.0
15217,0.0
15218,0.0
15219,0.0
15220,0.0
15221,0.0
15222,0.0
15223,0.0
15224,0.0
15225,0.0
15226,0.0
15227,0.0
15228,0.0
15229,0.0
15230,0.0
15231,0.0
15232,0.0
15233,0.0
15234,0.0
15235,0.0
15236,0.0
15237,0.0
15238,0.0
15239,0.0
15240,0.0
15241,0.0
15242,0.0
15243,0.0
15244,0.0
15245,0.0
15246,0.0
15247,0.0
15248,0.0
15249,0.0
15250,0.0
15251,0.0
15252,0.0
15253,0.0
15254,0.0
15255,0.0
15256,0.0
15257,0.0
15258,0.0
15259,0.0
15260,0.0
15261,0.0
15262,0.0
15263,0.0
15264,0.0
15265,0.0
15266,0.0
15267,0.0
15268,0.0
15269,0.0
15270,0.0
15271,0.0
15272,0.0
15273,0.0
15274,0.0
15275,0.0
15276,0.0
15277,0.0
15278,0.0
15279,0.0
15280,0.0
15281,0.0
15282,0.0
15283,0.0
15284,0.0
15285,0.0
15286,0.0
15287,0.0
15288,0.0
15289,0.0
15290,0.0
15291,0.0
15292,0.0
15293,0.0
15294,0.0
15295,0.0
15296,0.0
15297,0.0
15298,0.0
15299,0.0
15300,0.0
15301,0.0
15302,0.0
15303,0.0
15304,0.0
15305,0.0
15306,0.0
15307,0.0
15308,0.0
15309,0.0
15310,0.0
15311,0.0
15312,0.0
15313,0.0
15314,0.0
15315,0.0
15316,0.0
15317,0.0
15318,0.0
15319,0.0
15320,0.0
15321,0.0
15322,0.0
15323,0.0
15324,0.0
15325,0.0
15326,0.0
15327,0.0
15328,0.0
15329,0.0
15330,0.0
15331,0.0
15332,0.0
15333,0.0
15334,0.0
15335,0.0
15336,0.0
15337,0.0
15338,0.0
15339,0.0
15340,0.0
15341,0.0
15342,0.0
15343,0.0
15344,0.0
15345,0.0
15346,0.0
15347,0.0
15348,0.0
15349,0.0
15350,0.0
15351,0.0
15352,0.0
15353,0.0
15354,0.0
15355,0.0
15356,0.0
15357,0.0
15358,0.0
15359,0.0
15360,0.0
15361,0.0
15362,0.0
15363,0.0
15364,0.0
15365,0.0
15366,0.0
15367,0.0
15368,0.0
15369,0.0
15370,0.0
15371,0.0
15372,0.0
15373,0.0
15374,0.0
15375,0.0
15376,0.0
15377,0.0
15378,0.0
15379,0.0
15380,0.0
15381,0.0
15382,0.0
15383,0.0
15384,0.0
15385,0.0
15386,0.0
15387,0.0
15388,0.0
15389,0.0
15390,0.0
15391,0.0
15392,0.0
15393,0.0
15394,0.0
15395,0.0
15396,0.0
15397,0.0
15398,0.0
15399,0.0
15400,0.0
15401,0.0
15402,0.0
15403,0.0
15404,0.0
15405,0.0
15406,0.0
15407,0.0
15408,0.0
15409,0.0
15410,0.0
15411,0.0
15412,0.0
15413,0.0
15414,0.0
15415,0.0
15416,0.0
15417,0.0
15418,0.0
15419,0.0
15420,0.0
15421,0.0
15422,0.0
15423,0.0
15424,0.0
15425,0.0
15426,0.0
15427,0.0
15428,0.0
15429,0.0
15430,0.0
15431,0.0
15432,0.0
15433,0.0
15434,0.0
15435,0.0
15436,0.0
15437,0.0
15438,0.0
15439,0.0
15440,0.0
15441,0.0
15442,0.0
15443,0.0
15444,0.0
15445,0.0
15446,0.0
15447,0.0
15448,0.0
15449,0.0
15450,0.0
15451,0.0
15452,0.0
15453,0.0
15454,0.0
15455,0.0
15456,0.0
15457,0.0
15458,0.0
15459,0.0
15460,0.0
15461,0.0
15462,0.0
15463,0.0
15464,0.0
15465,0.0
15466,0.0
15467,0.0
15468,0.0
15469,0.0
15470,0.0
15471,0.0
15472,0.0
15473,0.0
15474,0.0
15475,0.0
15476,0.0
15477,0.0
15478,0.0
15479,0.0
15480,0.0
15481,0.0
15482,0.0
15483,0.0
15484,0.0
15485,0.0
15486,0.0
15487,0.0
15488,0.0
15489,0.0
15490,0.0
15491,0.0
15492,0.0
15493,0.0
15494,0.0
15495,0.0
15496,0.0
15497,0.0
15498,0.0
15499,0.0
15500,0.0
15501,0.0
15502,0.0
15503,0.0
15504,0.0
15505,0.0
15506,0.0
15507,0.0
15508,0.0
15509,0.0
15510,0.0
15511,0.0
15512,0.0
15513,0.0
15514,0.0
15515,0.0
15516,0.0
15517,0.0
15518,0.0
15519,0.0
15520,0.0
15521,0.0
15522,0.0
15523,0.0
15524,0.0
15525,0.0
15526,0.0
15527,0.0
15528,0.0
15529,0.0
15530,0.0
15531,0.0
15532,0.0
15533,0.0
15534,0.0
15535,0.0
15536,0.0
15537,0.0
15538,0.0
15539,0.0
15540,0.0
15541,0.0
15542,0.0
15543,0.0
15544,0.0
15545,0.0
15546,0.0
15547,0.0
15548,0.0
15549,0.0
15550,0.0
15551,0.0
15552,0.0
15553,0.0
15554,0.0
15555,0.0
15556,0.0
15557,0.0
15558,0.0
15559,0.0
15560,0.0
15561,0.0
15562,0.0
15563,0.0
15564,0.0
15565,0.0
15566,0.0
15567,0.0
15568,0.0
15569,0.0
15570,0.0
15571,0.0
15572,0.0
15573,0.0
15574,0.0
15575,0.0
15576,0.0
15577,0.0
15578,0.0
15579,0.0
15580,0.0
15581,0.0
15582,0.0
15583,0.0
15584,0.0
15585,0.0
15586,0.0
15587,0.0
15588,0.0
15589,0.0
15590,0.0
15591,0.0
15592,0.0
15593,0.0
15594,0.0
15595,0.0
15596,0.0
15597,0.0
15598,0.0
15599,0.0
15600,0.0
15601,0.0
15602,0.0
15603,0.0
15604,0.0
15605,0.0
15606,0.0
15607,546.059095383522
15608,207.18893375724562
15609,597.6401516924823
15610,1675.2950244779702
15611,1229.9133763454627
15612,517.5334505936914
15613,308.99149751926615
15614,2432.0572027605476
15615,2006.7454048032225
15616,2753.5525282338726
15617,2492.176498387881
15618,7377.760222347995
15619,7292.593806263935
15620,7126.869075144333
15621,7777.48022494015
15622,8868.290638531536
15623,8849.487385124188
15624,10039.91301398204
15625,9638.896398982668
15626,9711.015381830852
15627,9551.432256756572
15628,10341.5170741398
15629,10667.394004833994
15630,0.0
15631,304.5767875942811
15632,296.9781206214218
15633,421.6891430517556
15634,635.9426387136568
15635,705.718002423607
15636,730.0659796630077
15637,721.5430148675973
15638,632.727524011607
15639,573.7381305247849
15640,701.7762407565305
15641,669.0266055416342
15642,738.8019692515846
15643,750.8156541274496
15644,755.3571838734091
15645,649.11910635439
15646,590.129712867568
15647,714.8407352979003
15648,676.9677613712801
15649,746.7431250812305
15650,763.7367552152473
15651,755.2137904198366
15652,998.890023143831
15653,939.9006296570087
15654,2434.8689171507413
15655,2402.119281935845
15656,2466.7336054477473
15657,2478.7472903236117
15658,4413.25851113142
15659,4328.87851419985
15660,4269.889120713027
15661,4394.60014314336
15662,4361.850507928464
15663,4433.669629093082
15664,4445.683313968947
15665,4416.107774319115
15666,4309.869696800095
15667,4245.162263427638
15668,4375.948056162923
15669,4345.238110483681
15670,4422.100100633932
15671,4542.430117766251
15672,4967.8917477364475
15673,5585.477108297696
15674,5594.359940184665
15675,5917.214664667419
15676,6206.159605315102
15677,6277.620021794766
15678,6289.633706670631
15679,6302.5478910667925
15680,6716.61653886576
15681,6906.518738784688
15682,8600.763105266822
15683,10483.016247869358
15684,11625.476800306085
15685,11768.023388744332
15686,12049.774262724863
15687,11969.865086863436
15688,11936.319176493465
15689,12084.562416916535
15690,15502.284972441817
15691,15555.142446560822
15692,15600.262831811424
15693,15591.73986701601
15694,15485.50178949699
15695,15426.512396010168
15696,15565.111982729739
15697,15536.619490414543
15698,15589.476964533547
15699,15594.68172601285
15700,15568.57172423988
15701,15451.62422596328
15702,15394.31918058805
15703,16639.545709424605
15704,16611.05321710941
15705,16661.027987672613
15706,16618.217445934362
15707,16666.988203656885
15708,16551.24502563432
15709,16492.255632147506
15710,16654.686756718485
15711,16626.194264403282
15712,16707.511218420557
15713,16793.16667719898
15714,16813.75557560271
15715,16696.009419250844
15716,16597.509381239408
15717,16767.09144211333
15718,16738.59894979813
15719,16738.16572620771
15720,17396.878419139834
15721,17375.908405988866
15722,17258.162249636996
15723,17199.17285615016
15724,17362.160113730195
15725,18269.007940508935
15726,18342.07516974992
15727,18352.861037027797
15728,18331.89102387683
15729,18233.62093131189
15730,18268.3089943772
15731,18430.863708285186
15732,18402.371215969986
15733,18455.22869008899
15734,18466.014557366863
15735,18445.044544215896
15736,18327.298387864023
15737,18308.97992930396
15738,18597.76667441859
15739,18773.058672997704
15740,18825.916147116706
15741,19964.653184893104
15742,20068.355987857154
15743,19950.60983150528
15744,19881.80532419559
15745,20030.317012089734
15746,20001.824519774535
15747,20066.35763284928
15748,20077.143500127157
15749,20056.17348697619
15750,19938.427330624316
15751,0.0
15752,0.0
15753,0.0
15754,0.0
15755,0.0
15756,0.0
15757,0.0
15758,0.0
15759,0.0
15760,0.0
15761,0.0
15762,0.0
15763,0.0
15764,0.0
15765,0.0
15766,0.0
15767,0.0
15768,0.0
15769,0.0
15770,0.0
15771,0.0
15772,0.0
15773,0.0
15774,0.0
15775,0.0
15776,0.0
15777,0.0
15778,0.0
15779,0.0
15780,0.0
15781,0.0
15782,0.0
15783,0.0
15784,0.0
15785,0.0
15786,0.0
15787,0.0
15788,0.0
15789,0.0
15790,0.0
15791,0.0
15792,0.0
15793,0.0
15794,0.0
15795,0.0
15796,0.0
15797,0.0
15798,0.0
15799,0.0
15800,0.0
15801,0.0
15802,0.0
15803,0.0
15804,0.0
15805,0.0
15806,0.0
15807,0.0
15808,0.0
15809,0.0
15810,0.0
15811,0.0
15812,0.0
15813,0.0
15814,0.0
15815,0.0
15816,0.0
15817,0.0
15818,0.0
15819,0.0
15820,0.0
15821,0.0
15822,0.0
15823,0.0
15824,0.0
15825,0.0
15826,0.0
15827,0.0
15828,0.0
15829,0.0
15830,0.0
15831,0.0
15832,0.0
15833,0.0
15834,0.0
15835,0.0
15836,0.0
15837,0.0
15838,0.0
15839,0.0
15840,0.0
15841,0.0
15842,0.0
15843,0.0
15844,0.0
15845,0.0
15846,0.0
15847,0.0
15848,0.0
15849,0.0
15850,0.0
15851,0.0
15852,0.0
15853,0.0
15854,0.0
15855,0.0
15856,0.0
15857,0.0
15858,0.0
15859,0.0
15860,0.0
15861,0.0
15862,0.0
15863,0.0
15864,0.0
15865,0.0
15866,0.0
15867,0.0
15868,0.0
15869,0.0
15870,0.0
15871,0.0
15872,0.0
15873,0.0
15874,0.0
15875,0.0
15876,0.0
15877,0.0
15878,0.0
15879,0.0
15880,0.0
15881,0.0
15882,0.0
15883,0.0
15884,0.0
15885,0.0
15886,0.0
15887,0.0
15888,0.0
15889,0.0
15890,0.0
15891,0.0
15892,0.0
15893,0.0
15894,0.0
15895,0.0
15896,0.0
15897,0.0
15898,0.0
15899,0.0
15900,0.0
15901,0.0
15902,0.0
15903,0.0
15904,0.0
15905,0.0
15906,0.0
15907,0.0
15908,0.0
15909,0.0
15910,0.0
15911,0.0
15912,0.0
15913,0.0
15914,0.0
15915,0.0
15916,0.0
15917,0.0
15918,0.0
15919,0.0
15920,0.0
15921,0.0
15922,0.0
15923,0.0
15924,0.0
15925,0.0
15926,0.0
15927,0.0
15928,0.0
15929,0.0
15930,0.0
15931,0.0
15932,0.0
15933,0.0
15934,0.0
15935,0.0
15936,0.0
15937,0.0
15938,0.0
15939,0.0
15940,0.0
15941,0.0
15942,0.0
15943,0.0
15944,0.0
15945,0.0
15946,0.0
15947,0.0
15948,0.0
15949,0.0
15950,0.0
15951,0.0
15952,0.0
15953,0.0
15954,0.0
15955,0.0
15956,0.0
15957,0.0
15958,0.0
15959,0.0
15960,0.0
15961,0.0
15962,0.0
15963,0.0
15964,0.0
15965,0.0
15966,0.0
15967,0.0
15968,0.0
15969,0.0
15970,0.0
15971,0.0
15972,0.0
15973,0.0
15974,0.0
15975,0.0
15976,0.0
15977,0.0
15978,0.0
15979,0.0
15980,0.0
15981,0.0
15982,0.0
15983,0.0
15984,0.0
15985,0.0
15986,0.0
15987,0.0
15988,0.0
15989,0.0
15990,0.0
15991,0.0
15992,0.0
15993,0.0
15994,0.0
15995,0.0
15996,0.0
15997,0.0
15998,0.0
15999,0.0
16000,0.0
16001,0.0
16002,0.0
16003,0.0
16004,0.0
16005,0.0
16006,0.0
16007,0.0
16008,0.0
16009,0.0
16010,0.0
16011,0.0
16012,0.0
16013,0.0
16014,0.0
16015,0.0
16016,0.0
16017,0.0
16018,0.0
16019,0.0
16020,0.0
16021,0.0
16022,0.0
16023,0.0
16024,0.0
16025,0.0
16026,0.0
16027,0.0
16028,0.0
16029,0.0
16030,0.0
16031,0.0
16032,0.0
16033,0.0
16034,0.0
16035,0.0
16036,0.0
16037,0.0
16038,0.0
16039,0.0
16040,0.0
16041,0.0
16042,0.0
16043,0.0
16044,0.0
16045,0.0
16046,0.0
16047,0.0
16048,0.0
16049,0.0
16050,0.0
16051,0.0
16052,0.0
16053,0.0
16054,0.0
16055,0.0
16056,0.0
16057,0.0
16058,0.0
16059,0.0
16060,0.0
16061,0.0
16062,0.0
16063,0.0
16064,0.0
16065,0.0
16066,0.0
16067,0.0
16068,0.0
16069,0.0
16070,0.0
16071,0.0
16072,0.0
16073,0.0
16074,0.0
16075,0.0
16076,0.0
16077,0.0
16078,0.0
16079,0.0
16080,0.0
16081,0.0
16082,0.0
16083,0.0
16084,0.0
16085,0.0
16086,0.0
16087,0.0
16088,0.0
16089,0.0
16090,0.0
16091,0.0
16092,0.0
16093,0.0
16094,0.0
16095,0.0
16096,0.0
16097,0.0
16098,0.0
16099,0.0
16100,0.0
16101,0.0
16102,0.0
16103,0.0
16104,0.0
16105,0.0
16106,0.0
16107,0.0
16108,0.0
16109,0.0
16110,0.0
16111,0.0
16112,0.0
16113,0.0
16114,0.0
16115,0.0
16116,0.0
16117,0.0
16118,0.0
16119,0.0
16120,0.0
16121,0.0
16122,0.0
16123,0.0
16124,0.0
16125,0.0
16126,0.0
16127,0.0
16128,0.0
16129,0.0
16130,0.0
16131,0.0
16132,0.0
16133,0.0
16134,0.0
16135,0.0
16136,0.0
16137,0.0
16138,0.0
16139,0.0
16140,0.0
16141,0.0
16142,0.0
16143,0.0
16144,0.0
16145,0.0
16146,0.0
16147,0.0
16148,0.0
16149,0.0
16150,0.0
16151,0.0
16152,0.0
16153,0.0
16154,0.0
16155,0.0
16156,0.0
16157,0.0
16158,0.0
16159,0.0
16160,0.0
16161,0.0
16162,0.0
16163,0.0
16164,0.0
16165,0.0
16166,0.0
16167,0.0
16168,0.0
16169,0.0
16170,0.0
16171,0.0
16172,0.0
16173,0.0
16174,0.0
16175,0.0
16176,0.0
16177,0.0
16178,0.0
16179,0.0
16180,0.0
16181,0.0
16182,0.0
16183,0.0
16184,0.0
16185,0.0
16186,0.0
16187,0.0
16188,0.0
16189,0.0
16190,0.0
16191,0.0
16192,0.0
16193,0.0
16194,0.0
16195,0.0
16196,0.0
16197,0.0
16198,0.0
16199,0.0
16200,0.0
16201,0.0
16202,0.0
16203,0.0
16204,0.0
16205,0.0
16206,0.0
16207,0.0
16208,0.0
16209,0.0
16210,0.0
16211,0.0
16212,0.0
16213,0.0
16214,0.0
16215,0.0
16216,0.0
16217,0.0
16218,0.0
16219,0.0
16220,0.0
16221,0.0
16222,0.0
16223,0.0
16224,0.0
16225,0.0
16226,0.0
16227,0.0
16228,0.0
16229,0.0
16230,0.0
16231,0.0
16232,0.0
16233,0.0
16234,0.0
16235,0.0
16236,0.0
16237,0.0
16238,0.0
16239,0.0
16240,0.0
16241,0.0
16242,0.0
16243,0.0
16244,0.0
16245,0.0
16246,0.0
16247,0.0
16248,0.0
16249,0.0
16250,0.0
16251,0.0
16252,0.0
16253,0.0
16254,0.0
16255,0.0
16256,0.0
16257,0.0
16258,0.0
16259,0.0
16260,0.0
16261,0.0
16262,0.0
16263,0.0
16264,0.0
16265,0.0
16266,0.0
16267,0.0
16268,0.0
16269,0.0
16270,0.0
16271,0.0
16272,0.0
16273,0.0
16274,0.0
16275,0.0
16276,0.0
16277,0.0
16278,0.0
16279,0.0
16280,0.0
16281,0.0
16282,0.0
16283,0.0
16284,0.0
16285,0.0
16286,0.0
16287,0.0
16288,0.0
16289,0.0
16290,0.0
16291,0.0
16292,0.0
16293,0.0
16294,0.0
16295,0.0
16296,0.0
16297,0.0
16298,0.0
16299,0.0
16300,0.0
16301,0.0
16302,0.0
16303,0.0
16304,0.0
16305,0.0
16306,0.0
16307,0.0
16308,0.0
16309,0.0
16310,0.0
16311,0.0
16312,0.0
16313,0.0
16314,0.0
16315,0.0
16316,0.0
16317,0.0
16318,0.0
16319,0.0
16320,0.0
16321,0.0
16322,0.0
16323,0.0
16324,0.0
16325,0.0
16326,0.0
16327,0.0
16328,0.0
16329,0.0
16330,0.0
16331,0.0
16332,0.0
16333,0.0
16334,0.0
16335,0.0
16336,0.0
16337,0.0
16338,0.0
16339,0.0
16340,0.0
16341,0.0
16342,0.0
16343,0.0
16344,0.0
16345,0.0
16346,0.0
16347,0.0
16348,0.0
16349,0.0
16350,0.0
16351,0.0
16352,0.0
16353,0.0
16354,0.0
16355,0.0
16356,0.0
16357,0.0
16358,0.0
16359,0.0
16360,0.0
16361,0.0
16362,0.0
16363,0.0
16364,0.0
16365,0.0
16366,0.0
16367,0.0
16368,0.0
16369,0.0
16370,0.0
16371,0.0
16372,0.0
16373,0.0
16374,0.0
16375,0.0
16376,0.0
16377,0.0
16378,0.0
16379,0.0
16380,0.0
16381,0.0
16382,0.0
16383,0.0
16384,0.0
16385,0.0
16386,0.0
16387,0.0
16388,0.0
16389,0.0
16390,0.0
16391,0.0
16392,0.0
16393,0.0
16394,0.0
16395,0.0
16396,0.0
16397,0.0
16398,0.0
16399,0.0
16400,0.0
16401,0.0
16402,0.0
16403,0.0
16404,0.0
16405,0.0
16406,0.0
16407,0.0
16408,0.0
16409,0.0
16410,0.0
16411,0.0
16412,0.0
16413,0.0
16414,0.0
16415,0.0
16416,0.0
16417,0.0
16418,0.0
16419,0.0
16420,0.0
16421,0.0
16422,0.0
16423,0.0
16424,0.0
16425,0.0
16426,0.0
16427,0.0
16428,0.0
16429,0.0
16430,0.0
16431,0.0
16432,0.0
16433,0.0
16434,0.0
16435,0.0
16436,0.0
16437,0.0
16438,0.0
16439,0.0
16440,0.0
16441,0.0
16442,0.0
16443,0.0
16444,0.0
16445,0.0
16446,0.0
16447,0.0
16448,0.0
16449,0.0
16450,0.0
16451,0.0
16452,0.0
16453,0.0
16454,0.0
16455,0.0
16456,0.0
16457,0.0
16458,0.0
16459,0.0
16460,0.0
16461,0.0
16462,0.0
16463,0.0
16464,0.0
16465,0.0
16466,0.0
16467,0.0
16468,0.0
16469,0.0
16470,0.0
16471,0.0
16472,0.0
16473,0.0
16474,0.0
16475,0.0
16476,0.0
16477,0.0
16478,0.0
16479,0.0
16480,0.0
16481,0.0
16482,0.0
16483,0.0
16484,0.0
16485,0.0
16486,0.0
16487,0.0
16488,0.0
16489,0.0
16490,0.0
16491,0.0
16492,0.0
16493,0.0
16494,0.0
16495,0.0
16496,0.0
16497,0.0
16498,0.0
16499,0.0
16500,0.0
16501,0.0
16502,0.0
16503,0.0
16504,0.0
16505,0.0
16506,0.0
16507,0.0
16508,0.0
16509,0.0
16510,0.0
16511,0.0
16512,0.0
16513,0.0
16514,0.0
16515,0.0
16516,0.0
16517,0.0
16518,0.0
16519,0.0
16520,0.0
16521,0.0
16522,0.0
16523,0.0
16524,0.0
16525,0.0
16526,0.0
16527,0.0
16528,0.0
16529,0.0
16530,0.0
16531,0.0
16532,0.0
16533,0.0
16534,0.0
16535,0.0
16536,0.0
16537,0.0
16538,0.0
16539,0.0
16540,0.0
16541,0.0
16542,0.0
16543,0.0
16544,0.0
16545,0.0
16546,0.0
16547,0.0
16548,0.0
16549,0.0
16550,0.0
16551,0.0
16552,0.0
16553,0.0
16554,0.0
16555,0.0
16556,0.0
16557,0.0
16558,0.0
16559,0.0
16560,0.0
16561,0.0
16562,0.0
16563,0.0
16564,0.0
16565,0.0
16566,0.0
16567,0.0
16568,0.0
16569,0.0
16570,0.0
16571,0.0
16572,0.0
16573,0.0
16574,0.0
16575,0.0
16576,0.0
16577,0.0
16578,0.0
16579,0.0
16580,0.0
16581,0.0
16582,0.0
16583,0.0
16584,0.0
16585,0.0
16586,0.0
16587,0.0
16588,0.0
16589,0.0
16590,0.0
16591,0.0
16592,0.0
16593,0.0
16594,0.0
16595,0.0
16596,0.0
16597,0.0
16598,0.0
16599,0.0
16600,0.0
16601,0.0
16602,0.0
16603,0.0
16604,0.0
16605,0.0
16606,0.0
16607,0.0
16608,0.0
16609,0.0
16610,0.0
16611,0.0
16612,0.0
16613,0.0
16614,0.0
16615,0.0
16616,0.0
16617,0.0
16618,0.0
16619,0.0
16620,0.0
16621,0.0
16622,0.0
16623,0.0
16624,0.0
16625,0.0
16626,0.0
16627,0.0
16628,0.0
16629,0.0
16630,0.0
16631,0.0
16632,0.0
16633,0.0
16634,0.0
16635,0.0
16636,0.0
16637,0.0
16638,0.0
16639,0.0
16640,0.0
16641,0.0
16642,0.0
16643,0.0
16644,0.0
16645,0.0
16646,0.0
16647,0.0
16648,0.0
16649,0.0
16650,0.0
16651,0.0
16652,0.0
16653,0.0
16654,0.0
16655,0.0
16656,0.0
16657,0.0
16658,0.0
16659,0.0
16660,0.0
16661,0.0
16662,0.0
16663,0.0
16664,0.0
16665,0.0
16666,0.0
16667,0.0
16668,0.0
16669,0.0
16670,0.0
16671,0.0
16672,0.0
16673,0.0
16674,0.0
16675,0.0
16676,0.0
16677,0.0
16678,0.0
16679,0.0
16680,0.0
16681,0.0
16682,0.0
16683,0.0
16684,0.0
16685,0.0
16686,0.0
16687,0.0
16688,0.0
16689,0.0
16690,0.0
16691,0.0
16692,0.0
16693,0.0
16694,0.0
16695,0.0
16696,0.0
16697,0.0
16698,0.0
16699,0.0
16700,0.0
16701,0.0
16702,0.0
16703,0.0
16704,0.0
16705,0.0
16706,0.0
16707,0.0
16708,0.0
16709,0.0
16710,0.0
16711,0.0
16712,0.0
16713,0.0
16714,0.0
16715,0.0
16716,0.0
16717,0.0
16718,0.0
16719,0.0
16720,0.0
16721,0.0
16722,0.0
16723,0.0
16724,0.0
16725,0.0
16726,0.0
16727,0.0
16728,0.0
16729,0.0
16730,0.0
16731,0.0
16732,0.0
16733,0.0
16734,0.0
16735,0.0
16736,0.0
16737,0.0
16738,0.0
16739,0.0
16740,0.0
16741,0.0
16742,0.0
16743,0.0
16744,0.0
16745,0.0
16746,0.0
16747,0.0
16748,0.0
16749,0.0
16750,0.0
16751,0.0
16752,0.0
16753,0.0
16754,0.0
16755,0.0
16756,0.0
16757,0.0
16758,0.0
16759,0.0
16760,0.0
16761,0.0
16762,0.0
16763,0.0
16764,0.0
16765,0.0
16766,0.0
16767,0.0
16768,0.0
16769,0.0
16770,0.0
16771,0.0
16772,0.0
16773,0.0
16774,0.0
16775,0.0
16776,0.0
16777,0.0
16778,0.0
16779,0.0
16780,0.0
16781,0.0
16782,0.0
16783,0.0
16784,0.0
16785,0.0
16786,0.0
16787,0.0
16788,0.0
16789,0.0
16790,0.0
16791,0.0
16792,0.0
16793,0.0
16794,0.0
16795,0.0
16796,0.0
16797,0.0
16798,0.0
16799,0.0
16800,0.0
16801,0.0
16802,0.0
16803,0.0
16804,0.0
16805,0.0
16806,0.0
16807,0.0
16808,0.0
16809,0.0
16810,0.0
16811,0.0
16812,0.0
16813,0.0
16814,0.0
16815,0.0
16816,0.0
16817,0.0
16818,0.0
16819,0.0
16820,0.0
16821,0.0
16822,0.0
16823,0.0
16824,0.0
16825,0.0
16826,0.0
16827,0.0
16828,0.0
16829,0.0
16830,0.0
16831,0.0
16832,0.0
16833,0.0
16834,0.0
16835,0.0
16836,0.0
16837,0.0
16838,0.0
16839,0.0
16840,0.0
16841,0.0
16842,0.0
16843,0.0
16844,0.0
16845,0.0
16846,0.0
16847,0.0
16848,0.0
16849,0.0
16850,0.0
16851,0.0
16852,0.0
16853,0.0
16854,0.0
16855,0.0
16856,0.0
16857,0.0
16858,0.0
16859,0.0
16860,0.0
16861,0.0
16862,0.0
16863,0.0
16864,0.0
16865,0.0
16866,0.0
16867,0.0
16868,0.0
16869,0.0
16870,0.0
16871,0.0
16872,0.0
16873,0.0
16874,0.0
16875,0.0
16876,0.0
16877,0.0
16878,0.0
16879,0.0
16880,0.0
16881,0.0
16882,0.0
16883,0.0
16884,0.0
16885,0.0
16886,0.0
16887,0.0
16888,0.0
16889,0.0
16890,0.0
16891,0.0
16892,0.0
16893,0.0
16894,0.0
16895,0.0
16896,0.0
16897,0.0
16898,0.0
16899,0.0
16900,0.0
16901,0.0
16902,0.0
16903,0.0
16904,0.0
16905,0.0
16906,0.0
16907,0.0
16908,0.0
16909,0.0
16910,0.0
16911,0.0
16912,0.0
16913,0.0
16914,0.0
16915,0.0
16916,0.0
16917,0.0
16918,0.0
16919,0.0
16920,0.0
16921,0.0
16922,0.0
16923,0.0
16924,0.0
16925,0.0
16926,0.0
16927,0.0
16928,0.0
16929,0.0
16930,0.0
16931,0.0
16932,0.0
16933,0.0
16934,0.0
16935,0.0
16936,0.0
16937,0.0
16938,0.0
16939,0.0
16940,0.0
16941,0.0
16942,0.0
16943,0.0
16944,0.0
16945,0.0
16946,0.0
16947,0.0
16948,0.0
16949,0.0
16950,0.0
16951,0.0
16952,0.0
16953,0.0
16954,0.0
16955,0.0
16956,0.0
16957,0.0
16958,0.0
16959,0.0
16960,0.0
16961,0.0
16962,0.0
16963,0.0
16964,0.0
16965,0.0
16966,0.0
16967,0.0
16968,0.0
16969,0.0
16970,0.0
16971,0.0
16972,0.0
16973,0.0
16974,0.0
16975,0.0
16976,0.0
16977,0.0
16978,0.0
16979,0.0
16980,0.0
16981,0.0
16982,0.0
16983,0.0
16984,0.0
16985,0.0
16986,0.0
16987,0.0
16988,0.0
16989,0.0
16990,0.0
16991,0.0
16992,0.0
16993,0.0
16994,0.0
16995,0.0
16996,0.0
16997,0.0
16998,0.0
16999,0.0
17000,0.0
17001,0.0
17002,0.0
17003,0.0
17004,0.0
17005,0.0
17006,0.0
17007,0.0
17008,0.0
17009,0.0
17010,0.0
17011,0.0
17012,0.0
17013,0.0
17014,0.0
17015,0.0
17016,0.0
17017,0.0
17018,0.0
17019,0.0
17020,0.0
17021,0.0
17022,0.0
17023,0.0
17024,0.0
17025,0.0
17026,0.0
17027,0.0
17028,0.0
17029,0.0
17030,0.0
17031,0.0
17032,0.0
17033,0.0
17034,0.0
17035,0.0
17036,0.0
17037,0.0
17038,0.0
17039,0.0
17040,0.0
17041,0.0
17042,0.0
17043,0.0
17044,0.0
17045,0.0
17046,0.0
17047,0.0
17048,0.0
17049,0.0
17050,0.0
17051,0.0
17052,0.0
17053,0.0
17054,0.0
17055,0.0
17056,0.0
17057,0.0
17058,0.0
17059,0.0
17060,0.0
17061,0.0
17062,0.0
17063,0.0
17064,0.0
17065,0.0
17066,0.0
17067,0.0
17068,0.0
17069,0.0
17070,0.0
17071,0.0
17072,0.0
17073,0.0
17074,0.0
17075,0.0
17076,0.0
17077,0.0
17078,0.0
17079,0.0
17080,0.0
17081,0.0
17082,0.0
17083,0.0
17084,0.0
17085,0.0
17086,0.0
17087,0.0
17088,0.0
17089,0.0
17090,0.0
17091,0.0
17092,0.0
17093,0.0
17094,0.0
17095,0.0
17096,0.0
17097,0.0
17098,0.0
17099,0.0
17100,0.0
17101,0.0
17102,0.0
17103,0.0
17104,0.0
17105,0.0
17106,0.0
17107,0.0
17108,0.0
17109,0.0
17110,0.0
17111,0.0
17112,0.0
17113,0.0
17114,0.0
17115,0.0
17116,0.0
17117,0.0
17118,0.0
17119,0.0
17120,0.0
17121,0.0
17122,0.0
17123,0.0
17124,0.0
17125,0.0
17126,0.0
17127,0.0
17128,0.0
17129,0.0
17130,0.0
17131,0.0
17132,0.0
17133,0.0
17134,0.0
17135,0.0
17136,0.0
17137,0.0
17138,0.0
17139,0.0
17140,0.0
17141,0.0
17142,0.0
17143,0.0
17144,0.0
17145,0.0
17146,0.0
17147,0.0
17148,0.0
17149,0.0
17150,0.0
17151,0.0
17152,0.0
17153,0.0
17154,0.0
17155,0.0
17156,0.0
17157,0.0
17158,0.0
17159,0.0
17160,0.0
17161,0.0
17162,0.0
17163,0.0
17164,0.0
17165,0.0
17166,0.0
17167,0.0
17168,0.0
17169,0.0
17170,0.0
17171,0.0
17172,0.0
17173,0.0
17174,0.0
17175,0.0
17176,0.0
17177,0.0
17178,0.0
17179,0.0
17180,0.0
17181,0.0
17182,0.0
17183,0.0
17184,0.0
17185,0.0
17186,0.0
17187,0.0
17188,0.0
17189,0.0
17190,0.0
17191,0.0
17192,0.0
17193,0.0
17194,0.0
17195,0.0
17196,0.0
17197,0.0
17198,0.0
17199,0.0
17200,0.0
17201,0.0
17202,0.0
17203,0.0
17204,0.0
17205,0.0
17206,0.0
17207,0.0
17208,0.0
17209,0.0
17210,0.0
17211,0.0
17212,0.0
17213,0.0
17214,0.0
17215,0.0
17216,0.0
17217,0.0
17218,0.0
17219,0.0
17220,0.0
17221,0.0
17222,0.0
17223,0.0
17224,0.0
17225,0.0
17226,0.0
17227,0.0
17228,0.0
17229,0.0
17230,0.0
17231,0.0
17232,0.0
17233,0.0
17234,0.0
17235,0.0
17236,0.0
17237,0.0
17238,0.0
17239,0.0
17240,0.0
17241,0.0
17242,0.0
17243,0.0
17244,0.0
17245,0.0
17246,0.0
17247,0.0
17248,0.0
17249,0.0
17250,0.0
17251,0.0
17252,0.0
17253,0.0
17254,0.0
17255,0.0
17256,0.0
17257,0.0
17258,0.0
17259,0.0
17260,0.0
17261,0.0
17262,0.0
17263,0.0
17264,0.0
17265,0.0
17266,0.0
17267,0.0
17268,0.0
17269,0.0
17270,0.0
17271,0.0
17272,0.0
17273,0.0
17274,0.0
17275,0.0
17276,0.0
17277,0.0
17278,0.0
17279,0.0
17280,0.0
17281,0.0
17282,0.0
17283,0.0
17284,0.0
17285,0.0
17286,0.0
17287,0.0
17288,0.0
17289,0.0
17290,0.0
17291,0.0
17292,0.0
17293,0.0
17294,0.0
17295,0.0
17296,0.0
17297,0.0
17298,0.0
17299,0.0
17300,0.0
17301,0.0
17302,0.0
17303,0.0
17304,0.0
17305,0.0
17306,0.0
17307,0.0
17308,0.0
17309,0.0
17310,0.0
17311,0.0
17312,0.0
17313,0.0
17314,0.0
17315,0.0
17316,0.0
17317,0.0
17318,0.0
17319,0.0
17320,0.0
17321,0.0
17322,0.0
17323,0.0
17324,0.0
17325,0.0
17326,0.0
17327,0.0
17328,0.0
17329,0.0
17330,0.0
17331,0.0
17332,0.0
17333,0.0
17334,0.0
17335,0.0
17336,0.0
17337,0.0
17338,0.0
17339,0.0
17340,0.0
17341,0.0
17342,0.0
17343,0.0
17344,0.0
17345,0.0
17346,0.0
17347,0.0
17348,0.0
17349,0.0
17350,0.0
17351,0.0
17352,0.0
17353,0.0
17354,0.0
17355,0.0
17356,0.0
17357,0.0
17358,0.0
17359,0.0
17360,0.0
17361,0.0
17362,0.0
17363,0.0
17364,0.0
17365,0.0
17366,0.0
17367,0.0
17368,0.0
17369,0.0
17370,0.0
17371,0.0
17372,0.0
17373,0.0
17374,0.0
17375,0.0
17376,0.0
17377,0.0
17378,0.0
17379,0.0
17380,0.0
17381,0.0
17382,0.0
17383,0.0
17384,0.0
17385,0.0
17386,0.0
17387,0.0
17388,0.0
17389,0.0
17390,0.0
17391,0.0
17392,0.0
17393,0.0
17394,0.0
17395,0.0
17396,0.0
17397,0.0
17398,0.0
17399,0.0
17400,0.0
17401,0.0
17402,0.0
17403,0.0
17404,0.0
17405,0.0
17406,0.0
17407,0.0
17408,0.0
17409,0.0
17410,0.0
17411,0.0
17412,0.0
17413,0.0
17414,0.0
17415,0.0
17416,0.0
17417,0.0
17418,0.0
17419,0.0
17420,0.0
17421,0.0
17422,0.0
17423,0.0
17424,0.0
17425,0.0
17426,0.0
17427,0.0
17428,0.0
17429,0.0
17430,0.0
17431,0.0
17432,0.0
17433,0.0
17434,0.0
17435,0.0
17436,0.0
17437,0.0
17438,0.0
17439,0.0
17440,0.0
17441,0.0
17442,0.0
17443,0.0
17444,0.0
17445,0.0
17446,0.0
17447,0.0
17448,0.0
17449,0.0
17450,0.0
17451,0.0
17452,0.0
17453,0.0
17454,0.0
17455,0.0
17456,0.0
17457,0.0
17458,0.0
17459,0.0
17460,0.0
17461,0.0
17462,0.0
17463,0.0
17464,0.0
17465,0.0
17466,0.0
17467,0.0
17468,0.0
17469,0.0
17470,0.0
17471,0.0
17472,0.0
17473,0.0
17474,0.0
17475,0.0
17476,0.0
17477,0.0
17478,0.0
17479,0.0
17480,0.0
17481,0.0
17482,0.0
17483,0.0
17484,0.0
17485,0.0
17486,0.0
17487,0.0
17488,0.0
17489,0.0
17490,0.0
17491,0.0
17492,0.0
17493,0.0
17494,0.0
17495,0.0
17496,0.0
17497,0.0
17498,0.0
17499,0.0
17500,0.0
17501,0.0
17502,0.0
17503,0.0
17504,0.0
17505,0.0
17506,0.0
17507,0.0
17508,0.0
17509,0.0
17510,0.0
17511,0.0
17512,0.0
17513,0.0
17514,0.0
17515,0.0
17516,0.0
17517,0.0
17518,0.0
17519,0.0
17520,0.0
17521,0.0
17522,0.0
17523,0.0
17524,0.0
17525,0.0
17526,0.0
17527,0.0
17528,0.0
17529,0.0
17530,0.0
17531,0.0
17532,0.0
17533,0.0
17534,0.0
17535,0.0
17536,0.0
17537,0.0
17538,0.0
17539,0.0
17540,0.0
17541,0.0
17542,0.0
17543,0.0
17544,0.0
17545,0.0
17546,0.0
17547,0.0
17548,0.0
17549,0.0
17550,0.0
17551,0.0
17552,0.0
17553,0.0
17554,0.0
17555,0.0
17556,0.0
17557,0.0
17558,0.0
17559,0.0
17560,0.0
17561,0.0
17562,0.0
17563,0.0
17564,0.0
17565,0.0
17566,0.0
17567,0.0
17568,0.0
17569,0.0
17570,0.0
17571,0.0
17572,0.0
17573,0.0
17574,0.0
17575,0.0
17576,0.0
17577,0.0
17578,0.0
17579,0.0
17580,0.0
17581,0.0
17582,0.0
17583,0.0
17584,0.0
17585,0.0
17586,0.0
17587,0.0
17588,0.0
17589,0.0
17590,0.0
17591,0.0
17592,0.0
17593,0.0
17594,0.0
17595,0.0
17596,0.0
17597,0.0
17598,0.0
17599,0.0
17600,0.0
17601,0.0
17602,0.0
17603,0.0
17604,0.0
17605,0.0
17606,0.0
17607,0.0
17608,0.0
17609,0.0
17610,0.0
17611,0.0
17612,0.0
17613,0.0
17614,0.0
17615,0.0
17616,0.0
17617,0.0
17618,0.0
17619,0.0
17620,0.0
17621,0.0
17622,0.0
17623,0.0
17624,0.0
17625,0.0
17626,0.0
17627,0.0
17628,0.0
17629,0.0
17630,0.0
17631,0.0
17632,0.0
17633,0.0
17634,0.0
17635,0.0
17636,0.0
17637,0.0
17638,0.0
17639,0.0
17640,0.0
17641,0.0
17642,0.0
17643,0.0
17644,0.0
17645,0.0
17646,0.0
17647,0.0
17648,0.0
17649,0.0
17650,0.0
17651,0.0
17652,0.0
17653,0.0
17654,0.0
17655,0.0
17656,0.0
17657,0.0
17658,0.0
17659,0.0
17660,0.0
17661,0.0
17662,0.0
17663,0.0
17664,0.0
17665,0.0
17666,0.0
17667,0.0
17668,0.0
17669,0.0
17670,0.0
17671,0.0
17672,0.0
17673,0.0
17674,0.0
17675,0.0
17676,0.0
17677,0.0
17678,0.0
17679,0.0
17680,0.0
17681,0.0
17682,0.0
17683,0.0
17684,0.0
17685,0.0
17686,0.0
17687,0.0
17688,0.0
17689,0.0
17690,0.0
17691,0.0
17692,0.0
17693,0.0
17694,0.0
17695,0.0
17696,0.0
17697,0.0
17698,0.0
17699,0.0
17700,0.0
17701,0.0
17702,0.0
17703,0.0
17704,0.0
17705,0.0
17706,0.0
17707,0.0
17708,0.0
17709,0.0
17710,0.0
17711,0.0
17712,0.0
17713,0.0
17714,0.0
17715,0.0
17716,0.0
17717,0.0
17718,0.0
17719,0.0
17720,0.0
17721,0.0
17722,0.0
17723,0.0
17724,0.0
17725,0.0
17726,0.0
17727,0.0
17728,0.0
17729,0.0
17730,0.0
17731,0.0
17732,0.0
17733,0.0
17734,0.0
17735,0.0
17736,0.0
17737,0.0
17738,0.0
17739,0.0
17740,0.0
17741,0.0
17742,0.0
17743,0.0
17744,0.0
17745,0.0
17746,0.0
17747,0.0
17748,0.0
17749,0.0
17750,0.0
17751,0.0
17752,0.0
17753,0.0
17754,0.0
17755,0.0
17756,0.0
17757,0.0
17758,0.0
17759,0.0
17760,0.0
17761,0.0
17762,0.0
17763,0.0
17764,0.0
17765,0.0
17766,0.0
17767,0.0
17768,0.0
17769,0.0
17770,0.0
17771,0.0
17772,0.0
17773,0.0
17774,0.0
17775,0.0
17776,0.0
17777,0.0
17778,0.0
17779,0.0
17780,0.0
17781,0.0
17782,0.0
17783,0.0
17784,0.0
17785,0.0
17786,0.0
17787,0.0
17788,0.0
17789,0.0
17790,0.0
17791,0.0
17792,0.0
17793,0.0
17794,0.0
17795,0.0
17796,0.0
17797,0.0
17798,0.0
17799,0.0
17800,0.0
17801,0.0
17802,0.0
17803,0.0
17804,0.0
17805,0.0
17806,0.0
17807,0.0
17808,0.0
17809,0.0
17810,0.0
17811,0.0
17812,0.0
17813,0.0
17814,0.0
17815,0.0
17816,0.0
17817,0.0
17818,0.0
17819,0.0
17820,0.0
17821,0.0
17822,0.0
17823,0.0
17824,0.0
17825,0.0
17826,0.0
17827,0.0
17828,0.0
17829,0.0
17830,0.0
17831,0.0
17832,0.0
17833,0.0
17834,0.0
17835,0.0
17836,0.0
17837,0.0
17838,0.0
17839,0.0
17840,0.0
17841,0.0
17842,0.0
17843,0.0
17844,0.0
17845,0.0
17846,0.0
17847,0.0
17848,0.0
17849,0.0
17850,0.0
17851,0.0
17852,0.0
17853,0.0
17854,0.0
17855,0.0
17856,0.0
17857,0.0
17858,0.0
17859,0.0
17860,0.0
17861,0.0
17862,0.0
17863,0.0
17864,0.0
17865,0.0
17866,0.0
17867,0.0
17868,0.0
17869,0.0
17870,0.0
17871,0.0
17872,0.0
17873,0.0
17874,0.0
17875,0.0
17876,0.0
17877,0.0
17878,0.0
17879,0.0
17880,0.0
17881,0.0
17882,0.0
17883,0.0
17884,0.0
17885,0.0
17886,0.0
17887,0.0
17888,0.0
17889,0.0
17890,0.0
17891,0.0
17892,0.0
17893,0.0
17894,0.0
17895,0.0
17896,0.0
17897,0.0
17898,0.0
17899,0.0
17900,0.0
17901,0.0
17902,0.0
17903,0.0
17904,0.0
17905,0.0
17906,0.0
17907,0.0
17908,0.0
17909,0.0
17910,0.0
17911,0.0
17912,0.0
17913,0.0
17914,0.0
17915,0.0
17916,0.0
17917,0.0
17918,0.0
17919,0.0
17920,0.0
17921,0.0
17922,0.0
17923,0.0
17924,0.0
17925,0.0
17926,0.0
17927,0.0
17928,0.0
17929,0.0
17930,0.0
17931,0.0
17932,0.0
17933,0.0
17934,0.0
17935,0.0
17936,0.0
17937,0.0
17938,0.0
17939,0.0
17940,0.0
17941,0.0
17942,0.0
17943,0.0
17944,0.0
17945,0.0
17946,0.0
17947,0.0
17948,0.0
17949,0.0
17950,0.0
17951,0.0
17952,0.0
17953,0.0
17954,0.0
17955,0.0
17956,0.0
17957,0.0
17958,0.0
17959,0.0
17960,0.0
17961,0.0
17962,0.0
17963,0.0
17964,0.0
17965,0.0
17966,0.0
17967,0.0
17968,0.0
17969,0.0
17970,0.0
17971,0.0
17972,0.0
17973,0.0
17974,0.0
17975,0.0
17976,0.0
17977,0.0
17978,0.0
17979,0.0
17980,0.0
17981,0.0
17982,0.0
17983,0.0
17984,0.0
17985,0.0
17986,0.0
17987,0.0
17988,0.0
17989,0.0
17990,0.0
17991,0.0
17992,0.0
17993,0.0
17994,0.0
17995,0.0
17996,0.0
17997,0.0
17998,0.0
17999,0.0
18000,0.0
18001,0.0
18002,0.0
18003,0.0
18004,0.0
18005,0.0
18006,0.0
18007,0.0
18008,0.0
18009,0.0
18010,0.0
18011,0.0
18012,0.0
18013,0.0
18014,0.0
18015,0.0
18016,0.0
18017,0.0
18018,0.0
18019,0.0
18020,0.0
18021,0.0
18022,0.0
18023,0.0
18024,0.0
18025,0.0
18026,0.0
18027,0.0
18028,0.0
18029,0.0
18030,0.0
18031,0.0
18032,0.0
18033,0.0
18034,0.0
18035,0.0
18036,0.0
18037,0.0
18038,0.0
18039,0.0
18040,0.0
18041,0.0
18042,0.0
18043,0.0
18044,0.0
18045,0.0
18046,0.0
18047,0.0
18048,0.0
18049,0.0
18050,0.0
18051,0.0
18052,0.0
18053,0.0
18054,0.0
18055,0.0
18056,0.0
18057,0.0
18058,0.0
18059,0.0
18060,0.0
18061,0.0
18062,0.0
18063,0.0
18064,0.0
18065,0.0
18066,0.0
18067,0.0
18068,0.0
18069,0.0
18070,0.0
18071,0.0
18072,0.0
18073,0.0
18074,0.0
18075,0.0
18076,0.0
18077,0.0
18078,0.0
18079,0.0
18080,0.0
18081,0.0
18082,0.0
18083,0.0
18084,0.0
18085,0.0
18086,0.0
18087,0.0
18088,0.0
18089,0.0
18090,0.0
18091,0.0
18092,0.0
18093,0.0
18094,0.0
18095,0.0
18096,0.0
18097,0.0
18098,0.0
18099,0.0
18100,0.0
18101,0.0
18102,0.0
18103,0.0
18104,0.0
18105,0.0
18106,0.0
18107,0.0
18108,0.0
18109,0.0
18110,0.0
18111,0.0
18112,0.0
18113,0.0
18114,0.0
18115,0.0
18116,0.0
18117,0.0
18118,0.0
18119,0.0
18120,0.0
18121,0.0
18122,0.0
18123,0.0
18124,0.0
18125,0.0
18126,0.0
18127,0.0
18128,0.0
18129,0.0
18130,0.0
18131,0.0
18132,0.0
18133,0.0
18134,0.0
18135,0.0
18136,0.0
18137,0.0
18138,0.0
18139,0.0
18140,0.0
18141,0.0
18142,0.0
18143,0.0
18144,0.0
18145,0.0
18146,0.0
18147,0.0
18148,0.0
18149,0.0
18150,0.0
18151,0.0
18152,0.0
18153,0.0
18154,0.0
18155,0.0
18156,0.0
18157,0.0
18158,0.0
18159,0.0
18160,0.0
18161,0.0
18162,0.0
18163,0.0
18164,0.0
18165,0.0
18166,0.0
18167,0.0
18168,0.0
18169,0.0
18170,0.0
18171,0.0
18172,0.0
18173,0.0
18174,0.0
18175,0.0
18176,0.0
18177,0.0
18178,0.0
18179,0.0
18180,0.0
18181,0.0
18182,0.0
18183,0.0
18184,0.0
18185,0.0
18186,0.0
18187,0.0
18188,0.0
18189,0.0
18190,0.0
18191,0.0
18192,0.0
18193,0.0
18194,0.0
18195,0.0
18196,0.0
18197,0.0
18198,0.0
18199,0.0
18200,0.0
18201,0.0
18202,0.0
18203,0.0
18204,0.0
18205,0.0
18206,0.0
18207,0.0
18208,0.0
18209,0.0
18210,0.0
18211,0.0
18212,0.0
18213,0.0
18214,0.0
18215,0.0
18216,0.0
18217,0.0
18218,0.0
18219,0.0
18220,0.0
18221,0.0
18222,0.0
18223,0.0
18224,0.0
18225,0.0
18226,0.0
18227,0.0
18228,0.0
18229,0.0
18230,0.0
18231,0.0
18232,0.0
18233,0.0
18234,0.0
18235,0.0
18236,0.0
18237,0.0
18238,0.0
18239,0.0
18240,0.0
18241,0.0
18242,0.0
18243,0.0
18244,0.0
18245,0.0
18246,0.0
18247,0.0
18248,0.0
18249,0.0
18250,0.0
18251,0.0
18252,0.0
18253,0.0
18254,0.0
18255,0.0
18256,0.0
18257,0.0
18258,0.0
18259,0.0
18260,0.0
18261,0.0
18262,0.0
18263,0.0
18264,0.0
18265,0.0
18266,0.0
18267,0.0
18268,0.0
18269,0.0
18270,0.0
18271,0.0
18272,0.0
18273,0.0
18274,0.0
18275,0.0
18276,0.0
18277,0.0
18278,0.0
18279,0.0
18280,0.0
18281,0.0
18282,0.0
18283,0.0
18284,0.0
18285,0.0
18286,0.0
18287,0.0
18288,0.0
18289,0.0
18290,0.0
18291,0.0
18292,0.0
18293,0.0
18294,0.0
18295,0.0
18296,0.0
18297,0.0
18298,0.0
18299,0.0
18300,0.0
18301,0.0
18302,0.0
18303,0.0
18304,0.0
18305,0.0
18306,0.0
18307,0.0
18308,0.0
18309,0.0
18310,0.0
18311,0.0
18312,0.0
18313,0.0
18314,0.0
18315,0.0
18316,0.0
18317,0.0
18318,0.0
18319,0.0
18320,0.0
18321,0.0
18322,0.0
18323,0.0
18324,0.0
18325,0.0
18326,0.0
18327,0.0
18328,0.0
18329,0.0
18330,0.0
18331,0.0
18332,0.0
18333,0.0
18334,0.0
18335,0.0
18336,0.0
18337,0.0
18338,0.0
18339,0.0
18340,0.0
18341,0.0
18342,0.0
18343,0.0
18344,0.0
18345,0.0
18346,0.0
18347,0.0
18348,0.0
18349,0.0
18350,0.0
18351,0.0
18352,0.0
18353,0.0
18354,0.0
18355,0.0
18356,0.0
18357,0.0
18358,0.0
18359,0.0
18360,0.0
18361,0.0
18362,0.0
18363,0.0
18364,0.0
18365,0.0
18366,0.0
18367,0.0
18368,0.0
18369,0.0
18370,0.0
18371,0.0
18372,0.0
18373,0.0
18374,0.0
18375,0.0
18376,0.0
18377,0.0
18378,0.0
18379,0.0
18380,0.0
18381,0.0
18382,0.0
18383,0.0
18384,0.0
18385,0.0
18386,0.0
18387,0.0
18388,0.0
18389,0.0
18390,0.0
18391,0.0
18392,0.0
18393,0.0
18394,0.0
18395,0.0
18396,0.0
18397,0.0
18398,0.0
18399,0.0
18400,0.0
18401,0.0
18402,0.0
18403,0.0
18404,0.0
18405,0.0
18406,0.0
18407,0.0
18408,0.0
18409,0.0
18410,0.0
18411,0.0
18412,0.0
18413,0.0
18414,0.0
18415,0.0
18416,0.0
18417,0.0
18418,0.0
18419,0.0
18420,0.0
18421,0.0
18422,0.0
18423,0.0
18424,0.0
18425,0.0
18426,0.0
18427,0.0
18428,0.0
18429,0.0
18430,0.0
18431,0.0
18432,0.0
18433,0.0
18434,0.0
18435,0.0
18436,0.0
18437,0.0
18438,0.0
18439,0.0
18440,0.0
18441,0.0
18442,0.0
18443,0.0
18444,0.0
18445,0.0
18446,0.0
18447,0.0
18448,0.0
18449,0.0
18450,0.0
18451,0.0
18452,0.0
18453,0.0
18454,0.0
18455,0.0
18456,0.0
18457,0.0
18458,0.0
18459,0.0
18460,0.0
18461,0.0
18462,0.0
18463,0.0
18464,0.0
18465,0.0
18466,0.0
18467,0.0
18468,0.0
18469,0.0
18470,0.0
18471,0.0
18472,0.0
18473,0.0
18474,0.0
18475,0.0
18476,0.0
18477,0.0
18478,0.0
18479,0.0
18480,0.0
18481,0.0
18482,0.0
18483,0.0
18484,0.0
18485,0.0
18486,0.0
18487,0.0
18488,0.0
18489,0.0
18490,0.0
18491,0.0
18492,0.0
18493,0.0
18494,0.0
18495,0.0
18496,0.0
18497,0.0
18498,0.0
18499,0.0
18500,0.0
18501,0.0
18502,0.0
18503,0.0
18504,0.0
18505,0.0
18506,0.0
18507,0.0
18508,0.0
18509,0.0
18510,0.0
18511,0.0
18512,0.0
18513,0.0
18514,0.0
18515,0.0
18516,0.0
18517,0.0
18518,0.0
18519,0.0
18520,0.0
18521,0.0
18522,0.0
18523,0.0
18524,0.0
18525,0.0
18526,0.0
18527,0.0
18528,0.0
18529,0.0
18530,0.0
18531,0.0
18532,0.0
18533,0.0
18534,0.0
18535,0.0
18536,0.0
18537,0.0
18538,0.0
18539,0.0
18540,0.0
18541,0.0
18542,0.0
18543,0.0
18544,0.0
18545,0.0
18546,0.0
18547,0.0
18548,0.0
18549,0.0
18550,0.0
18551,0.0
18552,0.0
18553,0.0
18554,0.0
18555,0.0
18556,0.0
18557,0.0
18558,0.0
18559,0.0
18560,0.0
18561,0.0
18562,0.0
18563,0.0
18564,0.0
18565,0.0
18566,0.0
18567,0.0
18568,0.0
18569,0.0
18570,0.0
18571,0.0
18572,0.0
18573,0.0
18574,0.0
18575,0.0
18576,0.0
18577,0.0
18578,0.0
18579,0.0
18580,0.0
18581,0.0
18582,0.0
18583,0.0
18584,0.0
18585,0.0
18586,0.0
18587,0.0
18588,0.0
18589,0.0
18590,0.0
18591,0.0
18592,0.0
18593,0.0
18594,0.0
18595,0.0
18596,0.0
18597,0.0
18598,0.0
18599,0.0
18600,0.0
18601,0.0
18602,0.0
18603,0.0
18604,0.0
18605,0.0
18606,0.0
18607,0.0
18608,0.0
18609,0.0
18610,0.0
18611,0.0
18612,0.0
18613,0.0
18614,0.0
18615,0.0
18616,0.0
18617,0.0
18618,0.0
18619,0.0
18620,0.0
18621,0.0
18622,0.0
18623,0.0
18624,0.0
18625,0.0
18626,0.0
18627,0.0
18628,0.0
18629,0.0
18630,0.0
18631,0.0
18632,0.0
18633,0.0
18634,0.0
18635,0.0
18636,0.0
18637,0.0
18638,0.0
18639,0.0
18640,0.0
18641,0.0
18642,0.0
18643,0.0
18644,0.0
18645,0.0
18646,0.0
18647,0.0
18648,0.0
18649,0.0
18650,0.0
18651,0.0
18652,0.0
18653,0.0
18654,0.0
18655,0.0
18656,0.0
18657,0.0
18658,0.0
18659,0.0
18660,0.0
18661,0.0
18662,0.0
18663,0.0
18664,0.0
18665,0.0
18666,0.0
18667,0.0
18668,0.0
18669,0.0
18670,0.0
18671,0.0
18672,0.0
18673,0.0
18674,0.0
18675,0.0
18676,0.0
18677,0.0
18678,0.0
18679,0.0
18680,0.0
18681,0.0
18682,0.0
18683,0.0
18684,0.0
18685,0.0
18686,0.0
18687,0.0
18688,0.0
18689,0.0
18690,0.0
18691,0.0
18692,0.0
18693,0.0
18694,0.0
18695,0.0
18696,0.0
18697,0.0
18698,0.0
18699,0.0
18700,0.0
18701,0.0
18702,0.0
18703,0.0
18704,0.0
18705,0.0
18706,0.0
18707,0.0
18708,0.0
18709,0.0
18710,0.0
18711,0.0
18712,0.0
18713,0.0
18714,0.0
18715,0.0
18716,0.0
18717,0.0
18718,0.0
18719,0.0
18720,0.0
18721,0.0
18722,0.0
18723,0.0
18724,0.0
18725,0.0
18726,0.0
18727,0.0
18728,0.0
18729,0.0
18730,0.0
18731,0.0
18732,0.0
18733,0.0
18734,0.0
18735,0.0
18736,0.0
18737,0.0
18738,0.0
18739,0.0
18740,0.0
18741,0.0
18742,0.0
18743,0.0
18744,0.0
18745,0.0
18746,0.0
18747,0.0
18748,0.0
18749,0.0
18750,0.0
18751,0.0
18752,0.0
18753,0.0
18754,0.0
18755,0.0
18756,0.0
18757,0.0
18758,0.0
18759,0.0
18760,0.0
18761,0.0
18762,0.0
18763,0.0
18764,0.0
18765,0.0
18766,0.0
18767,0.0
18768,0.0
18769,0.0
18770,0.0
18771,0.0
18772,0.0
18773,0.0
18774,0.0
18775,0.0
18776,0.0
18777,0.0
18778,0.0
18779,0.0
18780,0.0
18781,0.0
18782,0.0
18783,0.0
18784,0.0
18785,0.0
18786,0.0
18787,0.0
18788,0.0
18789,0.0
18790,0.0
18791,0.0
18792,0.0
18793,0.0
18794,0.0
18795,0.0
18796,0.0
18797,0.0
18798,0.0
18799,0.0
18800,0.0
18801,0.0
18802,0.0
18803,0.0
18804,0.0
18805,0.0
18806,0.0
18807,0.0
18808,0.0
18809,0.0
18810,0.0
18811,0.0
18812,0.0
18813,0.0
18814,0.0
18815,0.0
18816,0.0
18817,0.0
18818,0.0
18819,0.0
18820,0.0
18821,0.0
18822,0.0
18823,0.0
18824,0.0
18825,0.0
18826,0.0
18827,0.0
18828,0.0
18829,0.0
18830,0.0
18831,0.0
18832,0.0
18833,0.0
18834,0.0
18835,0.0
18836,0.0
18837,0.0
18838,0.0
18839,0.0
18840,0.0
18841,0.0
18842,0.0
18843,0.0
18844,0.0
18845,0.0
18846,0.0
18847,0.0
18848,0.0
18849,0.0
18850,0.0
18851,0.0
18852,0.0
18853,0.0
18854,0.0
18855,0.0
18856,0.0
18857,0.0
18858,0.0
18859,0.0
18860,0.0
18861,0.0
18862,0.0
18863,0.0
18864,0.0
18865,0.0
18866,0.0
18867,0.0
18868,0.0
18869,0.0
18870,0.0
18871,0.0
18872,0.0
18873,0.0
18874,0.0
18875,0.0
18876,0.0
18877,0.0
18878,0.0
18879,0.0
18880,0.0
18881,0.0
18882,0.0
18883,0.0
18884,0.0
18885,0.0
18886,0.0
18887,0.0
18888,0.0
18889,0.0
18890,0.0
18891,0.0
18892,0.0
18893,0.0
18894,0.0
18895,0.0
18896,0.0
18897,0.0
18898,0.0
18899,0.0
18900,0.0
18901,0.0
18902,0.0
18903,0.0
18904,0.0
18905,0.0
18906,0.0
18907,0.0
18908,0.0
18909,0.0
18910,0.0
18911,0.0
18912,0.0
18913,0.0
18914,0.0
18915,0.0
18916,0.0
18917,0.0
18918,0.0
18919,0.0
18920,0.0
18921,0.0
18922,0.0
18923,0.0
18924,0.0
18925,0.0
18926,0.0
18927,0.0
18928,0.0
18929,0.0
18930,0.0
18931,0.0
18932,0.0
18933,0.0
18934,0.0
18935,0.0
18936,0.0
18937,0.0
18938,0.0
18939,0.0
18940,0.0
18941,0.0
18942,0.0
18943,0.0
18944,0.0
18945,0.0
18946,0.0
18947,0.0
18948,0.0
18949,0.0
18950,0.0
18951,0.0
18952,0.0
18953,0.0
18954,0.0
18955,0.0
18956,0.0
18957,0.0
18958,0.0
18959,0.0
18960,0.0
18961,0.0
18962,0.0
18963,0.0
18964,0.0
18965,0.0
18966,0.0
18967,0.0
18968,0.0
18969,0.0
18970,0.0
18971,0.0
18972,0.0
18973,0.0
18974,0.0
18975,0.0
18976,0.0
18977,0.0
18978,0.0
18979,0.0
18980,0.0
18981,0.0
18982,0.0
18983,0.0
18984,0.0
18985,0.0
18986,0.0
18987,0.0
18988,0.0
18989,0.0
18990,0.0
18991,0.0
18992,0.0
18993,0.0
18994,0.0
18995,0.0
18996,0.0
18997,0.0
18998,0.0
18999,0.0
19000,0.0
19001,0.0
19002,0.0
19003,0.0
19004,0.0
19005,0.0
19006,0.0
19007,0.0
19008,0.0
19009,0.0
19010,0.0
19011,0.0
19012,0.0
19013,0.0
19014,0.0
19015,0.0
19016,0.0
19017,0.0
19018,0.0
19019,0.0
19020,0.0
19021,0.0
19022,0.0
19023,0.0
19024,0.0
19025,0.0
19026,0.0
19027,0.0
19028,0.0
19029,0.0
19030,0.0
19031,0.0
19032,0.0
19033,0.0
19034,0.0
19035,0.0
19036,0.0
19037,0.0
19038,0.0
19039,0.0
19040,0.0
19041,0.0
19042,0.0
19043,0.0
19044,0.0
19045,0.0
19046,0.0
19047,0.0
19048,0.0
19049,0.0
19050,0.0
19051,0.0
19052,0.0
19053,0.0
19054,0.0
19055,0.0
19056,0.0
19057,0.0
19058,0.0
19059,0.0
19060,0.0
19061,0.0
19062,0.0
19063,0.0
19064,0.0
19065,0.0
19066,0.0
19067,0.0
19068,0.0
19069,0.0
19070,0.0
19071,0.0
19072,0.0
19073,0.0
19074,0.0
19075,0.0
19076,0.0
19077,0.0
19078,0.0
19079,0.0
19080,0.0
19081,0.0
19082,0.0
19083,0.0
19084,0.0
19085,0.0
19086,0.0
19087,0.0
19088,0.0
19089,0.0
19090,0.0
19091,0.0
19092,0.0
19093,0.0
19094,0.0
19095,0.0
19096,0.0
19097,0.0
19098,0.0
19099,0.0
19100,0.0
19101,0.0
19102,0.0
19103,0.0
19104,0.0
19105,0.0
19106,0.0
19107,0.0
19108,0.0
19109,0.0
19110,0.0
19111,0.0
19112,0.0
19113,0.0
19114,0.0
19115,0.0
19116,0.0
19117,0.0
19118,0.0
19119,0.0
19120,0.0
19121,0.0
19122,0.0
19123,0.0
19124,0.0
19125,0.0
19126,0.0
19127,0.0
19128,0.0
19129,0.0
19130,0.0
19131,0.0
19132,0.0
19133,0.0
19134,0.0
19135,0.0
19136,0.0
19137,0.0
19138,0.0
19139,0.0
19140,0.0
19141,0.0
19142,0.0
19143,0.0
19144,0.0
19145,0.0
19146,0.0
19147,0.0
19148,0.0
19149,0.0
19150,0.0
19151,0.0
19152,0.0
19153,0.0
19154,0.0
19155,0.0
19156,0.0
19157,0.0
19158,0.0
19159,0.0
19160,0.0
19161,0.0
19162,0.0
19163,0.0
19164,0.0
19165,0.0
19166,0.0
19167,0.0
19168,0.0
19169,0.0
19170,0.0
19171,0.0
19172,0.0
19173,0.0
19174,0.0
19175,0.0
19176,0.0
19177,0.0
19178,0.0
19179,0.0
19180,0.0
19181,0.0
19182,0.0
19183,0.0
19184,0.0
19185,0.0
19186,0.0
19187,0.0
19188,0.0
19189,0.0
19190,0.0
19191,0.0
19192,0.0
19193,0.0
19194,0.0
19195,0.0
19196,0.0
19197,0.0
19198,0.0
19199,0.0
19200,0.0
19201,0.0
19202,0.0
19203,0.0
19204,0.0
19205,0.0
19206,0.0
19207,0.0
19208,0.0
19209,0.0
19210,0.0
19211,0.0
19212,0.0
19213,0.0
19214,0.0
19215,0.0
19216,0.0
19217,0.0
19218,0.0
19219,0.0
19220,0.0
19221,0.0
19222,0.0
19223,0.0
19224,0.0
19225,0.0
19226,0.0
19227,0.0
19228,0.0
19229,0.0
19230,0.0
19231,0.0
19232,0.0
19233,0.0
19234,0.0
19235,0.0
19236,0.0
19237,0.0
19238,0.0
19239,0.0
19240,0.0
19241,0.0
19242,0.0
19243,0.0
19244,0.0
19245,0.0
19246,0.0
19247,0.0
19248,0.0
19249,0.0
19250,0.0
19251,0.0
19252,0.0
19253,0.0
19254,0.0
19255,0.0
19256,0.0
19257,0.0
19258,0.0
19259,0.0
19260,0.0
19261,0.0
19262,0.0
19263,0.0
19264,0.0
19265,0.0
19266,0.0
19267,0.0
19268,0.0
19269,0.0
19270,0.0
19271,0.0
19272,0.0
19273,0.0
19274,0.0
19275,0.0
19276,0.0
19277,0.0
19278,0.0
19279,0.0
19280,0.0
19281,0.0
19282,0.0
19283,0.0
19284,0.0
19285,0.0
19286,0.0
19287,0.0
19288,0.0
19289,0.0
19290,0.0
19291,0.0
19292,0.0
19293,0.0
19294,0.0
19295,0.0
19296,0.0
19297,0.0
19298,0.0
19299,0.0
19300,0.0
19301,0.0
19302,0.0
19303,0.0
19304,0.0
19305,0.0
19306,0.0
19307,0.0
19308,0.0
19309,0.0
19310,0.0
19311,0.0
19312,0.0
19313,0.0
19314,0.0
19315,0.0
19316,0.0
19317,0.0
19318,0.0
19319,0.0
19320,0.0
19321,0.0
19322,0.0
19323,0.0
19324,0.0
19325,0.0
19326,0.0
19327,0.0
19328,0.0
19329,0.0
19330,0.0
19331,0.0
19332,0.0
19333,0.0
19334,0.0
19335,0.0
19336,0.0
19337,0.0
19338,0.0
19339,0.0
19340,0.0
19341,0.0
19342,0.0
19343,0.0
19344,0.0
19345,0.0
19346,0.0
19347,0.0
19348,0.0
19349,0.0
19350,0.0
19351,0.0
19352,0.0
19353,0.0
19354,0.0
19355,0.0
19356,0.0
19357,0.0
19358,0.0
19359,0.0
19360,0.0
19361,0.0
19362,0.0
19363,0.0
19364,0.0
19365,0.0
19366,0.0
19367,0.0
19368,0.0
19369,0.0
19370,0.0
19371,0.0
19372,0.0
19373,0.0
19374,0.0
19375,0.0
19376,0.0
19377,0.0
19378,0.0
19379,0.0
19380,0.0
19381,0.0
19382,0.0
19383,0.0
19384,0.0
19385,0.0
19386,0.0
19387,0.0
19388,0.0
19389,0.0
19390,0.0
19391,0.0
19392,0.0
19393,0.0
19394,0.0
19395,0.0
19396,0.0
19397,0.0
19398,0.0
19399,0.0
19400,0.0
19401,0.0
19402,0.0
19403,0.0
19404,0.0
19405,0.0
19406,0.0
19407,0.0
19408,0.0
19409,0.0
19410,0.0
19411,0.0
19412,0.0
19413,0.0
19414,0.0
19415,0.0
19416,0.0
19417,0.0
19418,0.0
19419,0.0
19420,0.0
19421,0.0
19422,0.0
19423,0.0
19424,0.0
19425,0.0
19426,0.0
19427,0.0
19428,0.0
19429,0.0
19430,0.0
19431,0.0
19432,0.0
19433,0.0
19434,0.0
19435,0.0
19436,0.0
19437,0.0
19438,0.0
19439,0.0
19440,0.0
19441,0.0
19442,0.0
19443,0.0
19444,0.0
19445,0.0
19446,0.0
19447,0.0
19448,0.0
19449,0.0
19450,0.0
19451,0.0
19452,0.0
19453,0.0
19454,0.0
19455,0.0
19456,0.0
19457,0.0
19458,0.0
19459,0.0
19460,0.0
19461,0.0
19462,0.0
19463,0.0
19464,0.0
19465,0.0
19466,0.0
19467,0.0
19468,0.0
19469,0.0
19470,0.0
19471,0.0
19472,0.0
19473,0.0
19474,0.0
19475,0.0
19476,0.0
19477,0.0
19478,0.0
19479,0.0
19480,0.0
19481,0.0
19482,0.0
19483,0.0
19484,0.0
19485,0.0
19486,0.0
19487,0.0
19488,0.0
19489,0.0
19490,0.0
19491,0.0
19492,0.0
19493,0.0
19494,0.0
19495,0.0
19496,0.0
19497,0.0
19498,0.0
19499,0.0
19500,0.0
19501,0.0
19502,0.0
19503,0.0
19504,0.0
19505,0.0
19506,0.0
19507,0.0
19508,0.0
19509,0.0
19510,0.0
19511,0.0
19512,0.0
19513,0.0
19514,0.0
19515,0.0
19516,0.0
19517,0.0
19518,0.0
19519,0.0
19520,0.0
19521,0.0
19522,0.0
19523,0.0
19524,0.0
19525,0.0
19526,0.0
19527,0.0
19528,0.0
19529,0.0
19530,0.0
19531,0.0
19532,0.0
19533,0.0
19534,0.0
19535,0.0
19536,0.0
19537,0.0
19538,0.0
19539,0.0
19540,0.0
19541,0.0
19542,0.0
19543,0.0
19544,0.0
19545,0.0
19546,0.0
19547,0.0
19548,0.0
19549,0.0
19550,0.0
19551,0.0
19552,0.0
19553,0.0
19554,0.0
19555,0.0
19556,0.0
19557,0.0
19558,0.0
19559,0.0
19560,0.0
19561,0.0
19562,0.0
19563,0.0
19564,0.0
19565,0.0
19566,0.0
19567,0.0
19568,0.0
19569,0.0
19570,0.0
19571,0.0
19572,0.0
19573,0.0
19574,0.0
19575,0.0
19576,0.0
19577,0.0
19578,0.0
19579,0.0
19580,0.0
19581,0.0
19582,0.0
19583,0.0
19584,0.0
19585,0.0
19586,0.0
19587,0.0
19588,0.0
19589,0.0
19590,0.0
19591,0.0
19592,0.0
19593,0.0
19594,0.0
19595,0.0
19596,0.0
19597,0.0
19598,0.0
19599,0.0
19600,0.0
19601,0.0
19602,0.0
19603,0.0
19604,0.0
19605,0.0
19606,0.0
19607,0.0
19608,0.0
19609,0.0
19610,0.0
19611,0.0
19612,0.0
19613,0.0
19614,0.0
19615,0.0
19616,0.0
19617,0.0
19618,0.0
19619,0.0
19620,0.0
19621,0.0
19622,0.0
19623,0.0
19624,0.0
19625,0.0
19626,0.0
19627,0.0
19628,0.0
19629,0.0
19630,0.0
19631,0.0
19632,0.0
19633,0.0
19634,0.0
19635,0.0
19636,0.0
19637,0.0
19638,0.0
19639,0.0
19640,0.0
19641,0.0
19642,0.0
19643,0.0
19644,0.0
19645,0.0
19646,0.0
19647,0.0
19648,0.0
19649,0.0
19650,0.0
19651,0.0
19652,0.0
19653,0.0
19654,0.0
19655,0.0
19656,0.0
19657,0.0
19658,0.0
19659,0.0
19660,0.0
19661,0.0
19662,0.0
19663,0.0
19664,0.0
19665,0.0
19666,0.0
19667,0.0
19668,0.0
19669,0.0
19670,0.0
19671,0.0
19672,0.0
19673,0.0
19674,0.0
19675,0.0
19676,0.0
19677,0.0
19678,0.0
19679,0.0
19680,0.0
19681,0.0
19682,0.0
19683,0.0
19684,0.0
19685,0.0
19686,0.0
19687,0.0
19688,0.0
19689,0.0
19690,0.0
19691,0.0
19692,0.0
19693,0.0
19694,0.0
19695,0.0
19696,0.0
19697,0.0
19698,0.0
19699,0.0
19700,0.0
19701,0.0
19702,0.0
19703,0.0
19704,0.0
19705,0.0
19706,0.0
19707,0.0
19708,0.0
19709,0.0
19710,0.0
19711,0.0
19712,0.0
19713,0.0
19714,0.0
19715,0.0
19716,0.0
19717,0.0
19718,0.0
19719,0.0
19720,0.0
19721,0.0
19722,0.0
19723,0.0
19724,0.0
19725,0.0
19726,0.0
19727,0.0
19728,0.0
19729,0.0
19730,0.0
19731,0.0
19732,0.0
19733,0.0
19734,0.0
19735,0.0
19736,0.0
19737,0.0
19738,0.0
19739,0.0
19740,0.0
19741,0.0
19742,0.0
19743,0.0
19744,0.0
19745,0.0
19746,0.0
19747,0.0
19748,0.0
19749,0.0
19750,0.0
19751,0.0
19752,0.0
19753,0.0
19754,0.0
19755,0.0
19756,0.0
19757,0.0
19758,0.0
19759,0.0
19760,0.0
19761,0.0
19762,0.0
19763,0.0
19764,0.0
19765,0.0
19766,0.0
19767,0.0
19768,0.0
19769,0.0
19770,0.0
19771,0.0
19772,0.0
19773,0.0
19774,0.0
19775,0.0
19776,0.0
19777,0.0
19778,0.0
19779,0.0
19780,0.0
19781,0.0
19782,0.0
19783,0.0
19784,0.0
19785,0.0
19786,0.0
19787,0.0
19788,0.0
19789,0.0
19790,0.0
19791,0.0
19792,0.0
19793,0.0
19794,0.0
19795,0.0
19796,0.0
19797,0.0
19798,0.0
19799,0.0
19800,0.0
19801,0.0
19802,0.0
19803,0.0
19804,0.0
19805,0.0
19806,0.0
19807,0.0
19808,0.0
19809,0.0
19810,0.0
19811,0.0
19812,0.0
19813,0.0
19814,0.0
19815,0.0
19816,0.0
19817,0.0
19818,0.0
19819,0.0
19820,0.0
19821,0.0
19822,0.0
19823,0.0
19824,0.0
19825,0.0
19826,0.0
19827,0.0
19828,0.0
19829,0.0
19830,0.0
19831,0.0
19832,0.0
19833,0.0
19834,0.0
19835,0.0
19836,0.0
19837,0.0
19838,0.0
19839,0.0
19840,0.0
19841,0.0
19842,0.0
19843,0.0
19844,0.0
19845,0.0
19846,0.0
19847,0.0
19848,0.0
19849,0.0
19850,0.0
19851,0.0
19852,0.0
19853,0.0
19854,0.0
19855,0.0
19856,0.0
19857,0.0
19858,0.0
19859,0.0
19860,0.0
19861,0.0
19862,0.0
19863,0.0
19864,0.0
19865,0.0
19866,0.0
19867,0.0
19868,0.0
19869,0.0
19870,0.0
19871,0.0
19872,0.0
19873,0.0
19874,0.0
19875,0.0
19876,0.0
19877,0.0
19878,0.0
19879,0.0
19880,0.0
19881,0.0
19882,0.0
19883,0.0
19884,0.0
19885,0.0
19886,0.0
19887,0.0
19888,0.0
19889,0.0
19890,0.0
19891,0.0
19892,0.0
19893,0.0
19894,0.0
19895,0.0
19896,0.0
19897,0.0
19898,0.0
19899,0.0
19900,0.0
19901,0.0
19902,0.0
19903,0.0
19904,0.0
19905,0.0
19906,0.0
19907,0.0
19908,0.0
19909,0.0
19910,0.0
19911,0.0
19912,0.0
19913,0.0
19914,0.0
19915,0.0
19916,0.0
19917,0.0
19918,0.0
19919,0.0
19920,0.0
19921,0.0
19922,0.0
19923,0.0
19924,0.0
19925,0.0
19926,0.0
19927,0.0
19928,0.0
19929,0.0
19930,0.0
19931,0.0
19932,0.0
19933,0.0
19934,0.0
19935,0.0
19936,0.0
19937,0.0
19938,0.0
19939,0.0
19940,0.0
19941,0.0
19942,0.0
19943,0.0
19944,0.0
19945,0.0
19946,0.0
19947,0.0
19948,0.0
19949,0.0
19950,0.0
19951,0.0
19952,0.0
19953,0.0
19954,0.0
19955,0.0
19956,0.0
19957,0.0
19958,0.0
19959,0.0
19960,0.0
19961,0.0
19962,0.0
19963,0.0
19964,0.0
19965,0.0
19966,0.0
19967,0.0
19968,0.0
19969,0.0
19970,0.0
19971,0.0
19972,0.0
19973,0.0
19974,0.0
19975,0.0
19976,0.0
19977,0.0
19978,0.0
19979,0.0
19980,0.0
19981,0.0
19982,0.0
19983,0.0
19984,0.0
19985,0.0
19986,0.0
19987,0.0
19988,0.0
19989,0.0
19990,0.0
19991,0.0
19992,0.0
19993,0.0
19994,0.0
19995,0.0
19996,0.0
19997,0.0
19998,0.0
19999,0.0
20000,0.0
20001,0.0
20002,0.0
20003,0.0
20004,0.0
20005,0.0
20006,0.0
20007,0.0
20008,0.0
20009,0.0
20010,0.0
20011,0.0
20012,0.0
20013,0.0
20014,0.0
20015,0.0
20016,0.0
20017,0.0
20018,0.0
20019,0.0
20020,0.0
20021,0.0
20022,0.0
20023,0.0
20024,0.0
20025,0.0
20026,0.0
20027,0.0
20028,0.0
20029,0.0
20030,0.0
20031,0.0
20032,0.0
20033,0.0
20034,0.0
20035,0.0
20036,0.0
20037,0.0
20038,0.0
20039,0.0
20040,0.0
20041,0.0
20042,0.0
20043,0.0
20044,0.0
20045,0.0
20046,0.0
20047,0.0
20048,0.0
20049,0.0
20050,0.0
20051,0.0
20052,0.0
20053,0.0
20054,0.0
20055,0.0
20056,0.0
20057,0.0
20058,0.0
20059,0.0
20060,0.0
20061,0.0
20062,0.0
20063,0.0
20064,0.0
20065,0.0
20066,0.0
20067,0.0
20068,0.0
20069,0.0
20070,0.0
20071,0.0
20072,0.0
20073,0.0
20074,0.0
20075,0.0
20076,0.0
20077,0.0
20078,0.0
20079,0.0
20080,0.0
20081,0.0
20082,0.0
20083,0.0
20084,0.0
20085,0.0
20086,0.0
20087,0.0
20088,0.0
20089,0.0
20090,0.0
20091,0.0
20092,0.0
20093,0.0
20094,0.0
20095,0.0
20096,0.0
20097,0.0
20098,0.0
20099,0.0
20100,0.0
20101,0.0
20102,0.0
20103,0.0
20104,0.0
20105,0.0
20106,0.0
20107,0.0
20108,0.0
20109,0.0
20110,0.0
20111,0.0
20112,0.0
20113,0.0
20114,0.0
20115,0.0
20116,0.0
20117,0.0
20118,0.0
20119,0.0
20120,0.0
20121,0.0
20122,0.0
20123,0.0
20124,0.0
20125,0.0
20126,0.0
20127,0.0
20128,0.0
20129,0.0
20130,0.0
20131,0.0
20132,0.0
20133,0.0
20134,0.0
20135,0.0
20136,0.0
20137,0.0
20138,0.0
20139,0.0
20140,0.0
20141,0.0
20142,0.0
20143,0.0
20144,0.0
20145,0.0
20146,0.0
20147,0.0
20148,0.0
20149,0.0
20150,0.0
20151,0.0
20152,0.0
20153,0.0
20154,0.0
20155,0.0
20156,0.0
20157,0.0
20158,0.0
20159,0.0
20160,0.0
20161,0.0
20162,0.0
20163,0.0
20164,0.0
20165,0.0
20166,0.0
20167,0.0
20168,0.0
20169,0.0
20170,0.0
20171,0.0
20172,0.0
20173,0.0
20174,0.0
20175,0.0
20176,0.0
20177,0.0
20178,0.0
20179,0.0
20180,0.0
20181,0.0
20182,0.0
20183,0.0
20184,0.0
20185,0.0
20186,0.0
20187,0.0
20188,0.0
20189,0.0
20190,0.0
20191,0.0
20192,0.0
20193,0.0
20194,0.0
20195,0.0
20196,0.0
20197,0.0
20198,0.0
20199,0.0
20200,0.0
20201,0.0
20202,0.0
20203,0.0
20204,0.0
20205,0.0
20206,0.0
20207,0.0
20208,0.0
20209,0.0
20210,0.0
20211,0.0
20212,0.0
20213,0.0
20214,0.0
20215,0.0
20216,0.0
20217,0.0
20218,0.0
20219,0.0
20220,0.0
20221,0.0
20222,0.0
20223,0.0
20224,0.0
20225,0.0
20226,0.0
20227,0.0
20228,0.0
20229,0.0
20230,0.0
20231,0.0
20232,0.0
20233,0.0
20234,0.0
20235,0.0
20236,0.0
20237,0.0
20238,0.0
20239,0.0
20240,0.0
20241,0.0
20242,0.0
20243,0.0
20244,0.0
20245,0.0
20246,0.0
20247,0.0
20248,0.0
20249,0.0
20250,0.0
20251,0.0
20252,0.0
20253,0.0
20254,0.0
20255,0.0
20256,0.0
20257,0.0
20258,0.0
20259,0.0
20260,0.0
20261,0.0
20262,0.0
20263,0.0
20264,0.0
20265,0.0
20266,0.0
20267,0.0
20268,0.0
20269,0.0
20270,0.0
20271,0.0
20272,0.0
20273,0.0
20274,0.0
20275,0.0
20276,0.0
20277,0.0
20278,0.0
20279,0.0
20280,0.0
20281,0.0
20282,0.0
20283,0.0
20284,0.0
20285,0.0
20286,0.0
20287,0.0
20288,0.0
20289,0.0
20290,0.0
20291,0.0
20292,0.0
20293,0.0
20294,0.0
20295,0.0
20296,0.0
20297,0.0
20298,0.0
20299,0.0
20300,0.0
20301,0.0
20302,0.0
20303,0.0
20304,0.0
20305,0.0
20306,0.0
20307,0.0
20308,0.0
20309,0.0
20310,0.0
20311,0.0
20312,0.0
20313,0.0
20314,0.0
20315,0.0
20316,0.0
20317,0.0
20318,0.0
20319,0.0
20320,0.0
20321,0.0
20322,0.0
20323,0.0
20324,0.0
20325,0.0
20326,0.0
20327,0.0
20328,0.0
20329,0.0
20330,0.0
20331,0.0
20332,0.0
20333,0.0
20334,0.0
20335,0.0
20336,0.0
20337,0.0
20338,0.0
20339,0.0
20340,0.0
20341,0.0
20342,0.0
20343,0.0
20344,0.0
20345,0.0
20346,0.0
20347,0.0
20348,0.0
20349,0.0
20350,0.0
20351,0.0
20352,0.0
20353,0.0
20354,0.0
20355,0.0
20356,0.0
20357,0.0
20358,0.0
20359,0.0
20360,0.0
20361,0.0
20362,0.0
20363,0.0
20364,0.0
20365,0.0
20366,0.0
20367,0.0
20368,0.0
20369,0.0
20370,0.0
20371,0.0
20372,0.0
20373,0.0
20374,0.0
20375,0.0
20376,0.0
20377,0.0
20378,0.0
20379,0.0
20380,0.0
20381,0.0
20382,0.0
20383,0.0
20384,0.0
20385,0.0
20386,0.0
20387,0.0
20388,0.0
20389,0.0
20390,0.0
20391,0.0
20392,0.0
20393,0.0
20394,0.0
20395,0.0
20396,0.0
20397,0.0
20398,0.0
20399,0.0
20400,0.0
20401,0.0
20402,0.0
20403,0.0
20404,0.0
20405,0.0
20406,0.0
20407,0.0
20408,0.0
20409,0.0
20410,0.0
20411,0.0
20412,0.0
20413,939.7068660611473
20414,16695.199965745513
20415,7272.332299047036
20416,25024.239424979725
20417,25532.1332075603
20418,46311.69061103265
20419,46704.950607134466
20420,49029.474397601734
20421,12792.868340900006
20422,42040.808677724875
20423,42345.65481388341
20424,44310.157125819765
20425,44126.200666333636
20426,51420.82063823962
20427,51441.39964196908
20428,51113.690711451745
20429,9478.302024013454
20430,13162.886607657767
20431,14044.907198704937
20432,14044.907198704937
20433,14044.907198704937
20434,14044.907198704937
20435,14044.907198704937
20436,14044.907198704937
20437,14044.907198704937
20438,14044.907198704937
20439,14044.907198704937
20440,14044.907198704937
20441,14044.907198704937
20442,14044.907198704937
20443,14044.907198704937
20444,14044.907198704937
20445,14044.907198704937
20446,14044.907198704937
20447,14044.907198704937
20448,14044.907198704937
20449,14044.907198704937
20450,14044.907198704937
20451,14044.907198704937
20452,14044.907198704937
20453,14044.907198704937
20454,14044.907198704937
20455,14044.907198704937
20456,14044.907198704937
20457,14044.907198704937
20458,14044.907198704937
20459,14044.907198704937
20460,14044.907198704937
20461,14044.907198704937
20462,14044.907198704937
20463,14044.907198704937
20464,14044.907198704937
20465,14044.907198704937
20466,14044.907198704937
20467,14044.907198704937
20468,14044.907198704937
20469,14044.907198704937
20470,14044.907198704937
20471,14044.907198704937
20472,14044.907198704937
20473,14044.907198704937
20474,14044.907198704937
20475,14044.907198704937
20476,14044.907198704937
20477,14044.907198704937
20478,14044.907198704937
20479,14044.907198704937
20480,14044.907198704937
20481,14044.907198704937
20482,14044.907198704937
20483,14044.907198704937
20484,14044.907198704937
20485,14044.907198704937
20486,14044.907198704937
20487,14044.907198704937
20488,14044.907198704937
20489,14044.907198704937
20490,14044.907198704937
20491,14044.907198704937
20492,14044.907198704937
20493,14044.907198704937
20494,14044.907198704937
20495,14044.907198704937
20496,14044.907198704937
20497,14044.907198704937
20498,14044.907198704937
20499,14044.907198704937
20500,14044.907198704937
20501,14044.907198704937
20502,14044.907198704937
20503,14044.907198704937
20504,14044.907198704937
20505,14044.907198704937
20506,14044.907198704937
20507,14044.907198704937
20508,14044.907198704937
20509,14044.907198704937
20510,14044.907198704937
20511,14044.907198704937
20512,14044.907198704937
20513,14044.907198704937
20514,14044.907198704937
20515,14044.907198704937
20516,14044.907198704937
20517,14044.907198704937
20518,14044.907198704937
20519,14044.907198704937
20520,14044.907198704937
20521,14044.907198704937
20522,14044.907198704937
20523,14044.907198704937
20524,14044.907198704937
20525,14044.907198704937
20526,14044.907198704937
20527,14044.907198704937
20528,14044.907198704937
20529,14044.907198704937
20530,14044.907198704937
20531,14044.907198704937
20532,14044.907198704937
20533,14044.907198704937
20534,14044.907198704937
20535,14044.907198704937
20536,14044.907198704937
20537,14044.907198704937
20538,14044.907198704937
20539,14044.907198704937
20540,14044.907198704937
20541,14044.907198704937
20542,14044.907198704937
20543,14044.907198704937
20544,14044.907198704937
20545,14044.907198704937
20546,14044.907198704937
20547,14044.907198704937
20548,14044.907198704937
20549,14044.907198704937
20550,14044.907198704937
20551,0.0
20552,0.0
20553,0.0
20554,0.0
20555,0.0
20556,0.0
20557,0.0
20558,0.0
20559,0.0
20560,0.0
20561,0.0
20562,0.0
20563,0.0
20564,0.0
20565,0.0
20566,0.0
20567,0.0
20568,0.0
20569,0.0
20570,0.0
20571,0.0
20572,0.0
20573,0.0
20574,0.0
20575,0.0
20576,0.0
20577,0.0
20578,0.0
20579,0.0
20580,0.0
20581,0.0
20582,0.0
20583,0.0
20584,0.0
20585,0.0
20586,0.0
20587,0.0
20588,0.0
20589,0.0
20590,0.0
20591,0.0
20592,0.0
20593,0.0
20594,0.0
20595,0.0
20596,0.0
20597,0.0
20598,0.0
20599,0.0
20600,0.0
20601,0.0
20602,0.0
20603,0.0
20604,0.0
20605,0.0
20606,0.0
20607,0.0
20608,0.0
20609,0.0
20610,0.0
20611,0.0
20612,0.0
20613,0.0
20614,0.0
20615,0.0
20616,0.0
20617,0.0
20618,0.0
20619,0.0
20620,0.0
20621,0.0
20622,0.0
20623,0.0
20624,0.0
20625,0.0
20626,0.0
20627,0.0
20628,0.0
20629,0.0
20630,0.0
20631,0.0
20632,0.0
20633,0.0
20634,0.0
20635,0.0
20636,0.0
20637,0.0
20638,0.0
20639,0.0
20640,0.0
20641,0.0
20642,0.0
20643,0.0
20644,0.0
20645,0.0
20646,0.0
20647,0.0
20648,0.0
20649,0.0
20650,0.0
20651,0.0
20652,0.0
20653,0.0
20654,0.0
20655,0.0
20656,0.0
20657,0.0
20658,0.0
20659,0.0
20660,0.0
20661,0.0
20662,0.0
20663,0.0
20664,0.0
20665,0.0
20666,0.0
20667,0.0
20668,0.0
20669,0.0
20670,0.0
20671,0.0
20672,0.0
20673,0.0
20674,0.0
20675,0.0
20676,0.0
20677,0.0
20678,0.0
20679,0.0
20680,0.0
20681,0.0
20682,0.0
20683,0.0
20684,0.0
20685,0.0
20686,0.0
20687,0.0
20688,0.0
20689,0.0
20690,0.0
20691,0.0
20692,0.0
20693,0.0
20694,0.0
20695,0.0
20696,0.0
20697,0.0
20698,0.0
20699,0.0
20700,0.0
20701,0.0
20702,0.0
20703,0.0
20704,0.0
20705,0.0
20706,0.0
20707,0.0
20708,0.0
20709,0.0
20710,0.0
20711,0.0
20712,0.0
20713,0.0
20714,0.0
20715,0.0
20716,0.0
20717,0.0
20718,0.0
20719,0.0
20720,0.0
20721,0.0
20722,0.0
20723,0.0
20724,0.0
20725,0.0
20726,0.0
20727,0.0
20728,0.0
20729,0.0
20730,0.0
20731,0.0
20732,0.0
20733,0.0
20734,0.0
20735,0.0
20736,0.0
20737,0.0
20738,0.0
20739,0.0
20740,0.0
20741,0.0
20742,0.0
20743,0.0
20744,0.0
20745,0.0
20746,0.0
20747,0.0
20748,0.0
20749,0.0
20750,0.0
20751,0.0
20752,0.0
20753,0.0
20754,0.0
20755,0.0
20756,0.0
20757,0.0
20758,0.0
20759,0.0
20760,0.0
20761,0.0
20762,0.0
20763,0.0
20764,0.0
20765,0.0
20766,0.0
20767,0.0
20768,0.0
20769,0.0
20770,0.0
20771,0.0
20772,0.0
20773,0.0
20774,0.0
20775,0.0
20776,0.0
20777,0.0
20778,0.0
20779,0.0
20780,0.0
20781,0.0
20782,0.0
20783,0.0
20784,0.0
20785,0.0
20786,0.0
20787,0.0
20788,0.0
20789,0.0
20790,0.0
20791,0.0
20792,0.0
20793,0.0
20794,0.0
20795,0.0
20796,0.0
20797,0.0
20798,0.0
20799,0.0
20800,0.0
20801,0.0
20802,0.0
20803,0.0
20804,0.0
20805,0.0
20806,0.0
20807,0.0
20808,0.0
20809,0.0
20810,0.0
20811,0.0
20812,0.0
20813,0.0
20814,0.0
20815,0.0
20816,0.0
20817,0.0
20818,0.0
20819,0.0
20820,0.0
20821,0.0
20822,0.0
20823,0.0
20824,0.0
20825,0.0
20826,0.0
20827,0.0
20828,0.0
20829,0.0
20830,0.0
20831,0.0
20832,0.0
20833,0.0
20834,0.0
20835,0.0
20836,0.0
20837,0.0
20838,0.0
20839,0.0
20840,0.0
20841,0.0
20842,0.0
20843,0.0
20844,0.0
20845,0.0
20846,0.0
20847,0.0
20848,0.0
20849,0.0
20850,0.0
20851,0.0
20852,0.0
20853,0.0
20854,0.0
20855,0.0
20856,0.0
20857,0.0
20858,0.0
20859,0.0
20860,0.0
20861,0.0
20862,0.0
20863,0.0
20864,0.0
20865,0.0
20866,0.0
20867,0.0
20868,0.0
20869,0.0
20870,0.0
20871,0.0
20872,0.0
20873,0.0
20874,0.0
20875,0.0
20876,0.0
20877,0.0
20878,0.0
20879,0.0
20880,0.0
20881,0.0
20882,0.0
20883,0.0
20884,0.0
20885,0.0
20886,0.0
20887,0.0
20888,0.0
20889,0.0
20890,0.0
20891,0.0
20892,0.0
20893,0.0
20894,0.0
20895,0.0
20896,0.0
20897,0.0
20898,0.0
20899,0.0
20900,0.0
20901,0.0
20902,0.0
20903,0.0
20904,0.0
20905,0.0
20906,0.0
20907,0.0
20908,0.0
20909,0.0
20910,0.0
20911,0.0
20912,0.0
20913,0.0
20914,0.0
20915,0.0
20916,0.0
20917,0.0
20918,0.0
20919,0.0
20920,0.0
20921,0.0
20922,0.0
20923,0.0
20924,0.0
20925,0.0
20926,0.0
20927,0.0
20928,0.0
20929,0.0
20930,0.0
20931,0.0
20932,0.0
20933,0.0
20934,0.0
20935,0.0
20936,0.0
20937,0.0
20938,0.0
20939,0.0
20940,0.0
20941,0.0
20942,0.0
20943,0.0
20944,0.0
20945,0.0
20946,0.0
20947,0.0
20948,0.0
20949,0.0
20950,0.0
20951,0.0
20952,0.0
20953,0.0
20954,0.0
20955,0.0
20956,0.0
20957,0.0
20958,0.0
20959,0.0
20960,0.0
20961,0.0
20962,0.0
20963,0.0
20964,0.0
20965,0.0
20966,0.0
20967,0.0
20968,0.0
20969,0.0
20970,0.0
20971,0.0
20972,0.0
20973,0.0
20974,0.0
20975,0.0
20976,0.0
20977,0.0
20978,0.0
20979,0.0
20980,0.0
20981,0.0
20982,0.0
20983,0.0
20984,0.0
20985,0.0
20986,0.0
20987,0.0
20988,0.0
20989,0.0
20990,0.0
20991,0.0
20992,0.0
20993,0.0
20994,0.0
20995,0.0
20996,0.0
20997,0.0
20998,0.0
20999,0.0
21000,0.0
21001,0.0
21002,0.0
21003,0.0
21004,0.0
21005,0.0
21006,0.0
21007,0.0
21008,0.0
21009,0.0
21010,0.0
21011,0.0
21012,0.0
21013,0.0
21014,0.0
21015,0.0
21016,0.0
21017,0.0
21018,0.0
21019,0.0
21020,0.0
21021,0.0
21022,0.0
21023,0.0
21024,0.0
21025,0.0
21026,0.0
21027,0.0
21028,0.0
21029,0.0
21030,0.0
21031,0.0
21032,0.0
21033,0.0
21034,0.0
21035,0.0
21036,0.0
21037,0.0
21038,0.0
21039,0.0
21040,0.0
21041,0.0
21042,0.0
21043,0.0
21044,0.0
21045,0.0
21046,0.0
21047,0.0
21048,0.0
21049,0.0
21050,0.0
21051,0.0
21052,0.0
21053,0.0
21054,0.0
21055,0.0
21056,0.0
21057,0.0
21058,0.0
21059,0.0
21060,0.0
21061,0.0
21062,0.0
21063,0.0
21064,0.0
21065,0.0
21066,0.0
21067,0.0
21068,0.0
21069,0.0
21070,0.0
21071,0.0
21072,0.0
21073,0.0
21074,0.0
21075,0.0
21076,0.0
21077,0.0
21078,0.0
21079,0.0
21080,0.0
21081,0.0
21082,0.0
21083,0.0
21084,0.0
21085,0.0
21086,0.0
21087,0.0
21088,0.0
21089,0.0
21090,0.0
21091,0.0
21092,0.0
21093,0.0
21094,0.0
21095,0.0
21096,0.0
21097,0.0
21098,0.0
21099,0.0
21100,0.0
21101,0.0
21102,0.0
21103,0.0
21104,0.0
21105,0.0
21106,0.0
21107,0.0
21108,0.0
21109,0.0
21110,0.0
21111,0.0
21112,0.0
21113,0.0
21114,0.0
21115,0.0
21116,0.0
21117,0.0
21118,0.0
21119,0.0
21120,0.0
21121,0.0
21122,0.0
21123,0.0
21124,0.0
21125,0.0
21126,0.0
21127,0.0
21128,0.0
21129,0.0
21130,0.0
21131,0.0
21132,0.0
21133,0.0
21134,0.0
21135,0.0
21136,0.0
21137,0.0
21138,0.0
21139,0.0
21140,0.0
21141,0.0
21142,0.0
21143,0.0
21144,0.0
21145,0.0
21146,0.0
21147,0.0
21148,0.0
21149,0.0
21150,0.0
21151,0.0
21152,0.0
21153,0.0
21154,0.0
21155,0.0
21156,0.0
21157,0.0
21158,0.0
21159,0.0
21160,0.0
21161,0.0
21162,0.0
21163,0.0
21164,0.0
21165,0.0
21166,0.0
21167,0.0
21168,0.0
21169,0.0
21170,0.0
21171,0.0
21172,0.0
21173,0.0
21174,0.0
21175,0.0
21176,0.0
21177,0.0
21178,0.0
21179,0.0
21180,0.0
21181,0.0
21182,0.0
21183,0.0
21184,0.0
21185,0.0
21186,0.0
21187,0.0
21188,0.0
21189,0.0
21190,0.0
21191,0.0
21192,0.0
21193,0.0
21194,0.0
21195,0.0
21196,0.0
21197,0.0
21198,0.0
21199,0.0
21200,0.0
21201,0.0
21202,0.0
21203,0.0
21204,0.0
21205,0.0
21206,0.0
21207,0.0
21208,0.0
21209,0.0
21210,0.0
21211,0.0
21212,0.0
21213,0.0
21214,0.0
21215,0.0
21216,0.0
21217,0.0
21218,0.0
21219,0.0
21220,0.0
21221,0.0
21222,0.0
21223,0.0
21224,0.0
21225,0.0
21226,0.0
21227,0.0
21228,0.0
21229,0.0
21230,0.0
21231,0.0
21232,0.0
21233,0.0
21234,0.0
21235,0.0
21236,0.0
21237,0.0
21238,0.0
21239,0.0
21240,0.0
21241,0.0
21242,0.0
21243,0.0
21244,0.0
21245,0.0
21246,0.0
21247,0.0
21248,0.0
21249,0.0
21250,0.0
21251,0.0
21252,0.0
21253,0.0
21254,0.0
21255,0.0
21256,0.0
21257,0.0
21258,0.0
21259,0.0
21260,0.0
21261,0.0
21262,0.0
21263,0.0
21264,0.0
21265,0.0
21266,0.0
21267,0.0
21268,0.0
21269,0.0
21270,0.0
21271,0.0
21272,0.0
21273,0.0
21274,0.0
21275,0.0
21276,0.0
21277,0.0
21278,0.0
21279,0.0
21280,0.0
21281,0.0
21282,0.0
21283,0.0
21284,0.0
21285,0.0
21286,0.0
21287,0.0
21288,0.0
21289,0.0
21290,0.0
21291,0.0
21292,0.0
21293,0.0
21294,0.0
21295,0.0
21296,0.0
21297,0.0
21298,0.0
21299,0.0
21300,0.0
21301,44668.78813690839
21302,44668.78813690839
21303,44668.78813690839
21304,44668.78813690839
21305,44668.78813690839
21306,44668.78813690839
21307,44668.78813690839
21308,44668.78813690839
21309,44668.78813690839
21310,44668.78813690839
21311,44668.78813690839
21312,44668.78813690839
21313,44668.78813690839
21314,44668.78813690839
21315,44668.78813690839
21316,44668.78813690839
21317,44668.78813690839
21318,44668.78813690839
21319,44668.78813690839
21320,44668.78813690839
21321,44668.78813690839
21322,44668.78813690839
21323,44668.78813690839
21324,44668.78813690839
21325,44668.78813690839
21326,44668.78813690839
21327,44668.78813690839
21328,44668.78813690839
21329,44668.78813690839
21330,44668.78813690839
21331,44668.78813690839
21332,44668.78813690839
21333,44668.78813690839
21334,44668.78813690839
21335,44668.78813690839
21336,44668.78813690839
21337,44668.78813690839
21338,44668.78813690839
21339,44668.78813690839
21340,44668.78813690839
21341,44668.78813690839
21342,44668.78813690839
21343,44668.78813690839
21344,44668.78813690839
21345,44668.78813690839
21346,44668.78813690839
21347,44668.78813690839
21348,44668.78813690839
21349,44668.78813690839
21350,44668.78813690839
21351,44668.78813690839
21352,44668.78813690839
21353,44668.78813690839
21354,44668.78813690839
21355,44668.78813690839
21356,44668.78813690839
21357,44668.78813690839
21358,44668.78813690839
21359,44668.78813690839
21360,44668.78813690839
21361,44668.78813690839
21362,44668.78813690839
21363,44668.78813690839
21364,44668.78813690839
21365,44668.78813690839
21366,44668.78813690839
21367,44668.78813690839
21368,44668.78813690839
21369,44668.78813690839
21370,44668.78813690839
21371,44668.78813690839
21372,44668.78813690839
21373,44668.78813690839
21374,44668.78813690839
21375,44668.78813690839
21376,44668.78813690839
21377,44668.78813690839
21378,44668.78813690839
21379,44668.78813690839
21380,44668.78813690839
21381,44668.78813690839
21382,44668.78813690839
21383,44668.78813690839
21384,44668.78813690839
21385,44668.78813690839
21386,44668.78813690839
21387,44668.78813690839
21388,44668.78813690839
21389,46641.155746595876
21390,46641.155746595876
21391,46641.155746595876
21392,46641.155746595876
21393,46641.155746595876
21394,46641.155746595876
21395,46641.155746595876
21396,46641.155746595876
21397,46641.155746595876
21398,46641.155746595876
21399,46641.155746595876
21400,46641.155746595876
21401,46641.155746595876
21402,46641.155746595876
21403,46641.155746595876
21404,46641.155746595876
21405,46641.155746595876
21406,46641.155746595876
21407,46641.155746595876
21408,46641.155746595876
21409,46641.155746595876
21410,46641.155746595876
21411,46641.155746595876
21412,46641.155746595876
21413,46641.155746595876
21414,46641.155746595876
21415,46641.155746595876
21416,46641.155746595876
21417,48514.904975799014
21418,48514.904975799014
21419,48514.904975799014
21420,50936.45497579902
21421,50936.45497579902
21422,50936.45497579902
21423,50936.45497579902
21424,50936.45497579902
21425,50936.45497579902
21426,50936.45497579902
21427,50936.45497579902
21428,50936.45497579902
21429,50936.45497579902
21430,50936.45497579902
21431,50936.45497579902
21432,50936.45497579902
21433,50936.45497579902
21434,50936.45497579902
21435,50936.45497579902
21436,50936.45497579902
21437,50936.45497579902
21438,50936.45497579902
21439,50936.45497579902
21440,50936.45497579902
21441,50936.45497579902
21442,50936.45497579902
21443,51050.64874676493
21444,51050.64874676493
21445,51050.64874676493
21446,51050.64874676493
21447,51050.64874676493
21448,51050.64874676493
21449,51046.82094989988
21450,51035.48603404043
21451,0.0
21452,0.0
21453,0.0
21454,0.0
21455,0.0
21456,0.0
21457,0.0
21458,0.0
21459,0.0
21460,0.0
21461,0.0
21462,0.0
21463,0.0
21464,0.0
21465,0.0
21466,0.0
21467,0.0
21468,0.0
21469,0.0
21470,0.0
21471,0.0
21472,0.0
21473,0.0
21474,0.0
21475,0.0
21476,0.0
21477,0.0
21478,0.0
21479,0.0
21480,0.0
21481,0.0
21482,0.0
21483,0.0
21484,0.0
21485,0.0
21486,0.0
21487,0.0
21488,0.0
21489,0.0
21490,0.0
21491,0.0
21492,0.0
21493,0.0
21494,0.0
21495,0.0
21496,0.0
21497,0.0
21498,0.0
21499,0.0
21500,0.0
21501,0.0
21502,0.0
21503,0.0
21504,0.0
21505,0.0
21506,0.0
21507,0.0
21508,0.0
21509,0.0
21510,0.0
21511,0.0
21512,0.0
21513,0.0
21514,0.0
21515,0.0
21516,0.0
21517,0.0
21518,0.0
21519,0.0
21520,0.0
21521,0.0
21522,0.0
21523,0.0
21524,0.0
21525,0.0
21526,0.0
21527,0.0
21528,0.0
21529,0.0
21530,0.0
21531,0.0
21532,0.0
21533,0.0
21534,0.0
21535,0.0
21536,0.0
21537,0.0
21538,0.0
21539,0.0
21540,0.0
21541,0.0
21542,0.0
21543,0.0
21544,0.0
21545,0.0
21546,0.0
21547,0.0
21548,0.0
21549,0.0
21550,0.0
21551,0.0
21552,0.0
21553,0.0
21554,0.0
21555,0.0
21556,0.0
21557,0.0
21558,0.0
21559,0.0
21560,0.0
21561,0.0
21562,0.0
21563,0.0
21564,0.0
21565,0.0
21566,0.0
21567,0.0
21568,0.0
21569,0.0
21570,0.0
21571,0.0
21572,0.0
21573,0.0
21574,0.0
21575,0.0
21576,0.0
21577,0.0
21578,0.0
21579,0.0
21580,0.0
21581,0.0
21582,0.0
21583,0.0
21584,0.0
21585,0.0
21586,0.0
21587,0.0
21588,0.0
21589,0.0
21590,0.0
21591,0.0
21592,0.0
21593,0.0
21594,0.0
21595,0.0
21596,0.0
21597,0.0
21598,0.0
21599,0.0
21600,0.0
21601,0.0
21602,0.0
21603,0.0
21604,0.0
21605,0.0
21606,0.0
21607,0.0
21608,0.0
21609,0.0
21610,0.0
21611,0.0
21612,0.0
21613,0.0
21614,0.0
21615,0.0
21616,0.0
21617,0.0
21618,0.0
21619,0.0
21620,0.0
21621,0.0
21622,0.0
21623,0.0
21624,0.0
21625,0.0
21626,0.0
21627,0.0
21628,0.0
21629,0.0
21630,0.0
21631,0.0
21632,0.0
21633,0.0
21634,0.0
21635,0.0
21636,0.0
21637,0.0
21638,0.0
21639,0.0
21640,0.0
21641,0.0
21642,0.0
21643,0.0
21644,0.0
21645,0.0
21646,0.0
21647,0.0
21648,0.0
21649,0.0
21650,0.0
21651,0.0
21652,0.0
21653,0.0
21654,0.0
21655,0.0
21656,0.0
21657,0.0
21658,0.0
21659,0.0
21660,0.0
21661,0.0
21662,0.0
21663,0.0
21664,0.0
21665,0.0
21666,0.0
21667,0.0
21668,0.0
21669,0.0
21670,0.0
21671,0.0
21672,0.0
21673,0.0
21674,0.0
21675,0.0
21676,0.0
21677,0.0
21678,0.0
21679,0.0
21680,0.0
21681,0.0
21682,0.0
21683,0.0
21684,0.0
21685,0.0
21686,0.0
21687,0.0
21688,0.0
21689,0.0
21690,0.0
21691,0.0
21692,0.0
21693,0.0
21694,0.0
21695,0.0
21696,0.0
21697,0.0
21698,0.0
21699,0.0
21700,0.0
21701,0.0
21702,0.0
21703,0.0
21704,0.0
21705,0.0
21706,0.0
21707,0.0
21708,0.0
21709,0.0
21710,0.0
21711,0.0
21712,0.0
21713,0.0
21714,0.0
21715,0.0
21716,0.0
21717,0.0
21718,0.0
21719,0.0
21720,0.0
21721,0.0
21722,0.0
21723,0.0
21724,0.0
21725,0.0
21726,0.0
21727,0.0
21728,0.0
21729,0.0
21730,0.0
21731,0.0
21732,0.0
21733,0.0
21734,0.0
21735,0.0
21736,0.0
21737,0.0
21738,0.0
21739,0.0
21740,0.0
21741,0.0
21742,0.0
21743,0.0
21744,0.0
21745,0.0
21746,0.0
21747,0.0
21748,0.0
21749,0.0
21750,0.0
21751,0.0
21752,0.0
21753,0.0
21754,0.0
21755,0.0
21756,0.0
21757,0.0
21758,0.0
21759,0.0
21760,0.0
21761,0.0
21762,0.0
21763,0.0
21764,0.0
21765,0.0
21766,0.0
21767,0.0
21768,0.0
21769,0.0
21770,0.0
21771,0.0
21772,0.0
21773,0.0
21774,0.0
21775,0.0
21776,0.0
21777,0.0
21778,0.0
21779,0.0
21780,0.0
21781,0.0
21782,0.0
21783,0.0
21784,0.0
21785,0.0
21786,0.0
21787,0.0
21788,0.0
21789,0.0
21790,0.0
21791,0.0
21792,0.0
21793,0.0
21794,0.0
21795,0.0
21796,0.0
21797,0.0
21798,0.0
21799,0.0
21800,0.0
21801,0.0
21802,0.0
21803,0.0
21804,0.0
21805,0.0
21806,0.0
21807,0.0
21808,0.0
21809,0.0
21810,0.0
21811,0.0
21812,0.0
21813,0.0
21814,0.0
21815,0.0
21816,0.0
21817,0.0
21818,0.0
21819,0.0
21820,0.0
21821,0.0
21822,0.0
21823,0.0
21824,0.0
21825,0.0
21826,0.0
21827,0.0
21828,0.0
21829,0.0
21830,0.0
21831,0.0
21832,0.0
21833,0.0
21834,0.0
21835,0.0
21836,0.0
21837,0.0
21838,0.0
21839,0.0
21840,0.0
21841,0.0
21842,0.0
21843,0.0
21844,0.0
21845,0.0
21846,0.0
21847,0.0
21848,0.0
21849,0.0
21850,0.0
21851,0.0
21852,0.0
21853,0.0
21854,0.0
21855,0.0
21856,0.0
21857,0.0
21858,0.0
21859,0.0
21860,0.0
21861,0.0
21862,0.0
21863,0.0
21864,0.0
21865,0.0
21866,0.0
21867,0.0
21868,0.0
21869,0.0
21870,0.0
21871,0.0
21872,0.0
21873,0.0
21874,0.0
21875,0.0
21876,0.0
21877,0.0
21878,0.0
21879,0.0
21880,0.0
21881,0.0
21882,0.0
21883,0.0
21884,0.0
21885,0.0
21886,0.0
21887,0.0
21888,0.0
21889,0.0
21890,0.0
21891,0.0
21892,0.0
21893,0.0
21894,0.0
21895,0.0
21896,0.0
21897,0.0
21898,0.0
21899,0.0
21900,0.0
21901,0.0
21902,0.0
21903,15463.998262187793
21904,28261.25789934296
21905,0.0
21906,14870.880742820538
21907,11769.868114476852
21908,8448.20843259379
21909,19121.123523121045
21910,44471.010910270415
21911,40580.31944125105
21912,34858.580714546966
21913,0.0
21914,27241.284654945073
21915,0.0
21916,35114.69631097726
21917,35715.34590962012
21918,47402.839071927985
21919,49241.35730644824
21920,51681.863671534295
21921,51072.72195947463
21922,25478.917155967334
21923,31589.19807212911
21924,29679.635199603297
21925,29971.156204232684
21926,30253.32091754226
21927,30088.401016834214
21928,6125.824527331705
21929,14231.29818968265
21930,27774.957280682935
21931,36761.79181650311
21932,37088.49764560995
21933,33555.62482748704
21934,34178.64160836767
21935,34363.66724956697
21936,35625.37652595367
21937,38009.18953831332
21938,44148.79705109609
21939,44461.22614361139
21940,39849.70366064007
21941,39898.93678840279
21942,40102.26826131178
21943,40488.72443503524
21944,42878.72967643507
21945,43245.6345634418
21946,43591.016852710476
21947,39927.66437033875
21948,39853.175310013954
21949,40038.20095121326
21950,40463.44644327958
21951,42847.259455639236
21952,44450.40452758902
21953,44742.32416790887
21954,43202.10794970511
21955,43251.34107746783
21956,43751.26985959177
21957,44137.72603331523
21958,46521.53904567489
21959,47524.417718809025
21960,47777.523759571035
21961,44800.8714232632
21962,44889.291431048856
21963,45075.52885633237
21964,45512.72513057806
21965,47644.071336553614
21966,47438.93782033875
21967,47953.59087403055
21968,44531.3265599207
21969,44580.2666152445
21970,44765.292256443805
21971,45429.47997785478
21972,47938.76033117432
21973,47733.62681495946
21974,48022.59769148223
21975,44527.17993682633
21976,44576.24342579265
21977,48904.11853200202
21978,49647.007675605346
21979,52312.44583508384
21980,52107.31231886898
21981,51390.57916080644
21982,47791.63594341905
21983,47841.727310728456
21984,48015.32963288308
21985,48795.127304366826
21986,51250.01719478021
21987,51045.41450841197
21988,51336.12236464761
21989,47732.5770876127
21990,48743.20999665935
21991,48829.76938440802
21992,49669.19172767263
21993,53491.78242949258
21994,53288.666823275176
21995,53241.121218412925
21996,49572.579570531394
21997,49652.94563648498
21998,50327.62827018443
21999,51166.42037470042
22000,53666.06489744063
22001,53462.307652503725
22002,53750.74485043007
22003,50102.61730654624
22004,50151.930669510686
22005,50295.95498353394
22006,51131.23205520516
22007,55101.095778767674
22008,55404.50206143143
22009,55730.16251487835
22010,52059.30503094061
22011,52096.63889480078
22012,52292.67284501565
22013,53112.95583214233
22014,55544.14500631663
22015,55329.78145797688
22016,50656.14671733664
22017,58937.702775525635
22018,60017.00265388773
22019,60158.714629955684
22020,73799.0097912291
22021,76282.00459595822
22022,76027.36563717472
22023,76198.72946510577
22024,72768.10908889057
22025,72868.27358720632
22026,73165.86239354771
22027,73752.67276167237
22028,76203.76679249812
22029,76108.62091660299
22030,76443.44473611478
22031,72949.5858329547
22032,73003.66163281101
22033,73292.29962282392
22034,73948.77820365113
22035,76438.39944937217
22036,76222.30363905676
22037,76746.65210673575
22038,73000.79458258275
22039,73083.81167277238
22040,73275.09635865533
22041,72566.63207175587
22042,74618.87492154466
22043,74035.16846068364
22044,74470.3200068803
22045,70683.31594988718
22046,70737.2458353796
22047,70833.66477095793
22048,71396.79832461376
22049,74080.81852403951
22050,72480.87817452279
22051,106478.22113427093
22052,106941.83146807176
22053,100794.36745204135
22054,93036.53172962852
22055,83889.91834876101
22056,7057.292233644804
22057,63585.75004807194
22058,0.0
22059,77893.42534069938
22060,62701.68620685987
22061,71426.57118146341
22062,64832.21126654024
22063,65776.45497150281
22064,66852.91797913577
22065,81990.71754121274
22066,82514.13689763352
22067,98327.05336833718
22068,110624.66777037764
22069,111721.35168186625
22070,57146.36645917558
22071,78167.15765997027
22072,44316.32460661029
22073,44629.02795990846
22074,53880.87879262624
22075,54136.9816206259
22076,51342.72334813889
22077,51391.95647590161
22078,51348.39318269099
22079,51486.58151969954
22080,65030.24061069988
22081,76912.1871851462
22082,77147.41282351609
22083,74198.86731449816
22084,74821.88409537876
22085,75006.90973657806
22086,80829.95690453218
22087,83213.76991689186
22088,122359.98687525884
22089,122580.93577703719
22090,125130.69965142976
22091,125179.93277919247
22092,125383.26425210146
22093,125521.45258911
22094,127911.45783050984
22095,128033.78343586347
22096,128229.95646819867
22097,125150.93129493191
22098,125076.44223460708
22099,125261.46787580638
22100,125438.44553115779
22101,127822.25854351747
22102,129180.82433381415
22103,129381.26378339704
22104,128609.62442839767
22105,128658.85755616038
22106,129615.15521758974
22107,129753.34355459828
22108,132137.15656695788
22109,133561.98290883054
22110,134311.40941227545
22111,131978.23593697356
22112,132739.53722475673
22113,132925.77465004032
22114,133055.55153567033
22115,141287.96351254376
22116,140838.25071467579
22117,141261.42357763066
22118,138482.63812452662
22119,138531.57817985042
22120,138716.6038210498
22121,139073.37215384495
22122,141582.65250716446
22123,141132.93970929648
22124,141330.43039508234
22125,138478.49150143226
22126,138527.55499039858
22127,142855.43009660786
22128,143774.4502893531
22129,146634.70333509496
22130,146184.990537227
22131,151202.41978771903
22132,148350.4808940689
22133,148400.57226137831
22134,148574.17458353296
22135,148941.36459814428
22136,151453.09031305602
22137,151003.90834503467
22138,151203.13601053337
22139,148346.59505723574
22140,149432.3134683157
22141,149518.8728560644
22142,149947.35034798167
22143,153099.89216577227
22144,152652.19727790175
22145,152851.42494340046
22146,149929.88761925622
22147,150010.25368520978
22148,150684.9363189093
22149,151112.78357207793
22150,153612.4280948182
22151,153164.0915682282
22152,153361.04857541763
22153,150459.92535527112
22154,150509.23871823557
22155,150653.26303225895
22156,151077.59525258283
22157,155047.4589761454
22158,155200.60688707244
22159,155433.15582495838
22160,152511.84219654763
22161,152549.17606040777
22162,152745.21001062266
22163,153154.54814640197
22164,155585.73732057636
22165,155126.79449058353
22166,164398.95333994733
22167,180637.55076907825
22168,181716.85064744035
22169,181890.13834306767
22170,182520.9151152339
22171,185087.69207446254
22172,184583.95767933733
22173,184663.8413165314
22174,181779.68469199986
22175,181879.84919031567
22176,182177.437996657
22177,182558.36024017667
22178,185009.45427100244
22179,184665.21295876565
22180,184908.5565875405
22181,181961.16143606414
22182,182015.23723592045
22183,182837.14605952968
22184,183287.73651575187
22185,185777.35776147293
22186,185909.6457971095
22187,186342.51407405152
22188,183143.1203015822
22189,183226.13739177186
22190,183417.42207765486
22191,182503.06966615046
22192,184978.60453367425
22193,184145.8026364715
22194,184489.47399193118
22195,181248.93368662175
22196,181302.86357211415
22197,181415.13359750033
22198,181772.37902655115
22199,184456.39922597696
22200,184066.47465615065
22201,138749.00000333833
22202,69786.59258455367
22203,97866.06336514704
22204,138844.58257747744
22205,61042.59405115362
22206,88004.91381857598
22207,85456.12536295758
22208,103067.26271712958
22209,58159.23163643782
22210,117163.40253594742
22211,126996.88116301449
22212,117181.4776662594
22213,107088.4802726563
22214,106966.7067504567
22215,134965.4246115208
22216,161030.96547000855
22217,189906.51135746413
22218,227984.4913178981
22219,216340.0107106635
22220,130817.9548704005
22221,156036.99713449448
22222,128527.4159293413
22223,126554.66116474022
22224,83179.04572154241
22225,112070.8790727052
22226,122759.86932860361
22227,95152.81613624541
22228,72639.57180105936
22229,76756.62333549668
22230,40232.75289361938
22231,53475.163717887044
22232,53876.26213307682
22233,50874.25578984612
22234,51611.49107809056
22235,51783.59114761449
22236,54215.34764878851
22237,56159.007016743904
22238,68533.9158641542
22239,68920.73754275247
22240,65990.24107711863
22241,66073.8396580542
22242,66292.67748074935
22243,66654.86957801571
22244,68633.19106524762
22245,68838.27827813238
22246,69258.05315348403
22247,66125.10359851517
22248,66086.46802324172
22249,66258.56809276559
22250,66659.54950837482
22251,68603.20887633026
22252,70693.75562686789
22253,71060.0678532707
22254,70274.64103608431
22255,70358.23961701989
22256,71502.16583394932
22257,71864.3579312157
22258,73808.01729917116
22259,76226.30226620374
22260,76590.93241046357
22261,74387.22609707966
22262,75978.05496138181
22263,76151.36681498997
22264,76496.36325081991
22265,79083.86309183676
22266,78716.91190149992
22267,79305.97172029916
22268,76474.07905775406
22269,76557.38456625072
22270,76729.48463577467
22271,77310.25672882763
22272,79379.38343774293
22273,79333.20995810366
22274,80067.87263705557
22275,77162.00936170343
22276,77245.43830384262
22277,84843.18667523089
22278,89125.7597170964
22279,91712.44614424661
22280,91345.49495390977
22281,92537.04839176852
22282,107737.4626278194
22283,107821.91944830168
22284,107997.50340722538
22285,108596.94083703264
22286,110667.7694852774
22287,110301.34912478719
22288,110666.44956710578
22289,107755.9842321062
22290,110199.84657299214
22291,110533.11052442763
22292,111119.35495340209
22293,114865.38667785606
22294,114500.45339751667
22295,115139.04488541493
22296,112227.47256116752
22297,112874.46361980909
22298,114590.52792133056
22299,115176.14211155642
22300,117253.11877612602
22301,116887.54385706712
22302,117557.46023190573
22303,114672.57751842673
22304,114756.25633456404
22305,114807.502022721
22306,115393.4901412291
22307,118925.2431641903
22308,118757.77977585532
22309,119701.47083370935
22310,116786.61555226501
22311,116858.31486929802
22312,117041.42324783752
22313,117608.52832067403
22314,119491.51334863297
22315,119101.94175819797
22316,123705.01242049178
22317,137786.55772042592
22318,138900.22305196075
22319,140217.39889324014
22320,162215.84096527123
22321,164708.13975092946
22322,164153.56691160056
22323,164401.7662611708
22324,161893.29514429538
22325,162027.82509578404
22326,167322.6094432364
22327,173643.03279713285
22328,175656.3206251561
22329,187798.60794317824
22330,188207.824348773
22331,185631.02716919527
22332,185739.00880990372
22333,185992.42386673475
22334,186220.65642486943
22335,188273.0101585724
22336,187997.78984036407
22337,188533.74194727628
22338,185843.34032858332
22339,185156.4641116924
22340,185403.2083006747
22341,184760.07613427346
22342,185810.46015020742
22343,185222.1113467177
22344,185731.6554789973
22345,182936.22769522516
22346,183019.82627616072
22347,183102.71999568117
22348,183237.47762144112
22349,185410.1912062899
22350,185121.50596927345
22351,2251.6204356776075
22352,15904.15550707463
22353,58936.93584562145
22354,56593.45910553171
22355,36867.997126279675
22356,62367.832997496065
22357,0.0
22358,0.0
22359,11589.48679219921
22360,48238.32029110427
22361,51043.80758103033
22362,44067.73065002124
22363,19381.473504417718
22364,37134.763531922574
22365,9104.581561413965
22366,16798.38662086029
22367,20713.35792178665
22368,32413.738032059442
22369,33557.48375073969
22370,36854.556560369645
22371,37073.291052166285
22372,24165.271310279928
22373,24649.95462689048
22374,26086.46254809487
22375,26519.054997616204
22376,23366.90528371561
22377,23416.13841147832
22378,23372.575118267705
22379,23752.96569916004
22380,37012.8529040356
22381,46216.46562833464
22382,46628.180888226176
22383,43321.743937794614
22384,44024.61377286619
22385,44209.639414065496
22386,46659.594398865534
22387,48759.63552510041
22388,61273.408784153835
22389,61670.847307453834
22390,58435.153133186446
22391,58484.38626094916
22392,58713.946034833985
22393,59094.33661572636
22394,61229.039861237696
22395,61574.33692872425
22396,62004.72864877762
22397,58567.812034097245
22398,58493.32297377245
22399,58678.34861497175
22400,59097.528514206984
22401,61197.56964044186
22402,62808.82369017698
22403,63185.752761281525
22404,61871.972410769115
22405,61921.20553853183
22406,62507.648006635885
22407,62888.03858752826
22408,64988.07971376314
22409,66393.93626720365
22410,66732.05173875036
22411,63981.835270133786
22412,64678.75763558823
22413,64864.99506087174
22414,65296.12574228634
22415,68257.48281028768
22416,68030.74147455275
22417,68630.41813805378
22418,65435.40686389608
22419,65484.34691921988
22420,65669.37256041923
22421,66327.49468899914
22422,68553.00315619385
22423,68326.26182045892
22424,68925.1380755938
22425,65656.15618862919
22426,65705.2196775955
22427,70130.29837796057
22428,71961.45331953754
22429,74527.76458731388
22430,74301.02325157885
22431,75054.78332908894
22432,71682.27597939289
22433,71732.36734670229
22434,71905.9696688569
22435,72689.4070917101
22436,74860.52509599869
22437,74634.31459011027
22438,75010.03187713063
22439,71632.92246778707
22440,74072.97407145501
22441,74410.49494370495
22442,75243.85169413847
22443,79143.91773527004
22444,78919.19430953248
22445,79568.40264213251
22446,76126.29686194238
22447,76738.92246741107
22448,78604.2800823092
22449,79437.0065939941
22450,81668.01757524136
22451,81442.65251078426
22452,82123.18573032464
22453,78701.49405413216
22454,78750.8074170966
22455,78814.97867692892
22456,79648.07911689607
22457,83334.17095433381
22458,83687.6519320038
22459,84641.9598345596
22460,81197.53821831313
22461,81234.87208217327
22462,81430.90603238813
22463,82245.1234266837
22464,84392.54071473322
22465,84156.56934687326
22466,88099.54256799418
22467,98932.18495346035
22468,100011.48483182244
22469,101351.93274343923
22470,122894.28374946752
22471,125861.65962883196
22472,125584.90478916478
22473,125843.72098343678
22474,122644.11793416976
22475,122744.2824324855
22476,128051.99235161337
22477,134794.5961353713
22478,136961.91828007172
22479,149229.94582074197
22480,149649.77907103847
22481,146381.84995906914
22482,146455.46614660474
22483,146776.86025033722
22484,147427.27323833326
22485,149633.66128871407
22486,149484.18119315387
22487,150093.53909161757
22488,146913.79200582192
22489,146199.40965976534
22490,146459.26961756498
22491,147292.08877404642
22492,149712.6411463024
22493,149250.03256546083
22494,149770.1935424422
22495,146552.79011600744
22496,146602.02324377015
22497,146697.84253496598
22498,147254.7805905873
22499,149312.37220238487
22500,149149.4271880166
22501,31939.13082043531
22502,33874.565771617265
22503,33936.309115516815
22504,34358.284720336385
22505,31619.209595321776
22506,31616.201679455116
22507,31601.69515882417
22508,31939.13082043531
22509,33874.565771617265
22510,33936.309115516815
22511,34358.284720336385
22512,31619.209595321776
22513,31616.201679455116
22514,31601.69515882417
22515,31939.13082043531
22516,33874.565771617265
22517,33936.309115516815
22518,34358.284720336385
22519,31619.209595321776
22520,32448.556783890723
22521,32434.050263259778
22522,34379.595202759454
22523,36315.030153941436
22524,37467.520804069594
22525,37889.49640888917
22526,35296.780905868545
22527,35293.77299000189
22528,35237.284125115904
22529,35574.71978672709
22530,48677.928431086526
22531,57597.52388430929
22532,57998.62229949907
22533,55251.61955994756
22534,55902.248351389775
22535,56074.3484209137
22536,57941.91820222084
22537,59885.28076793961
22538,64951.189690468236
22539,65338.01136906648
22540,62533.76407302567
22541,62530.75615715901
22542,62723.50638923337
22543,63060.942050844555
22544,65038.96673583978
22545,65100.71007973936
22546,65520.48495509097
22547,62642.53900380138
22548,62517.29693172567
22549,62689.3970012496
22550,63065.62198120364
22551,65008.98454692241
22552,65936.41719894546
22553,66302.72942534824
22554,65671.5675090129
22555,65668.55959314624
22556,66812.48581007555
22557,67149.92147168679
22558,69093.28403740552
22559,69847.15107827664
22560,70211.78122253649
22561,68471.80348401041
22562,69441.49035514446
22563,69614.8022087526
22564,69935.04220892742
22565,72349.65800438356
22566,71630.63797388285
22567,72219.6977926821
22568,69851.53370499478
22569,69848.2327166892
22570,70020.33278621321
22571,70576.34844361099
22572,72645.17835028973
22573,72246.93603048661
22574,72981.59870943856
22575,70539.46400894424
22576,70536.28645428119
22577,78134.03482566966
22578,82391.85143188
22579,84978.24105679351
22580,84259.22102629293
22581,85329.67046806906
22582,82887.53576757488
22583,82890.34868932828
22584,83029.25382459699
22585,83603.93481874907
22586,85674.46666475714
22587,84955.97746410315
22588,85321.07790642175
22589,82874.34114628006
22590,84848.36466929768
22591,85159.91735289757
22592,85721.40534621684
22593,88757.06549887132
22594,88040.06337836817
22595,88371.5077798183
22596,85923.66403042874
22597,86484.04859226807
22598,86696.0958629808
22599,87256.95361755147
22600,89333.63347988439
22601,88615.98972066173
22602,89285.90609550034
22603,86864.7519568792
22604,86861.82427621428
22605,86913.06996437124
22606,87474.30164722414
22607,91005.7578679487
22608,90265.54034999754
22609,91209.23140785156
22610,88758.10470126502
22611,88743.1975214958
22612,88926.3059000353
22613,89468.65453721661
22614,90957.73577198434
22615,90216.09534138558
22616,93352.11881904109
22617,105265.72860662386
22618,106292.7874413566
22619,106302.23150584681
22620,120178.65580965663
22621,120964.34165368677
22622,119763.45250264012
22623,120011.65185221036
22624,117966.90931019273
22625,118014.8327648791
22626,118368.90044218962
22627,118590.22115282185
22628,120603.21217860853
22629,120003.10428710254
22630,120354.0485596732
22631,118240.97995495316
22632,118262.35509885942
22633,118515.77015569046
22634,118719.24627817002
22635,120771.30320963642
22636,120144.01405126431
22637,120663.83588464561
22638,118437.16284081037
22639,117663.68012711723
22640,117910.42431609951
22641,117242.5357140431
22642,117923.38862604534
22643,117069.6847241527
22644,117579.2288564323
22645,115247.5296475179
22646,115244.52173165124
22647,115327.41545117166
22648,115437.41664127648
22649,117609.83342388862
22650,116969.0793467084
22651,0.0
22652,0.0
22653,0.0
22654,0.0
22655,0.0
22656,0.0
22657,0.0
22658,0.0
22659,0.0
22660,0.0
22661,0.0
22662,0.0
22663,0.0
22664,0.0
22665,0.0
22666,0.0
22667,0.0
22668,0.0
22669,0.0
22670,0.0
22671,0.0
22672,0.0
22673,0.0
22674,0.0
22675,0.0
22676,0.0
22677,0.0
22678,0.0
22679,0.0
22680,0.0
22681,0.0
22682,0.0
22683,0.0
22684,0.0
22685,0.0
22686,0.0
22687,0.0
22688,0.0
22689,0.0
22690,0.0
22691,0.0
22692,0.0
22693,0.0
22694,0.0
22695,0.0
22696,0.0
22697,0.0
22698,0.0
22699,0.0
22700,0.0
22701,0.0
22702,0.0
22703,0.0
22704,0.0
22705,0.0
22706,0.0
22707,0.0
22708,0.0
22709,0.0
22710,0.0
22711,0.0
22712,0.0
22713,0.0
22714,0.0
22715,0.0
22716,0.0
22717,0.0
22718,0.0
22719,0.0
22720,0.0
22721,0.0
22722,0.0
22723,0.0
22724,0.0
22725,0.0
22726,0.0
22727,0.0
22728,0.0
22729,0.0
22730,0.0
22731,0.0
22732,0.0
22733,0.0
22734,0.0
22735,0.0
22736,0.0
22737,0.0
22738,0.0
22739,0.0
22740,0.0
22741,0.0
22742,0.0
22743,0.0
22744,0.0
22745,0.0
22746,0.0
22747,0.0
22748,0.0
22749,0.0
22750,0.0
22751,0.0
22752,0.0
22753,0.0
22754,0.0
22755,0.0
22756,0.0
22757,0.0
22758,0.0
22759,0.0
22760,0.0
22761,0.0
22762,0.0
22763,0.0
22764,0.0
22765,0.0
22766,0.0
22767,0.0
22768,0.0
22769,0.0
22770,0.0
22771,0.0
22772,0.0
22773,0.0
22774,0.0
22775,0.0
22776,0.0
22777,0.0
22778,0.0
22779,0.0
22780,0.0
22781,0.0
22782,0.0
22783,0.0
22784,0.0
22785,0.0
22786,0.0
22787,0.0
22788,0.0
22789,0.0
22790,0.0
22791,0.0
22792,0.0
22793,0.0
22794,0.0
22795,0.0
22796,0.0
22797,0.0
22798,0.0
22799,0.0
22800,0.0
22801,0.0
22802,0.0
22803,0.0
22804,0.0
22805,0.0
22806,0.0
22807,0.0
22808,0.0
22809,0.0
22810,0.0
22811,0.0
22812,0.0
22813,0.0
22814,0.0
22815,0.0
22816,0.0
22817,0.0
22818,0.0
22819,0.0
22820,0.0
22821,0.0
22822,0.0
22823,0.0
22824,0.0
22825,8.556611893128723
22826,0.0
22827,14.122261644824436
22828,1.5014846811072147
22829,11.671685768335534
22830,0.0
22831,0.0
22832,0.0
22833,0.0
22834,0.0
22835,0.0
22836,0.0
22837,0.0
22838,0.0
22839,0.21735545500930906
22840,0.0
22841,0.0
22842,0.9785928579567814
22843,11.1487939451851
22844,0.0
22845,0.0
22846,0.0
22847,0.0
22848,0.0
22849,0.0
22850,0.0
22851,0.0
22852,0.0
22853,0.0
22854,0.0
22855,3.0828307068237297
22856,0.0
22857,8.576326109372866
22858,0.0
22859,0.0
22860,0.0
22861,0.0
22862,7.215218087993704
22863,4.82793740948149
22864,6.586687118024895
22865,0.0
22866,0.0
22867,0.0
22868,0.0
22869,2.079296472331219
22870,0.0
22871,3.2710521027873924
22872,8.765725715501802
22873,0.0
22874,1.5840095566245396
22875,0.0
22876,0.0
22877,0.0
22878,11.245129373223241
22879,12.308483916115135
22880,0.0
22881,7.058818035259853
22882,0.0
22883,4.5587938422209415
22884,0.0
22885,0.14685259660003225
22886,10.211379721777556
22887,0.0
22888,5.297473122378956
22889,0.0
22890,0.0
22891,0.0
22892,0.0
22893,0.0
22894,0.0
22895,0.0
22896,0.0
22897,0.14661604665859396
22898,0.0
22899,0.8213723764478725
22900,0.0
22901,0.0
22902,0.0
22903,0.0
22904,8.717619746211815
22905,0.0
22906,0.0
22907,0.0
22908,0.0
22909,0.0
22910,0.0
22911,12.451111010342236
22912,19.86035526316608
22913,6.382095792384446
22914,3.638871852269085
22915,0.0
22916,0.0
22917,0.0
22918,18.54324302772061
22919,3.2062326929187406
22920,44.43109893654559
22921,0.0
22922,0.0
22923,0.0
22924,0.0
22925,0.0
22926,0.0
22927,0.0
22928,0.0
22929,0.0
22930,0.0
22931,0.0
22932,0.0
22933,0.0
22934,0.0
22935,0.0
22936,0.0
22937,135.53734945356106
22938,0.0
22939,0.0
22940,0.0
22941,0.0
22942,0.0
22943,0.0
22944,52.352270518995866
22945,0.0
22946,0.0
22947,0.0
22948,0.0
22949,5.181214572934866
22950,0.0
22951,47011.39498998283
22952,0.0
22953,53698.20734238269
22954,42521.28733446692
22955,16245.88313524047
22956,23753.664678622594
22957,0.0
22958,83965.35717015738
22959,32234.153044689127
22960,90761.18103136915
22961,123235.90525394196
22962,111121.8446924672
22963,35160.41834143549
22964,39354.516028713944
22965,18155.115811347958
22966,105860.46584499128
22967,120087.75608705737
22968,152751.38480777777
22969,149773.90394645516
22970,104114.47170050444
22971,105700.48328439036
22972,112906.30498909477
22973,84993.3033367824
22974,95257.7599402806
22975,95865.32843969604
22976,107144.51956610975
22977,60368.596770279575
22978,26211.879920163134
22979,29429.944413423877
22980,42535.70213424629
22981,51664.13822214987
22982,52075.853482041406
22983,48844.65250701776
22984,49634.65050586157
22985,49823.8792847823
22986,52336.57311312938
22987,54282.4847553111
22988,66722.89036841689
22989,67120.32889171691
22990,63960.6377942902
22991,64096.99908582516
22992,64332.96561791717
22993,64776.09504235658
22994,66756.66880381465
22995,67027.25278239511
22996,67457.64450244849
22997,64095.50031568677
22998,64108.13941913421
22999,64297.36819805494
23000,64779.286940837206
23001,66725.19858301878
23002,68262.87937775023
23003,68639.8084488548
23004,67625.18699987548
23005,67761.54829141044
23006,68922.60321773667
23007,69365.7326421761
23008,71311.64428435802
23009,73011.93200793203
23010,73387.17899689365
23011,70954.27805171683
23012,72597.86962661835
23013,72788.31018962328
23014,73211.45856092998
23015,75801.2106761732
23016,75499.75625153197
23017,76099.43291503299
23018,73038.34562069488
23019,73174.41383979091
23020,73363.64261871169
23021,74025.3520389377
23022,76096.73102207937
23023,75795.27659743815
23024,76540.55612109181
23025,73405.49821394673
23026,73541.6898666853
23027,81156.56694747038
23028,85520.07731650896
23029,88109.01601788551
23030,87807.56159324427
23031,89009.73187580479
23032,103980.95148006275
23033,104118.1710111444
23034,104295.97647102045
23035,104976.35122800076
23036,107050.17557273444
23037,106749.25197793984
23038,107124.96926496021
23039,103985.30929816769
23040,106512.48906560788
23041,106857.79570956585
23042,107524.97746571335
23043,111271.00919016733
23044,110971.57267552355
23045,111620.78100812358
23046,108482.26632630957
23047,109182.02009555051
23048,111051.58084817012
23049,111718.13236556902
23050,113795.10903013863
23051,113495.03087677534
23052,114175.56409631572
23053,111063.73902527012
23054,111200.1805520068
23055,111268.55494956057
23056,111935.4803952417
23057,115467.2334182029
23058,115365.26679556354
23059,116319.57469811934
23060,113177.7770591084
23061,113302.23908674078
23062,113502.47617467708
23063,114150.51857468663
23064,116033.50360264558
23065,115709.42877790619
23066,120323.11628490177
23067,134177.7192272692
23068,135344.14726940345
23069,136688.79831874173
23070,158875.96284882465
23071,161494.9037733259
23072,161005.82769969263
23073,161264.64389396462
23074,158529.23041952256
23075,158716.5230816106
23076,164028.43613845977
23077,170429.79681952923
23078,172443.08464755255
23079,184650.86873127034
23080,185070.70198156685
23081,182266.96244442245
23082,182427.70679573028
23083,182753.3040371842
23084,183062.47392249195
23085,185114.82765619495
23086,184905.10410368224
23087,185514.46200214594
23088,182798.49429017009
23089,182164.3807838785
23090,182428.25368225764
23091,182924.9186083885
23092,184880.3667958715
23093,184357.5147580774
23094,184877.67573505876
23095,182056.6818580037
23096,182193.04314953863
23097,182293.0655784559
23098,182508.76053138892
23099,184480.09785195396
23100,184256.90938063315
23101,0.0
23102,0.0
23103,0.0
23104,0.0
23105,0.0
23106,0.0
23107,0.0
23108,0.0
23109,0.0
23110,0.0
23111,0.0
23112,0.0
23113,0.0
23114,0.0
23115,0.0
23116,0.0
23117,0.0
23118,0.0
23119,0.0
23120,0.0
23121,0.0
23122,0.0
23123,0.0
23124,0.0
23125,0.0
23126,0.0
23127,0.0
23128,0.0
23129,0.0
23130,0.0
23131,0.0
23132,0.0
23133,0.0
23134,0.0
23135,0.0
23136,0.0
23137,0.0
23138,0.0
23139,0.0
23140,0.0
23141,0.0
23142,0.0
23143,0.0
23144,0.0
23145,0.0
23146,0.0
23147,0.0
23148,0.0
23149,0.0
23150,0.0
23151,0.0
23152,0.0
23153,0.0
23154,0.0
23155,0.0
23156,0.0
23157,0.0
23158,0.0
23159,0.0
23160,0.0
23161,0.0
23162,0.0
23163,0.0
23164,0.0
23165,0.0
23166,0.0
23167,0.0
23168,0.0
23169,0.0
23170,0.0
23171,0.0
23172,0.0
23173,0.0
23174,0.0
23175,0.0
23176,0.0
23177,0.0
23178,0.0
23179,0.0
23180,0.0
23181,0.0
23182,0.0
23183,0.0
23184,0.0
23185,0.0
23186,0.0
23187,0.0
23188,0.0
23189,0.0
23190,0.0
23191,0.0
23192,0.0
23193,0.0
23194,0.0
23195,0.0
23196,0.0
23197,0.0
23198,0.0
23199,0.0
23200,0.0
23201,0.0
23202,0.0
23203,0.0
23204,0.0
23205,0.0
23206,0.0
23207,0.0
23208,0.0
23209,0.0
23210,0.0
23211,0.0
23212,0.0
23213,0.0
23214,0.0
23215,0.0
23216,0.0
23217,0.0
23218,0.0
23219,0.0
23220,0.0
23221,0.0
23222,0.0
23223,0.0
23224,0.0
23225,0.0
23226,0.0
23227,0.0
23228,0.0
23229,0.0
23230,0.0
23231,0.0
23232,0.0
23233,0.0
23234,0.0
23235,0.0
23236,0.0
23237,0.0
23238,0.0
23239,0.0
23240,0.0
23241,0.0
23242,0.0
23243,0.0
23244,0.0
23245,0.0
23246,0.0
23247,0.0
23248,0.0
23249,0.0
23250,0.0
23251,0.0
23252,0.0
23253,0.0
23254,0.0
23255,0.0
23256,0.0
23257,0.0
23258,0.0
23259,0.0
23260,0.0
23261,0.0
23262,0.0
23263,0.0
23264,0.0
23265,0.0
23266,0.0
23267,0.0
23268,0.0
23269,0.0
23270,0.0
23271,0.0
23272,0.0
23273,0.0
23274,0.0
23275,0.0
23276,0.0
23277,0.0
23278,0.0
23279,0.0
23280,0.0
23281,0.0
23282,0.0
23283,0.0
23284,0.0
23285,0.0
23286,0.0
23287,0.0
23288,0.0
23289,0.0
23290,0.0
23291,0.0
23292,0.0
23293,0.0
23294,0.0
23295,0.0
23296,0.0
23297,0.0
23298,0.0
23299,0.0
23300,0.0
23301,0.0
23302,0.0
23303,0.0
23304,0.0
23305,0.0
23306,0.0
23307,0.0
23308,0.0
23309,0.0
23310,0.0
23311,0.0
23312,0.0
23313,0.0
23314,0.0
23315,0.0
23316,0.0
23317,0.0
23318,0.0
23319,0.0
23320,0.0
23321,0.0
23322,0.0
23323,0.0
23324,0.0
23325,0.0
23326,0.0
23327,0.0
23328,0.0
23329,0.0
23330,0.0
23331,0.0
23332,0.0
23333,0.0
23334,0.0
23335,0.0
23336,0.0
23337,0.0
23338,0.0
23339,0.0
23340,0.0
23341,0.0
23342,0.0
23343,0.0
23344,0.0
23345,0.0
23346,0.0
23347,0.0
23348,0.0
23349,0.0
23350,0.0
23351,0.0
23352,0.0
23353,0.0
23354,0.0
23355,0.0
23356,0.0
23357,0.0
23358,0.0
23359,0.0
23360,0.0
23361,0.0
23362,0.0
23363,0.0
23364,0.0
23365,0.0
23366,0.0
23367,0.0
23368,0.0
23369,0.0
23370,0.0
23371,0.0
23372,0.0
23373,0.0
23374,0.0
23375,0.0
23376,0.0
23377,0.0
23378,0.0
23379,0.0
23380,0.0
23381,0.0
23382,0.0
23383,0.0
23384,0.0
23385,0.0
23386,0.0
23387,0.0
23388,0.0
23389,0.0
23390,0.0
23391,0.0
23392,0.0
23393,0.0
23394,0.0
23395,0.0
23396,0.0
23397,0.0
23398,0.0
23399,0.0
23400,0.0
23401,0.0
23402,0.0
23403,0.0
23404,0.0
23405,0.0
23406,0.0
23407,0.0
23408,0.0
23409,0.0
23410,0.0
23411,0.0
23412,0.0
23413,0.0
23414,0.0
23415,0.0
23416,0.0
23417,0.0
23418,0.0
23419,0.0
23420,0.0
23421,0.0
23422,0.0
23423,0.0
23424,0.0
23425,0.0
23426,0.0
23427,0.0
23428,0.0
23429,0.0
23430,0.0
23431,0.0
23432,0.0
23433,0.0
23434,0.0
23435,0.0
23436,0.0
23437,0.0
23438,0.0
23439,0.0
23440,0.0
23441,0.0
23442,0.0
23443,0.0
23444,0.0
23445,0.0
23446,0.0
23447,0.0
23448,0.0
23449,0.0
23450,0.0
23451,0.0
23452,0.0
23453,0.0
23454,0.0
23455,0.0
23456,0.0
23457,0.0
23458,0.0
23459,0.0
23460,0.0
23461,0.0
23462,0.0
23463,0.0
23464,0.0
23465,0.0
23466,0.0
23467,0.0
23468,0.0
23469,0.0
23470,0.0
23471,0.0
23472,0.0
23473,0.0
23474,0.0
23475,0.0
23476,0.0
23477,0.0
23478,0.0
23479,0.0
23480,0.0
23481,0.0
23482,0.0
23483,0.0
23484,0.0
23485,0.0
23486,0.0
23487,0.0
23488,0.0
23489,0.0
23490,0.0
23491,0.0
23492,0.0
23493,0.0
23494,0.0
23495,0.0
23496,0.0
23497,0.0
23498,0.0
23499,0.0
23500,0.0
23501,0.0
23502,0.0
23503,0.0
23504,0.0
23505,0.0
23506,0.0
23507,0.0
23508,0.0
23509,0.0
23510,0.0
23511,0.0
23512,0.0
23513,0.0
23514,0.0
23515,0.0
23516,0.0
23517,0.0
23518,0.0
23519,0.0
23520,0.0
23521,0.0
23522,0.0
23523,0.0
23524,0.0
23525,0.0
23526,0.0
23527,0.0
23528,0.0
23529,0.0
23530,0.0
23531,0.0
23532,0.0
23533,0.0
23534,0.0
23535,0.0
23536,0.0
23537,0.0
23538,0.0
23539,0.0
23540,0.0
23541,0.0
23542,0.0
23543,0.0
23544,0.0
23545,0.0
23546,0.0
23547,0.0
23548,0.0
23549,0.0
23550,0.0
23551,0.0
23552,0.0
23553,0.0
23554,0.0
23555,0.0
23556,0.0
23557,0.0
23558,0.0
23559,0.0
23560,0.0
23561,0.0
23562,0.0
23563,0.0
23564,0.0
23565,0.0
23566,0.0
23567,0.0
23568,0.0
23569,0.0
23570,0.0
23571,0.0
23572,0.0
23573,0.0
23574,0.0
23575,0.0
23576,0.0
23577,0.0
23578,0.0
23579,0.0
23580,0.0
23581,0.0
23582,0.0
23583,0.0
23584,0.0
23585,0.0
23586,0.0
23587,0.0
23588,0.0
23589,0.0
23590,0.0
23591,0.0
23592,0.0
23593,0.0
23594,0.0
23595,0.0
23596,0.0
23597,0.0
23598,0.0
23599,0.0
23600,0.0
23601,0.0
23602,0.0
23603,0.0
23604,0.0
23605,0.0
23606,0.0
23607,0.0
23608,0.0
23609,0.0
23610,0.0
23611,0.0
23612,0.0
23613,0.0
23614,0.0
23615,0.0
23616,0.0
23617,0.0
23618,0.0
23619,0.0
23620,0.0
23621,0.0
23622,0.0
23623,0.0
23624,0.0
23625,0.0
23626,0.0
23627,0.0
23628,0.0
23629,0.0
23630,0.0
23631,0.0
23632,0.0
23633,0.0
23634,0.0
23635,0.0
23636,0.0
23637,0.0
23638,0.0
23639,0.0
23640,0.0
23641,0.0
23642,0.0
23643,0.0
23644,0.0
23645,0.0
23646,0.0
23647,0.0
23648,0.0
23649,0.0
23650,0.0
23651,0.0
23652,0.0
23653,0.0
23654,0.0
23655,0.0
23656,0.0
23657,0.0
23658,0.0
23659,0.0
23660,0.0
23661,0.0
23662,0.0
23663,0.0
23664,0.0
23665,0.0
23666,0.0
23667,0.0
23668,0.0
23669,0.0
23670,0.0
23671,0.0
23672,0.0
23673,0.0
23674,0.0
23675,0.0
23676,0.0
23677,0.0
23678,0.0
23679,0.0
23680,0.0
23681,0.0
23682,0.0
23683,0.0
23684,0.0
23685,0.0
23686,0.0
23687,0.0
23688,0.0
23689,0.0
23690,0.0
23691,0.0
23692,0.0
23693,0.0
23694,0.0
23695,0.0
23696,0.0
23697,0.0
23698,334.44833007080695
23699,438.456828714946
23700,483.33342595496447
23701,0.0
23702,0.0
23703,0.0
23704,0.0
23705,0.0
23706,0.0
23707,0.0
23708,0.0
23709,0.0
23710,0.0
23711,0.0
23712,0.0
23713,0.0
23714,0.0
23715,0.0
23716,0.0
23717,0.0
23718,0.0
23719,0.0
23720,0.0
23721,0.0
23722,0.0
23723,0.0
23724,0.0
23725,0.0
23726,0.0
23727,0.0
23728,0.0
23729,0.0
23730,0.0
23731,0.0
23732,0.0
23733,0.0
23734,0.0
23735,0.0
23736,0.0
23737,0.0
23738,0.0
23739,0.0
23740,0.0
23741,0.0
23742,0.0
23743,0.0
23744,0.0
23745,0.0
23746,0.0
23747,0.0
23748,0.0
23749,0.0
23750,0.0
23751,0.0
23752,0.0
23753,0.0
23754,0.0
23755,0.0
23756,0.0
23757,0.0
23758,0.0
23759,0.0
23760,0.0
23761,0.0
23762,0.0
23763,0.0
23764,0.0
23765,0.0
23766,0.0
23767,0.0
23768,0.0
23769,0.0
23770,0.0
23771,0.0
23772,0.0
23773,0.0
23774,0.0
23775,0.0
23776,0.0
23777,0.0
23778,0.0
23779,0.0
23780,0.0
23781,0.0
23782,0.0
23783,0.0
23784,0.0
23785,0.0
23786,0.0
23787,0.0
23788,0.0
23789,0.0
23790,0.0
23791,0.0
23792,0.0
23793,0.0
23794,0.0
23795,0.0
23796,0.0
23797,0.0
23798,0.0
23799,0.0
23800,0.0
23801,0.0
23802,0.0
23803,0.0
23804,0.0
23805,0.0
23806,0.0
23807,0.0
23808,0.0
23809,0.0
23810,0.0
23811,0.0
23812,0.0
23813,0.0
23814,0.0
23815,0.0
23816,0.0
23817,0.0
23818,0.0
23819,0.0
23820,0.0
23821,0.0
23822,0.0
23823,0.0
23824,0.0
23825,0.0
23826,0.0
23827,0.0
23828,0.0
23829,0.0
23830,0.0
23831,0.0
23832,0.0
23833,0.0
23834,0.0
23835,0.0
23836,0.0
23837,0.0
23838,0.0
23839,0.0
23840,0.0
23841,0.0
23842,0.0
23843,0.0
23844,0.0
23845,0.0
23846,0.0
23847,0.0
23848,0.0
23849,0.0
23850,0.0
23851,69102.3323590789
23852,69100.37308267815
23853,68883.31352681451
23854,68915.72679416838
23855,68824.12993064146
23856,68824.12993064146
23857,69085.09708216906
23858,69102.3323590789
23859,69100.37308267815
23860,68883.31352681451
23861,68915.72679416838
23862,68824.12993064146
23863,68824.12993064146
23864,69085.09708216906
23865,69102.3323590789
23866,69100.37308267815
23867,68883.31352681451
23868,68915.72679416838
23869,68824.12993064146
23870,68824.12993064146
23871,69085.09708216906
23872,69102.3323590789
23873,69100.37308267815
23874,68883.31352681451
23875,68915.72679416838
23876,68824.12993064146
23877,68824.12993064146
23878,69101.23955832011
23879,69118.47483522995
23880,69069.01230302796
23881,70453.78410421274
23882,70486.19737156661
23883,70583.55449326514
23884,70583.55449326514
23885,70844.52164479274
23886,70876.50390896904
23887,70874.54463256829
23888,75054.35454091257
23889,75086.76780826644
23890,76508.02626939138
23891,76508.02626939138
23892,77389.05902496558
23893,77406.29430187542
23894,77405.82838294745
23895,76999.81484185834
23896,77054.40971371758
23897,76979.15417980352
23898,77233.92253698589
23899,77667.5023441261
23900,77684.73762103594
23901,77682.77834463518
23902,77318.03220530518
23903,77350.44547265905
23904,77282.73192268069
23905,77282.73192268069
23906,77716.3117298209
23907,77733.54700673073
23908,77832.04815954495
23909,79668.98372185722
23910,79784.22747521673
23911,79620.33315009775
23912,79620.33315009775
23913,80119.64936527399
23914,81236.14075779091
23915,81229.20664913053
23916,81130.23036898393
23917,84256.28452335662
23918,99858.2688246997
23919,102706.55580718507
23920,103372.3024445061
23921,103900.73980378515
23922,103897.54134717965
23923,103488.19987249214
23924,103517.07850169853
23925,103406.39479097747
23926,103370.80546978269
23927,103596.0412613608
23928,103611.75052465376
23929,103608.55206804824
23930,103199.21059336077
23931,103279.26436362477
23932,116906.66534206578
23933,116926.1297469078
23934,117510.44716804204
23935,117524.15820314093
23936,117520.95974653543
23937,117111.61827184792
23938,117140.49690105431
23939,118739.6961838081
23940,126233.83889567788
23941,126813.86922080301
23942,126896.05410626717
23943,126935.80225642912
23944,143881.36428551184
23945,148782.58143642277
23946,155722.34111811986
23947,164294.31621887322
23948,164845.78260827973
23949,164859.49364337852
23950,164856.29518677294
23951,164446.95371208544
23952,165151.87839349353
23953,168351.50282758806
23954,173975.15353309407
23955,174549.35560732716
23956,174481.67793037882
23957,174499.97375112207
23958,175457.31615921893
23959,175901.48129234798
23960,176671.81886871016
23961,177040.39835228768
23962,177730.4943015301
23963,177608.17378077534
23964,177604.82820554406
23965,176970.2879119801
23966,178063.24388776254
23967,179769.41525233033
23968,180677.2567952671
23969,181159.65218376298
23970,188514.7768981802
23971,188408.5177456461
23972,187564.95212752713
23973,187377.3054185237
23974,188917.1006316396
23975,188917.1006316396
23976,191104.40472367743
23977,191665.17488336086
23978,193432.48941468218
23979,192606.2001681824
23980,192535.43123502927
23981,193240.94312285495
23982,193592.13247843328
23983,194793.3884906743
23984,195538.52920629727
23985,195836.75271669676
23986,199162.099014916
23987,199650.4581144648
23988,200140.1481770329
23989,200265.3421538015
23990,200747.73754229737
23991,200691.62022988586
23992,200688.27465465452
23993,199809.62859737832
23994,199827.38942979864
23995,200334.94624783355
23996,200257.21157575015
23997,200739.00650815837
23998,200613.86145192082
23999,200601.8149801543
24000,199718.19761931684
24001,33123.61476087311
24002,65203.58570896492
24003,72355.01766450248
24004,66972.84887857657
24005,51725.281554409805
24006,52151.56344542935
24007,0.0
24008,10419.077488667554
24009,0.0
24010,41125.630551104354
24011,51707.26925257922
24012,54248.76892061451
24013,71323.46239556673
24014,74953.10983715017
24015,71802.70869170323
24016,68132.60750085748
24017,70170.30121982755
24018,70202.71448718142
24019,70111.4853652646
24020,70111.4853652646
24021,70372.4525167922
24022,70389.32005209193
24023,70387.3607756912
24024,70170.30121982755
24025,70202.71448718142
24026,70111.4853652646
24027,70111.4853652646
24028,70388.59499294325
24029,70405.46252824299
24030,70355.999996041
24031,71740.77179722581
24032,71773.18506457968
24033,71870.90992788831
24034,71870.90992788831
24035,72131.8770794159
24036,72163.49160198211
24037,72161.53232558136
24038,76341.34223392566
24039,76373.75550127953
24040,77795.3817040145
24041,77795.3817040145
24042,78547.32918678333
24043,78564.19672208307
24044,78563.73080315511
24045,78157.717262066
24046,78212.31213392524
24047,78137.42434162127
24048,78242.6445870378
24049,78676.224394178
24050,78693.09192947774
24051,78691.13265307699
24052,78326.38651374698
24053,78358.79978110085
24054,78291.45397273259
24055,78291.45397273259
24056,78725.0337798728
24057,78741.90131517254
24058,78840.40246798673
24059,80677.33803029903
24060,80792.58178365856
24061,80629.05520014965
24062,80629.05520014965
24063,81128.37141532592
24064,82244.49506623275
24065,82237.56095757236
24066,82138.58467742574
24067,85264.63883179848
24068,100866.99087475166
24069,103715.27785723703
24070,104381.02449455806
24071,104909.09411222699
24072,104905.89565562148
24073,104496.55418093398
24074,104525.43281014037
24075,104415.1168410294
24076,104379.52751983462
24077,104604.76331141274
24078,104620.1048330956
24079,104616.90637649008
24080,104207.5649018026
24081,104287.61867206663
24082,117915.38739211774
24083,117934.85179695976
24084,118374.17572697144
24085,118387.51902046024
24086,118384.32056385474
24087,117974.97908916723
24088,118003.85771837362
24089,119603.42474273748
24090,126457.91350392878
24091,127037.94382905393
24092,127119.76097290798
24093,127159.50912306995
24094,144105.07115215267
24095,149006.28830306354
24096,151412.59390350382
24097,154844.19944184567
24098,155395.66583125223
24099,155409.00912474087
24100,155405.8106681353
24101,154996.4691934478
24102,155112.01469306496
24103,155809.8153249909
24104,159425.42981517097
24105,159999.63188940406
24106,159931.58647084556
24107,159949.88229158882
24108,160907.22469968567
24109,161351.38983281472
24110,162122.09515078695
24111,162490.67463436446
24112,163180.77058360688
24113,163058.08232124202
24114,163054.7367460107
24115,162420.19645244672
24116,163513.15242822922
24117,165219.69153440717
24118,166127.53307734395
24119,166609.92846583982
24120,173964.68543864688
24121,173858.42628611272
24122,173014.86066799387
24123,172827.21395899038
24124,174367.37691371643
24125,174367.37691371643
24126,176423.16194491036
24127,176988.32037444523
24128,177760.65606216525
24129,176934.36681566542
24130,176863.59788251235
24131,177569.47751194812
24132,177920.66686752645
24133,179121.92287976746
24134,179866.69585378034
24135,180164.91936417983
24136,183490.26566239918
24137,183978.62476194787
24138,184468.68256612614
24139,184468.68256612614
24140,184951.07795462201
24141,184894.59290060034
24142,184891.24732536907
24143,184012.6012680928
24144,184030.3621005132
24145,184493.8803074835
24146,184416.14563540008
24147,184897.9405678083
24148,184772.4277699606
24149,184760.3812981941
24150,183876.76393735662
24151,0.0
24152,0.0
24153,0.0
24154,0.0
24155,0.0
24156,0.0
24157,0.0
24158,0.0
24159,0.0
24160,0.0
24161,0.0
24162,0.0
24163,0.0
24164,0.0
24165,0.0
24166,0.0
24167,0.0
24168,7747.101229093046
24169,8864.866223904584
24170,1649.158224245551
24171,9953.032022639403
24172,10533.702259734293
24173,10910.74324115504
24174,11848.676302025995
24175,12238.549258711104
24176,20040.09353203758
24177,19771.431930655333
24178,0.0
24179,0.0
24180,0.0
24181,813.7109280884703
24182,846.124195442342
24183,839.7535227394923
24184,839.7535227394923
24185,815.7886375463378
24186,848.3884875732994
24187,846.4292111725007
24188,1218.5788017548773
24189,1250.9920691087489
24190,2568.5227358322377
24191,2568.5227358322377
24192,2851.850964055809
24193,2869.7038268162987
24194,2869.2379078882864
24195,2851.2666120707277
24196,2902.901099072333
24197,2899.05696253282
24198,3004.277207949355
24199,2977.7857865928654
24200,2995.638649353356
24201,2993.6793729525557
24202,3016.975478894081
24203,3049.3887462479524
24204,3053.0865936441483
24205,3053.0865936441483
24206,3026.5951722876594
24207,3044.448035048149
24208,3142.949187862292
24209,3451.1133928086533
24210,3566.3571461681427
24211,3473.8742184237435
24212,3473.8742184237435
24213,3513.1192051032685
24214,4630.228183470835
24215,4623.294074810392
24216,4912.360039935339
24217,7869.173047032178
24218,10635.421787178902
24219,13483.708769664281
24220,13689.384178488628
24221,14218.439123618287
24222,14221.121241527328
24223,14199.822012111372
24224,14230.765397425223
24225,14192.156421855436
24226,14156.567100660663
24227,13921.73166374204
24228,13938.058512885638
24229,13934.196718503363
24230,13912.897489087407
24231,13992.95125935142
24232,14080.275790231139
24233,14099.740195073146
24234,14078.992896588137
24235,14093.321517537664
24236,14089.459723155389
24237,14068.160493739433
24238,14097.039122945827
24239,15768.313140850874
24240,21479.617846279147
24241,21287.198312820583
24242,21268.790273791685
24243,21213.21216419966
24244,23176.41021049934
24245,24802.993443572912
24246,26150.214291807166
24247,26147.283056005184
24248,26209.21844230061
24249,26223.547063250156
24250,26228.070650321697
24251,26206.771420905756
24252,26240.50680138609
24253,26798.46123410154
24254,30061.86058351032
24255,30175.991429246867
24256,30108.931338149287
24257,30134.949202569613
24258,31250.921189518314
24259,31695.086322647363
24260,32529.113252706647
24261,32897.6927362842
24262,33127.71745703012
24263,33006.01452212611
24264,33010.3909905719
24265,32763.892942279537
24266,33856.84891806197
24267,35625.11347462123
24268,36532.95501755796
24269,36555.279177557306
24270,42920.84411043832
24271,42809.30099382693
24272,42339.79030523447
24273,42141.527740419806
24274,43745.012307232835
24275,43745.012307232835
24276,45292.1961625324
24277,45523.97123589116
24278,46304.02896728823
24279,45829.72141653729
24280,45723.68559343393
24281,46251.29297512682
24282,46602.48233070516
24283,47343.667114449614
24284,48089.42541592333
24285,47936.43657392788
24286,47583.22655352606
24287,47409.07723056446
24288,47962.45664682968
24289,47962.45664682968
24290,47984.78080682902
24291,47727.85506626314
24292,47732.23153470891
24293,47241.62772270425
24294,47259.388555124584
24295,47781.76275106028
24296,47704.02807897688
24297,47725.75178288859
24298,47601.22431250181
24299,47596.89988441236
24300,47101.32476884651
24301,2294.2190267209494
24302,0.0
24303,0.0
24304,0.0
24305,0.0
24306,0.0
24307,0.0
24308,0.0
24309,0.0
24310,0.0
24311,1451.4640255489376
24312,0.0
24313,0.0
24314,0.0
24315,0.0
24316,1955.247851536944
24317,1720.9487524322471
24318,7010.645487418454
24319,7477.237201851082
24320,0.0
24321,8492.975157843104
24322,0.0
24323,4120.4793215772515
24324,4739.029541505293
24325,4684.569576189263
24326,5229.350658754913
24327,0.0
24328,3542.069812911165
24329,0.0
24330,0.0
24331,511.9158837778271
24332,544.3291511316987
24333,483.389552953768
24334,483.389552953768
24335,499.35590070029406
24336,522.1159099833063
24337,529.5993757329074
24338,859.6754331074179
24339,892.0887004612896
24340,1288.3935796237968
24341,1288.3935796237968
24342,1531.2121837960092
24343,1552.0905969760076
24344,1561.0674201983952
24345,1545.2655243463264
24346,1596.900011347933
24347,1538.6497477548173
24348,1568.4817338533605
24349,1581.7587470150745
24350,1602.637160195073
24351,1610.1206259446733
24352,1635.5861318516888
24353,1667.9993992055606
24354,1618.2091473922499
24355,1618.2091473922499
24356,1631.4861605539638
24357,1652.3645737339623
24358,1712.1574391358386
24359,1964.362436648937
24360,2068.641222885087
24361,1921.7521680870784
24362,1921.7521680870784
24363,2000.7655892848063
24364,3120.9001180718706
24365,3120.080817963431
24366,3414.6441166522536
24367,5949.561790988058
24368,7803.706171226989
24369,10286.394678582003
24370,10518.673780934676
24371,10977.934641546866
24372,10990.059501606303
24373,10974.25760575423
24374,11003.136234960624
24375,10906.793198738844
24376,10871.203877544067
24377,10729.12936549889
24378,10748.481765061997
24379,10754.062712830118
24380,10738.260816978045
24381,10818.314587242054
24382,10847.905057469776
24383,10892.444963914519
24384,10939.069824089365
24385,10956.423995458403
24386,10962.004943226524
24387,10946.20304737445
24388,10975.081676580845
24389,12588.621633833898
24390,18007.929044178243
24391,17776.563001459534
24392,17751.56950392763
24393,17705.434136486005
24394,19674.12951634955
24395,21249.510877012264
24396,22663.53767217396
24397,22660.606436371963
24398,22655.83515477197
24399,22673.189326141033
24400,22687.155655362974
24401,22671.353759510912
24402,22794.393967015578
24403,22748.919914615173
24404,23246.629156611525
24405,23257.66699734394
24406,23275.02116871298
24407,23288.96614885693
24408,23300.744476318487
24409,23329.623105524883
24410,23602.3556153693
24411,23602.3556153693
24412,23613.24633747598
24413,23630.600508845015
24414,23644.41971944123
24415,23642.253327152936
24416,23793.85289023234
24417,24982.492406649122
24418,24973.83679084794
24419,24984.72751295462
24420,26644.692574282224
24421,26606.197017783965
24422,26403.267386599295
24423,26432.87184394734
24424,27568.76336119631
24425,27568.76336119631
24426,29130.10881474747
24427,29501.347439803223
24428,30300.529651710935
24429,30250.45011064407
24430,30478.570489553564
24431,30444.883451031637
24432,30796.07280660997
24433,31525.82415246176
24434,31991.538475155492
24435,32112.538601093274
24436,32183.55659037553
24437,32010.24923839459
24438,32002.334234445036
24439,32645.20204421543
24440,33084.03535574457
24441,32966.166721451664
24442,32977.364330979544
24443,32910.988528658956
24444,32917.13428087947
24445,32871.05389470597
24446,32857.94847906841
24447,32859.19897772071
24448,32872.36844551128
24449,32877.486759572304
24450,32806.139653690465
24451,0.0
24452,0.0
24453,0.0
24454,0.0
24455,0.0
24456,0.0
24457,0.0
24458,0.0
24459,0.0
24460,0.0
24461,0.0
24462,0.0
24463,0.0
24464,0.0
24465,0.0
24466,0.0
24467,0.0
24468,0.0
24469,0.0
24470,0.0
24471,0.0
24472,0.0
24473,0.0
24474,0.0
24475,0.0
24476,0.0
24477,0.0
24478,0.0
24479,0.0
24480,0.0
24481,0.0
24482,0.0
24483,0.0
24484,0.0
24485,0.0
24486,0.0
24487,0.0
24488,0.0
24489,0.0
24490,0.0
24491,0.0
24492,0.0
24493,0.0
24494,0.0
24495,0.0
24496,0.0
24497,0.0
24498,0.0
24499,0.0
24500,0.0
24501,0.0
24502,0.0
24503,0.0
24504,0.0
24505,0.0
24506,0.0
24507,0.0
24508,0.0
24509,0.0
24510,0.0
24511,0.0
24512,0.0
24513,0.0
24514,0.0
24515,0.0
24516,0.0
24517,0.0
24518,0.0
24519,0.0
24520,0.0
24521,0.0
24522,0.0
24523,0.0
24524,0.0
24525,0.0
24526,0.0
24527,0.0
24528,0.0
24529,0.0
24530,0.0
24531,0.0
24532,0.0
24533,0.0
24534,0.0
24535,0.0
24536,0.0
24537,0.0
24538,0.0
24539,0.0
24540,0.0
24541,0.0
24542,0.0
24543,0.0
24544,0.0
24545,0.0
24546,0.0
24547,0.0
24548,0.0
24549,0.0
24550,0.0
24551,0.0
24552,0.0
24553,0.0
24554,0.0
24555,0.0
24556,0.0
24557,0.0
24558,0.0
24559,0.0
24560,0.0
24561,0.0
24562,0.0
24563,0.0
24564,0.0
24565,0.0
24566,0.0
24567,0.0
24568,0.0
24569,0.0
24570,0.0
24571,0.0
24572,0.0
24573,0.0
24574,0.0
24575,0.0
24576,0.0
24577,0.0
24578,0.0
24579,0.0
24580,0.0
24581,0.0
24582,0.0
24583,0.0
24584,0.0
24585,0.0
24586,0.0
24587,0.0
24588,0.0
24589,0.0
24590,0.0
24591,0.0
24592,0.0
24593,0.0
24594,0.0
24595,0.0
24596,0.0
24597,0.0
24598,0.0
24599,0.0
24600,0.0
24601,0.0
24602,0.0
24603,0.0
24604,0.0
24605,0.0
24606,0.0
24607,0.0
24608,0.0
24609,0.0
24610,0.0
24611,0.0
24612,0.0
24613,0.0
24614,0.0
24615,0.0
24616,0.0
24617,0.0
24618,0.0
24619,0.0
24620,0.0
24621,0.0
24622,0.0
24623,0.0
24624,0.0
24625,0.0
24626,0.0
24627,0.0
24628,0.0
24629,0.0
24630,0.0
24631,0.0
24632,0.0
24633,0.0
24634,0.0
24635,0.0
24636,0.0
24637,0.0
24638,0.0
24639,0.0
24640,0.0
24641,0.0
24642,0.0
24643,0.0
24644,0.0
24645,0.0
24646,0.0
24647,0.0
24648,0.0
24649,0.0
24650,0.0
24651,0.0
24652,0.0
24653,0.0
24654,0.0
24655,0.0
24656,0.0
24657,0.0
24658,0.0
24659,0.0
24660,0.0
24661,0.0
24662,0.0
24663,0.0
24664,0.0
24665,0.0
24666,0.0
24667,0.0
24668,0.0
24669,0.0
24670,0.0
24671,0.0
24672,0.0
24673,0.0
24674,0.0
24675,0.0
24676,0.0
24677,0.0
24678,0.0
24679,0.0
24680,0.0
24681,0.0
24682,0.0
24683,0.0
24684,0.0
24685,0.0
24686,0.0
24687,0.0
24688,0.0
24689,0.0
24690,0.0
24691,0.0
24692,0.0
24693,0.0
24694,0.0
24695,0.0
24696,0.0
24697,0.0
24698,0.0
24699,0.0
24700,0.0
24701,0.0
24702,0.0
24703,0.0
24704,0.0
24705,0.0
24706,0.0
24707,0.0
24708,0.0
24709,0.0
24710,0.0
24711,0.0
24712,0.0
24713,0.0
24714,0.0
24715,0.0
24716,0.0
24717,0.0
24718,0.0
24719,0.0
24720,0.0
24721,0.0
24722,0.0
24723,0.0
24724,0.0
24725,0.0
24726,0.0
24727,0.0
24728,0.0
24729,0.0
24730,0.0
24731,0.0
24732,0.0
24733,0.0
24734,0.0
24735,0.0
24736,0.0
24737,0.0
24738,0.0
24739,0.0
24740,0.0
24741,0.0
24742,0.0
24743,0.0
24744,0.0
24745,0.0
24746,0.0
24747,0.0
24748,0.0
24749,0.0
24750,0.0
24751,0.0
24752,0.0
24753,0.0
24754,0.0
24755,0.0
24756,0.0
24757,0.0
24758,0.0
24759,0.0
24760,0.0
24761,0.0
24762,0.0
24763,0.0
24764,0.0
24765,0.0
24766,0.0
24767,0.0
24768,0.0
24769,0.0
24770,0.0
24771,0.0
24772,0.0
24773,0.0
24774,0.0
24775,0.0
24776,0.0
24777,0.0
24778,0.0
24779,0.0
24780,0.0
24781,0.0
24782,0.0
24783,0.0
24784,0.0
24785,0.0
24786,0.0
24787,0.0
24788,0.0
24789,0.0
24790,0.0
24791,0.0
24792,0.0
24793,0.0
24794,0.0
24795,0.0
24796,0.0
24797,0.0
24798,0.0
24799,0.0
24800,0.0
24801,0.0
24802,0.0
24803,0.0
24804,0.0
24805,0.0
24806,0.0
24807,0.0
24808,0.0
24809,0.0
24810,0.0
24811,0.0
24812,0.0
24813,0.0
24814,0.0
24815,0.0
24816,0.0
24817,0.0
24818,0.0
24819,0.0
24820,0.0
24821,0.0
24822,0.0
24823,0.0
24824,0.0
24825,0.0
24826,0.0
24827,0.0
24828,0.0
24829,0.0
24830,0.0
24831,0.0
24832,0.0
24833,0.0
24834,0.0
24835,0.0
24836,0.0
24837,0.0
24838,0.0
24839,0.0
24840,0.0
24841,0.0
24842,0.0
24843,0.0
24844,0.0
24845,0.0
24846,0.0
24847,0.0
24848,0.0
24849,0.0
24850,0.0
24851,0.0
24852,0.0
24853,0.0
24854,0.0
24855,0.0
24856,0.0
24857,0.0
24858,0.0
24859,0.0
24860,0.0
24861,0.0
24862,0.0
24863,0.0
24864,0.0
24865,0.0
24866,0.0
24867,0.0
24868,0.0
24869,0.0
24870,0.0
24871,0.0
24872,0.0
24873,0.0
24874,0.0
24875,0.0
24876,0.0
24877,0.0
24878,0.0
24879,0.0
24880,0.0
24881,0.0
24882,0.0
24883,0.0
24884,0.0
24885,0.0
24886,0.0
24887,0.0
24888,0.0
24889,0.0
24890,0.0
24891,0.0
24892,0.0
24893,0.0
24894,0.0
24895,0.0
24896,0.0
24897,0.0
24898,0.0
24899,0.0
24900,0.0
24901,0.0
24902,0.0
24903,0.0
24904,0.0
24905,0.0
24906,0.0
24907,0.0
24908,0.0
24909,0.0
24910,0.0
24911,0.0
24912,0.0
24913,0.0
24914,1124.2461119904424
24915,0.0
24916,0.0
24917,0.0
24918,5837.411088837283
24919,5771.723097162647
24920,5793.786729288518
24921,0.0
24922,1778.5877609067247
24923,1860.3688697654106
24924,2546.505254276529
24925,2531.546790792685
24926,2905.5233176672186
24927,2680.3780834884246
24928,0.0
24929,0.0
24930,0.0
24931,148.93363744558036
24932,181.3469047994524
24933,107.23043881315148
24934,107.23043881315148
24935,121.65298422961575
24936,144.41299351262737
24937,151.8964592622283
24938,512.5824093329733
24939,544.9956766868453
24940,1794.7805501268936
24941,1794.7805501268936
24942,2029.275555196009
24943,2050.153968376008
24944,2059.1307915983953
24945,2058.0495658847594
24946,2109.6840528863636
24947,2038.256921484882
24948,2065.762443289074
24949,2077.495654120724
24950,2098.3740673007223
24951,2105.8575330503227
24952,2146.0437090957707
24953,2178.4569764496423
24954,2109.844364107653
24955,2109.844364107653
24956,2121.5775749393024
24957,2142.4559881193
24958,2202.2488535211764
24959,2464.569733572076
24960,2568.848519808216
24961,2408.782597201847
24962,2408.782597201847
24963,2486.25221606951
24964,3606.3867448565766
24965,3604.3113560334614
24966,3914.8514135753912
24967,6449.769087911197
24968,8291.847032773076
24969,10774.535540128081
24970,11005.270840150699
24971,11464.531700762886
24972,11476.656560822323
24973,11476.831423823356
24974,11507.774809137207
24975,11396.998816392383
24976,11361.409495197606
24977,11151.729371240866
24978,11171.081770803974
24979,11176.662718572095
24980,11176.837581573129
24981,11256.891351837137
24982,11272.04886554182
24983,11281.775935921993
24984,11296.014534734975
24985,11313.368706104013
24986,11318.949653872134
24987,11319.124516873168
24988,11348.003146079562
24989,12947.110146809575
24990,18271.763599845224
24991,18038.853754796455
24992,18013.860257264536
24993,17967.724889822926
24994,19952.397028539595
24995,21527.778389202296
24996,22837.18543569601
24997,22834.254199894007
24998,22820.036118619388
24999,22837.390289988438
25000,22851.35661921037
25001,22851.531482211427
25002,22885.266862691762
25003,22825.35985376832
25004,23203.475545023597
25005,23212.969583425936
25006,23230.323754795
25007,23244.268734938934
25008,23270.28752771272
25009,23299.166156919116
25010,23557.465710240474
25011,23557.465710240474
25012,23566.81263001708
25013,23584.166801386153
25014,23597.986011982353
25015,23611.79637854717
25016,23763.395941626575
25017,24937.602501520298
25018,24928.94688571911
25019,24938.293805495716
25020,26592.876232630817
25021,26490.77585816986
25022,26303.822985838295
25023,26333.42744318634
25024,27431.03901627235
25025,27431.03901627235
25026,28989.35841380616
25027,29354.42970514712
25028,30153.611917054837
25029,30119.509134841075
25030,29991.989865481202
25031,29943.869870436203
25032,30295.059226014535
25033,31023.266769536258
25034,31486.44464324001
25035,31342.89854339494
25036,31429.893291530298
25037,31256.58593954935
25038,31234.237979076737
25039,31234.237979076737
25040,31243.584898853336
25041,31125.71626456045
25042,31136.913874088288
25043,31086.217007910596
25044,31091.58251480274
25045,31031.06917210624
25046,31016.737901220156
25047,31016.444597542362
25048,31030.040635120957
25049,31035.15894918193
25050,30978.031617697463
25051,0.0
25052,0.0
25053,0.0
25054,0.0
25055,0.0
25056,0.0
25057,0.0
25058,0.0
25059,0.0
25060,0.0
25061,0.0
25062,0.0
25063,0.0
25064,0.0
25065,0.0
25066,0.0
25067,0.0
25068,0.0
25069,0.0
25070,0.0
25071,0.0
25072,0.0
25073,0.0
25074,0.0
25075,0.0
25076,0.0
25077,0.0
25078,0.0
25079,0.0
25080,0.0
25081,0.0
25082,0.0
25083,0.0
25084,0.0
25085,0.0
25086,0.0
25087,0.0
25088,0.0
25089,0.0
25090,0.0
25091,0.0
25092,0.0
25093,0.0
25094,0.0
25095,0.0
25096,0.0
25097,0.0
25098,0.0
25099,0.0
25100,0.0
25101,0.0
25102,0.0
25103,0.0
25104,0.0
25105,0.0
25106,0.0
25107,0.0
25108,0.0
25109,0.0
25110,0.0
25111,0.0
25112,0.0
25113,0.0
25114,0.0
25115,0.0
25116,0.0
25117,0.0
25118,0.0
25119,0.0
25120,0.0
25121,0.0
25122,0.0
25123,0.0
25124,0.0
25125,0.0
25126,0.0
25127,0.0
25128,0.0
25129,0.0
25130,0.0
25131,0.0
25132,0.0
25133,0.0
25134,0.0
25135,0.0
25136,0.0
25137,0.0
25138,0.0
25139,0.0
25140,0.0
25141,0.0
25142,0.0
25143,0.0
25144,0.0
25145,0.0
25146,0.0
25147,0.0
25148,0.0
25149,0.0
25150,0.0
25151,0.0
25152,0.0
25153,0.0
25154,0.0
25155,0.0
25156,0.0
25157,0.0
25158,0.0
25159,0.0
25160,0.0
25161,0.0
25162,0.0
25163,0.0
25164,0.0
25165,0.0
25166,0.0
25167,0.0
25168,0.0
25169,0.0
25170,0.0
25171,0.0
25172,0.0
25173,0.0
25174,0.0
25175,0.0
25176,0.0
25177,0.0
25178,0.0
25179,0.0
25180,0.0
25181,0.0
25182,0.0
25183,0.0
25184,0.0
25185,0.0
25186,0.0
25187,0.0
25188,0.0
25189,0.0
25190,0.0
25191,0.0
25192,0.0
25193,0.0
25194,0.0
25195,0.0
25196,0.0
25197,0.0
25198,0.0
25199,0.0
25200,0.0
25201,0.0
25202,0.0
25203,0.0
25204,0.0
25205,0.0
25206,0.0
25207,0.0
25208,0.0
25209,0.0
25210,0.0
25211,0.0
25212,0.0
25213,0.0
25214,0.0
25215,0.0
25216,0.0
25217,0.0
25218,0.0
25219,0.0
25220,0.0
25221,0.0
25222,0.0
25223,0.0
25224,0.0
25225,0.0
25226,0.0
25227,0.0
25228,0.0
25229,0.0
25230,0.0
25231,0.0
25232,0.0
25233,0.0
25234,0.0
25235,0.0
25236,0.0
25237,0.0
25238,5041.2051937450215
25239,5041.069708057088
25240,10971.68278479794
25241,10986.494061345986
25242,11107.106775116987
25243,11124.550702980643
25244,11145.59786233192
25245,11122.518614422153
25246,10997.897707948316
25247,10984.63503534366
25248,10995.915945985149
25249,11003.911964988576
25250,12868.49998350881
25251,12864.464729349242
25252,12781.940154470207
25253,12781.66541605984
25254,16975.745024629654
25255,16991.205170631816
25256,17251.059036756327
25257,17268.03891929532
25258,17255.761110096715
25259,18608.47919972954
25260,18603.1089392882
25261,18607.121103995156
25262,19084.231159382813
25263,19640.64155161793
25264,20282.745788941917
25265,20273.43900793403
25266,20251.152990896524
25267,20271.23965803114
25268,20215.74500313626
25269,20221.472719727873
25270,20532.699484630153
25271,20623.8395184581
25272,20581.988556690256
25273,20865.162785977405
25274,22894.503116676493
25275,24339.615059218377
25276,24239.124470278537
25277,24183.741625817973
25278,24178.501023514105
25279,24187.94954996965
25280,24163.377208109996
25281,24119.623845696515
25282,24068.423082543948
25283,23778.523217668513
25284,23778.76724058909
25285,23789.946301467466
25286,23773.597327191685
25287,23778.49802931656
25288,23743.692453109015
25289,23890.26610488537
25290,29898.342020593198
25291,29424.974219676915
25292,29495.95780511528
25293,29468.00953501268
25294,30041.145407842654
25295,30017.594101108072
25296,29966.672078287695
25297,29775.988676819023
25298,29722.153903313174
25299,29641.164746507005
25300,29560.043179596505
25301,29035.46694757422
25302,28828.003959374568
25303,28397.461236255287
25304,28307.331105095676
25305,28276.803403286183
25306,28231.704533048
25307,28225.047833985645
25308,27895.00373563613
25309,27828.20522902526
25310,27569.80218159852
25311,27685.157573861612
25312,27525.646511161172
25313,27533.976990044765
25314,27492.563664947338
25315,27488.75047480379
25316,27484.895992209305
25317,27478.35364965068
25318,27502.378730885805
25319,27494.348346459414
25320,25919.76949774211
25321,25906.150736065563
25322,26117.857566945913
25323,26108.14721966875
25324,26125.732282326004
25325,26231.04282790655
25326,26287.124579609637
25327,26385.28950218573
25328,26616.492979223316
25329,26589.92830069969
25330,25909.687949446332
25331,25154.80985519402
25332,25150.88571830647
25333,25214.608557318556
25334,25252.83092768013
25335,25242.920761650137
25336,25275.975066506333
25337,25462.943175992186
25338,25485.15459387465
25339,25557.83370157309
25340,25567.031452993182
25341,25559.36846122434
25342,25385.665138806875
25343,25364.00521197758
25344,25023.045779405293
25345,25023.105360525526
25346,25087.955460209334
25347,25236.75303245652
25348,25059.88002728675
25349,25144.80457642259
25350,25004.383757605166
25351,2.083515149019209
25352,1.1716070300008337
25353,0.0
25354,0.0
25355,0.0
25356,0.0
25357,0.0
25358,2.083515149019209
25359,1.1716070300008337
25360,0.0
25361,0.0
25362,0.0
25363,0.0
25364,0.0
25365,2.083515149019209
25366,1.1716070300008337
25367,0.0
25368,0.0
25369,0.0
25370,0.0
25371,0.0
25372,4.37145651360797
25373,3.459548394589587
25374,0.0
25375,0.0
25376,0.0
25377,0.0
25378,653.6402340739337
25379,655.3138776352716
25380,301.47504584865936
25381,981.0964331916894
25382,810.6380124937945
25383,807.9476281976479
25384,672.447808836743
25385,678.5071923446317
25386,1723.936472489957
25387,1723.5507773653367
25388,7424.788029156137
25389,7424.6226436802635
25390,13364.566418814702
25391,13367.33311784277
25392,13445.20638683013
25393,13440.25623497694
25394,13247.169202677072
25395,13246.757036393139
25396,12928.923358435732
25397,12926.236503424801
25398,12895.847937245877
25399,12903.724328094062
25400,14752.698489800612
25401,14749.884925675073
25402,14667.652896264886
25403,14667.34825806658
25404,18910.813083683155
25405,18914.228652165333
25406,19171.284605423203
25407,19165.99400417173
25408,19151.41024480855
25409,18685.224293321447
25410,18646.434240532926
25411,18685.85362627979
25412,19169.958498274573
25413,19726.284884746852
25414,20337.548772385333
25415,20314.131164446375
25416,20313.422257386617
25417,20333.24223468311
25418,20290.08739451726
25419,20283.770533588897
25420,20323.235991456426
25421,20314.986491344305
25422,20278.104058104636
25423,20611.846693277974
25424,20885.949169221694
25425,20798.787229044316
25426,20362.173080434703
25427,20327.23602900396
25428,20311.759363148256
25429,20322.183733769947
25430,20322.465114304374
25431,20325.833835284444
25432,20302.418204581016
25433,20335.878595138412
25434,20337.630255363078
25435,20325.79101134455
25436,20318.491823237757
25437,20301.80626760516
25438,20322.031578068138
25439,20298.115180538993
25440,20674.194412142693
25441,20364.26717183961
25442,20212.343064769255
25443,20194.880298744294
25444,20247.007204882266
25445,20237.47572185841
25446,20199.98115040824
25447,20176.907596823414
25448,20153.416216808266
25449,20071.094073912496
25450,20080.255360342697
25451,19985.95130519546
25452,19967.683718357617
25453,19830.069291220265
25454,19769.107410417764
25455,19769.411309069557
25456,19737.027521019565
25457,19734.256803712535
25458,19736.004128940836
25459,19681.323992097845
25460,19458.30915744381
25461,19620.999334075095
25462,19476.02952019224
25463,19460.610404620515
25464,19431.13322464523
25465,19448.26883048842
25466,19444.384448105993
25467,19448.53159915953
25468,19461.161602614033
25469,19454.62884397459
25470,19190.856016290243
25471,19178.135859991853
25472,19411.789151201025
25473,19401.52128744887
25474,19418.510176974574
25475,19491.435833078274
25476,19532.68596184611
25477,19537.251693521528
25478,19783.317101632754
25479,19923.32550953873
25480,20177.83347438467
25481,20274.825196420963
25482,20348.956591563296
25483,20340.71439360404
25484,20333.011565920173
25485,20325.552979121712
25486,20303.156150299525
25487,20364.010776184805
25488,20365.272778974
25489,20396.830859198584
25490,20401.16282539389
25491,20366.626939140395
25492,20348.142485536966
25493,20378.101902397844
25494,20168.323482231557
25495,20270.736654339278
25496,20335.434129528545
25497,20496.603373416845
25498,20328.67057460586
25499,20419.921012125007
25500,20321.727375724295
25501,0.0
25502,0.0
25503,0.0
25504,0.0
25505,0.0
25506,0.0
25507,0.0
25508,0.0
25509,0.0
25510,0.0
25511,0.0
25512,0.0
25513,0.0
25514,0.0
25515,0.0
25516,0.0
25517,0.0
25518,0.0
25519,0.0
25520,0.0
25521,0.0
25522,0.0
25523,0.0
25524,0.0
25525,0.0
25526,0.0
25527,0.0
25528,0.0
25529,0.0
25530,0.0
25531,0.0
25532,0.0
25533,0.0
25534,0.0
25535,0.0
25536,77.81195925162301
25537,77.24517739866737
25538,965.2048799256705
25539,965.2783059330873
25540,179.41076178886829
25541,176.16324318992562
25542,0.0
25543,0.0
25544,0.0
25545,1.6647527882513558
25546,0.0
25547,0.0
25548,0.0
25549,0.0
25550,0.0
25551,0.0
25552,5.683259419061356
25553,5.6174327040433525
25554,0.0
25555,0.0
25556,0.0
25557,0.0
25558,0.0
25559,0.0
25560,0.0
25561,0.0
25562,0.0
25563,0.0
25564,0.0
25565,0.0
25566,3.8663776999176926
25567,0.0
25568,0.0
25569,0.0
25570,0.0
25571,0.0
25572,0.0
25573,0.0
25574,0.0
25575,0.0
25576,0.0
25577,0.0
25578,0.0
25579,0.0
25580,0.0
25581,0.0
25582,0.0
25583,0.0
25584,0.0
25585,0.0
25586,0.0
25587,0.0
25588,0.0
25589,0.0
25590,135.8204924545025
25591,0.0
25592,0.0
25593,0.0
25594,29.15262502531545
25595,24.210003809108912
25596,12.488041679840736
25597,88.01616676649257
25598,43.678141235447775
25599,6.494631116034054
25600,0.0
25601,1.7083709469528445
25602,16.549751344602246
25603,0.0
25604,0.0
25605,0.0
25606,0.0
25607,0.0
25608,0.0
25609,0.0
25610,0.0
25611,0.0
25612,746.6003931106145
25613,1168.698788395312
25614,1151.2317661422458
25615,1173.171189874039
25616,1168.7686914785718
25617,1176.4815064474224
25618,1173.3386843692224
25619,1170.4358180218426
25620,1790.5008566924523
25621,1775.349481081798
25622,2012.4483925329216
25623,2003.2047740225732
25624,2018.5289736462917
25625,2084.0231002460246
25626,2085.6478622306445
25627,2086.890477438406
25628,2319.3359168569364
25629,2444.1352249709985
25630,2603.292567361192
25631,2650.022597808946
25632,2719.5005472126036
25633,2704.344947697047
25634,2675.412692621388
25635,2662.3396908121144
25636,2644.507665769643
25637,2393.546873872941
25638,2321.498418231588
25639,2274.205885988328
25640,2231.3850350417442
25641,2194.7950161879908
25642,2169.089820548671
25643,2269.6508083604813
25644,1870.5999792329694
25645,2131.384303267729
25646,2141.706372186453
25647,2168.3286917097657
25648,2195.606943056353
25649,2211.6971834728615
25650,2357.555296390179
25651,4.057995839951277
25652,1.4530497105298745
25653,5.123653228726997
25654,5.724540434446983
25655,9.95047079287782
25656,11.101372800492328
25657,4.199099627794257
25658,4.057995839951277
25659,1.4530497105298745
25660,5.123653228726997
25661,5.724540434446983
25662,9.95047079287782
25663,11.101372800492328
25664,4.199099627794257
25665,4.057995839951277
25666,1.4530497105298745
25667,5.123653228726997
25668,5.724540434446983
25669,9.95047079287782
25670,11.101372800492328
25671,4.199099627794257
25672,574.1304479168925
25673,571.5255017874708
25674,692.2661338500562
25675,692.8670210557763
25676,561.1445110931525
25677,542.2031589495347
25678,1809.3907607460526
25679,1808.7890694117493
25680,1683.7043081124405
25681,15651.309557970744
25682,15738.441929135264
25683,15765.355860810423
25684,16410.74659404054
25685,16403.3619108491
25686,18156.252149489443
25687,18154.17341635442
25688,26435.861063929442
25689,26435.48624584768
25690,33156.46305993413
25691,33130.96565215736
25692,33523.08436625209
25693,33517.673536966846
25694,34099.141999888394
25695,34089.37968331423
25696,34653.28451368211
25697,34704.621277292325
25698,35001.02280520559
25699,34995.45512935448
25700,37083.525853899395
25701,37077.86035027199
25702,37461.26064442626
25703,37459.40357713031
25704,42324.51326184131
25705,42300.88579116537
25706,47607.5296955194
25707,47602.45710039396
25708,50698.29234640646
25709,96415.5619642487
25710,96740.01731371103
25711,96822.09569213589
25712,101530.06589164787
25713,114900.56149635406
25714,131890.89283743495
25715,131879.92483141314
25716,132318.0022888317
25717,134601.64027192967
25718,135485.54746351225
25719,136529.1421706474
25720,142286.68177871205
25721,142385.31661030566
25722,142379.65110667827
25723,153718.50283950035
25724,171524.82405049464
25725,173110.95784787415
25726,173356.97292336464
25727,173397.73421214562
25728,173424.11047145328
25729,173587.39654025692
25730,173625.38184188303
25731,173623.78402874066
25732,173634.48189768594
25733,173654.0790861637
25734,176352.80968730917
25735,176522.64823449007
25736,176657.09109639193
25737,177613.37086226468
25738,179293.79061533496
25739,181596.12999511106
25740,226172.22179421355
25741,230106.98067868655
25742,234324.99192013676
25743,237271.48086705414
25744,254585.6392766143
25745,256781.76586657134
25746,260416.02858059283
25747,263233.0893465864
25748,264052.2658744571
25749,263945.6590330466
25750,263928.78234352544
25751,266206.4560031193
25752,265999.73609796615
25753,268737.0583619555
25754,268021.7866463355
25755,267986.8705577161
25756,267921.3496718614
25757,267893.2877250525
25758,267880.3983356142
25759,267829.8331938072
25760,269178.6166272407
25761,269103.02470728755
25762,275430.58903549175
25763,278981.4118262574
25764,281007.6046614056
25765,280868.14608712523
25766,280863.5253912881
25767,280876.2960168979
25768,280837.609196553
25769,280819.86839729344
25770,318572.31291712547
25771,318263.1500959798
25772,318253.45186508057
25773,318288.75363658473
25774,318364.58701706224
25775,318452.13720837404
25776,318508.44760350056
25777,318596.11912850046
25778,320730.79717990005
25779,321057.97366095043
25780,321777.26131899003
25781,322376.63790750306
25782,322497.0928314903
25783,322563.43356260227
25784,324877.34137206257
25785,324868.30298974
25786,324911.16760463
25787,324922.27080894203
25788,326405.84698413155
25789,326401.282187382
25790,326398.8223697898
25791,326395.827512325
25792,326240.7567891202
25793,326439.63823675824
25794,327119.5991036977
25795,327766.99406756123
25796,327751.86640259624
25797,328772.0596903907
25798,328888.9057360489
25799,329297.0253234298
25800,329551.0986881514
25801,18442.19733079154
25802,66465.94074880697
25803,106947.84081633629
25804,44065.76850321427
25805,29455.64797382408
25806,50669.731143027915
25807,130392.25034749348
25808,72145.43981715561
25809,140401.87687467644
25810,150437.24751616156
25811,71237.24182327607
25812,58418.42395567982
25813,59307.4234507
25814,65958.34209088318
25815,128350.83735197641
25816,105252.08348380173
25817,12516.933199739166
25818,12516.933199739166
25819,12516.933199739166
25820,12516.933199739166
25821,12516.933199739166
25822,12516.933199739166
25823,12516.933199739166
25824,12516.933199739166
25825,12516.933199739166
25826,12516.933199739166
25827,12516.933199739166
25828,12516.933199739166
25829,12516.933199739166
25830,12516.933199739166
25831,12516.933199739166
25832,12516.933199739166
25833,12516.933199739166
25834,12516.933199739166
25835,12516.933199739166
25836,12516.933199739166
25837,12516.933199739166
25838,12516.933199739166
25839,12516.933199739166
25840,12516.933199739166
25841,12516.933199739166
25842,12516.933199739166
25843,12516.933199739166
25844,12516.933199739166
25845,12516.933199739166
25846,12516.933199739166
25847,12516.933199739166
25848,12516.933199739166
25849,12516.933199739166
25850,12516.933199739166
25851,12516.933199739166
25852,12516.933199739166
25853,12516.933199739166
25854,12516.933199739166
25855,12516.933199739166
25856,12516.933199739166
25857,12516.933199739166
25858,12516.933199739166
25859,12516.933199739166
25860,12516.933199739166
25861,12516.933199739166
25862,12516.933199739166
25863,12516.933199739166
25864,12516.933199739166
25865,12516.933199739166
25866,12516.933199739166
25867,12516.933199739166
25868,12516.933199739166
25869,12516.933199739166
25870,12516.933199739166
25871,12516.933199739166
25872,12516.933199739166
25873,12516.933199739166
25874,12516.933199739166
25875,12516.933199739166
25876,12516.933199739166
25877,12516.933199739166
25878,12516.933199739166
25879,12516.933199739166
25880,12516.933199739166
25881,12516.933199739166
25882,12516.933199739166
25883,12516.933199739166
25884,12516.933199739166
25885,12516.933199739166
25886,12516.933199739166
25887,12516.933199739166
25888,12516.933199739166
25889,12516.933199739166
25890,12516.933199739166
25891,12516.933199739166
25892,12516.933199739166
25893,12516.933199739166
25894,12516.933199739166
25895,12516.933199739166
25896,12516.933199739166
25897,12516.933199739166
25898,12516.933199739166
25899,12516.933199739166
25900,12516.933199739166
25901,12516.933199739166
25902,12516.933199739166
25903,12516.933199739166
25904,12516.933199739166
25905,12516.933199739166
25906,12516.933199739166
25907,12516.933199739166
25908,12516.933199739166
25909,12516.933199739166
25910,12516.933199739166
25911,12516.933199739166
25912,12516.933199739166
25913,12516.933199739166
25914,12516.933199739166
25915,12516.933199739166
25916,12516.933199739166
25917,12516.933199739166
25918,12516.933199739166
25919,12516.933199739166
25920,12516.933199739166
25921,12516.933199739166
25922,12516.933199739166
25923,12516.933199739166
25924,12516.933199739166
25925,12516.933199739166
25926,12516.933199739166
25927,12516.933199739166
25928,12516.933199739166
25929,12516.933199739166
25930,12516.933199739166
25931,12516.933199739166
25932,12516.933199739166
25933,12516.933199739166
25934,12516.933199739166
25935,12516.933199739166
25936,12516.933199739166
25937,12516.933199739166
25938,12516.933199739166
25939,12516.933199739166
25940,12516.933199739166
25941,12516.933199739166
25942,12516.933199739166
25943,12516.933199739166
25944,12516.933199739166
25945,12516.933199739166
25946,12516.933199739166
25947,12516.933199739166
25948,12516.933199739166
25949,12516.933199739166
25950,12516.933199739166
25951,0.0
25952,0.0
25953,0.0
25954,0.0
25955,0.0
25956,0.0
25957,0.0
25958,0.0
25959,0.0
25960,0.0
25961,0.0
25962,0.0
25963,0.0
25964,0.0
25965,0.0
25966,0.0
25967,0.0
25968,0.0
25969,0.0
25970,0.0
25971,0.0
25972,0.0
25973,0.0
25974,0.0
25975,0.0
25976,0.0
25977,0.0
25978,0.0
25979,0.0
25980,0.0
25981,0.0
25982,0.0
25983,0.0
25984,0.0
25985,0.0
25986,0.0
25987,0.0
25988,0.0
25989,0.0
25990,0.0
25991,0.0
25992,0.0
25993,0.0
25994,0.0
25995,0.0
25996,0.0
25997,0.0
25998,0.0
25999,0.0
26000,0.0
26001,0.0
26002,0.0
26003,0.0
26004,0.0
26005,0.0
26006,0.0
26007,0.0
26008,0.0
26009,0.0
26010,0.0
26011,0.0
26012,0.0
26013,0.0
26014,0.0
26015,0.0
26016,0.0
26017,0.0
26018,0.0
26019,0.0
26020,0.0
26021,0.0
26022,0.0
26023,0.0
26024,0.0
26025,0.0
26026,0.0
26027,0.0
26028,0.0
26029,0.0
26030,0.0
26031,0.0
26032,0.0
26033,0.0
26034,0.0
26035,0.0
26036,0.0
26037,0.0
26038,0.0
26039,0.0
26040,0.0
26041,0.0
26042,0.0
26043,0.0
26044,0.0
26045,0.0
26046,0.0
26047,0.0
26048,0.0
26049,0.0
26050,0.0
26051,0.0
26052,0.0
26053,2209.7762291985255
26054,1462.7366539813586
26055,1423.2470458350604
26056,1305.2410997148695
26057,1266.259711702598
26058,937.7649653334728
26059,875.3778681944566
26060,2190.605691552348
26061,2090.8350689845633
26062,1548.646688293274
26063,1297.3496927378987
26064,1237.2290141175722
26065,1093.174781592902
26066,1089.894682523165
26067,1110.9891706805886
26068,1073.236018976596
26069,1055.7785386818991
26070,321.8387608728253
26071,3.3061399462916894
26072,0.0
26073,22.301661072977968
26074,108.11277034445831
26075,195.5895164077025
26076,0.0
26077,0.0
26078,26.516599048391445
26079,100.27357658372057
26080,0.0
26081,0.0
26082,0.0
26083,0.0
26084,0.0
26085,0.0
26086,0.0
26087,0.0
26088,0.0
26089,0.0
26090,0.0
26091,0.0
26092,0.0
26093,0.0
26094,0.0
26095,0.0
26096,0.0
26097,0.0
26098,0.0
26099,0.0
26100,0.0
26101,0.0
26102,0.0
26103,0.0
26104,0.0
26105,0.0
26106,0.0
26107,0.0
26108,0.0
26109,0.0
26110,0.0
26111,0.0
26112,0.0
26113,0.0
26114,0.0
26115,0.0
26116,0.0
26117,0.0
26118,0.0
26119,0.0
26120,0.0
26121,0.0
26122,0.0
26123,0.0
26124,0.0
26125,0.0
26126,0.0
26127,0.0
26128,0.0
26129,0.0
26130,0.0
26131,0.0
26132,0.0
26133,0.0
26134,0.0
26135,0.0
26136,0.0
26137,0.0
26138,0.0
26139,0.0
26140,0.0
26141,0.0
26142,0.0
26143,0.0
26144,0.0
26145,0.0
26146,0.0
26147,0.0
26148,0.0
26149,0.0
26150,0.0
26151,0.0
26152,0.0
26153,0.0
26154,0.0
26155,0.0
26156,0.0
26157,0.0
26158,0.0
26159,0.0
26160,0.0
26161,0.0
26162,0.0
26163,0.0
26164,0.0
26165,0.0
26166,0.0
26167,0.0
26168,0.0
26169,0.0
26170,0.0
26171,0.0
26172,0.0
26173,0.0
26174,0.0
26175,0.0
26176,0.0
26177,0.0
26178,0.0
26179,0.0
26180,0.0
26181,0.0
26182,0.0
26183,0.0
26184,0.0
26185,0.0
26186,0.0
26187,0.0
26188,0.0
26189,0.0
26190,0.0
26191,0.0
26192,0.0
26193,0.0
26194,0.0
26195,0.0
26196,0.0
26197,0.0
26198,0.0
26199,0.0
26200,0.0
26201,0.0
26202,0.0
26203,0.0
26204,0.0
26205,0.0
26206,0.0
26207,0.0
26208,0.0
26209,0.0
26210,0.0
26211,0.0
26212,0.0
26213,0.0
26214,0.0
26215,0.0
26216,0.0
26217,0.0
26218,0.0
26219,0.0
26220,0.0
26221,0.0
26222,0.0
26223,0.0
26224,0.0
26225,0.0
26226,0.0
26227,0.0
26228,0.0
26229,0.0
26230,0.0
26231,0.0
26232,0.0
26233,0.0
26234,0.0
26235,0.0
26236,0.0
26237,0.0
26238,0.0
26239,0.0
26240,0.0
26241,0.0
26242,0.0
26243,0.0
26244,0.0
26245,0.0
26246,0.0
26247,0.0
26248,0.0
26249,0.0
26250,0.0
26251,0.0
26252,0.0
26253,0.0
26254,0.0
26255,0.0
26256,0.0
26257,0.0
26258,0.0
26259,0.0
26260,0.0
26261,0.0
26262,0.0
26263,0.0
26264,0.0
26265,0.0
26266,0.0
26267,0.0
26268,0.0
26269,0.0
26270,0.0
26271,0.0
26272,0.0
26273,0.0
26274,0.0
26275,0.0
26276,0.0
26277,0.0
26278,0.0
26279,0.0
26280,0.0
26281,0.0
26282,0.0
26283,0.0
26284,0.0
26285,0.0
26286,0.0
26287,0.0
26288,0.0
26289,0.0
26290,0.0
26291,0.0
26292,0.0
26293,0.0
26294,0.0
26295,0.0
26296,0.0
26297,0.0
26298,0.0
26299,0.0
26300,0.0
26301,0.0
26302,0.0
26303,0.0
26304,0.0
26305,0.0
26306,0.0
26307,0.0
26308,0.0
26309,0.0
26310,0.0
26311,0.0
26312,0.0
26313,0.0
26314,0.0
26315,0.0
26316,0.0
26317,0.0
26318,0.0
26319,0.0
26320,0.0
26321,0.0
26322,0.0
26323,0.0
26324,0.0
26325,0.0
26326,0.0
26327,0.0
26328,0.0
26329,0.0
26330,0.0
26331,0.0
26332,0.0
26333,0.0
26334,0.0
26335,0.0
26336,0.0
26337,0.0
26338,0.0
26339,0.0
26340,0.0
26341,0.0
26342,0.0
26343,0.0
26344,0.0
26345,0.0
26346,0.0
26347,0.0
26348,0.0
26349,0.0
26350,0.0
26351,0.0
26352,0.0
26353,0.0
26354,0.0
26355,0.0
26356,0.0
26357,0.0
26358,0.0
26359,0.0
26360,0.0
26361,0.0
26362,0.0
26363,0.0
26364,0.0
26365,0.0
26366,0.0
26367,0.0
26368,0.0
26369,0.0
26370,0.0
26371,0.0
26372,0.0
26373,0.0
26374,0.0
26375,0.0
26376,0.0
26377,0.0
26378,0.0
26379,0.0
26380,0.0
26381,0.0
26382,0.0
26383,0.0
26384,0.0
26385,0.0
26386,0.0
26387,0.0
26388,0.0
26389,0.0
26390,0.0
26391,0.0
26392,0.0
26393,0.0
26394,0.0
26395,0.0
26396,0.0
26397,0.0
26398,0.0
26399,0.0
26400,0.0
26401,0.0
26402,0.0
26403,0.0
26404,0.0
26405,0.0
26406,0.0
26407,0.0
26408,0.0
26409,0.0
26410,0.0
26411,0.0
26412,0.0
26413,0.0
26414,0.0
26415,0.0
26416,0.0
26417,0.0
26418,0.0
26419,0.0
26420,0.0
26421,0.0
26422,0.0
26423,0.0
26424,0.0
26425,0.0
26426,0.0
26427,0.0
26428,0.0
26429,0.0
26430,0.0
26431,0.0
26432,0.0
26433,0.0
26434,0.0
26435,0.0
26436,0.0
26437,0.0
26438,0.0
26439,0.0
26440,0.0
26441,0.0
26442,0.0
26443,0.0
26444,0.0
26445,0.0
26446,0.0
26447,0.0
26448,0.0
26449,0.0
26450,0.0
26451,0.0
26452,0.0
26453,0.0
26454,0.0
26455,0.0
26456,0.0
26457,0.0
26458,0.0
26459,0.0
26460,0.0
26461,0.0
26462,0.0
26463,0.0
26464,0.0
26465,0.0
26466,0.0
26467,0.0
26468,0.0
26469,0.0
26470,0.0
26471,0.0
26472,0.0
26473,0.0
26474,0.0
26475,0.0
26476,0.0
26477,0.0
26478,0.0
26479,0.0
26480,0.0
26481,0.0
26482,0.0
26483,0.0
26484,0.0
26485,0.0
26486,0.0
26487,0.0
26488,0.0
26489,0.0
26490,0.0
26491,0.0
26492,0.0
26493,0.0
26494,0.0
26495,0.0
26496,0.0
26497,0.0
26498,0.0
26499,0.0
26500,0.0
26501,0.0
26502,0.0
26503,0.0
26504,0.0
26505,0.0
26506,0.0
26507,0.0
26508,0.0
26509,0.0
26510,0.0
26511,0.0
26512,0.0
26513,0.0
26514,0.0
26515,0.0
26516,0.0
26517,0.0
26518,0.0
26519,0.0
26520,0.0
26521,0.0
26522,0.0
26523,0.0
26524,0.0
26525,0.0
26526,0.0
26527,0.0
26528,0.0
26529,0.0
26530,0.0
26531,0.0
26532,0.0
26533,0.0
26534,0.0
26535,0.0
26536,0.0
26537,0.0
26538,0.0
26539,0.0
26540,0.0
26541,0.0
26542,0.0
26543,0.0
26544,0.0
26545,0.0
26546,0.0
26547,0.0
26548,0.0
26549,0.0
26550,0.0
26551,180896.21999274753
26552,65354.706925332524
26553,121649.1058182992
26554,203135.45744790655
26555,180698.17508759184
26556,128467.07862880004
26557,0.0
26558,0.0
26559,0.0
26560,32560.56924189356
26561,61706.67951513055
26562,57116.31868443354
26563,44724.115330624205
26564,60491.93804560387
26565,53930.600662374054
26566,143792.0003936585
26567,153728.69487127208
26568,250880.27172675804
26569,237272.96161340672
26570,239177.2427603785
26571,202450.72350659702
26572,302170.9864429496
26573,333844.799346667
26574,279052.55616216635
26575,344353.0150880363
26576,362422.73679812707
26577,272671.7479869366
26578,247637.34917058074
26579,215233.78171001025
26580,8994.360148356502
26581,0.0
26582,0.0
26583,8.458851209629934
26584,8.458851209629934
26585,0.8740565526350548
26586,0.0
26587,1.4744492862376624
26588,0.0
26589,0.0
26590,8.458851209629934
26591,8.458851209629934
26592,0.8740565526350548
26593,0.0
26594,1.4744492862376624
26595,0.0
26596,0.0
26597,8.458851209629934
26598,1025.9877803147112
26599,1018.402985657716
26600,1010.2564000299853
26601,1019.0033783913193
26602,1011.3755494443604
26603,1011.3755494443604
26604,1025.9877803147112
26605,1025.9877803147112
26606,1045.185262069817
26607,1037.038676442086
26608,1142.3080470597824
26609,1134.6802181128235
26610,1134.6802181128235
26611,1202.8018816210579
26612,1358.2491094015645
26613,1399.7006634651423
26614,1387.0115172058238
26615,1317.8919952889526
26616,1310.2641663419936
26617,1354.1634387460208
26618,1518.6086903903658
26619,1554.112287420128
26620,1549.4342673342978
26621,1541.2876817065667
26622,1928.343736221142
26623,2575.247686135406
26624,3389.9638169068157
26625,4356.3114149407365
26626,4777.729370583106
26627,5208.104864983178
26628,6230.496268724076
26629,6508.272340303507
26630,7121.625250062847
26631,7904.195563944043
26632,9038.387584715641
26633,9488.180302295783
26634,11069.946069493535
26635,11868.140709267704
26636,11799.021187350834
26637,12248.29546659014
26638,12248.29546659014
26639,14575.141049449587
26640,17966.275608476386
26641,27421.980610745002
26642,27187.350662999183
26643,27231.43862668878
26644,27219.81980709363
26645,27473.563464217932
26646,28230.707883377498
26647,28230.707883377498
26648,27969.154182518192
26649,27550.310815081768
26650,34338.65809361551
26651,34145.76258565915
26652,34145.76258565915
26653,34892.351828477455
26654,34706.9246644448
26655,34445.3709635855
26656,33943.26813838589
26657,33991.82281057469
26658,33984.19498162773
26659,35609.46317364748
26660,36606.542810508465
26661,36606.542810508465
26662,36344.98910964916
26663,35854.4348017563
26664,36097.9140776768
26665,36112.25880932649
26666,36112.25880932649
26667,46383.13208604614
26668,46383.13208604614
26669,46121.57838518684
26670,65143.001541636266
26671,65105.799962272875
26672,65120.144693922564
26673,65487.7587495336
26674,66294.64154855296
26675,66294.64154855296
26676,66033.08784769363
26677,65490.12153394577
26678,65421.002012028905
26679,65435.346743678594
26680,65350.07019574605
26681,66156.95299476542
26682,66156.95299476542
26683,65895.39929390613
26684,65404.844986013224
26685,65335.72546409636
26686,65677.41617055418
26687,65879.46382560505
26688,66686.34662462439
26689,66686.34662462439
26690,66424.79292376508
26691,65934.23861587224
26692,65865.11909395536
26693,65649.81041120295
26694,65548.02724468758
26695,66324.68128660247
26696,66889.94033964719
26697,65971.67910029521
26698,65581.22519753138
26699,65512.105675614526
26700,65426.35000213513
26701,0.0
26702,0.0
26703,0.0
26704,0.0
26705,0.0
26706,0.0
26707,0.0
26708,0.0
26709,0.0
26710,0.0
26711,0.0
26712,0.0
26713,0.0
26714,0.0
26715,0.0
26716,0.0
26717,0.0
26718,0.0
26719,0.0
26720,0.0
26721,0.0
26722,0.0
26723,0.0
26724,0.0
26725,0.0
26726,0.0
26727,0.0
26728,0.0
26729,0.0
26730,0.0
26731,0.0
26732,0.0
26733,0.0
26734,0.0
26735,0.0
26736,0.0
26737,0.0
26738,0.0
26739,0.0
26740,0.0
26741,0.0
26742,0.0
26743,0.0
26744,0.0
26745,0.0
26746,0.0
26747,0.0
26748,0.0
26749,0.0
26750,0.0
26751,0.0
26752,0.0
26753,0.0
26754,0.0
26755,0.0
26756,0.0
26757,0.0
26758,0.0
26759,0.0
26760,0.0
26761,0.0
26762,0.0
26763,0.0
26764,0.0
26765,0.0
26766,0.0
26767,0.0
26768,0.0
26769,0.0
26770,0.0
26771,0.0
26772,0.0
26773,0.0
26774,0.0
26775,0.0
26776,0.0
26777,0.0
26778,0.0
26779,0.0
26780,0.0
26781,0.0
26782,0.0
26783,0.0
26784,0.0
26785,0.0
26786,0.0
26787,0.0
26788,0.0
26789,0.0
26790,0.0
26791,0.0
26792,0.0
26793,0.0
26794,0.0
26795,0.0
26796,0.0
26797,0.0
26798,0.0
26799,0.0
26800,0.0
26801,0.0
26802,0.0
26803,0.0
26804,0.0
26805,0.0
26806,0.0
26807,0.0
26808,0.0
26809,0.0
26810,0.0
26811,0.0
26812,0.0
26813,0.0
26814,0.0
26815,0.0
26816,0.0
26817,0.0
26818,0.0
26819,0.0
26820,0.0
26821,0.0
26822,0.0
26823,0.0
26824,0.0
26825,0.0
26826,0.0
26827,0.0
26828,0.0
26829,0.0
26830,0.0
26831,0.0
26832,0.0
26833,0.0
26834,0.0
26835,0.0
26836,0.0
26837,0.0
26838,0.0
26839,0.0
26840,0.0
26841,0.0
26842,0.0
26843,0.0
26844,0.0
26845,0.0
26846,0.0
26847,0.0
26848,0.0
26849,0.0
26850,0.0
26851,0.0
26852,0.0
26853,0.0
26854,0.0
26855,0.0
26856,0.0
26857,0.0
26858,0.0
26859,0.0
26860,0.0
26861,0.0
26862,0.0
26863,0.0
26864,3130.4798153515317
26865,0.0
26866,1.4744492862376624
26867,0.0
26868,0.0
26869,8.458851209629934
26870,8.458851209629934
26871,0.8740565526350548
26872,0.0
26873,1.4744492862376624
26874,0.0
26875,0.0
26876,8.458851209629934
26877,8.458851209629934
26878,0.8740565526350548
26879,0.0
26880,1.4744492862376624
26881,0.0
26882,0.0
26883,8.458851209629934
26884,8.458851209629934
26885,0.8740565526350548
26886,0.0
26887,1.4744492862376624
26888,0.0
26889,0.0
26890,8.458851209629934
26891,8.458851209629934
26892,0.8740565526350548
26893,0.0
26894,1.4744492862376624
26895,0.0
26896,0.0
26897,8.458851209629934
26898,1025.9877803147112
26899,1018.402985657716
26900,1010.2564000299853
26901,1019.0033783913193
26902,1011.3755494443604
26903,1011.3755494443604
26904,1025.9877803147112
26905,1025.9877803147112
26906,1045.185262069817
26907,1037.038676442086
26908,1142.3080470597824
26909,1134.6802181128235
26910,1134.6802181128235
26911,1202.8018816210579
26912,1358.2491094015645
26913,1399.7006634651423
26914,1387.0115172058238
26915,1317.8919952889526
26916,1310.2641663419936
26917,1354.1634387460208
26918,1518.6086903903658
26919,1554.112287420128
26920,1549.4342673342978
26921,1541.2876817065667
26922,1928.343736221142
26923,2575.247686135406
26924,3389.9638169068157
26925,4356.3114149407365
26926,4777.729370583106
26927,5208.104864983178
26928,6230.496268724076
26929,6508.272340303507
26930,7121.625250062847
26931,7904.195563944043
26932,9038.387584715641
26933,9488.180302295783
26934,11069.946069493535
26935,11868.140709267704
26936,11799.021187350834
26937,12248.29546659014
26938,12248.29546659014
26939,14575.141049449587
26940,17966.275608476386
26941,27421.980610745002
26942,27187.350662999183
26943,27231.43862668878
26944,27219.81980709363
26945,27473.563464217932
26946,28230.707883377498
26947,28230.707883377498
26948,27969.154182518192
26949,27550.310815081768
26950,34338.65809361551
26951,34145.76258565915
26952,34145.76258565915
26953,34892.351828477455
26954,34706.9246644448
26955,34445.3709635855
26956,33943.26813838589
26957,33991.82281057469
26958,33984.19498162773
26959,35609.46317364748
26960,36606.542810508465
26961,36606.542810508465
26962,36344.98910964916
26963,35854.4348017563
26964,36097.9140776768
26965,36112.25880932649
26966,36112.25880932649
26967,46383.13208604614
26968,46383.13208604614
26969,46121.57838518684
26970,65143.001541636266
26971,65105.799962272875
26972,65120.144693922564
26973,65487.7587495336
26974,66294.64154855296
26975,66294.64154855296
26976,66033.08784769363
26977,65490.12153394577
26978,65421.002012028905
26979,65435.346743678594
26980,65350.07019574605
26981,66156.95299476542
26982,66156.95299476542
26983,65895.39929390613
26984,65404.844986013224
26985,65335.72546409636
26986,65677.41617055418
26987,65879.46382560505
26988,66686.34662462439
26989,66686.34662462439
26990,66424.79292376508
26991,65934.23861587224
26992,65865.11909395536
26993,65649.81041120295
26994,65548.02724468758
26995,66324.68128660247
26996,66889.94033964719
26997,65971.67910029521
26998,65581.22519753138
26999,65512.105675614526
27000,65426.35000213513
27001,0.0
27002,0.0
27003,0.0
27004,0.0
27005,0.0
27006,0.0
27007,0.0
27008,0.0
27009,0.0
27010,0.0
27011,0.0
27012,0.0
27013,0.0
27014,0.0
27015,0.0
27016,0.0
27017,0.0
27018,0.0
27019,0.0
27020,0.0
27021,24614.64228033438
27022,68650.16317332211
27023,59358.29257759841
27024,81805.84113833965
27025,84441.02638747059
27026,85204.56008429693
27027,41205.612782857475
27028,33999.46076290169
27029,6922.423094725488
27030,11052.56485275628
27031,3178.9515308564673
27032,3178.9515308564673
27033,3193.563761726818
27034,3193.563761726818
27035,3185.9789670698233
27036,3177.8323814420914
27037,3186.5793598034256
27038,3178.9515308564673
27039,3178.9515308564673
27040,3193.563761726818
27041,3193.563761726818
27042,3185.9789670698233
27043,3177.8323814420914
27044,3186.5793598034256
27045,3178.9515308564673
27046,3178.9515308564673
27047,3193.563761726818
27048,4211.092690831902
27049,4203.507896174906
27050,4195.361310547174
27051,4204.108288908506
27052,4196.480459961547
27053,4196.480459961547
27054,4211.092690831902
27055,4211.092690831902
27056,4230.290172587006
27057,4222.143586959274
27058,4327.412957576968
27059,4319.785128630009
27060,4319.785128630009
27061,4387.9067921382475
27062,4543.354019918754
27063,4584.80557398233
27064,4572.116427723011
27065,4502.996905806138
27066,4495.369076859179
27067,4539.268349263206
27068,4703.713600907555
27069,4739.217197937317
27070,4734.539177851486
27071,4726.392592223754
27072,5113.448646738329
27073,5760.352596652594
27074,6575.068727424
27075,7541.416325457919
27076,7962.834281100302
27077,10118.368971176935
27078,11140.760374917843
27079,11418.536446497277
27080,12031.889356256617
27081,12814.459670137812
27082,13948.651690909417
27083,14398.444408489566
27084,15980.210175687323
27085,16778.40481546149
27086,16709.285293544617
27087,17158.559572783957
27088,17158.559572783957
27089,19485.405155643395
27090,22995.094401385963
27091,23628.363861737686
27092,23393.733913991866
27093,23437.821877681465
27094,23426.203058086314
27095,23679.946715210615
27096,24437.09113437018
27097,24437.09113437018
27098,24175.537433510875
27099,23756.69406607445
27100,30545.04134460825
27101,30352.145836651885
27102,30352.145836651885
27103,31098.735079470185
27104,30913.30791543753
27105,30651.754214578224
27106,30161.199906685368
27107,30209.754578874163
27108,30202.1267499272
27109,31827.394941946895
27110,32824.474578807894
27111,32824.474578807894
27112,32562.92087794859
27113,32072.366570055732
27114,32315.845845976222
27115,32330.19057762591
27116,32330.19057762591
27117,42601.06385434558
27118,42601.06385434558
27119,42339.51015348628
27120,61360.93330993568
27121,61323.73173057229
27122,61338.07646222198
27123,61705.69051783301
27124,62512.57331685235
27125,62512.57331685235
27126,62251.01961599305
27127,61708.053302245185
27128,61638.93378032832
27129,61653.27851197801
27130,61568.00196404546
27131,62374.8847630648
27132,62374.8847630648
27133,62113.3310622055
27134,61622.77675431264
27135,61553.65723239577
27136,61895.347938853556
27137,62097.395593904424
27138,62904.27839292376
27139,62904.27839292376
27140,62642.72469206446
27141,62152.1703841716
27142,62083.050862254735
27143,61867.74217950235
27144,61765.95901298697
27145,62542.613054901856
27146,63114.14851220096
27147,62195.88727284899
27148,61805.433370085215
27149,61736.31384816835
27150,61650.55817468895
27151,0.0
27152,0.0
27153,0.0
27154,0.0
27155,0.0
27156,0.0
27157,0.0
27158,0.0
27159,0.0
27160,0.0
27161,0.0
27162,0.0
27163,0.0
27164,0.0
27165,0.0
27166,0.0
27167,0.0
27168,0.0
27169,0.0
27170,0.0
27171,0.0
27172,0.0
27173,0.0
27174,0.0
27175,0.0
27176,0.0
27177,0.0
27178,0.0
27179,0.0
27180,0.0
27181,0.0
27182,0.0
27183,0.0
27184,0.0
27185,0.0
27186,0.0
27187,0.0
27188,0.0
27189,0.0
27190,0.0
27191,0.0
27192,0.0
27193,0.0
27194,0.0
27195,0.0
27196,0.0
27197,0.0
27198,0.0
27199,0.0
27200,0.0
27201,0.0
27202,0.0
27203,0.0
27204,0.0
27205,0.0
27206,0.0
27207,0.0
27208,0.0
27209,0.0
27210,0.0
27211,0.0
27212,0.0
27213,0.0
27214,0.0
27215,0.0
27216,0.0
27217,0.0
27218,0.0
27219,0.0
27220,0.0
27221,0.0
27222,0.0
27223,0.0
27224,0.0
27225,0.0
27226,0.0
27227,0.0
27228,0.0
27229,0.0
27230,0.0
27231,0.0
27232,0.0
27233,0.0
27234,0.0
27235,0.0
27236,0.0
27237,0.0
27238,0.0
27239,0.0
27240,0.0
27241,0.0
27242,0.0
27243,0.0
27244,0.0
27245,0.0
27246,0.0
27247,0.0
27248,0.0
27249,0.0
27250,0.0
27251,0.0
27252,0.0
27253,0.0
27254,0.0
27255,0.0
27256,0.0
27257,0.0
27258,0.0
27259,0.0
27260,0.0
27261,0.0
27262,0.0
27263,0.0
27264,0.0
27265,0.0
27266,0.0
27267,0.0
27268,0.0
27269,0.0
27270,0.0
27271,0.0
27272,0.0
27273,0.0
27274,0.0
27275,0.0
27276,0.0
27277,0.0
27278,0.0
27279,0.0
27280,0.0
27281,0.0
27282,0.0
27283,0.0
27284,0.0
27285,0.0
27286,0.0
27287,0.0
27288,0.0
27289,0.0
27290,0.0
27291,0.0
27292,0.0
27293,0.0
27294,0.0
27295,0.0
27296,0.0
27297,0.0
27298,0.0
27299,0.0
27300,0.0
27301,0.0
27302,0.0
27303,0.0
27304,0.0
27305,0.0
27306,0.0
27307,0.0
27308,0.0
27309,0.0
27310,0.0
27311,0.0
27312,0.0
27313,0.0
27314,0.0
27315,0.0
27316,0.0
27317,0.0
27318,0.0
27319,0.0
27320,0.0
27321,0.0
27322,0.0
27323,0.0
27324,0.0
27325,0.0
27326,0.0
27327,0.0
27328,620.922536240112
27329,620.2836270301558
27330,275.90602753549143
27331,62.59256590963446
27332,0.0
27333,0.0
27334,0.0
27335,0.0
27336,0.0
27337,0.0
27338,629.4491965845802
27339,629.4289733752807
27340,0.0
27341,0.0
27342,0.0
27343,0.0
27344,0.0
27345,0.0
27346,0.0
27347,0.0
27348,0.0
27349,0.0
27350,0.0
27351,0.0
27352,0.0
27353,0.0
27354,15.042338889362286
27355,12.155360674899379
27356,16.046798989772306
27357,10.3779420082468
27358,1.8683586252942785
27359,4615.387911732708
27360,4944.244121680018
27361,5025.3646624964795
27362,5941.603487827373
27363,6976.090578425902
27364,10569.378438048496
27365,10585.899464961798
27366,10695.351912794826
27367,11406.078248442403
27368,11466.99597508245
27369,11458.6531406604
27370,11452.158860645666
27371,11456.73289924581
27372,11457.528463685114
27373,11445.742987547048
27374,13043.59793928952
27375,13066.965696654555
27376,13124.715787905174
27377,13071.230556450735
27378,13113.44880160446
27379,13159.671858609847
27380,13199.977405621885
27381,13204.616220792825
27382,13193.507052123245
27383,13216.17575024097
27384,13095.437157717119
27385,13057.865620663319
27386,13054.636632536456
27387,13161.43101091503
27388,13194.16168708281
27389,13194.628719102131
27390,14747.435493707588
27391,14665.271383645337
27392,14752.125063261115
27393,14745.63600275684
27394,15109.643827623353
27395,15148.506841720471
27396,15174.253156308754
27397,15294.432745195467
27398,15269.959458424362
27399,15337.8364911707
27400,15352.98710506676
27401,15354.078980738464
27402,15409.407513979526
27403,15400.272027149042
27404,15405.490395146013
27405,15403.25500671399
27406,15399.829471155948
27407,15392.64481336812
27408,15403.901606485486
27409,15380.686029762861
27410,15390.123183058024
27411,16004.8449458606
27412,19010.537370958355
27413,20325.38779632812
27414,20318.73894254722
27415,20341.23140231376
27416,20336.735254701583
27417,20347.704198657622
27418,20345.220191104618
27419,20340.956157136174
27420,22339.940792370635
27421,22324.775605655374
27422,22565.38777436713
27423,22556.05050664007
27424,22574.718741124067
27425,22640.772755968403
27426,22643.06894471077
27427,22638.871366952437
27428,22870.559686105003
27429,22967.874778978698
27430,23102.66505897041
27431,23115.04418946386
27432,23155.731881248554
27433,23139.215114111932
27434,23097.54128380181
27435,23084.355283432702
27436,23070.390441456602
27437,22820.498062084687
27438,22752.280425058903
27439,22705.547781060264
27440,22661.560033384634
27441,22621.981683333637
27442,22589.315499723
27443,22844.78143111976
27444,22500.122316955396
27445,23240.86772623729
27446,23246.485765753
27447,23249.46424412336
27448,23238.975106772075
27449,23233.03146150484
27450,23292.177162147047
27451,10966.171382953446
27452,10969.321867933002
27453,10966.840147629156
27454,10967.32284489508
27455,10945.791479561845
27456,10947.3094457629
27457,10961.775006231066
27458,10966.171382953446
27459,10969.321867933002
27460,10966.840147629156
27461,10967.32284489508
27462,10981.652181024856
27463,10983.170147225917
27464,11165.151946476035
27465,11169.548323198418
27466,11251.836891102836
27467,11249.35517079899
27468,11815.37244718667
27469,11794.37575401863
27470,12088.220322041603
27471,12102.685882509762
27472,12291.07975877461
27473,12294.553473798569
27474,12551.821879251771
27475,12551.791108371304
27476,12876.278833941204
27477,12877.796800142261
27478,12956.816466268918
27479,12961.212842991301
27480,13612.815615529327
27481,15817.358658972773
27482,15980.833534392543
27483,15956.32040373236
27484,16332.815383762256
27485,16347.138446744048
27486,16420.921209325305
27487,16425.71891737085
27488,16780.133411918316
27489,16744.887908343197
27490,18198.07085752904
27491,18203.355578396935
27492,18638.25101377238
27493,18642.35344573695
27494,18806.496860282256
27495,18804.01513997842
27496,18814.509635425537
27497,18823.47156220625
27498,18838.571393358136
27499,18853.129559166322
27500,19022.88290640116
27501,19027.641724867997
27502,19092.229122322344
27503,19057.09950824183
27504,19223.39209505376
27505,19228.67681592165
27506,19286.273871176076
27507,19290.417020724963
27508,19179.409593499735
27509,19703.308598736432
27510,19728.152875706783
27511,19744.35075653877
27512,19727.013651851154
27513,19750.720565544823
27514,19769.143116730305
27515,19771.16289831026
27516,19943.008491023604
27517,20648.944872896755
27518,20631.236706840853
27519,20651.253968505975
27520,20646.30559773494
27521,20624.281831816374
27522,20596.77322746429
27523,20577.112705980795
27524,20117.848598076063
27525,20042.353173086627
27526,19937.044555023855
27527,19933.5631788489
27528,19838.67219864231
27529,19774.28081964593
27530,19774.419894513823
27531,19748.674994606718
27532,19713.597283650368
27533,19576.726120084644
27534,19621.796750368278
27535,19700.318546242714
27536,19734.998043884487
27537,19750.924131142747
27538,19605.51215883165
27539,19922.156261936634
27540,21902.82378948359
27541,23258.266945240484
27542,23247.59642134235
27543,23302.20401122587
27544,24001.04343901474
27545,24475.694152465378
27546,25052.162829495363
27547,25057.200456427094
27548,25078.17303855857
27549,25194.63042124704
27550,25370.865716128705
27551,26300.40837027051
27552,27194.400332808655
27553,27405.52853779867
27554,27493.24814595661
27555,27706.25517018428
27556,28762.657995259306
27557,29214.14202781054
27558,29488.386195197123
27559,30495.132469299206
27560,30487.91087135655
27561,30599.743575961507
27562,30627.412375292923
27563,30726.916425624142
27564,30759.460419137373
27565,30762.493437770216
27566,30724.38890429096
27567,30647.263201608457
27568,30650.91050690266
27569,30711.475220138655
27570,33275.06193660195
27571,33390.737404051855
27572,33387.473375810805
27573,33288.982006950544
27574,33238.60283763509
27575,33269.77626587625
27576,33346.09330438918
27577,33577.57889086333
27578,33700.22054101387
27579,33709.53879208777
27580,33685.43127770798
27581,33641.804684866016
27582,33619.34908400963
27583,33881.17158542007
27584,33891.574660930586
27585,33947.10933436832
27586,34012.88363450572
27587,33839.010501943005
27588,33928.79907589461
27589,34590.09574161515
27590,34696.06575918161
27591,34668.59159760802
27592,35319.11264667248
27593,35318.66259605899
27594,35225.88828727001
27595,35175.163513314175
27596,35158.315731021125
27597,35338.57746395234
27598,35325.71207722727
27599,35369.102191523576
27600,35354.50984983828
27601,0.0
27602,0.0
27603,0.0
27604,0.0
27605,0.0
27606,0.0
27607,0.0
27608,0.0
27609,0.0
27610,0.0
27611,0.0
27612,0.0
27613,0.0
27614,0.0
27615,0.0
27616,0.0
27617,0.0
27618,0.0
27619,0.0
27620,0.0
27621,0.0
27622,0.0
27623,0.0
27624,0.0
27625,0.0
27626,0.0
27627,0.0
27628,0.0
27629,0.0
27630,0.0
27631,0.0
27632,0.0
27633,0.0
27634,0.0
27635,0.0
27636,0.0
27637,0.0
27638,0.0
27639,0.0
27640,0.0
27641,0.0
27642,0.0
27643,0.0
27644,0.0
27645,0.0
27646,0.0
27647,0.0
27648,0.0
27649,0.0
27650,0.0
27651,0.0
27652,0.0
27653,0.0
27654,0.0
27655,0.0
27656,0.0
27657,0.0
27658,0.0
27659,0.0
27660,0.0
27661,0.0
27662,0.0
27663,0.0
27664,0.0
27665,0.0
27666,0.0
27667,0.0
27668,0.0
27669,0.0
27670,0.0
27671,0.0
27672,0.0
27673,0.0
27674,0.0
27675,0.0
27676,0.0
27677,0.0
27678,0.0
27679,0.0
27680,0.0
27681,0.0
27682,0.0
27683,0.0
27684,0.0
27685,0.0
27686,0.0
27687,0.0
27688,0.0
27689,0.0
27690,0.0
27691,0.0
27692,0.0
27693,0.0
27694,0.0
27695,0.0
27696,0.0
27697,0.0
27698,0.0
27699,0.0
27700,0.0
27701,0.0
27702,0.0
27703,0.0
27704,0.0
27705,0.0
27706,0.0
27707,0.0
27708,0.0
27709,0.0
27710,0.0
27711,0.0
27712,0.0
27713,0.0
27714,0.0
27715,0.0
27716,0.0
27717,0.0
27718,0.0
27719,0.0
27720,0.0
27721,0.0
27722,0.0
27723,0.0
27724,0.0
27725,0.0
27726,0.0
27727,0.0
27728,0.0
27729,0.0
27730,0.0
27731,0.0
27732,0.0
27733,0.0
27734,0.0
27735,0.0
27736,0.0
27737,0.0
27738,0.0
27739,0.0
27740,0.0
27741,0.0
27742,0.0
27743,0.0
27744,0.0
27745,0.0
27746,0.0
27747,0.0
27748,0.0
27749,0.0
27750,0.0
27751,0.0
27752,0.0
27753,0.0
27754,0.0
27755,0.0
27756,0.0
27757,0.0
27758,0.0
27759,0.0
27760,0.0
27761,0.0
27762,0.0
27763,0.0
27764,0.0
27765,0.0
27766,32.24393553638663
27767,29.76221523254058
27768,65.49315725614225
27769,66.34971630825214
27770,104.93717924157306
27771,106.26385202320019
27772,210.4228920250069
27773,213.79922485382147
27774,471.0676303070342
27775,471.03685942656637
27776,726.459765402431
27777,727.9777316034902
27778,740.0208368384394
27779,735.8002312223557
27780,1373.0489369547763
27781,2802.23652582928
27782,2803.0773128622
27783,2804.1591391289503
27784,3176.8501345939567
27785,3178.0938769595073
27786,3202.049449264012
27787,3206.749775114432
27788,3444.725983049636
27789,3409.48047947451
27790,4759.211478141875
27791,4760.692214444907
27792,5182.228244503788
27793,5177.71640691765
27794,5209.5676321106575
27795,5207.085911806808
27796,5192.010253268469
27797,5227.554595215115
27798,5231.3597840426455
27799,5232.838629234616
27800,5265.9873612730025
27801,5270.648797544719
27802,5301.621756793419
27803,5266.49214271289
27804,5363.144023969152
27805,5364.624760272183
27806,5390.070845886574
27807,5384.612267645747
27808,5273.507458225385
27809,5303.347559181255
27810,5190.426962708551
27811,5226.451176751336
27812,5207.566558823667
27813,5218.194151901119
27814,5209.2689528960345
27815,5223.40377974099
27816,5395.249372454319
27817,6118.038459563068
27818,6126.912708673102
27819,6106.341115624012
27820,6088.313424236751
27821,6035.392540488133
27822,6007.584966202452
27823,5987.598144960005
27824,5528.334037055275
27825,5422.865878978947
27826,5322.278958111802
27827,5284.090746030937
27828,5179.598038034646
27829,5118.721375391281
27830,5129.209899825975
27831,5095.132243965338
27832,5094.952630705566
27833,4954.277482574981
27834,5039.955115272759
27835,5064.112277365803
27836,5102.55461088297
27837,5129.686935708061
27838,4994.712955913984
27839,5337.93947418491
27840,7274.397597585488
27841,8616.7614327261
27842,8597.055778523107
27843,8651.655737735693
27844,9350.495165524555
27845,9816.945505562539
27846,10420.470259522952
27847,10422.175198925437
27848,10429.612887264953
27849,10518.30648738943
27850,10581.985640551446
27851,11514.160903809248
27852,12322.305374266676
27853,12464.692989738185
27854,12499.74404886853
27855,12678.61310467972
27856,13381.69217628136
27857,13806.330986176672
27858,14004.759451542164
27859,14940.039781698613
27860,14959.874260686378
27861,15067.902980726483
27862,15085.79879196367
27863,15175.701114505197
27864,15207.76695535847
27865,15210.799973991301
27866,15166.972947500866
27867,15116.929392279255
27868,15116.772713008602
27869,15163.784443863871
27870,17548.40664699156
27871,17633.172294212436
27872,17629.908265971397
27873,17531.23925711905
27874,17505.654508209725
27875,17522.832680752916
27876,17508.648191639946
27877,17722.051116827573
27878,17810.52304452324
27879,17793.0124406472
27880,17766.355091726466
27881,17743.01640886212
27882,17700.045166468553
27883,17732.17051844665
27884,17732.971866167478
27885,17788.205365337315
27886,17853.979665474708
27887,17680.08046238155
27888,17797.348744231913
27889,18355.495962661054
27890,18400.185997338787
27891,18363.110107975488
27892,18969.038682521466
27893,18899.285733243287
27894,18803.657198158184
27895,18780.745596908197
27896,18759.767416803374
27897,18799.059910728523
27898,18769.956734807132
27899,18813.249466908277
27900,18794.638199861303
27901,0.0
27902,0.0
27903,0.0
27904,0.0
27905,0.0
27906,0.0
27907,0.0
27908,0.0
27909,0.0
27910,1677.9735311796187
27911,1440.1262003166132
27912,1318.6879808879705
27913,1240.4033181068296
27914,1958.1607674390423
27915,2247.2381071779796
27916,3319.333561728845
27917,3047.36179867883
27918,7328.302268692715
27919,7484.917907027554
27920,7653.247157510062
27921,0.0
27922,0.0
27923,0.0
27924,0.0
27925,0.0
27926,0.0
27927,0.0
27928,0.0
27929,0.0
27930,0.0
27931,4.986326671222119
27932,0.0
27933,3.2351509821240247
27934,0.0
27935,0.0
27936,0.0
27937,0.0
27938,0.0
27939,0.0
27940,1.7329010481280498
27941,3.213637351158915
27942,14.100325423985208
27943,8.371279512419697
27944,3.5317265434877974
27945,1.2512970480755161
27946,0.0
27947,1.6225595297121336
27948,0.0
27949,1.1185209532257572
27950,0.0
27951,0.0
27952,0.0
27953,0.0
27954,0.0
27955,0.0
27956,0.0
27957,0.0
27958,0.0
27959,0.0
27960,0.0
27961,0.0
27962,0.0
27963,0.0
27964,0.0
27965,0.0
27966,0.0
27967,0.0
27968,0.0
27969,0.0
27970,0.0
27971,0.0
27972,0.0
27973,0.0
27974,258.60784490524367
27975,121.55446648419961
27976,21.600381636288958
27977,0.0
27978,204.06751486148661
27979,73.1844177415594
27980,83.87423298468796
27981,87.92760278381112
27982,57.68182517781144
27983,0.0
27984,4.552596710898085
27985,0.0
27986,0.0
27987,0.0
27988,0.0
27989,53.67151444662922
27990,1784.2546931395234
27991,2455.8502746089566
27992,2429.1144276022146
27993,2480.378342852177
27994,3196.6886843400807
27995,3891.534568310926
27996,4464.199308601406
27997,4470.462101362121
27998,4479.965300073996
27999,4630.808331633166
28000,5892.465379496656
28001,6851.874006272427
28002,8353.063487842146
28003,9311.362291958509
28004,9504.41291016325
28005,9685.26076727632
28006,12504.279133803582
28007,13371.53010947464
28008,13919.139001196356
28009,14891.853779948962
28010,15036.048293936197
28011,15144.077013976299
28012,15542.925283575381
28013,15631.960587944699
28014,16101.696144844176
28015,16104.677336282566
28016,15822.15833566226
28017,16739.532533933183
28018,16739.375854662518
28019,16913.391317710662
28020,31436.507253887725
28021,31517.979656418935
28022,31515.757182645095
28023,31241.671221147782
28024,31455.332756176158
28025,31472.51092871935
28026,33381.75721997286
28027,34871.412490858675
28028,36552.12516508578
28029,37081.67121868628
28030,36868.397118626635
28031,37084.221858989724
28032,37616.598350351975
28033,38851.05277759398
28034,38850.62497056257
28035,39720.99731279292
28036,39787.04429741004
28037,39534.60397665466
28038,39883.02839504664
28039,40492.61144389481
28040,40559.56209996698
28041,40862.53714574622
28042,41720.599842686526
28043,41706.712966568826
28044,42107.73120072163
28045,42320.78394434921
28046,42352.94903149286
28047,42462.933807265035
28048,42499.08615680973
28049,42542.359254205665
28050,42523.718011999656
28051,0.0
28052,0.0
28053,0.0
28054,0.0
28055,0.0
28056,0.0
28057,0.0
28058,0.0
28059,0.0
28060,0.0
28061,0.0
28062,0.0
28063,0.0
28064,0.0
28065,0.0
28066,0.0
28067,0.0
28068,0.0
28069,0.0
28070,0.0
28071,0.0
28072,0.0
28073,0.0
28074,0.0
28075,0.0
28076,0.0
28077,0.0
28078,0.0
28079,0.0
28080,2.5748985818822807
28081,10.014269639833834
28082,0.0
28083,0.0
28084,0.0
28085,0.0
28086,0.0
28087,0.0
28088,0.0
28089,0.0
28090,0.0
28091,0.0
28092,0.0
28093,0.0
28094,0.0
28095,0.0
28096,0.0
28097,0.0
28098,0.0
28099,0.0
28100,0.0
28101,0.0
28102,0.0
28103,0.0
28104,0.451409056912991
28105,0.04194852965968319
28106,19.82448836817348
28107,18.992381927539594
28108,16.589484785616467
28109,35.0826247533188
28110,2.081697127700629
28111,0.8639206249407817
28112,0.0
28113,0.0
28114,0.0
28115,2.4030871198298556
28116,0.0
28117,0.0
28118,0.0
28119,0.0
28120,0.0
28121,0.0
28122,0.0
28123,0.0
28124,0.0
28125,0.0
28126,0.0
28127,0.0
28128,0.0
28129,0.0
28130,0.0
28131,0.0
28132,0.0
28133,0.0
28134,0.0
28135,0.0
28136,0.0
28137,0.0
28138,0.0
28139,0.0
28140,0.0
28141,0.0
28142,0.0
28143,0.0
28144,0.0
28145,0.0
28146,0.0
28147,0.0
28148,0.0
28149,0.0
28150,0.0
28151,0.0
28152,0.0
28153,0.0
28154,0.0
28155,0.0
28156,0.0
28157,0.0
28158,0.0
28159,0.0
28160,0.0
28161,0.0
28162,0.0
28163,0.0
28164,0.0
28165,0.0
28166,0.0
28167,0.0
28168,0.0
28169,0.0
28170,0.0
28171,0.0
28172,0.0
28173,0.0
28174,0.0
28175,0.0
28176,0.0
28177,28.690140403422642
28178,55.45327471026018
28179,34.45546190783647
28180,29.8834232000154
28181,0.0
28182,0.0
28183,0.0
28184,0.0
28185,7.656121587140715
28186,7.8614130781696225
28187,4.2932324896661145
28188,0.0
28189,0.0
28190,0.0
28191,0.0
28192,17.876508004622437
28193,6.389408272255501
28194,0.7634091350654526
28195,0.0
28196,0.0
28197,27.075916118538522
28198,37.190236975498806
28199,74.42203732953097
28200,52.18146373294132
28201,0.0
28202,0.0
28203,0.0
28204,0.0
28205,0.0
28206,0.0
28207,0.0
28208,0.0
28209,0.0
28210,0.0
28211,0.0
28212,0.0
28213,0.0
28214,0.0
28215,0.0
28216,0.0
28217,0.0
28218,0.0
28219,0.0
28220,0.0
28221,0.0
28222,0.0
28223,0.0
28224,0.0
28225,0.0
28226,1.0651224625368032
28227,1.1355731479183442
28228,0.0
28229,0.0
28230,23.87391686498366
28231,31.031395668635913
28232,0.0
28233,0.0
28234,5.502738708617305
28235,6.7528629480964995
28236,7.260927464961346
28237,6.325620925906654
28238,0.0
28239,0.0
28240,0.0
28241,0.0
28242,3.7502114874309207
28243,3.508888480457811
28244,0.0
28245,0.0
28246,0.0
28247,0.0
28248,0.0
28249,0.0
28250,0.0
28251,0.0
28252,0.0
28253,0.0
28254,0.0
28255,0.0
28256,0.0
28257,0.0
28258,0.0
28259,48.568950274579336
28260,12.968809683866429
28261,15.342824279259876
28262,0.0
28263,5.523013185875062
28264,3.5439548691386555
28265,11.793870014589395
28266,14.66071817078133
28267,0.0
28268,0.0
28269,7.699342981133844
28270,6.861858930953272
28271,29.400681941928415
28272,0.8639261449504408
28273,0.0
28274,0.0
28275,0.0
28276,0.0
28277,0.0
28278,0.0
28279,0.0
28280,0.0
28281,0.0
28282,0.0
28283,0.0
28284,0.0
28285,0.0
28286,0.0
28287,0.0
28288,0.0
28289,0.0
28290,0.0
28291,175.75059443670045
28292,171.38964466657546
28293,167.70270076103037
28294,149.07896478653007
28295,179.87270298804196
28296,189.688112614968
28297,200.17234023544208
28298,230.0752292953925
28299,279.01662849445245
28300,330.3954245200208
28301,451.29788167806504
28302,540.6222491346208
28303,700.4851958101408
28304,740.1675188145798
28305,907.3003513716733
28306,1302.3490357871203
28307,1411.9575777503817
28308,1426.1501915309257
28309,1494.3212763930533
28310,1498.7103751886052
28311,1603.713075299708
28312,1615.2085070478743
28313,1615.9017163554427
28314,1831.8062881488695
28315,1830.5846475906483
28316,1839.3949147901137
28317,1958.686337002837
28318,1953.4583876232273
28319,1979.1479025081328
28320,2421.6653364043154
28321,2475.792675338704
28322,2469.3051804183906
28323,2463.3501311032223
28324,2469.7435108178156
28325,2490.4266207917954
28326,2575.3788380842498
28327,2827.9722661225883
28328,2812.1313151748727
28329,2854.2383347218706
28330,2904.7918711662014
28331,2903.6157437878605
28332,2902.2103109660643
28333,2899.96373804146
28334,2901.2588161128806
28335,2889.2296540958414
28336,2891.7993157328474
28337,2896.5446046788893
28338,2876.1693860967634
28339,2845.2648056178746
28340,2836.4387075157647
28341,2834.7176801149126
28342,2802.6910525899825
28343,2796.979988612615
28344,2796.2710123365764
28345,2786.8426697620653
28346,2819.987061939872
28347,2763.049483704592
28348,2732.329521365116
28349,2721.21862583153
28350,2703.9127183453097
28351,0.0
28352,0.0
28353,0.0
28354,0.0
28355,0.0
28356,0.0
28357,0.0
28358,0.0
28359,0.0
28360,0.0
28361,0.0
28362,0.0
28363,0.0
28364,0.0
28365,0.0
28366,0.0
28367,0.0
28368,0.0
28369,0.0
28370,0.0
28371,0.0
28372,4645.223612475987
28373,0.0
28374,0.0
28375,0.0
28376,0.0
28377,0.0
28378,0.0
28379,0.0
28380,18.904666307934153
28381,28.541904855524102
28382,2.252854178449358
28383,2.9219965983594935
28384,0.3334309633225257
28385,1.0990897147832719
28386,0.5903573106146519
28387,0.06394388171546714
28388,0.0
28389,0.0
28390,0.0
28391,0.0
28392,1.1456279953555435
28393,1.171070164642288
28394,0.0
28395,0.0
28396,0.0
28397,0.0
28398,0.0
28399,0.0
28400,0.0
28401,0.0
28402,0.0
28403,0.0
28404,0.0
28405,0.0
28406,0.0
28407,0.0
28408,0.0
28409,0.0
28410,0.0
28411,0.0
28412,0.0
28413,2.830054415972388
28414,0.0
28415,0.0
28416,0.0
28417,7.089337666512467
28418,6.304557122014951
28419,20.66123825162254
28420,56.538544492078394
28421,77.48634650825983
28422,88.0487329832468
28423,62.77465241182999
28424,47.96265807002422
28425,0.0
28426,0.0
28427,0.0
28428,0.0
28429,0.0
28430,0.0
28431,0.0
28432,0.0
28433,0.0
28434,0.0
28435,0.0
28436,0.0
28437,0.0
28438,0.0
28439,0.0
28440,0.0
28441,0.0
28442,0.0
28443,0.0
28444,0.0
28445,0.0
28446,0.0
28447,0.0
28448,0.0
28449,0.0
28450,0.0
28451,91.96583213715448
28452,161.02492484988966
28453,234.37685107341642
28454,246.89077612532677
28455,312.74359327262187
28456,1292.1209890801072
28457,1402.0517702895881
28458,1413.0395529579828
28459,1386.5885348615054
28460,1391.2352484578503
28461,1491.2531087829352
28462,1530.3707436923228
28463,1529.8269010285512
28464,1750.574192617112
28465,1749.770253808622
28466,1736.7677290715592
28467,1877.8873686169602
28468,1921.3484221564122
28469,2062.9093879466986
28470,3642.1293489659474
28471,3697.791738477238
28472,4286.830967493107
28473,4374.147298032182
28474,4480.803571798794
28475,4715.813721077212
28476,5346.84795398834
28477,5736.065172203655
28478,6075.5557009591685
28479,6132.519587238039
28480,7173.2426088037655
28481,7753.682306141257
28482,7936.3963230117015
28483,8053.9673001688725
28484,8054.711470991909
28485,8046.550631031823
28486,8049.58717586949
28487,8036.062205096436
28488,8165.390640538065
28489,8141.082736921628
28490,8324.344551342361
28491,8535.892745502184
28492,8576.504026325492
28493,8580.991379218434
28494,8956.780214774515
28495,8946.624689242852
28496,9053.183797158566
28497,9117.157049838968
28498,9353.780726153092
28499,9475.015271162452
28500,9581.98581026669
28501,0.0
28502,0.0
28503,0.0
28504,0.0
28505,0.0
28506,0.0
28507,0.09598801683527777
28508,0.0
28509,0.0
28510,0.0
28511,0.0
28512,0.0
28513,0.02741167719972587
28514,0.0
28515,0.0
28516,0.0
28517,0.0
28518,0.0
28519,0.22536611563137202
28520,0.0
28521,0.0
28522,0.0
28523,0.0
28524,0.0
28525,0.0
28526,0.0
28527,0.0
28528,0.0
28529,0.0
28530,0.0
28531,0.0
28532,0.0
28533,0.0
28534,0.0
28535,0.0
28536,0.0
28537,0.0
28538,0.0
28539,0.0
28540,0.0
28541,0.0
28542,0.0
28543,0.0
28544,0.0
28545,0.0
28546,0.0
28547,0.0
28548,0.0
28549,0.0
28550,0.0
28551,0.0
28552,0.0
28553,0.0
28554,0.0
28555,0.0
28556,0.0
28557,0.0
28558,0.0
28559,0.0
28560,0.0
28561,0.0
28562,0.0
28563,0.0
28564,0.0
28565,0.0
28566,0.0
28567,0.0
28568,0.0
28569,0.0
28570,0.0
28571,0.0
28572,0.0
28573,0.0
28574,1.003090874280388
28575,5.5418063630759855
28576,3.6099747089466767
28577,5.178015786869932
28578,11.43472889052122
28579,4.223409785850565
28580,2.9639934000573036
28581,27.558135067723352
28582,11.988105716732534
28583,16.86471078203451
28584,28.902558705390472
28585,18.71745374938363
28586,0.0
28587,0.0
28588,0.0
28589,0.0
28590,0.0
28591,0.0
28592,0.0
28593,0.0
28594,0.0
28595,0.0
28596,0.0
28597,0.0
28598,0.0
28599,0.0
28600,0.0
28601,0.0
28602,0.0
28603,0.0
28604,0.0
28605,0.0
28606,0.0
28607,11.646212869053134
28608,10.149663389712334
28609,0.0
28610,8.35492297644825
28611,80.94581756566437
28612,116.67265405137994
28613,104.76006460611451
28614,208.55588352261975
28615,203.90672905238495
28616,168.6431390231341
28617,316.6407827897045
28618,338.03886978673404
28619,458.5333277076038
28620,1791.881368527085
28621,1841.798455842312
28622,2431.5134560365336
28623,2519.321236941651
28624,2649.9114759143094
28625,2862.858658650306
28626,3491.0273478013087
28627,3858.5716746027965
28628,4215.047983562109
28629,4279.043678444199
28630,5320.200770725739
28631,5918.449099068087
28632,6080.202430667891
28633,6165.804857647763
28634,6167.136889800457
28635,6159.661255377567
28636,6161.555875596338
28637,6075.406546631843
28638,6234.973281970729
28639,6185.8152710551185
28640,6368.715765078298
28641,6588.585333197583
28642,6649.079952596951
28643,6654.468340352315
28644,7043.5061497684965
28645,7050.043722603371
28646,7135.62163439578
28647,7232.6156852598615
28648,7472.915024874589
28649,7607.6957885405
28650,7718.1391176869265
28651,0.0
28652,0.0
28653,0.0
28654,0.0
28655,0.0
28656,0.0
28657,0.0
28658,0.0
28659,0.0
28660,0.0
28661,0.0
28662,0.0
28663,0.0
28664,0.0
28665,0.0
28666,0.0
28667,0.0
28668,0.0
28669,0.3654945482854558
28670,0.0313895304630297
28671,0.053212579903521046
28672,0.0
28673,0.0
28674,0.0
28675,0.0
28676,0.03743192276430115
28677,0.04692932108272411
28678,0.07192701636034467
28679,0.01463972001855327
28680,0.0
28681,0.0
28682,0.0
28683,0.0
28684,0.0
28685,0.0
28686,0.0
28687,0.0
28688,0.0
28689,0.0
28690,0.0
28691,0.0
28692,0.0
28693,0.0
28694,0.03425833201519536
28695,0.0
28696,0.0
28697,0.0
28698,0.0
28699,0.0
28700,0.7903369493873917
28701,0.7307665490177653
28702,0.4659722236431545
28703,0.029596692323553244
28704,0.0
28705,0.0
28706,0.16621100674819383
28707,1.0436222415807785
28708,0.3920857616029557
28709,1.7695480427678132
28710,0.0
28711,0.0
28712,0.0
28713,0.0
28714,0.0
28715,0.0
28716,0.0
28717,0.0
28718,0.0
28719,0.0
28720,0.0
28721,0.0
28722,0.0
28723,0.0
28724,0.0
28725,0.0
28726,0.0
28727,0.0
28728,0.0
28729,0.0
28730,0.0
28731,0.0
28732,0.0
28733,0.0
28734,0.0
28735,0.0
28736,0.0
28737,0.0
28738,0.0
28739,0.0
28740,0.0
28741,0.0
28742,0.0
28743,0.0
28744,0.0
28745,0.0
28746,0.0
28747,0.0
28748,0.0
28749,0.0
28750,0.0
28751,0.0
28752,0.0
28753,0.0
28754,0.0
28755,0.0
28756,0.0
28757,0.0
28758,0.0
28759,0.0
28760,0.0
28761,0.0
28762,0.0
28763,0.0
28764,0.0
28765,0.0
28766,0.0
28767,0.0
28768,0.0
28769,97.19188682637856
28770,1149.8934964382947
28771,1200.385095902702
28772,1789.9547535908762
28773,1899.543363723926
28774,2037.5789809850482
28775,2190.1216897816626
28776,2750.075727560088
28777,3080.5347129836446
28778,3444.6516967320586
28779,3508.502049108097
28780,4571.439970617577
28781,5177.231722996414
28782,5338.952064477253
28783,5394.735637069402
28784,5396.117487113626
28785,5395.182662575085
28786,5396.931940287809
28787,5333.972326779928
28788,5514.351947178487
28789,5474.929116892877
28790,5628.215424055382
28791,5849.119265513956
28792,5910.120136220998
28793,5916.169394018167
28794,6283.292441869763
28795,6296.927883787061
28796,6347.526382194294
28797,6416.145225358843
28798,6436.7928494337875
28799,6443.163882756184
28800,6446.6470924078585
28801,0.0
28802,0.0
28803,0.0
28804,0.06773214367837152
28805,0.0
28806,0.0
28807,0.0
28808,0.0
28809,0.0
28810,0.0
28811,0.06773214367837152
28812,0.0
28813,0.0
28814,0.0
28815,0.0
28816,0.0
28817,0.0
28818,0.40480248882979547
28819,0.3903983906860312
28820,0.0
28821,0.023122120672548183
28822,0.047269721264288925
28823,0.028422018051953216
28824,0.0
28825,0.0
28826,0.0192060080152292
28827,0.0
28828,0.0
28829,0.0
28830,0.0
28831,0.0
28832,0.0
28833,0.0
28834,0.0
28835,0.0
28836,0.0
28837,0.0
28838,0.0
28839,0.0
28840,0.0
28841,0.0
28842,0.0
28843,0.0
28844,0.039613628972027116
28845,0.0
28846,0.12330786727811861
28847,0.032859233222387575
28848,0.0
28849,0.11338934307049049
28850,0.013997405071924934
28851,0.0
28852,0.0
28853,0.03795368728336544
28854,0.08163290696125461
28855,0.01935582964756732
28856,0.40719665667402544
28857,0.39473368029340394
28858,0.0
28859,0.6764294395503302
28860,0.0
28861,0.0
28862,0.0
28863,0.0
28864,0.0
28865,0.0
28866,0.0
28867,0.0
28868,0.0
28869,0.0
28870,0.0
28871,0.0
28872,0.0
28873,0.0
28874,0.0
28875,0.0
28876,0.0
28877,0.0
28878,0.0
28879,0.9398025083509391
28880,0.0
28881,0.0
28882,0.0
28883,0.0
28884,1.4992116443849677
28885,8.23179711317706
28886,11.597478608989586
28887,24.640653677399733
28888,11.249703381333308
28889,7.145314274903644
28890,34.625515099898266
28891,0.0
28892,1.6423997831614623
28893,1.177646371740983
28894,0.0
28895,0.0
28896,0.0
28897,0.0
28898,0.0
28899,0.0
28900,0.0
28901,0.0
28902,0.0
28903,27.89811335697926
28904,25.76837137646267
28905,31.082375825327116
28906,0.9200244803643003
28907,0.0
28908,0.0
28909,0.0
28910,0.0
28911,0.0
28912,0.0
28913,0.0
28914,0.0
28915,0.0
28916,0.0
28917,0.0
28918,0.0
28919,0.0
28920,0.0
28921,0.0
28922,0.0
28923,0.0
28924,0.0
28925,0.0
28926,0.0
28927,0.0
28928,0.0
28929,0.0
28930,0.0
28931,0.0
28932,0.0
28933,2.8594265675819743
28934,2.791056517850496
28935,1.9094332151924338
28936,3.444634368115919
28937,0.0
28938,0.0
28939,0.0
28940,0.0
28941,0.0
28942,0.0
28943,0.0
28944,0.0
28945,0.0
28946,0.0
28947,0.0
28948,0.0
28949,0.0
28950,0.0
28951,0.0
28952,0.0
28953,0.0
28954,0.0
28955,0.0
28956,0.0
28957,0.0
28958,0.0
28959,0.0
28960,0.0
28961,0.0
28962,0.0
28963,0.0
28964,0.0
28965,0.0
28966,0.0
28967,0.0
28968,0.0
28969,0.0
28970,0.0
28971,0.0
28972,0.0
28973,0.0
28974,0.0
28975,0.0
28976,0.0
28977,0.0
28978,0.0
28979,0.0
28980,0.0
28981,0.0
28982,0.0
28983,0.0
28984,0.0
28985,0.0
28986,0.0
28987,0.0
28988,0.0
28989,0.0
28990,0.0
28991,0.0
28992,0.0
28993,0.0
28994,0.0
28995,0.0
28996,0.0
28997,0.0
28998,0.0
28999,0.0
29000,0.0
29001,0.0
29002,0.0
29003,0.0
29004,0.0
29005,0.0
29006,0.0
29007,0.0
29008,0.0
29009,2.6854612178060013
29010,1.0644066770101135
29011,1.1861465368436226
29012,0.5121117758900243
29013,0.32879404262737266
29014,0.03672125950262949
29015,0.0
29016,0.14761366166303966
29017,0.014211316379823227
29018,0.7257417148723181
29019,0.6824313424317426
29020,0.06729660406153845
29021,0.0
29022,0.0
29023,0.0
29024,0.0
29025,0.0
29026,0.0
29027,0.0
29028,0.0
29029,0.0
29030,0.0
29031,0.0
29032,0.0
29033,0.0
29034,0.0
29035,0.811618908300427
29036,11.370762880951077
29037,20.550176184718442
29038,0.0
29039,0.0
29040,0.0
29041,0.0
29042,0.0
29043,0.0
29044,0.0
29045,0.0
29046,0.0
29047,0.0
29048,0.0
29049,0.0
29050,0.0
29051,0.0
29052,0.0
29053,20.097006011661314
29054,18.51771241099347
29055,28.71961366528956
29056,22.446601079651412
29057,24.963709210989887
29058,27.81712805464344
29059,0.0
29060,0.0
29061,0.0
29062,0.0
29063,0.0
29064,0.0
29065,0.0
29066,0.0
29067,0.0
29068,0.0
29069,0.0
29070,0.0
29071,0.0
29072,0.0
29073,0.0
29074,0.0
29075,0.0
29076,0.0
29077,0.0
29078,0.0
29079,0.0
29080,0.0
29081,0.0
29082,0.0
29083,0.0
29084,0.0
29085,0.0
29086,0.0
29087,0.0
29088,0.0
29089,0.0
29090,0.0
29091,0.0
29092,0.0
29093,0.0
29094,8.75283516460546
29095,8.508515925441586
29096,10.824242831785925
29097,3.0784704201784963
29098,4.867672325761291
29099,0.42107743671211834
29100,5.536338406298508
29101,0.0
29102,0.0
29103,0.0005423017184018213
29104,0.17220688548144786
29105,0.1293537218370578
29106,0.13274877242163396
29107,0.007082628807239419
29108,0.0
29109,0.0
29110,0.0005423017184018213
29111,0.17220688548144786
29112,0.1378951399876553
29113,0.14129019057223163
29114,0.0
29115,0.0
29116,0.0
29117,0.0
29118,0.057276887495522066
29119,0.11201874501339769
29120,0.0
29121,0.0
29122,0.0
29123,0.0
29124,0.0
29125,0.0
29126,0.0
29127,0.0
29128,0.0
29129,0.0
29130,0.0
29131,0.0
29132,0.0
29133,0.0
29134,0.0
29135,0.0
29136,0.0
29137,0.0
29138,0.0
29139,0.1258729360047074
29140,0.11818771845844034
29141,0.12163632385581703
29142,0.0
29143,0.0
29144,0.0
29145,0.0
29146,0.06653517500088954
29147,0.08159785998521243
29148,0.0
29149,0.0
29150,0.0
29151,0.0
29152,0.0
29153,0.1530900774529636
29154,0.012486546487745106
29155,0.015935151885121887
29156,0.06343234988905377
29157,0.0
29158,0.0
29159,0.0
29160,0.0
29161,0.0
29162,0.0
29163,0.0
29164,0.0
29165,0.0
29166,0.0
29167,0.0
29168,0.0
29169,0.0
29170,0.0
29171,0.0
29172,0.0
29173,0.0
29174,0.0
29175,0.0
29176,0.0
29177,0.0
29178,0.0
29179,0.0
29180,0.0
29181,0.0
29182,0.0
29183,0.0
29184,0.0
29185,0.0
29186,0.0
29187,0.0
29188,5.325370063720553
29189,0.0
29190,0.8372532053216059
29191,0.0
29192,0.3990488935081502
29193,0.30539521662065505
29194,0.4000655183246311
29195,0.0
29196,0.0
29197,0.0
29198,0.0
29199,0.0
29200,0.0
29201,0.0
29202,0.0
29203,0.0
29204,0.0
29205,0.0
29206,0.0
29207,0.0
29208,0.0
29209,0.0
29210,0.9456598238283622
29211,0.5577348624166589
29212,0.7384202357768095
29213,0.4072239487328244
29214,4.258556163164349
29215,2.85968443355879
29216,1.1737048375668937
29217,0.9373857202590592
29218,0.8830166836669934
29219,0.9220503331627926
29220,0.0
29221,0.0
29222,0.0
29223,0.0
29224,0.2937574530319669
29225,0.9197117796888368
29226,0.8347071631546478
29227,0.0
29228,0.0
29229,0.0
29230,0.0
29231,0.0
29232,0.0
29233,0.0
29234,0.0
29235,0.0
29236,0.0
29237,0.0
29238,0.15561576061331775
29239,0.0
29240,0.0
29241,0.0
29242,0.0
29243,0.0
29244,0.0
29245,0.0
29246,0.0
29247,0.0
29248,0.0
29249,0.0
29250,0.0
29251,0.0
29252,0.0
29253,0.0
29254,0.0
29255,0.0
29256,0.0
29257,0.0
29258,0.0
29259,0.0
29260,0.0
29261,0.0
29262,0.0
29263,0.0
29264,0.0
29265,0.0
29266,0.0
29267,0.0
29268,0.0
29269,0.0
29270,0.0
29271,0.0
29272,0.0
29273,0.0
29274,0.0
29275,0.0
29276,0.0
29277,0.0
29278,0.0
29279,0.0
29280,0.0
29281,0.0
29282,0.0
29283,0.0
29284,0.0
29285,0.0
29286,0.0
29287,0.0
29288,0.0
29289,0.0
29290,0.0
29291,0.0
29292,0.0
29293,0.0
29294,0.0
29295,0.0
29296,0.0
29297,0.0
29298,0.0
29299,0.0
29300,0.0
29301,0.0
29302,0.0
29303,0.0
29304,0.0
29305,0.0
29306,0.0
29307,0.0
29308,0.0
29309,0.0
29310,0.0
29311,0.0
29312,0.0
29313,0.0
29314,0.0
29315,0.0
29316,0.0
29317,0.0
29318,0.0
29319,0.0
29320,0.0
29321,0.0
29322,0.0
29323,0.0
29324,0.0
29325,0.0
29326,0.0
29327,0.0
29328,0.0
29329,0.0
29330,0.0
29331,0.0
29332,0.0
29333,0.0
29334,0.0
29335,0.0
29336,0.0
29337,0.0
29338,0.0
29339,0.0
29340,0.0
29341,0.0
29342,0.0
29343,0.0
29344,0.0
29345,0.0
29346,0.0
29347,0.0
29348,0.0
29349,0.0
29350,0.0
29351,0.0
29352,0.0
29353,0.0
29354,0.0
29355,0.0
29356,0.0
29357,0.0
29358,0.0
29359,0.0
29360,0.0
29361,0.0
29362,0.0
29363,0.0
29364,0.0
29365,0.0
29366,0.0
29367,0.0
29368,0.0
29369,0.0
29370,0.0
29371,0.0
29372,0.0
29373,0.0
29374,0.0
29375,0.0
29376,0.0
29377,0.0
29378,0.0
29379,0.0
29380,0.0
29381,0.0
29382,0.0
29383,0.0
29384,0.0
29385,0.0
29386,0.0
29387,0.0
29388,0.0
29389,0.0
29390,0.0
29391,0.0
29392,0.0
29393,0.0
29394,0.0
29395,0.0
29396,0.0
29397,0.0
29398,0.0
29399,0.0
29400,0.0
29401,0.0
29402,0.0
29403,0.0
29404,0.0
29405,0.0
29406,0.0
29407,0.0
29408,0.0
29409,0.0
29410,0.0
29411,0.0
29412,0.0
29413,0.0
29414,0.0
29415,0.0
29416,0.0
29417,0.0
29418,0.0
29419,0.0
29420,0.0
29421,0.0
29422,0.0
29423,0.0
29424,0.0
29425,0.0
29426,0.0
29427,0.0
29428,0.0
29429,0.0
29430,0.0
29431,0.0
29432,0.0
29433,0.0
29434,0.0
29435,0.0
29436,0.0
29437,0.0
29438,0.0
29439,0.0
29440,0.0
29441,0.0
29442,0.0
29443,0.0
29444,0.0
29445,0.0
29446,0.0
29447,0.0
29448,0.0
29449,0.0
29450,0.0
29451,0.0
29452,0.0
29453,0.0
29454,0.0
29455,0.0
29456,0.0
29457,0.0
29458,0.0
29459,0.0
29460,0.0
29461,0.0
29462,0.0
29463,0.0
29464,0.0
29465,0.0
29466,0.0
29467,0.0
29468,0.0
29469,0.0
29470,0.0
29471,0.0
29472,0.0
29473,0.0
29474,0.0
29475,0.0
29476,0.0
29477,0.0
29478,0.0
29479,0.0
29480,0.0
29481,0.0
29482,0.0
29483,0.0
29484,0.0
29485,0.0
29486,0.0
29487,0.0
29488,0.0
29489,0.0
29490,0.0
29491,0.0
29492,0.0
29493,0.0
29494,0.0
29495,0.0
29496,0.0
29497,0.0
29498,0.0
29499,0.0
29500,0.0
29501,0.0
29502,0.0
29503,0.0
29504,0.0
29505,0.0
29506,0.0
29507,0.0
29508,0.0
29509,0.0
29510,0.0
29511,0.0
29512,0.0
29513,0.0
29514,0.0
29515,0.0
29516,0.0
29517,0.0
29518,0.0
29519,0.0
29520,0.0
29521,0.0
29522,0.0
29523,0.0
29524,0.0
29525,0.0
29526,0.0
29527,0.0
29528,0.0
29529,0.0
29530,0.0
29531,0.0
29532,0.0
29533,0.0
29534,0.0
29535,0.0
29536,0.0
29537,0.0
29538,0.0
29539,0.0
29540,0.0
29541,0.0
29542,0.0
29543,0.0
29544,0.0
29545,0.0
29546,0.0
29547,0.0
29548,0.0
29549,0.0
29550,0.0
29551,0.0
29552,0.0
29553,0.0
29554,0.0
29555,0.0
29556,0.0
29557,0.0
29558,0.0
29559,0.0
29560,0.0
29561,0.0
29562,0.0
29563,0.0
29564,0.0
29565,0.0
29566,0.0
29567,0.0
29568,0.0
29569,0.0
29570,0.0
29571,0.0
29572,0.0
29573,0.0
29574,0.0
29575,0.0
29576,0.0
29577,0.0
29578,0.0
29579,0.0
29580,0.0
29581,0.0
29582,0.0
29583,0.0
29584,0.0
29585,0.0
29586,0.0
29587,0.0
29588,0.0
29589,0.0
29590,0.0
29591,0.0
29592,0.0
29593,0.0
29594,0.0
29595,0.0
29596,0.0
29597,0.0
29598,0.0
29599,0.0
29600,0.0
29601,0.0
29602,0.0
29603,0.0
29604,0.0
29605,0.0
29606,0.0
29607,0.0
29608,0.0
29609,0.0
29610,0.0
29611,0.0
29612,0.0
29613,0.0
29614,0.0
29615,0.0
29616,0.0
29617,0.0
29618,0.0
29619,0.0
29620,0.0
29621,0.0
29622,0.0
29623,0.0
29624,0.0
29625,0.0
29626,0.0
29627,0.0
29628,0.0
29629,0.0
29630,0.0
29631,0.0
29632,0.0
29633,0.0
29634,0.0
29635,0.0
29636,0.0
29637,0.0
29638,0.0
29639,0.0
29640,0.0
29641,0.0
29642,0.0
29643,0.0
29644,0.0
29645,0.0
29646,0.0
29647,0.0
29648,0.0
29649,0.0
29650,0.0
29651,0.0
29652,0.0
29653,0.0
29654,0.0
29655,0.0
29656,0.0
29657,0.0
29658,0.0
29659,0.0
29660,0.0
29661,0.0
29662,0.0
29663,0.0
29664,0.0
29665,0.0
29666,0.0
29667,0.0
29668,0.0
29669,0.0
29670,0.0
29671,0.0
29672,0.0
29673,0.0
29674,0.0
29675,0.0
29676,0.0
29677,0.0
29678,0.0
29679,0.0
29680,0.0
29681,0.0
29682,0.0
29683,0.0
29684,0.0
29685,0.0
29686,0.0
29687,0.0
29688,0.0
29689,0.0
29690,0.0
29691,0.0
29692,0.0
29693,0.0
29694,0.0
29695,0.0
29696,0.0
29697,0.0
29698,0.0
29699,0.0
29700,0.0
29701,0.0
29702,0.0
29703,0.0
29704,0.0
29705,0.0
29706,0.0
29707,0.0
29708,0.0
29709,0.0
29710,0.0
29711,0.0
29712,0.0
29713,0.0
29714,0.0
29715,0.0
29716,0.0
29717,0.0
29718,0.0
29719,0.0
29720,0.0
29721,0.0
29722,0.0
29723,0.0
29724,0.0
29725,0.0
29726,0.0
29727,0.0
29728,0.0
29729,0.0
29730,0.0
29731,0.0
29732,0.0
29733,0.0
29734,0.0
29735,0.0
29736,0.0
29737,0.0
29738,0.0
29739,0.0
29740,0.0
29741,0.0
29742,0.0
29743,0.0
29744,0.0
29745,0.0
29746,0.0
29747,0.0
29748,0.0
29749,0.0
29750,0.0
29751,0.0
29752,0.0
29753,0.0
29754,0.0
29755,0.0
29756,0.0
29757,0.0
29758,0.0
29759,0.0
29760,0.0
29761,0.0
29762,0.0
29763,0.0
29764,0.0
29765,0.0
29766,0.0
29767,0.0
29768,0.0
29769,0.0
29770,0.0
29771,0.0
29772,0.0
29773,0.0
29774,0.0
29775,0.0
29776,0.0
29777,0.0
29778,0.0
29779,0.0
29780,0.0
29781,0.0
29782,0.0
29783,0.0
29784,0.0
29785,0.0
29786,0.0
29787,0.0
29788,0.0
29789,0.0
29790,0.0
29791,0.0
29792,0.0
29793,0.0
29794,0.0
29795,0.0
29796,0.0
29797,0.0
29798,0.0
29799,0.0
29800,0.0
29801,0.0
29802,0.0
29803,0.0
29804,0.0
29805,0.0
29806,0.0
29807,0.0
29808,0.0
29809,0.0
29810,0.0
29811,0.0
29812,0.0
29813,0.0
29814,0.0
29815,0.0
29816,0.0
29817,0.0
29818,0.0
29819,0.0
29820,0.0
29821,0.0
29822,0.0
29823,0.0
29824,0.0
29825,0.0
29826,0.0
29827,0.0
29828,0.0
29829,0.0
29830,0.0
29831,0.0
29832,0.0
29833,0.0
29834,0.0
29835,0.0
29836,0.0
29837,0.0
29838,0.0
29839,0.0
29840,0.0
29841,0.0
29842,0.0
29843,0.0
29844,0.0
29845,0.0
29846,0.0
29847,0.0
29848,0.0
29849,0.0
29850,0.0
29851,0.0
29852,0.0
29853,0.0
29854,0.0
29855,0.0
29856,0.0
29857,0.0
29858,0.0
29859,0.0
29860,0.0
29861,0.0
29862,0.0
29863,0.0
29864,0.0
29865,0.0
29866,0.0
29867,0.0
29868,0.0
29869,0.0
29870,0.0
29871,0.0
29872,0.0
29873,0.0
29874,0.0
29875,0.0
29876,0.0
29877,0.0
29878,0.0
29879,0.0
29880,0.0
29881,0.0
29882,0.0
29883,0.0
29884,0.0
29885,0.0
29886,0.0
29887,0.0
29888,0.0
29889,0.0
29890,0.0
29891,0.0
29892,0.0
29893,0.0
29894,0.0
29895,0.0
29896,0.0
29897,0.0
29898,0.0
29899,0.0
29900,0.0
29901,0.0
29902,0.0
29903,0.0
29904,0.0
29905,0.0
29906,0.0
29907,0.0
29908,0.0
29909,0.0
29910,0.0
29911,0.0
29912,0.0
29913,0.0
29914,0.0
29915,0.0
29916,0.0
29917,0.0
29918,0.0
29919,0.0
29920,0.0
29921,0.0
29922,0.0
29923,0.0
29924,0.0
29925,0.0
29926,0.0
29927,0.0
29928,0.0
29929,0.0
29930,0.0
29931,0.0
29932,0.0
29933,0.0
29934,0.0
29935,0.0
29936,0.0
29937,0.0
29938,0.0
29939,0.0
29940,0.0
29941,0.0
29942,0.0
29943,0.0
29944,0.0
29945,0.0
29946,0.0
29947,0.0
29948,0.0
29949,0.0
29950,0.0
29951,0.0
29952,0.0
29953,0.0
29954,0.0
29955,0.0
29956,0.0
29957,0.0
29958,0.0
29959,0.0
29960,0.0
29961,0.0
29962,0.0
29963,0.0
29964,0.0
29965,0.0
29966,0.0
29967,0.0
29968,0.0
29969,0.0
29970,0.0
29971,0.0
29972,0.0
29973,0.0
29974,0.0
29975,0.0
29976,0.0
29977,0.0
29978,0.0
29979,0.0
29980,0.0
29981,0.0
29982,0.0
29983,0.0
29984,0.0
29985,0.0
29986,0.0
29987,0.0
29988,0.0
29989,0.0
29990,0.0
29991,0.0
29992,0.0
29993,0.0
29994,0.0
29995,0.0
29996,0.0
29997,0.0
29998,0.0
29999,0.0
30000,0.0
30001,0.0
30002,0.0
30003,0.0
30004,0.0
30005,0.0
30006,0.0
30007,0.0
30008,0.0
30009,0.0
30010,0.0
30011,0.0
30012,0.0
30013,0.0
30014,0.0
30015,0.0
30016,0.0
30017,0.0
30018,0.0
30019,0.0
30020,0.0
30021,0.0
30022,0.0
30023,0.0
30024,0.0
30025,0.0
30026,0.0
30027,0.0
30028,0.0
30029,0.0
30030,0.0
30031,0.0
30032,0.0
30033,0.0
30034,0.0
30035,0.0
30036,0.0
30037,0.0
30038,0.0
30039,0.0
30040,0.0
30041,0.0
30042,0.0
30043,0.0
30044,0.0
30045,0.0
30046,0.0
30047,0.0
30048,0.0
30049,0.0
30050,0.0
30051,0.0
30052,0.0
30053,0.0
30054,0.0
30055,0.0
30056,0.0
30057,0.0
30058,0.0
30059,0.0
30060,0.0
30061,0.0
30062,0.0
30063,0.0
30064,0.0
30065,0.0
30066,0.0
30067,0.0
30068,0.0
30069,0.0
30070,0.0
30071,0.0
30072,0.0
30073,0.0
30074,0.0
30075,0.0
30076,0.0
30077,0.0
30078,0.0
30079,0.0
30080,0.0
30081,0.0
30082,0.0
30083,0.0
30084,0.0
30085,0.0
30086,0.0
30087,0.0
30088,0.0
30089,0.0
30090,0.0
30091,0.0
30092,0.0
30093,0.0
30094,0.0
30095,0.0
30096,0.0
30097,0.0
30098,0.0
30099,0.0
30100,0.0
30101,0.0
30102,0.0
30103,0.0
30104,0.0
30105,0.0
30106,0.0
30107,0.0
30108,0.0
30109,0.0
30110,0.0
30111,0.0
30112,0.0
30113,0.0
30114,0.0
30115,0.0
30116,0.0
30117,0.0
30118,0.0
30119,0.0
30120,0.0
30121,0.0
30122,0.0
30123,0.0
30124,0.0
30125,0.0
30126,0.0
30127,0.0
30128,0.0
30129,0.0
30130,0.0
30131,0.0
30132,0.0
30133,0.0
30134,0.0
30135,0.0
30136,0.0
30137,0.0
30138,0.0
30139,0.0
30140,0.0
30141,0.0
30142,0.0
30143,0.0
30144,0.0
30145,0.0
30146,0.0
30147,0.0
30148,0.0
30149,0.0
30150,0.0
30151,0.0
30152,0.0
30153,0.0
30154,0.0
30155,0.0
30156,0.0
30157,0.0
30158,0.0
30159,0.0
30160,0.0
30161,0.0
30162,0.0
30163,0.0
30164,0.0
30165,0.0
30166,0.0
30167,0.0
30168,0.0
30169,0.0
30170,0.0
30171,0.0
30172,0.0
30173,0.0
30174,0.0
30175,0.0
30176,0.0
30177,0.0
30178,0.0
30179,0.0
30180,0.0
30181,0.0
30182,0.0
30183,0.0
30184,0.0
30185,0.0
30186,0.0
30187,0.0
30188,0.0
30189,0.0
30190,0.0
30191,0.0
30192,0.0
30193,0.0
30194,0.0
30195,0.0
30196,0.0
30197,0.0
30198,0.0
30199,0.0
30200,0.0
30201,0.0
30202,0.0
30203,0.0
30204,0.0
30205,0.0
30206,0.0
30207,0.0
30208,0.0
30209,0.0
30210,0.0
30211,0.0
30212,0.0
30213,0.0
30214,0.0
30215,0.0
30216,0.0
30217,0.0
30218,0.0
30219,0.0
30220,0.0
30221,0.0
30222,0.0
30223,0.0
30224,0.0
30225,0.0
30226,0.0
30227,0.0
30228,0.0
30229,0.0
30230,0.0
30231,0.0
30232,0.0
30233,0.0
30234,0.0
30235,0.0
30236,0.0
30237,0.0
30238,0.0
30239,0.0
30240,0.0
30241,0.0
30242,0.0
30243,0.0
30244,0.0
30245,0.0
30246,0.0
30247,0.0
30248,0.0
30249,0.0
30250,0.0
30251,0.0
30252,0.0
30253,0.0
30254,0.0
30255,0.0
30256,0.0
30257,0.0
30258,0.0
30259,0.0
30260,0.0
30261,0.0
30262,0.0
30263,0.0
30264,0.0
30265,0.0
30266,0.0
30267,0.0
30268,0.0
30269,0.0
30270,0.0
30271,0.0
30272,0.0
30273,0.0
30274,0.0
30275,0.0
30276,0.0
30277,0.0
30278,0.0
30279,0.0
30280,0.0
30281,0.0
30282,0.0
30283,0.0
30284,0.0
30285,0.0
30286,0.0
30287,0.0
30288,0.0
30289,0.0
30290,0.0
30291,0.0
30292,0.0
30293,0.0
30294,0.0
30295,0.0
30296,0.0
30297,0.0
30298,0.0
30299,0.0
30300,0.0
30301,0.0
30302,0.0
30303,0.0
30304,0.0
30305,0.0
30306,0.0
30307,0.0
30308,0.0
30309,0.0
30310,0.0
30311,0.0
30312,0.0
30313,0.0
30314,0.0
30315,0.0
30316,0.0
30317,0.0
30318,0.0
30319,0.0
30320,0.0
30321,0.0
30322,0.0
30323,0.0
30324,0.0
30325,0.0
30326,0.0
30327,0.0
30328,0.0
30329,0.0
30330,0.0
30331,0.0
30332,0.0
30333,0.0
30334,0.0
30335,0.0
30336,0.0
30337,0.0
30338,0.0
30339,0.0
30340,0.0
30341,0.0
30342,0.0
30343,0.0
30344,0.0
30345,0.0
30346,0.0
30347,0.0
30348,0.0
30349,0.0
30350,0.0
30351,0.0
30352,0.0
30353,0.0
30354,0.0
30355,0.0
30356,0.0
30357,0.0
30358,0.0
30359,0.0
30360,0.0
30361,0.0
30362,0.0
30363,0.0
30364,0.0
30365,0.0
30366,0.0
30367,0.0
30368,0.0
30369,0.0
30370,0.0
30371,0.0
30372,0.0
30373,0.0
30374,0.0
30375,0.0
30376,0.0
30377,0.0
30378,0.0
30379,0.0
30380,0.0
30381,0.0
30382,0.0
30383,0.0
30384,0.0
30385,0.0
30386,0.0
30387,0.0
30388,0.0
30389,0.0
30390,0.0
30391,0.0
30392,0.0
30393,0.0
30394,0.0
30395,0.0
30396,0.0
30397,0.0
30398,0.0
30399,0.0
30400,0.0
30401,0.0
30402,0.0
30403,0.0
30404,0.0
30405,0.0
30406,0.0
30407,0.0
30408,0.0
30409,0.0
30410,0.0
30411,0.0
30412,0.0
30413,0.0
30414,0.0
30415,0.0
30416,0.0
30417,0.0
30418,0.0
30419,0.0
30420,0.0
30421,0.0
30422,0.0
30423,0.0
30424,0.0
30425,0.0
30426,0.0
30427,0.0
30428,0.0
30429,0.0
30430,0.0
30431,0.0
30432,0.0
30433,0.0
30434,0.0
30435,0.0
30436,0.0
30437,0.0
30438,0.0
30439,0.0
30440,0.0
30441,0.0
30442,0.0
30443,0.0
30444,0.0
30445,0.0
30446,0.0
30447,0.0
30448,0.0
30449,0.0
30450,0.0
