ID,predicted_weight
1,0.0
2,0.0
3,0.0
4,0.0
5,0.0
6,0.0
7,0.0
8,0.0
9,0.0
10,0.0
11,0.0
12,0.0
13,0.0
14,0.0
15,0.0
16,0.0
17,0.0
18,0.0
19,0.0
20,0.0
21,0.0
22,0.0
23,0.0
24,0.0
25,0.0
26,0.0
27,0.0
28,0.0
29,0.0
30,0.0
31,0.0
32,0.0
33,0.0
34,0.0
35,0.0
36,0.0
37,0.0
38,0.0
39,0.0
40,0.0
41,0.0
42,0.0
43,0.0
44,0.0
45,0.0
46,0.0
47,0.0
48,0.0
49,0.0
50,0.0
51,0.0
52,0.0
53,0.0
54,0.0
55,0.0
56,0.0
57,0.0
58,0.0
59,0.0
60,0.0
61,0.0
62,0.0
63,0.0
64,0.0
65,0.0
66,0.0
67,0.0
68,0.0
69,0.0
70,0.0
71,0.0
72,0.0
73,0.0
74,0.0
75,0.0
76,0.0
77,0.0
78,0.0
79,0.0
80,0.0
81,0.0
82,0.0
83,0.0
84,0.0
85,0.0
86,0.0
87,0.0
88,0.0
89,0.0
90,0.0
91,0.0
92,0.0
93,0.0
94,0.0
95,0.0
96,0.0
97,0.0
98,0.0
99,0.0
100,0.0
101,0.0
102,0.0
103,0.0
104,0.0
105,0.0
106,0.0
107,0.0
108,0.0
109,0.0
110,0.0
111,0.0
112,0.0
113,0.0
114,0.0
115,0.0
116,0.0
117,0.0
118,0.0
119,0.0
120,0.0
121,0.0
122,0.0
123,0.0
124,0.0
125,0.0
126,0.0
127,0.0
128,0.0
129,0.0
130,0.0
131,0.0
132,0.0
133,0.0
134,0.0
135,0.0
136,0.0
137,0.0
138,0.0
139,0.0
140,0.0
141,0.0
142,0.0
143,0.0
144,0.0
145,0.0
146,0.0
147,0.0
148,0.0
149,0.0
150,0.0
151,0.0
152,0.0
153,0.0
154,0.0
155,0.0
156,0.0
157,0.0
158,0.0
159,0.0
160,0.0
161,0.0
162,0.0
163,0.0
164,0.0
165,0.0
166,0.0
167,0.0
168,0.0
169,0.0
170,0.0
171,0.0
172,0.0
173,0.0
174,0.0
175,0.0
176,0.0
177,0.0
178,0.0
179,0.0
180,0.0
181,0.0
182,0.0
183,0.0
184,0.0
185,0.0
186,0.0
187,0.0
188,0.0
189,0.0
190,0.0
191,0.0
192,0.0
193,0.0
194,0.0
195,0.0
196,0.0
197,0.0
198,0.0
199,0.0
200,0.0
201,0.0
202,0.0
203,0.0
204,0.0
205,0.0
206,0.0
207,0.0
208,0.0
209,0.0
210,0.0
211,0.0
212,0.0
213,0.0
214,0.0
215,0.0
216,0.0
217,0.0
218,0.0
219,0.0
220,0.0
221,0.0
222,0.0
223,0.0
224,0.0
225,0.0
226,0.0
227,0.0
228,0.0
229,0.0
230,0.0
231,0.0
232,0.0
233,0.0
234,0.0
235,0.0
236,0.0
237,0.0
238,0.0
239,0.0
240,0.0
241,0.0
242,0.0
243,0.0
244,0.0
245,0.0
246,0.0
247,0.0
248,0.0
249,0.0
250,0.0
251,0.0
252,0.0
253,0.0
254,0.0
255,0.0
256,0.0
257,0.0
258,0.0
259,0.0
260,0.0
261,0.0
262,0.0
263,0.0
264,0.0
265,0.0
266,0.0
267,0.0
268,0.0
269,0.0
270,0.0
271,0.0
272,0.0
273,0.0
274,0.0
275,0.0
276,0.0
277,0.0
278,0.0
279,0.0
280,0.0
281,0.0
282,0.0
283,0.0
284,0.0
285,0.0
286,0.0
287,0.0
288,0.0
289,0.0
290,0.0
291,0.0
292,0.0
293,0.0
294,0.0
295,0.0
296,0.0
297,0.0
298,0.0
299,0.0
300,0.0
301,0.0
302,0.0
303,0.0
304,0.0
305,0.0
306,0.0
307,0.0
308,0.0
309,0.0
310,0.0
311,0.0
312,0.0
313,0.0
314,0.0
315,0.0
316,0.0
317,0.0
318,0.0
319,0.0
320,0.0
321,0.0
322,0.0
323,0.0
324,0.0
325,0.0
326,0.0
327,0.0
328,0.0
329,0.0
330,0.0
331,0.0
332,0.0
333,0.0
334,0.0
335,0.0
336,0.0
337,0.0
338,0.0
339,0.0
340,0.0
341,0.0
342,0.0
343,0.0
344,0.0
345,0.0
346,0.0
347,0.0
348,0.0
349,0.0
350,0.0
351,0.0
352,0.0
353,0.0
354,0.0
355,0.0
356,0.0
357,0.0
358,0.0
359,0.0
360,0.0
361,0.0
362,0.0
363,0.0
364,0.0
365,0.0
366,0.0
367,0.0
368,0.0
369,0.0
370,0.0
371,0.0
372,0.0
373,0.0
374,0.0
375,0.0
376,0.0
377,0.0
378,0.0
379,0.0
380,0.0
381,0.0
382,0.0
383,0.0
384,0.0
385,0.0
386,0.0
387,0.0
388,0.0
389,0.0
390,0.0
391,0.0
392,0.0
393,0.0
394,0.0
395,0.0
396,0.0
397,0.0
398,0.0
399,0.0
400,0.0
401,0.0
402,0.0
403,0.0
404,0.0
405,0.0
406,0.0
407,0.0
408,0.0
409,0.0
410,0.0
411,0.0
412,0.0
413,0.0
414,0.0
415,0.0
416,0.0
417,0.0
418,0.0
419,0.0
420,0.0
421,0.0
422,0.0
423,0.0
424,0.0
425,0.0
426,0.0
427,0.0
428,0.0
429,0.0
430,0.0
431,0.0
432,0.0
433,0.0
434,0.0
435,0.0
436,0.0
437,0.0
438,0.0
439,0.0
440,0.0
441,0.0
442,0.0
443,0.0
444,0.0
445,0.0
446,0.0
447,0.0
448,0.0
449,0.0
450,0.0
451,0.0
452,0.0
453,0.0
454,0.0
455,0.0
456,0.0
457,0.0
458,0.0
459,0.0
460,0.0
461,0.0
462,0.0
463,0.0
464,0.0
465,0.0
466,0.0
467,0.0
468,0.0
469,0.0
470,0.0
471,0.0
472,0.0
473,0.0
474,0.0
475,0.0
476,0.0
477,0.0
478,0.0
479,0.0
480,0.0
481,0.0
482,0.0
483,0.0
484,0.0
485,0.0
486,0.0
487,0.0
488,0.0
489,0.0
490,0.0
491,0.0
492,0.0
493,0.0
494,0.0
495,0.0
496,0.0
497,0.0
498,0.0
499,0.0
500,0.0
501,0.0
502,0.0
503,0.0
504,0.0
505,0.0
506,0.0
507,0.0
508,0.0
509,0.0
510,0.0
511,0.0
512,0.0
513,0.0
514,0.0
515,0.0
516,0.0
517,0.0
518,0.0
519,0.0
520,0.0
521,0.0
522,0.0
523,0.0
524,0.0
525,0.0
526,0.0
527,0.0
528,0.0
529,0.0
530,0.0
531,0.0
532,0.0
533,0.0
534,0.0
535,0.0
536,0.0
537,0.0
538,0.0
539,0.0
540,0.0
541,0.0
542,0.0
543,0.0
544,0.0
545,0.0
546,0.0
547,0.0
548,0.0
549,0.0
550,0.0
551,0.0
552,0.0
553,0.0
554,0.0
555,0.0
556,0.0
557,0.0
558,0.0
559,0.0
560,0.0
561,0.0
562,0.0
563,0.0
564,0.0
565,0.0
566,0.0
567,0.0
568,0.0
569,0.0
570,0.0
571,0.0
572,0.0
573,0.0
574,0.0
575,0.0
576,0.0
577,0.0
578,0.0
579,0.0
580,0.0
581,0.0
582,0.0
583,0.0
584,0.0
585,0.0
586,0.0
587,0.0
588,0.0
589,0.0
590,0.0
591,0.0
592,0.0
593,0.0
594,0.0
595,0.0
596,0.0
597,0.0
598,0.0
599,0.0
600,0.0
601,0.0
602,0.0
603,0.0
604,0.0
605,0.0
606,0.0
607,0.0
608,0.0
609,0.0
610,0.0
611,0.0
612,0.0
613,0.0
614,0.0
615,0.0
616,0.0
617,0.0
618,0.0
619,0.0
620,0.0
621,0.0
622,0.0
623,0.0
624,0.0
625,0.0
626,0.0
627,0.0
628,0.0
629,0.0
630,0.0
631,0.0
632,0.0
633,0.0
634,0.0
635,0.0
636,0.0
637,0.0
638,0.0
639,0.0
640,0.0
641,0.0
642,0.0
643,0.0
644,0.0
645,0.0
646,0.0
647,0.0
648,0.0
649,0.0
650,0.0
651,0.0
652,0.0
653,0.0
654,0.0
655,0.0
656,0.0
657,0.0
658,0.0
659,0.0
660,0.0
661,0.0
662,0.0
663,0.0
664,0.0
665,0.0
666,0.0
667,0.0
668,0.0
669,0.0
670,0.0
671,0.0
672,0.0
673,0.0
674,0.0
675,0.0
676,0.0
677,0.0
678,0.0
679,0.0
680,0.0
681,0.0
682,0.0
683,0.0
684,0.0
685,0.0
686,0.0
687,0.0
688,0.0
689,0.0
690,0.0
691,0.0
692,0.0
693,0.0
694,0.0
695,0.0
696,0.0
697,0.0
698,0.0
699,0.0
700,0.0
701,0.0
702,0.0
703,0.0
704,0.0
705,0.0
706,0.0
707,0.0
708,0.0
709,0.0
710,0.0
711,0.0
712,0.0
713,0.0
714,0.0
715,0.0
716,0.0
717,0.0
718,0.0
719,0.0
720,0.0
721,0.0
722,0.0
723,0.0
724,0.0
725,0.0
726,0.0
727,0.0
728,0.0
729,0.0
730,0.0
731,0.0
732,0.0
733,0.0
734,0.0
735,0.0
736,0.0
737,0.0
738,0.0
739,0.0
740,0.0
741,0.0
742,0.0
743,0.0
744,0.0
745,0.0
746,0.0
747,0.0
748,0.0
749,0.0
750,0.0
751,0.0
752,0.0
753,0.0
754,0.0
755,0.0
756,0.0
757,0.0
758,0.0
759,0.0
760,0.0
761,0.0
762,0.0
763,0.0
764,0.0
765,0.0
766,0.0
767,0.0
768,0.0
769,0.0
770,0.0
771,0.0
772,0.0
773,0.0
774,0.0
775,0.0
776,0.0
777,0.0
778,0.0
779,0.0
780,0.0
781,0.0
782,0.0
783,0.0
784,0.0
785,0.0
786,0.0
787,0.0
788,0.0
789,0.0
790,0.0
791,0.0
792,0.0
793,0.0
794,0.0
795,0.0
796,0.0
797,0.0
798,0.0
799,0.0
800,0.0
801,0.0
802,0.0
803,0.0
804,0.0
805,0.0
806,0.0
807,0.0
808,0.0
809,0.0
810,0.0
811,0.0
812,0.0
813,0.0
814,0.0
815,0.0
816,0.0
817,0.0
818,0.0
819,0.0
820,0.0
821,0.0
822,0.0
823,0.0
824,0.0
825,0.0
826,0.0
827,0.0
828,0.0
829,0.0
830,0.0
831,0.0
832,0.0
833,0.0
834,0.0
835,0.0
836,0.0
837,0.0
838,0.0
839,0.0
840,0.0
841,0.0
842,0.0
843,0.0
844,0.0
845,0.0
846,0.0
847,0.0
848,0.0
849,0.0
850,0.0
851,0.0
852,0.0
853,0.0
854,0.0
855,0.0
856,0.0
857,0.0
858,0.0
859,0.0
860,0.0
861,0.0
862,0.0
863,0.0
864,0.0
865,0.0
866,0.0
867,0.0
868,0.0
869,0.0
870,0.0
871,0.0
872,0.0
873,0.0
874,0.0
875,0.0
876,0.0
877,0.0
878,0.0
879,0.0
880,0.0
881,0.0
882,0.0
883,0.0
884,0.0
885,0.0
886,0.0
887,0.0
888,0.0
889,0.0
890,0.0
891,0.0
892,0.0
893,0.0
894,0.0
895,0.0
896,0.0
897,0.0
898,0.0
899,0.0
900,0.0
901,0.0
902,0.0
903,0.0
904,0.0
905,0.0
906,0.0
907,0.0
908,0.0
909,0.0
910,0.0
911,0.0
912,0.0
913,0.0
914,0.0
915,0.0
916,0.0
917,0.0
918,0.0
919,0.0
920,0.0
921,0.0
922,22.708906
923,22.510351
924,23.01069
925,67.35746
926,1173.0793
927,1173.0793
928,1174.3745
929,1173.7173
930,3534.6646
931,3597.7136
932,3515.7498
933,3753.1885
934,3763.1245
935,3657.587
936,3921.2646
937,3964.3916
938,3962.7126
939,4958.7793
940,4532.817
941,4543.3115
942,4495.994
943,4751.4077
944,4825.2227
945,4905.277
946,4849.9404
947,5128.182
948,5138.744
949,13017.361
950,13437.4795
951,13571.35
952,13557.882
953,13489.922
954,13040.036
955,13828.024
956,13545.067
957,13673.826
958,13815.371
959,14945.764
960,14759.32
961,14241.513
962,16256.721
963,22028.777
964,22439.191
965,22518.742
966,23684.541
967,25034.922
968,24734.45
969,25372.154
970,30207.271
971,30351.92
972,30326.129
973,30888.525
974,30792.639
975,30556.828
976,30469.363
977,30390.02
978,30531.941
979,30425.477
980,30478.541
981,30359.326
982,28245.863
983,28947.541
984,28362.86
985,28526.154
986,28940.078
987,29813.697
988,29694.262
989,30460.004
990,32297.37
991,32381.498
992,32562.291
993,32574.557
994,32555.295
995,32439.375
996,32320.412
997,32397.166
998,32477.137
999,32322.316
1000,33311.617
1001,32809.46
1002,32692.99
1003,32415.014
1004,32473.602
1005,32614.064
1006,32712.973
1007,32606.568
1008,32590.723
1009,31852.719
1010,31404.203
1011,30598.465
1012,30728.406
1013,31264.512
1014,32689.63
1015,32677.936
1016,32969.254
1017,34043.76
1018,34128.66
1019,38370.242
1020,39636.234
1021,40155.434
1022,40143.832
1023,42159.105
1024,42864.082
1025,42933.125
1026,43002.633
1027,42325.71
1028,50431.508
1029,50419.176
1030,50578.953
1031,51432.07
1032,51501.086
1033,51665.895
1034,50874.918
1035,50996.33
1036,50969.1
1037,50730.684
1038,50762.8
1039,50831.93
1040,49214.586
1041,48392.46
1042,48513.87
1043,50215.938
1044,50066.605
1045,50821.723
1046,50886.72
1047,50749.367
1048,48343.758
1049,48340.41
1050,48309.324
1051,0.0
1052,0.0
1053,0.0
1054,0.0
1055,0.0
1056,0.0
1057,0.0
1058,0.0
1059,0.0
1060,0.0
1061,0.0
1062,0.0
1063,0.0
1064,0.0
1065,0.0
1066,0.0
1067,0.0
1068,0.0
1069,0.0
1070,0.0
1071,0.0
1072,22.708906
1073,22.510351
1074,23.01069
1075,67.35746
1076,1173.0793
1077,1173.0793
1078,1174.3745
1079,1173.7173
1080,3526.3167
1081,3589.3657
1082,3507.4019
1083,3740.5112
1084,3750.4473
1085,3644.9097
1086,3908.5874
1087,3951.7144
1088,3950.0354
1089,4946.1016
1090,4520.14
1091,4530.634
1092,4483.3164
1093,4738.73
1094,4812.545
1095,4892.6
1096,4837.2637
1097,5115.5044
1098,5126.0674
1099,13004.686
1100,13424.804
1101,13558.674
1102,13545.206
1103,13477.246
1104,13027.36
1105,13815.349
1106,13532.392
1107,13661.002
1108,13802.547
1109,14932.28
1110,14745.837
1111,14228.029
1112,16243.237
1113,22015.291
1114,22425.705
1115,22505.256
1116,23671.055
1117,25021.436
1118,24720.963
1119,25358.668
1120,30193.785
1121,30338.434
1122,30312.643
1123,30875.04
1124,30779.152
1125,30543.342
1126,30455.877
1127,30376.533
1128,30518.455
1129,30411.99
1130,30465.055
1131,30345.84
1132,28232.377
1133,28934.055
1134,28349.373
1135,28512.668
1136,28926.592
1137,29800.21
1138,29680.775
1139,30446.518
1140,32283.883
1141,32368.012
1142,32548.805
1143,32561.07
1144,32541.809
1145,32425.889
1146,32306.926
1147,32383.68
1148,32463.65
1149,32308.83
1150,33298.137
1151,32795.98
1152,32679.508
1153,32405.402
1154,32463.99
1155,32604.453
1156,32710.8
1157,34057.25
1158,34041.406
1159,33303.418
1160,32854.906
1161,32049.127
1162,32179.072
1163,32715.2
1164,34140.336
1165,34128.64
1166,34419.953
1167,35494.46
1168,35579.36
1169,39820.94
1170,41086.91
1171,41606.113
1172,41594.508
1173,43609.77
1174,44314.73
1175,44383.773
1176,44453.28
1177,43776.375
1178,51821.57
1179,51809.24
1180,51969.016
1181,52822.133
1182,52891.15
1183,53055.957
1184,52264.98
1185,52386.39
1186,52359.164
1187,52120.746
1188,52218.1
1189,52287.23
1190,49217.035
1191,48394.91
1192,48516.32
1193,50218.387
1194,50069.055
1195,50824.17
1196,50889.168
1197,50751.816
1198,48346.207
1199,48342.86
1200,48311.773
1201,0.0
1202,0.0
1203,0.0
1204,0.0
1205,0.0
1206,0.0
1207,0.0
1208,0.0
1209,0.0
1210,0.0
1211,0.0
1212,0.0
1213,0.0
1214,0.0
1215,0.0
1216,0.0
1217,0.0
1218,0.0
1219,0.0
1220,0.0
1221,0.0
1222,0.0
1223,0.0
1224,0.0
1225,0.0
1226,0.0
1227,0.0
1228,0.0
1229,0.0
1230,0.0
1231,0.0
1232,0.0
1233,0.0
1234,0.0
1235,0.0
1236,0.0
1237,0.0
1238,0.0
1239,0.0
1240,0.0
1241,0.0
1242,0.0
1243,0.0
1244,0.0
1245,0.0
1246,0.0
1247,0.0
1248,0.0
1249,0.0
1250,0.0
1251,0.0
1252,0.0
1253,0.0
1254,0.0
1255,0.0
1256,0.0
1257,0.0
1258,0.0
1259,0.0
1260,0.0
1261,0.0
1262,0.0
1263,0.0
1264,0.0
1265,0.0
1266,0.0
1267,0.0
1268,0.0
1269,0.0
1270,0.0
1271,0.0
1272,0.0
1273,0.0
1274,0.0
1275,0.0
1276,0.0
1277,0.0
1278,0.0
1279,0.0
1280,0.0
1281,0.0
1282,0.0
1283,0.0
1284,0.0
1285,0.0
1286,0.0
1287,0.0
1288,0.0
1289,0.0
1290,0.0
1291,0.0
1292,0.0
1293,0.0
1294,0.0
1295,0.0
1296,0.0
1297,0.0
1298,0.0
1299,0.0
1300,0.0
1301,0.0
1302,0.0
1303,0.0
1304,0.0
1305,0.0
1306,0.0
1307,0.0
1308,0.0
1309,0.0
1310,0.0
1311,0.0
1312,0.0
1313,0.0
1314,0.0
1315,0.0
1316,0.0
1317,0.0
1318,0.0
1319,0.0
1320,0.0
1321,0.0
1322,0.0
1323,0.0
1324,0.0
1325,0.0
1326,0.0
1327,0.0
1328,0.0
1329,0.0
1330,0.0
1331,0.0
1332,0.0
1333,0.0
1334,0.0
1335,0.0
1336,0.0
1337,0.0
1338,0.0
1339,0.0
1340,0.0
1341,0.0
1342,0.0
1343,0.0
1344,0.0
1345,0.0
1346,0.0
1347,0.0
1348,0.0
1349,0.0
1350,0.0
1351,0.0
1352,0.0
1353,0.0
1354,0.0
1355,0.0
1356,0.0
1357,0.0
1358,0.0
1359,0.0
1360,0.0
1361,0.0
1362,0.0
1363,0.0
1364,0.0
1365,0.0
1366,0.0
1367,0.0
1368,0.0
1369,0.0
1370,0.0
1371,0.0
1372,0.0
1373,0.0
1374,0.0
1375,0.0
1376,0.0
1377,0.0
1378,0.0
1379,0.0
1380,0.0
1381,0.0
1382,0.0
1383,0.0
1384,0.0
1385,0.0
1386,0.0
1387,0.0
1388,0.0
1389,0.0
1390,0.0
1391,0.0
1392,0.0
1393,0.0
1394,0.0
1395,0.0
1396,0.0
1397,0.0
1398,0.0
1399,0.0
1400,0.0
1401,0.0
1402,0.0
1403,0.0
1404,0.0
1405,0.0
1406,0.0
1407,0.0
1408,0.0
1409,0.0
1410,0.0
1411,0.0
1412,0.0
1413,0.0
1414,0.0
1415,0.0
1416,0.0
1417,0.0
1418,0.0
1419,0.0
1420,0.0
1421,0.0
1422,0.0
1423,0.0
1424,0.0
1425,0.0
1426,0.0
1427,0.0
1428,0.0
1429,0.0
1430,0.0
1431,0.0
1432,0.0
1433,0.0
1434,0.0
1435,0.0
1436,0.0
1437,0.0
1438,0.0
1439,0.0
1440,0.0
1441,0.0
1442,0.0
1443,0.0
1444,0.0
1445,0.0
1446,0.0
1447,0.0
1448,0.0
1449,0.0
1450,0.0
1451,0.0
1452,0.0
1453,0.0
1454,0.0
1455,0.0
1456,0.0
1457,0.0
1458,0.0
1459,0.0
1460,0.0
1461,0.0
1462,0.0
1463,0.0
1464,0.0
1465,0.0
1466,0.0
1467,0.0
1468,0.0
1469,0.0
1470,0.0
1471,0.0
1472,0.0
1473,0.0
1474,0.0
1475,0.0
1476,0.0
1477,0.0
1478,0.0
1479,0.0
1480,0.0
1481,0.0
1482,0.0
1483,0.0
1484,0.0
1485,0.0
1486,0.0
1487,0.0
1488,0.0
1489,0.0
1490,0.0
1491,0.0
1492,0.0
1493,0.0
1494,0.0
1495,0.0
1496,0.0
1497,0.0
1498,0.0
1499,0.0
1500,0.0
1501,0.0
1502,0.0
1503,0.0
1504,0.0
1505,0.0
1506,0.0
1507,0.0
1508,0.0
1509,0.0
1510,0.0
1511,0.0
1512,0.0
1513,0.0
1514,0.0
1515,0.0
1516,0.0
1517,0.0
1518,0.0
1519,0.0
1520,0.0
1521,0.0
1522,0.0
1523,0.0
1524,0.0
1525,0.0
1526,0.0
1527,0.0
1528,0.0
1529,0.0
1530,0.0
1531,0.0
1532,0.0
1533,0.0
1534,0.0
1535,0.0
1536,0.0
1537,0.0
1538,0.0
1539,0.0
1540,0.0
1541,0.0
1542,0.0
1543,0.0
1544,0.0
1545,0.0
1546,0.0
1547,0.0
1548,0.0
1549,0.0
1550,0.0
1551,0.0
1552,0.0
1553,0.0
1554,0.0
1555,0.0
1556,0.0
1557,0.0
1558,0.0
1559,0.0
1560,0.0
1561,0.0
1562,0.0
1563,0.0
1564,0.0
1565,0.0
1566,0.0
1567,0.0
1568,0.0
1569,0.0
1570,0.0
1571,0.0
1572,0.0
1573,0.0
1574,0.0
1575,0.0
1576,0.0
1577,0.0
1578,0.0
1579,0.0
1580,0.0
1581,0.0
1582,0.0
1583,0.0
1584,0.0
1585,0.0
1586,0.0
1587,0.0
1588,0.0
1589,0.0
1590,0.0
1591,0.0
1592,0.0
1593,0.0
1594,0.0
1595,0.0
1596,0.0
1597,0.0
1598,0.0
1599,0.0
1600,0.0
1601,0.0
1602,0.0
1603,0.0
1604,0.0
1605,0.0
1606,0.0
1607,0.0
1608,0.0
1609,0.0
1610,0.0
1611,0.0
1612,0.0
1613,0.0
1614,0.0
1615,0.0
1616,0.0
1617,0.0
1618,0.0
1619,0.0
1620,0.0
1621,0.0
1622,0.0
1623,0.0
1624,0.0
1625,0.0
1626,0.0
1627,0.0
1628,0.0
1629,0.0
1630,0.0
1631,0.0
1632,0.0
1633,0.0
1634,0.0
1635,0.0
1636,0.0
1637,0.0
1638,0.0
1639,0.0
1640,0.0
1641,0.0
1642,0.0
1643,0.0
1644,0.0
1645,0.0
1646,0.0
1647,0.0
1648,0.0
1649,0.0
1650,0.0
1651,0.0
1652,0.0
1653,0.0
1654,0.0
1655,0.0
1656,0.0
1657,0.0
1658,0.0
1659,0.0
1660,0.0
1661,0.0
1662,0.0
1663,0.0
1664,0.0
1665,0.0
1666,0.0
1667,0.0
1668,0.0
1669,0.0
1670,0.0
1671,0.0
1672,0.0
1673,0.0
1674,0.0
1675,0.0
1676,0.0
1677,0.0
1678,0.0
1679,0.0
1680,0.0
1681,0.0
1682,0.0
1683,0.0
1684,0.0
1685,0.0
1686,0.0
1687,0.0
1688,0.0
1689,0.0
1690,0.0
1691,0.0
1692,0.0
1693,0.0
1694,0.0
1695,0.0
1696,0.0
1697,0.0
1698,0.0
1699,0.0
1700,0.0
1701,0.0
1702,0.0
1703,0.0
1704,0.0
1705,0.0
1706,0.0
1707,0.0
1708,0.0
1709,0.0
1710,0.0
1711,0.0
1712,0.0
1713,0.0
1714,0.0
1715,0.0
1716,0.0
1717,0.0
1718,0.0
1719,0.0
1720,0.0
1721,0.0
1722,0.0
1723,0.0
1724,0.0
1725,0.0
1726,0.0
1727,0.0
1728,0.0
1729,0.0
1730,0.0
1731,0.0
1732,0.0
1733,0.0
1734,0.0
1735,0.0
1736,0.0
1737,0.0
1738,0.0
1739,0.0
1740,0.0
1741,0.0
1742,0.0
1743,0.0
1744,0.0
1745,0.0
1746,0.0
1747,0.0
1748,0.0
1749,0.0
1750,0.0
1751,0.0
1752,0.0
1753,0.0
1754,0.0
1755,0.0
1756,0.0
1757,0.0
1758,0.0
1759,0.0
1760,0.0
1761,0.0
1762,0.0
1763,0.0
1764,0.0
1765,0.0
1766,0.0
1767,0.0
1768,0.0
1769,0.0
1770,0.0
1771,0.0
1772,0.0
1773,0.0
1774,0.0
1775,0.0
1776,0.0
1777,0.0
1778,0.0
1779,0.0
1780,0.0
1781,0.0
1782,0.0
1783,0.0
1784,0.0
1785,0.0
1786,0.0
1787,0.0
1788,0.0
1789,0.0
1790,0.0
1791,0.0
1792,0.0
1793,0.0
1794,0.0
1795,0.0
1796,0.0
1797,0.0
1798,0.0
1799,0.0
1800,0.0
1801,29.212425
1802,21.424446
1803,21.424446
1804,21.424446
1805,28.493294
1806,33.15382
1807,33.242218
1808,35.96166
1809,27.744978
1810,27.500769
1811,27.500769
1812,29.151293
1813,33.464832
1814,33.63781
1815,46.551247
1816,67.51537
1817,67.067055
1818,75.264915
1819,48.697826
1820,60.8959
1821,61.068874
1822,73.39639
1823,72.92175
1824,72.473434
1825,0.0
1826,0.0
1827,0.0
1828,0.0
1829,0.0
1830,1853.9908
1831,1938.2555
1832,1927.3602
1833,2029.1786
1834,2038.2157
1835,1911.733
1836,2086.5732
1837,2064.9492
1838,2014.5493
1839,2036.7395
1840,1695.5079
1841,1705.1029
1842,1628.4778
1843,1818.1388
1844,1869.4406
1845,1883.0624
1846,1855.1125
1847,2733.6633
1848,2743.3635
1849,7972.3696
1850,9539.032
1851,9651.381
1852,9598.027
1853,9645.507
1854,9284.619
1855,10100.125
1856,10399.841
1857,13928.509
1858,14032.778
1859,17595.268
1860,17299.764
1861,16885.033
1862,17901.629
1863,23716.05
1864,24185.66
1865,24257.246
1866,24889.838
1867,26123.656
1868,25953.146
1869,26364.695
1870,31164.736
1871,31201.154
1872,31686.959
1873,31752.27
1874,31920.102
1875,31814.531
1876,31832.79
1877,31874.783
1878,31908.086
1879,33361.715
1880,33405.188
1881,33395.82
1882,31399.588
1883,34852.234
1884,34822.047
1885,34855.656
1886,36441.71
1887,37255.5
1888,37245.926
1889,38057.367
1890,37072.64
1891,37126.613
1892,37165.84
1893,37192.617
1894,37140.54
1895,37130.99
1896,37129.32
1897,37149.62
1898,37199.44
1899,37187.023
1900,42816.516
1901,42376.477
1902,42366.53
1903,42027.156
1904,42022.77
1905,42123.242
1906,42144.383
1907,42071.43
1908,42019.332
1909,41263.453
1910,40901.273
1911,39679.773
1912,39770.477
1913,40493.156
1914,40519.312
1915,40512.01
1916,40466.496
1917,40437.316
1918,40459.918
1919,42910.418
1920,44517.656
1921,44925.137
1922,44917.85
1923,46007.484
1924,46720.023
1925,46725.98
1926,46776.93
1927,46117.926
1928,56749.383
1929,56742.016
1930,56935.36
1931,57965.965
1932,57971.91
1933,58119.92
1934,57423.43
1935,57421.434
1936,57399.73
1937,57324.277
1938,57480.75
1939,57486.81
1940,57308.68
1941,56500.336
1942,56498.34
1943,56382.496
1944,56288.066
1945,57035.613
1946,57044.617
1947,56887.86
1948,54924.39
1949,54920.715
1950,54874.207
1951,0.0
1952,0.0
1953,0.0
1954,0.0
1955,0.0
1956,0.0
1957,0.0
1958,0.0
1959,0.0
1960,0.0
1961,0.0
1962,0.0
1963,0.0
1964,0.0
1965,0.0
1966,0.0
1967,0.0
1968,0.0
1969,0.0
1970,0.0
1971,0.0
1972,22.708906
1973,22.510351
1974,23.01069
1975,67.35746
1976,1173.0793
1977,1173.0793
1978,1174.3745
1979,1173.7173
1980,3526.3167
1981,3589.3657
1982,3507.4019
1983,3740.5112
1984,3750.4473
1985,3644.9097
1986,3908.5874
1987,3951.7144
1988,3950.0354
1989,4946.1016
1990,4520.14
1991,4530.634
1992,4483.3164
1993,4738.73
1994,4812.545
1995,4892.6
1996,4837.2637
1997,5115.5044
1998,5126.0674
1999,13004.686
2000,13424.804
2001,13558.674
2002,13545.206
2003,13477.246
2004,13027.36
2005,13815.349
2006,13532.392
2007,13661.002
2008,13802.547
2009,14932.28
2010,14745.837
2011,14228.029
2012,16243.237
2013,22015.291
2014,22425.705
2015,22505.256
2016,23671.055
2017,25021.436
2018,24720.963
2019,25358.668
2020,30193.785
2021,30338.434
2022,30312.643
2023,30875.04
2024,30779.152
2025,30543.342
2026,30455.877
2027,30376.533
2028,30518.455
2029,30411.99
2030,30465.055
2031,30345.84
2032,28232.377
2033,28934.055
2034,28349.373
2035,28512.668
2036,28926.592
2037,29800.21
2038,29680.775
2039,30446.518
2040,32283.883
2041,32368.012
2042,32548.805
2043,32561.07
2044,32541.809
2045,32425.889
2046,32306.926
2047,32383.68
2048,32463.65
2049,32308.83
2050,33298.137
2051,32795.98
2052,32679.508
2053,32405.402
2054,32463.99
2055,32604.453
2056,32710.8
2057,34057.25
2058,34041.406
2059,33303.418
2060,32854.906
2061,32049.127
2062,32179.072
2063,32715.2
2064,34140.336
2065,34128.64
2066,34419.953
2067,35494.46
2068,35579.36
2069,39820.94
2070,41086.91
2071,41606.113
2072,41594.508
2073,43609.77
2074,44314.73
2075,44383.773
2076,44453.28
2077,43776.375
2078,51821.57
2079,51809.24
2080,51969.016
2081,52822.133
2082,52891.15
2083,53055.957
2084,52264.98
2085,52386.39
2086,52359.164
2087,52120.746
2088,52218.1
2089,52287.23
2090,49217.035
2091,48394.91
2092,48516.32
2093,50218.387
2094,50069.055
2095,50824.17
2096,50889.168
2097,50751.816
2098,48346.207
2099,48342.86
2100,48311.773
2101,0.0
2102,0.0
2103,0.0
2104,0.0
2105,0.0
2106,0.0
2107,0.0
2108,0.0
2109,0.0
2110,0.0
2111,0.0
2112,0.0
2113,0.0
2114,0.0
2115,0.0
2116,0.0
2117,0.0
2118,0.0
2119,0.0
2120,0.0
2121,0.0
2122,0.0
2123,0.0
2124,0.0
2125,0.0
2126,0.0
2127,0.0
2128,0.0
2129,0.0
2130,0.0
2131,0.0
2132,0.0
2133,0.0
2134,0.0
2135,0.0
2136,0.0
2137,0.0
2138,0.0
2139,0.0
2140,0.0
2141,0.0
2142,0.0
2143,0.0
2144,0.0
2145,0.0
2146,0.0
2147,0.0
2148,0.0
2149,0.0
2150,0.0
2151,0.0
2152,0.0
2153,0.0
2154,0.0
2155,0.0
2156,0.0
2157,0.0
2158,0.0
2159,0.0
2160,0.0
2161,0.0
2162,0.0
2163,0.0
2164,0.0
2165,0.0
2166,0.0
2167,0.0
2168,0.0
2169,0.0
2170,0.0
2171,0.0
2172,0.0
2173,0.0
2174,0.0
2175,0.0
2176,0.0
2177,0.0
2178,0.0
2179,0.0
2180,0.0
2181,0.0
2182,0.0
2183,0.0
2184,0.0
2185,0.0
2186,0.0
2187,0.0
2188,0.0
2189,0.0
2190,0.0
2191,0.0
2192,0.0
2193,0.0
2194,0.0
2195,0.0
2196,0.0
2197,0.0
2198,0.0
2199,0.0
2200,0.0
2201,0.0
2202,0.0
2203,0.0
2204,0.0
2205,0.0
2206,0.0
2207,0.0
2208,0.0
2209,0.0
2210,0.0
2211,0.0
2212,0.0
2213,0.0
2214,0.0
2215,0.0
2216,0.0
2217,0.0
2218,0.0
2219,0.0
2220,0.0
2221,0.0
2222,0.0
2223,0.0
2224,0.0
2225,0.0
2226,0.0
2227,0.0
2228,0.0
2229,0.0
2230,0.0
2231,0.0
2232,0.0
2233,0.0
2234,0.0
2235,0.0
2236,0.0
2237,0.0
2238,0.0
2239,0.0
2240,0.0
2241,0.0
2242,0.0
2243,0.0
2244,0.0
2245,0.0
2246,0.0
2247,0.0
2248,0.0
2249,0.0
2250,0.0
2251,0.0
2252,0.0
2253,0.0
2254,0.0
2255,0.0
2256,0.0
2257,0.0
2258,0.0
2259,0.0
2260,0.0
2261,0.0
2262,0.0
2263,0.0
2264,0.0
2265,0.0
2266,0.0
2267,0.0
2268,0.0
2269,0.0
2270,0.0
2271,0.0
2272,0.0
2273,0.0
2274,0.0
2275,0.0
2276,0.0
2277,0.0
2278,0.0
2279,0.0
2280,1143.8188
2281,1216.9176
2282,1211.6122
2283,1439.0116
2284,1447.2391
2285,1412.9547
2286,1460.494
2287,1527.3076
2288,1480.4965
2289,3377.067
2290,3153.2812
2291,3162.146
2292,3349.4783
2293,3411.1267
2294,3428.9072
2295,3444.7944
2296,3440.6255
2297,3656.3987
2298,3665.3684
2299,8037.855
2300,9474.41
2301,9553.7
2302,9505.545
2303,9565.979
2304,9072.551
2305,9930.191
2306,10601.575
2307,13814.638
2308,13889.211
2309,17357.195
2310,17047.158
2311,16554.2
2312,17573.4
2313,22532.717
2314,22692.264
2315,22741.666
2316,23372.875
2317,24568.238
2318,24308.357
2319,24718.904
2320,29158.623
2321,29182.875
2322,30066.613
2323,30429.342
2324,30608.312
2325,30578.412
2326,30596.232
2327,30596.057
2328,30617.193
2329,32312.266
2330,32881.32
2331,32878.27
2332,30959.33
2333,33490.215
2334,33413.957
2335,33435.05
2336,35145.906
2337,36394.293
2338,36391.027
2339,37141.83
2340,36159.03
2341,36166.945
2342,36185.17
2343,36213.93
2344,36160.85
2345,36157.594
2346,36106.66
2347,36128.23
2348,36132.016
2349,36117.195
2350,41755.88
2351,41314.848
2352,41311.195
2353,41018.715
2354,41013.727
2355,41068.27
2356,41086.902
2357,41010.617
2358,40957.55
2359,40211.297
2360,39892.37
2361,38670.664
2362,38715.973
2363,39436.17
2364,39545.87
2365,39537.6
2366,39498.562
2367,39512.69
2368,39534.71
2369,41941.812
2370,43068.414
2371,43499.094
2372,43490.9
2373,44577.39
2374,45312.414
2375,45317.805
2376,45322.324
2377,44663.562
2378,55296.824
2379,55288.562
2380,55483.082
2381,56333.37
2382,56338.75
2383,56661.3
2384,55938.26
2385,55936.164
2386,55912.56
2387,55838.1
2388,55816.777
2389,55822.27
2390,55960.9
2391,55156.082
2392,55153.984
2393,55186.125
2394,57267.387
2395,57499.11
2396,57507.55
2397,57854.53
2398,55984.062
2399,55981.965
2400,55936.625
2401,0.0
2402,0.0
2403,0.0
2404,0.0
2405,0.0
2406,0.0
2407,0.0
2408,0.0
2409,0.0
2410,0.0
2411,0.0
2412,0.0
2413,0.0
2414,0.0
2415,0.0
2416,0.0
2417,0.0
2418,0.0
2419,0.0
2420,0.0
2421,0.0
2422,0.0
2423,0.0
2424,0.0
2425,0.0
2426,890.2661
2427,890.2661
2428,891.6319
2429,891.6319
2430,2152.4072
2431,2079.8052
2432,2071.2651
2433,2440.4436
2434,2450.3801
2435,2319.8596
2436,2491.149
2437,3059.6414
2438,3058.2185
2439,4323.0684
2440,4069.293
2441,4079.7869
2442,4002.4592
2443,4165.3936
2444,4166.861
2445,4249.0127
2446,4269.502
2447,5690.326
2448,5700.889
2449,18163.588
2450,18560.805
2451,18622.248
2452,18618.51
2453,18626.191
2454,18296.938
2455,19166.234
2456,18857.93
2457,19079.266
2458,19150.09
2459,22153.252
2460,21850.572
2461,21459.021
2462,22702.195
2463,28339.541
2464,28561.994
2465,28594.264
2466,29559.139
2467,30743.111
2468,30590.072
2469,30968.283
2470,35237.652
2471,35258.156
2472,35702.0
2473,36287.867
2474,36294.395
2475,36204.875
2476,36061.066
2477,35923.984
2478,35941.76
2479,37171.9
2480,37744.07
2481,37735.32
2482,35698.047
2483,36111.15
2484,35422.863
2485,35440.96
2486,37032.402
2487,39899.355
2488,39890.273
2489,39068.438
2490,38090.496
2491,38133.613
2492,38192.785
2493,38206.53
2494,37367.71
2495,37362.14
2496,37376.906
2497,37405.94
2498,37444.9
2499,37428.863
2500,40014.688
2501,39521.312
2502,39515.188
2503,39352.637
2504,39356.645
2505,39456.094
2506,39471.984
2507,39388.203
2508,39382.25
2509,39135.305
2510,38819.22
2511,38596.93
2512,38685.8
2513,39390.3
2514,40819.707
2515,40817.12
2516,40812.637
2517,40796.406
2518,40827.316
2519,43219.562
2520,42877.016
2521,43255.59
2522,43253.094
2523,44339.043
2524,45040.703
2525,45052.58
2526,45104.004
2527,44442.617
2528,52590.17
2529,52587.766
2530,52507.746
2531,52924.973
2532,52936.836
2533,52941.676
2534,52142.73
2535,52263.914
2536,52246.414
2537,52057.066
2538,52023.414
2539,52035.39
2540,50459.277
2541,49919.28
2542,50040.465
2543,51749.984
2544,51664.766
2545,52411.17
2546,52419.016
2547,52263.58
2548,49787.098
2549,49785.203
2550,49764.07
2551,0.0
2552,0.0
2553,0.0
2554,0.0
2555,0.0
2556,0.0
2557,0.0
2558,0.0
2559,0.0
2560,0.0
2561,0.0
2562,0.0
2563,0.0
2564,0.0
2565,0.0
2566,0.0
2567,0.0
2568,0.0
2569,0.0
2570,0.0
2571,0.0
2572,0.0
2573,0.0
2574,0.0
2575,0.0
2576,0.0
2577,0.0
2578,0.0
2579,0.0
2580,0.0
2581,0.0
2582,0.0
2583,0.0
2584,0.0
2585,0.0
2586,0.0
2587,0.0
2588,0.0
2589,0.0
2590,0.0
2591,0.0
2592,0.0
2593,0.0
2594,0.0
2595,0.0
2596,0.0
2597,0.0
2598,0.0
2599,0.0
2600,0.0
2601,0.0
2602,0.0
2603,0.0
2604,0.0
2605,0.0
2606,0.0
2607,0.0
2608,0.0
2609,0.0
2610,0.0
2611,0.0
2612,0.0
2613,0.0
2614,0.0
2615,0.0
2616,0.0
2617,0.0
2618,0.0
2619,0.0
2620,0.0
2621,0.0
2622,0.0
2623,0.0
2624,0.0
2625,0.0
2626,0.0
2627,0.0
2628,0.0
2629,0.0
2630,0.0
2631,0.0
2632,0.0
2633,0.0
2634,0.0
2635,0.0
2636,0.0
2637,0.0
2638,0.0
2639,0.0
2640,0.0
2641,0.0
2642,0.0
2643,0.0
2644,0.0
2645,0.0
2646,0.0
2647,0.0
2648,0.0
2649,0.0
2650,0.0
2651,0.0
2652,0.0
2653,0.0
2654,0.0
2655,0.0
2656,0.0
2657,0.0
2658,0.0
2659,0.0
2660,0.0
2661,0.0
2662,0.0
2663,0.0
2664,0.0
2665,0.0
2666,0.0
2667,0.0
2668,0.0
2669,0.0
2670,0.0
2671,0.0
2672,0.0
2673,0.0
2674,0.0
2675,0.0
2676,0.0
2677,0.0
2678,0.0
2679,0.0
2680,0.0
2681,0.0
2682,0.0
2683,0.0
2684,0.0
2685,0.0
2686,0.0
2687,0.0
2688,0.0
2689,0.0
2690,0.0
2691,0.0
2692,0.0
2693,0.0
2694,0.0
2695,0.0
2696,0.0
2697,0.0
2698,0.0
2699,0.0
2700,0.0
2701,0.0
2702,0.0
2703,0.0
2704,0.0
2705,0.0
2706,0.0
2707,0.0
2708,0.0
2709,0.0
2710,0.0
2711,0.0
2712,0.0
2713,0.0
2714,0.0
2715,0.0
2716,0.0
2717,0.0
2718,0.0
2719,0.0
2720,0.0
2721,0.0
2722,22.708906
2723,22.510351
2724,23.01069
2725,67.35746
2726,1173.0793
2727,1173.0793
2728,1174.3745
2729,1173.7173
2730,3526.3167
2731,3589.3657
2732,3507.4019
2733,3740.5112
2734,3750.4473
2735,3644.9097
2736,3908.5874
2737,3951.7144
2738,3950.0354
2739,4946.1016
2740,4520.14
2741,4530.634
2742,4483.3164
2743,4738.73
2744,4812.545
2745,4892.6
2746,4837.2637
2747,5115.5044
2748,5126.0674
2749,13004.686
2750,13424.804
2751,13558.674
2752,13545.206
2753,13477.246
2754,13027.36
2755,13815.349
2756,13532.392
2757,13661.002
2758,13802.547
2759,14932.28
2760,14745.837
2761,14228.029
2762,16243.237
2763,22015.291
2764,22425.705
2765,22505.256
2766,23671.055
2767,25021.436
2768,24720.963
2769,25358.668
2770,30193.785
2771,30338.434
2772,30312.643
2773,30875.04
2774,30779.152
2775,30543.342
2776,30455.877
2777,30376.533
2778,30518.455
2779,30411.99
2780,30465.055
2781,30345.84
2782,28232.377
2783,28934.055
2784,28349.373
2785,28512.668
2786,28926.592
2787,29800.21
2788,29680.775
2789,30446.518
2790,32283.883
2791,32368.012
2792,32548.805
2793,32561.07
2794,32541.809
2795,32425.889
2796,32306.926
2797,32383.68
2798,32463.65
2799,32308.83
2800,33298.137
2801,32795.98
2802,32679.508
2803,32405.402
2804,32463.99
2805,32604.453
2806,32710.8
2807,34057.25
2808,34041.406
2809,33303.418
2810,32854.906
2811,32049.127
2812,32179.072
2813,32715.2
2814,34140.336
2815,34128.64
2816,34419.953
2817,35494.46
2818,35579.36
2819,39820.94
2820,41086.91
2821,41606.113
2822,41594.508
2823,43609.77
2824,44314.73
2825,44383.773
2826,44453.28
2827,43776.375
2828,51821.57
2829,51809.24
2830,51969.016
2831,52822.133
2832,52891.15
2833,53055.957
2834,52264.98
2835,52386.39
2836,52359.164
2837,52120.746
2838,52218.1
2839,52287.23
2840,49217.035
2841,48394.91
2842,48516.32
2843,50218.387
2844,50069.055
2845,50824.17
2846,50889.168
2847,50751.816
2848,48346.207
2849,48342.86
2850,48311.773
2851,0.0
2852,0.0
2853,0.0
2854,0.0
2855,0.0
2856,0.0
2857,0.0
2858,0.0
2859,0.0
2860,0.0
2861,0.0
2862,0.0
2863,0.0
2864,0.0
2865,0.0
2866,0.0
2867,0.0
2868,0.0
2869,0.0
2870,0.0
2871,0.0
2872,0.0
2873,0.0
2874,0.0
2875,0.0
2876,0.0
2877,0.0
2878,0.0
2879,0.0
2880,1143.5498
2881,1216.52
2882,1211.1844
2883,1439.6337
2884,1448.0336
2885,1412.6208
2886,1460.1816
2887,1527.9596
2888,1481.0693
2889,3378.19
2890,3154.2388
2891,3163.276
2892,3350.6016
2893,3412.1707
2894,3429.9978
2895,3445.7983
2896,3440.9976
2897,3656.7434
2898,3665.8855
2899,8037.33
2900,9473.73
2901,9553.497
2902,9505.167
2903,9564.744
2904,9078.845
2905,9936.557
2906,10600.048
2907,13813.027
2908,13888.004
2909,17358.367
2910,17055.254
2911,16570.547
2912,17581.697
2913,22533.74
2914,22693.23
2915,22742.428
2916,23373.596
2917,24569.63
2918,24309.9
2919,24720.521
2920,29160.24
2921,29184.488
2922,30068.281
2923,30656.879
2924,30835.818
2925,30806.072
2926,30823.777
2927,30823.643
2928,30844.775
2929,32539.822
2930,33106.773
2931,33103.69
2932,31183.713
2933,33714.63
2934,33638.336
2935,33659.426
2936,35371.453
2937,36620.043
2938,36616.75
2939,37366.76
2940,36384.965
2941,36392.887
2942,36411.133
2943,36439.89
2944,36386.848
2945,36383.598
2946,36332.582
2947,36354.223
2948,36358.016
2949,36343.04
2950,41981.31
2951,41539.965
2952,41536.32
2953,41244.03
2954,41239.12
2955,41293.543
2956,41312.164
2957,41235.824
2958,41182.766
2959,40458.61
2960,40140.344
2961,38918.703
2962,38963.324
2963,39683.52
2964,39793.285
2965,39785.023
2966,39745.99
2967,39760.746
2968,39782.824
2969,42187.992
2970,43315.78
2971,43722.965
2972,43714.777
2973,44802.152
2974,45537.09
2975,45542.523
2976,45547.094
2977,44888.31
2978,55521.727
2979,55513.457
2980,55707.984
2981,56559.77
2982,56565.19
2983,56887.754
2984,56164.637
2985,56162.535
2986,56139.605
2987,56065.152
2988,56043.867
2989,56049.402
2990,56289.684
2991,55484.824
2992,55482.723
2993,55412.33
2994,57493.72
2995,57725.45
2996,57733.93
2997,58080.906
2998,56210.4
2999,56208.297
3000,56172.945
3001,0.0
3002,0.0
3003,0.0
3004,0.0
3005,0.0
3006,0.0
3007,0.0
3008,0.0
3009,0.0
3010,0.0
3011,0.0
3012,0.0
3013,0.0
3014,0.0
3015,0.0
3016,0.0
3017,0.0
3018,0.0
3019,0.0
3020,0.0
3021,0.0
3022,0.0
3023,0.0
3024,0.0
3025,0.0
3026,0.0
3027,0.0
3028,0.0
3029,0.0
3030,0.0
3031,0.0
3032,0.0
3033,0.0
3034,0.0
3035,0.0
3036,0.0
3037,0.0
3038,0.0
3039,0.0
3040,0.0
3041,0.0
3042,0.0
3043,0.0
3044,0.0
3045,0.0
3046,0.0
3047,0.0
3048,0.0
3049,0.0
3050,0.0
3051,0.0
3052,0.0
3053,0.0
3054,0.0
3055,0.0
3056,0.0
3057,0.0
3058,0.0
3059,0.0
3060,0.0
3061,0.0
3062,0.0
3063,0.0
3064,0.0
3065,0.0
3066,0.0
3067,0.0
3068,0.0
3069,0.0
3070,0.0
3071,0.0
3072,0.0
3073,0.0
3074,0.0
3075,0.0
3076,0.0
3077,0.0
3078,0.0
3079,0.0
3080,0.0
3081,0.0
3082,0.0
3083,0.0
3084,0.0
3085,0.0
3086,0.0
3087,0.0
3088,0.0
3089,0.0
3090,0.0
3091,0.0
3092,0.0
3093,0.0
3094,0.0
3095,0.0
3096,0.0
3097,0.0
3098,0.0
3099,0.0
3100,0.0
3101,0.0
3102,0.0
3103,0.0
3104,0.0
3105,0.0
3106,0.0
3107,0.0
3108,0.0
3109,0.0
3110,0.0
3111,0.0
3112,0.0
3113,0.0
3114,0.0
3115,0.0
3116,0.0
3117,0.0
3118,0.0
3119,0.0
3120,0.0
3121,0.0
3122,0.0
3123,0.0
3124,0.0
3125,0.0
3126,0.0
3127,0.0
3128,0.0
3129,0.0
3130,0.0
3131,0.0
3132,0.0
3133,0.0
3134,0.0
3135,0.0
3136,0.0
3137,0.0
3138,0.0
3139,0.0
3140,0.0
3141,0.0
3142,0.0
3143,0.0
3144,0.0
3145,0.0
3146,0.0
3147,0.0
3148,0.0
3149,0.0
3150,0.0
3151,0.0
3152,0.0
3153,0.0
3154,0.0
3155,0.0
3156,0.0
3157,0.0
3158,0.0
3159,0.0
3160,0.0
3161,0.0
3162,0.0
3163,0.0
3164,0.0
3165,0.0
3166,0.0
3167,0.0
3168,0.0
3169,0.0
3170,0.0
3171,0.0
3172,0.0
3173,0.0
3174,0.0
3175,0.0
3176,0.0
3177,0.0
3178,0.0
3179,0.0
3180,0.0
3181,0.0
3182,0.0
3183,0.0
3184,0.0
3185,0.0
3186,0.0
3187,0.0
3188,0.0
3189,0.0
3190,0.0
3191,0.0
3192,0.0
3193,0.0
3194,0.0
3195,0.0
3196,0.0
3197,0.0
3198,0.0
3199,0.0
3200,0.0
3201,0.0
3202,0.0
3203,0.0
3204,0.0
3205,0.0
3206,0.0
3207,0.0
3208,0.0
3209,0.0
3210,0.0
3211,0.0
3212,0.0
3213,0.0
3214,0.0
3215,0.0
3216,0.0
3217,0.0
3218,0.0
3219,0.0
3220,0.0
3221,0.0
3222,0.0
3223,0.0
3224,0.0
3225,0.0
3226,0.0
3227,0.0
3228,0.0
3229,0.0
3230,0.0
3231,0.0
3232,0.0
3233,0.0
3234,0.0
3235,0.0
3236,0.0
3237,0.0
3238,0.0
3239,0.0
3240,0.0
3241,0.0
3242,0.0
3243,0.0
3244,0.0
3245,0.0
3246,0.0
3247,0.0
3248,0.0
3249,0.0
3250,0.0
3251,0.0
3252,0.0
3253,0.0
3254,0.0
3255,0.0
3256,0.0
3257,0.0
3258,0.0
3259,0.0
3260,0.0
3261,0.0
3262,0.0
3263,0.0
3264,0.0
3265,0.0
3266,0.0
3267,0.0
3268,0.0
3269,0.0
3270,0.0
3271,0.0
3272,0.0
3273,0.0
3274,0.0
3275,0.0
3276,0.0
3277,0.0
3278,0.0
3279,0.0
3280,0.0
3281,0.0
3282,0.0
3283,0.0
3284,0.0
3285,0.0
3286,0.0
3287,0.0
3288,0.0
3289,0.0
3290,0.0
3291,0.0
3292,0.0
3293,0.0
3294,0.0
3295,0.0
3296,0.0
3297,0.0
3298,0.0
3299,0.0
3300,0.0
3301,0.0
3302,0.0
3303,0.0
3304,0.0
3305,0.0
3306,0.0
3307,0.0
3308,0.0
3309,0.0
3310,0.0
3311,0.0
3312,0.0
3313,0.0
3314,0.0
3315,0.0
3316,0.0
3317,0.0
3318,0.0
3319,0.0
3320,0.0
3321,0.0
3322,0.0
3323,0.0
3324,0.0
3325,0.0
3326,0.0
3327,0.0
3328,0.0
3329,0.0
3330,0.0
3331,0.0
3332,0.0
3333,0.0
3334,0.0
3335,0.0
3336,0.0
3337,0.0
3338,0.0
3339,0.0
3340,0.0
3341,0.0
3342,0.0
3343,0.0
3344,0.0
3345,0.0
3346,0.0
3347,0.0
3348,0.0
3349,0.0
3350,0.0
3351,0.0
3352,0.0
3353,0.0
3354,0.0
3355,0.0
3356,0.0
3357,0.0
3358,0.0
3359,0.0
3360,0.0
3361,0.0
3362,0.0
3363,0.0
3364,0.0
3365,0.0
3366,0.0
3367,0.0
3368,0.0
3369,0.0
3370,0.0
3371,0.0
3372,0.0
3373,0.0
3374,0.0
3375,0.0
3376,0.0
3377,0.0
3378,0.0
3379,0.0
3380,0.0
3381,0.0
3382,0.0
3383,0.0
3384,0.0
3385,0.0
3386,0.0
3387,0.0
3388,0.0
3389,0.0
3390,0.0
3391,0.0
3392,0.0
3393,0.0
3394,0.0
3395,0.0
3396,0.0
3397,0.0
3398,0.0
3399,0.0
3400,0.0
3401,0.0
3402,0.0
3403,0.0
3404,0.0
3405,0.0
3406,0.0
3407,0.0
3408,0.0
3409,0.0
3410,0.0
3411,0.0
3412,0.0
3413,0.0
3414,0.0
3415,0.0
3416,0.0
3417,0.0
3418,0.0
3419,0.0
3420,0.0
3421,0.0
3422,0.0
3423,0.0
3424,0.0
3425,0.0
3426,0.0
3427,0.0
3428,0.0
3429,0.0
3430,0.0
3431,0.0
3432,0.0
3433,0.0
3434,0.0
3435,0.0
3436,0.0
3437,0.0
3438,0.0
3439,0.0
3440,0.0
3441,0.0
3442,0.0
3443,0.0
3444,0.0
3445,0.0
3446,0.0
3447,0.0
3448,0.0
3449,0.0
3450,0.0
3451,24.64141
3452,16.853426
3453,16.853426
3454,16.853426
3455,24.994528
3456,29.655058
3457,29.74346
3458,31.390656
3459,23.173958
3460,22.929749
3461,22.929749
3462,25.652521
3463,29.96606
3464,30.139042
3465,41.980225
3466,62.94435
3467,62.49604
3468,70.6939
3469,69.95463
3470,82.152695
3471,82.32567
3472,68.82538
3473,68.35073
3474,67.90242
3475,0.0
3476,0.0
3477,0.0
3478,0.0
3479,0.0
3480,1489.6462
3481,1616.5234
3482,1534.9812
3483,1620.2595
3484,1629.1243
3485,1534.5231
3486,1781.8134
3487,1809.8842
3488,1759.5295
3489,1647.1578
3490,1217.429
3491,1226.8517
3492,1180.9847
3493,1443.1954
3494,1545.11
3495,1558.8171
3496,1460.8215
3497,2234.0906
3498,2243.6184
3499,7983.549
3500,9622.844
3501,9785.423
3502,9723.593
3503,9701.401
3504,9249.605
3505,10028.018
3506,10363.24
3507,13923.075
3508,14078.001
3509,17541.607
3510,17134.592
3511,16623.426
3512,18983.38
3513,25361.152
3514,26006.662
3515,26103.865
3516,26936.2
3517,28309.018
3518,28021.229
3519,28770.436
3520,34093.863
3521,34242.3
3522,34236.344
3523,34807.67
3524,34879.016
3525,34656.29
3526,34728.395
3527,34811.3
3528,34956.617
3529,36435.67
3530,36468.254
3531,36354.336
3532,34272.03
3533,37757.58
3534,37768.395
3535,37935.074
3536,39546.395
3537,40349.21
3538,40235.074
3539,40909.53
3540,39767.97
3541,39862.91
3542,40035.184
3543,40087.375
3544,40024.465
3545,39910.336
3546,39761.633
3547,39835.824
3548,39926.613
3549,39779.855
3550,43805.773
3551,43356.33
3552,43241.805
3553,42713.652
3554,42763.176
3555,42904.742
3556,43012.85
3557,42872.26
3558,42809.37
3559,42083.957
3560,41652.7
3561,40413.7
3562,40546.09
3563,41104.086
3564,41125.08
3565,41106.984
3566,41411.31
3567,42444.324
3568,42520.855
3569,46822.63
3570,50550.074
3571,51144.867
3572,51126.79
3573,53426.81
3574,54144.926
3575,54208.008
3576,54276.29
3577,53601.832
3578,64766.836
3579,64748.69
3580,64911.215
3581,65949.195
3582,66012.25
3583,66176.23
3584,65464.367
3585,65462.375
3586,65429.26
3587,65304.957
3588,65470.336
3589,65533.504
3590,65267.965
3591,64444.19
3592,64442.2
3593,64424.156
3594,64273.74
3595,65030.223
3596,65096.336
3597,64955.613
3598,62976.71
3599,62973.04
3600,62903.906
3601,0.0
3602,0.0
3603,0.0
3604,0.0
3605,0.0
3606,0.0
3607,0.0
3608,0.0
3609,0.0
3610,0.0
3611,0.0
3612,0.0
3613,0.0
3614,0.0
3615,0.0
3616,0.0
3617,0.0
3618,0.0
3619,0.0
3620,0.0
3621,0.0
3622,0.0
3623,0.0
3624,0.0
3625,0.0
3626,0.0
3627,0.0
3628,0.0
3629,0.0
3630,0.0
3631,0.0
3632,0.0
3633,0.0
3634,0.0
3635,0.0
3636,0.0
3637,0.0
3638,0.0
3639,0.0
3640,0.0
3641,0.0
3642,0.0
3643,0.0
3644,0.0
3645,0.0
3646,0.0
3647,0.0
3648,0.0
3649,0.0
3650,0.0
3651,0.0
3652,0.0
3653,0.0
3654,0.0
3655,0.0
3656,0.0
3657,0.0
3658,0.0
3659,0.0
3660,0.0
3661,0.0
3662,0.0
3663,0.0
3664,0.0
3665,0.0
3666,0.0
3667,0.0
3668,0.0
3669,0.0
3670,0.0
3671,0.0
3672,0.0
3673,0.0
3674,0.0
3675,0.0
3676,0.0
3677,0.0
3678,0.0
3679,0.0
3680,0.0
3681,0.0
3682,0.0
3683,0.0
3684,0.0
3685,0.0
3686,0.0
3687,0.0
3688,0.0
3689,0.0
3690,0.0
3691,0.0
3692,0.0
3693,0.0
3694,0.0
3695,0.0
3696,0.0
3697,0.0
3698,0.0
3699,0.0
3700,0.0
3701,0.0
3702,0.0
3703,0.0
3704,0.0
3705,0.0
3706,0.0
3707,0.0
3708,0.0
3709,0.0
3710,0.0
3711,0.0
3712,0.0
3713,0.0
3714,0.0
3715,0.0
3716,0.0
3717,0.0
3718,0.0
3719,0.0
3720,0.0
3721,0.0
3722,0.0
3723,0.0
3724,0.0
3725,0.0
3726,0.0
3727,0.0
3728,0.0
3729,0.0
3730,0.0
3731,0.0
3732,0.0
3733,0.0
3734,0.0
3735,0.0
3736,0.0
3737,0.0
3738,0.0
3739,0.0
3740,0.0
3741,0.0
3742,0.0
3743,0.0
3744,0.0
3745,0.0
3746,0.0
3747,0.0
3748,0.0
3749,0.0
3750,0.0
3751,0.0
3752,0.0
3753,0.0
3754,0.0
3755,0.0
3756,0.0
3757,0.0
3758,0.0
3759,0.0
3760,0.0
3761,0.0
3762,0.0
3763,0.0
3764,0.0
3765,0.0
3766,0.0
3767,0.0
3768,0.0
3769,0.0
3770,0.0
3771,0.0
3772,0.0
3773,0.0
3774,0.0
3775,0.0
3776,0.0
3777,0.0
3778,0.0
3779,0.0
3780,0.0
3781,0.0
3782,0.0
3783,0.0
3784,0.0
3785,0.0
3786,0.0
3787,0.0
3788,0.0
3789,0.0
3790,0.0
3791,0.0
3792,0.0
3793,0.0
3794,0.0
3795,0.0
3796,0.0
3797,0.0
3798,0.0
3799,0.0
3800,0.0
3801,0.0
3802,0.0
3803,0.0
3804,0.0
3805,0.0
3806,0.0
3807,0.0
3808,0.0
3809,0.0
3810,0.0
3811,0.0
3812,0.0
3813,0.0
3814,0.0
3815,0.0
3816,0.0
3817,0.0
3818,0.0
3819,0.0
3820,0.0
3821,0.0
3822,0.0
3823,0.0
3824,0.0
3825,0.0
3826,0.0
3827,0.0
3828,0.0
3829,0.0
3830,0.0
3831,0.0
3832,0.0
3833,0.0
3834,0.0
3835,0.0
3836,0.0
3837,0.0
3838,0.0
3839,0.0
3840,0.0
3841,0.0
3842,0.0
3843,0.0
3844,0.0
3845,0.0
3846,0.0
3847,0.0
3848,0.0
3849,0.0
3850,0.0
3851,0.0
3852,0.0
3853,0.0
3854,0.0
3855,0.0
3856,0.0
3857,0.0
3858,0.0
3859,0.0
3860,0.0
3861,0.0
3862,0.0
3863,0.0
3864,0.0
3865,0.0
3866,0.0
3867,0.0
3868,0.0
3869,0.0
3870,0.0
3871,0.0
3872,0.0
3873,0.0
3874,0.0
3875,0.0
3876,0.0
3877,0.0
3878,0.0
3879,0.0
3880,0.0
3881,0.0
3882,0.0
3883,0.0
3884,0.0
3885,0.0
3886,0.0
3887,0.0
3888,0.0
3889,0.0
3890,0.0
3891,0.0
3892,0.0
3893,0.0
3894,0.0
3895,0.0
3896,0.0
3897,0.0
3898,0.0
3899,0.0
3900,0.0
3901,0.0
3902,0.0
3903,0.0
3904,0.0
3905,0.0
3906,0.0
3907,0.0
3908,0.0
3909,0.0
3910,0.0
3911,0.0
3912,0.0
3913,0.0
3914,0.0
3915,0.0
3916,0.0
3917,0.0
3918,0.0
3919,0.0
3920,0.0
3921,0.0
3922,0.0
3923,0.0
3924,0.0
3925,0.0
3926,0.0
3927,0.0
3928,0.0
3929,0.0
3930,1216.6499
3931,1277.543
3932,1272.1742
3933,1595.8992
3934,1604.0533
3935,1474.0807
3936,1521.6265
3937,1588.0575
3938,1541.2463
3939,1830.2803
3940,1700.2822
3941,1709.147
3942,1658.9806
3943,1720.6299
3944,1738.4062
3945,1754.2931
3946,1750.0619
3947,2351.8096
3948,2360.7795
3949,6703.5923
3950,8140.153
3951,8219.439
3952,8171.261
3953,8231.69
3954,7964.4263
3955,8821.996
3956,9266.024
3957,12482.34
3958,12557.084
3959,16137.669
3960,15839.671
3961,15528.91
3962,16548.125
3963,21325.248
3964,21484.795
3965,21534.197
3966,22165.402
3967,23361.98
3968,23284.287
3969,23694.834
3970,27972.002
3971,27996.254
3972,28459.488
3973,28821.344
3974,29000.314
3975,28924.49
3976,28942.31
3977,28988.018
3978,29009.154
3979,30440.396
3980,31006.041
3981,31002.98
3982,29038.137
3983,31568.967
3984,31538.637
3985,31559.729
3986,33270.586
3987,34518.996
3988,34515.727
3989,35220.754
3990,34237.785
3991,34291.63
3992,34309.855
3993,34338.57
3994,34285.492
3995,34282.23
3996,34185.387
3997,34206.96
3998,34256.652
3999,34241.832
4000,39880.477
4001,39439.49
4002,39435.836
4003,39097.43
4004,39092.44
4005,39192.91
4006,39211.543
4007,39135.258
4008,39082.19
4009,38335.938
4010,37971.09
4011,36749.38
4012,36840.613
4013,37560.812
4014,37670.51
4015,37662.242
4016,37623.203
4017,37591.406
4018,37613.426
4019,40066.645
4020,41193.082
4021,41623.76
4022,41615.566
4023,42702.7
4024,43391.797
4025,43397.188
4026,43447.633
4027,42788.867
4028,53422.1
4029,53413.84
4030,53608.36
4031,54608.645
4032,54614.023
4033,54786.582
4034,54063.566
4035,54061.47
4036,54037.55
4037,53963.09
4038,54091.758
4039,54097.25
4040,53759.55
4041,52954.734
4042,52952.637
4043,52984.1
4044,52897.645
4045,53605.695
4046,53614.133
4047,53484.785
4048,51614.316
4049,51612.22
4050,51566.81
4051,0.0
4052,0.0
4053,0.0
4054,0.0
4055,0.0
4056,0.0
4057,0.0
4058,0.0
4059,0.0
4060,0.0
4061,0.0
4062,0.0
4063,0.0
4064,0.0
4065,0.0
4066,0.0
4067,0.0
4068,0.0
4069,0.0
4070,0.0
4071,0.0
4072,0.0
4073,0.0
4074,0.0
4075,0.0
4076,0.0
4077,0.0
4078,0.0
4079,0.0
4080,125.39737
4081,230.91159
4082,225.51668
4083,505.5422
4084,513.8684
4085,382.7691
4086,430.33612
4087,519.1699
4088,517.02875
4089,806.6144
4090,631.6998
4091,640.73706
4092,590.56476
4093,652.1346
4094,669.95703
4095,730.5064
4096,725.6424
4097,1268.2784
4098,1277.4207
4099,5619.188
4100,7055.597
4101,7135.359
4102,7131.756
4103,7191.3315
4104,6886.8423
4105,7744.4883
4106,8180.625
4107,11396.8545
4108,11472.0
4109,15017.826
4110,14726.753
4111,14379.501
4112,15616.794
4113,21240.912
4114,21400.4
4115,21449.598
4116,22125.512
4117,23322.764
4118,23200.473
4119,23611.094
4120,27888.258
4121,27912.506
4122,28375.793
4123,29008.266
4124,29187.205
4125,29066.79
4126,29084.494
4127,29130.24
4128,29151.373
4129,30582.598
4130,31190.893
4131,31187.805
4132,29240.334
4133,31815.084
4134,31784.723
4135,31805.81
4136,33749.035
4137,35042.383
4138,35039.09
4139,35698.574
4140,34716.617
4141,34770.465
4142,34788.707
4143,34817.426
4144,34809.133
4145,34805.883
4146,34664.21
4147,34685.855
4148,34735.55
4149,34720.57
4150,40358.81
4151,39962.332
4152,39958.688
4153,39575.723
4154,39570.812
4155,39671.16
4156,39689.78
4157,39613.44
4158,39605.133
4159,39403.133
4160,39078.734
4161,38053.71
4162,38144.258
4163,38849.594
4164,38959.36
4165,38951.098
4166,38912.062
4167,38880.895
4168,38902.973
4169,41354.258
4170,43450.94
4171,43858.125
4172,43849.938
4173,44937.953
4174,45626.965
4175,45632.4
4176,45682.895
4177,45024.113
4178,55657.504
4179,55649.234
4180,55572.83
4181,56094.93
4182,56100.35
4183,56131.766
4184,55408.67
4185,55406.57
4186,55383.33
4187,55308.88
4188,55437.586
4189,55443.12
4190,55267.133
4191,54729.438
4192,54727.336
4193,54656.266
4194,54569.93
4195,55277.99
4196,55286.473
4197,55157.12
4198,53286.61
4199,53284.508
4200,53249.086
4201,0.0
4202,0.0
4203,0.0
4204,0.0
4205,0.0
4206,0.0
4207,0.0
4208,0.0
4209,0.0
4210,0.0
4211,0.0
4212,0.0
4213,0.0
4214,0.0
4215,0.0
4216,0.0
4217,0.0
4218,0.0
4219,0.0
4220,0.0
4221,0.0
4222,0.0
4223,0.0
4224,0.0
4225,0.0
4226,0.0
4227,0.0
4228,0.0
4229,0.0
4230,0.0
4231,0.0
4232,0.0
4233,0.0
4234,0.0
4235,0.0
4236,0.0
4237,0.0
4238,0.0
4239,0.0
4240,0.0
4241,0.0
4242,0.0
4243,0.0
4244,0.0
4245,0.0
4246,0.0
4247,0.0
4248,0.0
4249,0.0
4250,0.0
4251,0.0
4252,0.0
4253,0.0
4254,0.0
4255,0.0
4256,0.0
4257,0.0
4258,0.0
4259,0.0
4260,0.0
4261,0.0
4262,0.0
4263,0.0
4264,0.0
4265,0.0
4266,0.0
4267,0.0
4268,0.0
4269,0.0
4270,0.0
4271,0.0
4272,0.0
4273,0.0
4274,0.0
4275,0.0
4276,0.0
4277,0.0
4278,0.0
4279,0.0
4280,0.0
4281,0.0
4282,0.0
4283,0.0
4284,0.0
4285,0.0
4286,0.0
4287,0.0
4288,0.0
4289,0.0
4290,0.0
4291,0.0
4292,0.0
4293,0.0
4294,0.0
4295,0.0
4296,0.0
4297,0.0
4298,0.0
4299,0.0
4300,0.0
4301,0.0
4302,0.0
4303,0.0
4304,0.0
4305,0.0
4306,0.0
4307,0.0
4308,0.0
4309,0.0
4310,0.0
4311,0.0
4312,0.0
4313,0.0
4314,0.0
4315,0.0
4316,0.0
4317,0.0
4318,0.0
4319,0.0
4320,0.0
4321,0.0
4322,0.0
4323,0.0
4324,0.0
4325,0.0
4326,0.0
4327,0.0
4328,0.0
4329,0.0
4330,0.0
4331,0.0
4332,0.0
4333,0.0
4334,0.0
4335,0.0
4336,0.0
4337,0.0
4338,0.0
4339,0.0
4340,0.0
4341,0.0
4342,0.0
4343,0.0
4344,0.0
4345,0.0
4346,0.0
4347,0.0
4348,0.0
4349,0.0
4350,0.0
4351,0.0
4352,0.0
4353,0.0
4354,0.0
4355,0.0
4356,0.0
4357,0.0
4358,0.0
4359,0.0
4360,0.0
4361,0.0
4362,0.0
4363,0.0
4364,0.0
4365,0.0
4366,0.0
4367,0.0
4368,0.0
4369,0.0
4370,0.0
4371,0.0
4372,22.708906
4373,22.510351
4374,23.01069
4375,67.35746
4376,1173.0793
4377,1173.0793
4378,1174.3745
4379,1173.7173
4380,3534.6646
4381,3597.7136
4382,3515.7498
4383,3753.1885
4384,3763.1245
4385,3657.587
4386,3921.2646
4387,3964.3916
4388,3962.7126
4389,4958.7793
4390,4532.817
4391,4543.3115
4392,4495.994
4393,4751.4077
4394,4825.2227
4395,4905.277
4396,4849.9404
4397,5128.182
4398,5138.744
4399,13017.361
4400,13437.4795
4401,13571.35
4402,13557.882
4403,13489.922
4404,13040.036
4405,13828.024
4406,13545.067
4407,13673.826
4408,13815.371
4409,14945.764
4410,14759.32
4411,14241.513
4412,16256.721
4413,22028.777
4414,22439.191
4415,22518.742
4416,23684.541
4417,25034.922
4418,24734.45
4419,25372.154
4420,30207.271
4421,30351.92
4422,30326.129
4423,30888.525
4424,30792.639
4425,30556.828
4426,30469.363
4427,30390.02
4428,30531.941
4429,30425.477
4430,30478.541
4431,30359.326
4432,28245.863
4433,28947.541
4434,28362.86
4435,28526.154
4436,28940.078
4437,29813.697
4438,29694.262
4439,30460.004
4440,32297.37
4441,32381.498
4442,32562.291
4443,32574.557
4444,32555.295
4445,32439.375
4446,32320.412
4447,32397.166
4448,32477.137
4449,32322.316
4450,33311.617
4451,32809.46
4452,32692.99
4453,32415.014
4454,32473.602
4455,32614.064
4456,32712.973
4457,32606.568
4458,32590.723
4459,31852.719
4460,31404.203
4461,30598.465
4462,30728.406
4463,31264.512
4464,32689.63
4465,32677.936
4466,32969.254
4467,34043.76
4468,34128.66
4469,38370.242
4470,39636.234
4471,40155.434
4472,40143.832
4473,42159.105
4474,42864.082
4475,42933.125
4476,43002.633
4477,42325.71
4478,50431.508
4479,50419.176
4480,50578.953
4481,51432.07
4482,51501.086
4483,51665.895
4484,50874.918
4485,50996.33
4486,50969.1
4487,50730.684
4488,50762.8
4489,50831.93
4490,49214.586
4491,48392.46
4492,48513.87
4493,50215.938
4494,50066.605
4495,50821.723
4496,50886.72
4497,50749.367
4498,48343.758
4499,48340.41
4500,48309.324
4501,0.0
4502,0.0
4503,0.0
4504,0.0
4505,0.0
4506,0.0
4507,0.0
4508,0.0
4509,0.0
4510,0.0
4511,0.0
4512,0.0
4513,0.0
4514,0.0
4515,0.0
4516,0.0
4517,0.0
4518,0.0
4519,0.0
4520,0.0
4521,0.0
4522,0.0
4523,0.0
4524,0.0
4525,0.0
4526,0.0
4527,0.0
4528,0.0
4529,0.0
4530,0.0
4531,0.0
4532,0.0
4533,0.0
4534,0.0
4535,0.0
4536,0.0
4537,0.0
4538,0.0
4539,0.0
4540,0.0
4541,0.0
4542,0.0
4543,0.0
4544,0.0
4545,0.0
4546,0.0
4547,0.0
4548,0.0
4549,0.0
4550,0.0
4551,0.0
4552,0.0
4553,0.0
4554,0.0
4555,0.0
4556,0.0
4557,0.0
4558,0.0
4559,0.0
4560,0.0
4561,0.0
4562,0.0
4563,0.0
4564,0.0
4565,0.0
4566,0.0
4567,0.0
4568,0.0
4569,0.0
4570,0.0
4571,0.0
4572,0.0
4573,0.0
4574,0.0
4575,0.0
4576,0.0
4577,0.0
4578,0.0
4579,0.0
4580,0.0
4581,0.0
4582,0.0
4583,0.0
4584,0.0
4585,0.0
4586,0.0
4587,0.0
4588,0.0
4589,0.0
4590,0.0
4591,0.0
4592,0.0
4593,0.0
4594,0.0
4595,0.0
4596,0.0
4597,0.0
4598,0.0
4599,0.0
4600,0.0
4601,0.0
4602,0.0
4603,0.0
4604,0.0
4605,0.0
4606,0.0
4607,0.0
4608,0.0
4609,0.0
4610,0.0
4611,0.0
4612,0.0
4613,0.0
4614,0.0
4615,0.0
4616,0.0
4617,0.0
4618,0.0
4619,0.0
4620,0.0
4621,0.0
4622,0.0
4623,0.0
4624,0.0
4625,0.0
4626,0.0
4627,0.0
4628,0.0
4629,0.0
4630,0.0
4631,0.0
4632,0.0
4633,0.0
4634,0.0
4635,0.0
4636,0.0
4637,0.0
4638,0.0
4639,0.0
4640,0.0
4641,0.0
4642,0.0
4643,0.0
4644,0.0
4645,0.0
4646,0.0
4647,0.0
4648,0.0
4649,0.0
4650,0.0
4651,0.0
4652,0.0
4653,0.0
4654,0.0
4655,0.0
4656,0.0
4657,0.0
4658,0.0
4659,0.0
4660,0.0
4661,0.0
4662,0.0
4663,0.0
4664,0.0
4665,0.0
4666,0.0
4667,0.0
4668,0.0
4669,0.0
4670,0.0
4671,0.0
4672,0.0
4673,0.0
4674,0.0
4675,0.0
4676,0.0
4677,0.0
4678,0.0
4679,0.0
4680,0.0
4681,0.0
4682,0.0
4683,0.0
4684,0.0
4685,0.0
4686,0.0
4687,0.0
4688,0.0
4689,0.0
4690,0.0
4691,0.0
4692,0.0
4693,0.0
4694,0.0
4695,0.0
4696,0.0
4697,0.0
4698,0.0
4699,0.0
4700,0.0
4701,0.0
4702,0.0
4703,0.0
4704,0.0
4705,0.0
4706,0.0
4707,0.0
4708,0.0
4709,0.0
4710,0.0
4711,0.0
4712,0.0
4713,0.0
4714,0.0
4715,0.0
4716,0.0
4717,0.0
4718,0.0
4719,0.0
4720,0.0
4721,0.0
4722,0.0
4723,0.0
4724,0.0
4725,0.0
4726,0.0
4727,0.0
4728,0.0
4729,0.0
4730,0.0
4731,0.0
4732,0.0
4733,0.0
4734,0.0
4735,0.0
4736,0.0
4737,0.0
4738,0.0
4739,0.0
4740,0.0
4741,0.0
4742,0.0
4743,0.0
4744,0.0
4745,0.0
4746,0.0
4747,0.0
4748,0.0
4749,0.0
4750,0.0
4751,0.0
4752,0.0
4753,0.0
4754,0.0
4755,0.0
4756,0.0
4757,0.0
4758,0.0
4759,0.0
4760,0.0
4761,0.0
4762,0.0
4763,0.0
4764,0.0
4765,0.0
4766,0.0
4767,0.0
4768,0.0
4769,0.0
4770,0.0
4771,0.0
4772,0.0
4773,0.0
4774,0.0
4775,0.0
4776,0.0
4777,0.0
4778,0.0
4779,0.0
4780,0.0
4781,0.0
4782,0.0
4783,0.0
4784,0.0
4785,0.0
4786,0.0
4787,0.0
4788,0.0
4789,0.0
4790,0.0
4791,0.0
4792,0.0
4793,0.0
4794,0.0
4795,0.0
4796,0.0
4797,0.0
4798,0.0
4799,0.0
4800,0.0
4801,0.0
4802,0.0
4803,0.0
4804,0.0
4805,0.0
4806,0.0
4807,0.0
4808,0.0
4809,0.0
4810,0.0
4811,0.0
4812,0.0
4813,0.0
4814,0.0
4815,0.0
4816,0.0
4817,0.0
4818,0.0
4819,0.0
4820,0.0
4821,0.0
4822,0.0
4823,0.0
4824,0.0
4825,0.0
4826,0.0
4827,0.0
4828,0.0
4829,0.0
4830,0.0
4831,0.0
4832,0.0
4833,0.0
4834,0.0
4835,0.0
4836,0.0
4837,0.0
4838,0.0
4839,0.0
4840,0.0
4841,0.0
4842,0.0
4843,0.0
4844,0.0
4845,0.0
4846,0.0
4847,0.0
4848,0.0
4849,0.0
4850,0.0
4851,0.0
4852,0.0
4853,0.0
4854,0.0
4855,0.0
4856,0.0
4857,0.0
4858,0.0
4859,0.0
4860,0.0
4861,0.0
4862,0.0
4863,0.0
4864,0.0
4865,0.0
4866,0.0
4867,0.0
4868,0.0
4869,0.0
4870,0.0
4871,0.0
4872,0.0
4873,0.0
4874,0.0
4875,0.0
4876,0.0
4877,0.0
4878,0.0
4879,0.0
4880,0.0
4881,0.0
4882,0.0
4883,0.0
4884,0.0
4885,0.0
4886,0.0
4887,0.0
4888,0.0
4889,0.0
4890,0.0
4891,0.0
4892,0.0
4893,0.0
4894,0.0
4895,0.0
4896,0.0
4897,0.0
4898,0.0
4899,0.0
4900,0.0
4901,0.0
4902,0.0
4903,0.0
4904,0.0
4905,0.0
4906,0.0
4907,0.0
4908,0.0
4909,0.0
4910,0.0
4911,0.0
4912,0.0
4913,0.0
4914,0.0
4915,0.0
4916,0.0
4917,0.0
4918,0.0
4919,0.0
4920,0.0
4921,0.0
4922,0.0
4923,0.0
4924,0.0
4925,0.0
4926,0.0
4927,0.0
4928,0.0
4929,0.0
4930,0.0
4931,0.0
4932,0.0
4933,0.0
4934,0.0
4935,0.0
4936,0.0
4937,0.0
4938,0.0
4939,0.0
4940,0.0
4941,0.0
4942,0.0
4943,0.0
4944,0.0
4945,0.0
4946,0.0
4947,0.0
4948,0.0
4949,0.0
4950,0.0
4951,0.0
4952,0.0
4953,0.0
4954,0.0
4955,0.0
4956,0.0
4957,0.0
4958,0.0
4959,0.0
4960,0.0
4961,0.0
4962,0.0
4963,0.0
4964,0.0
4965,0.0
4966,0.0
4967,0.0
4968,0.0
4969,0.0
4970,0.0
4971,0.0
4972,0.0
4973,0.0
4974,0.0
4975,0.0
4976,0.0
4977,0.0
4978,0.0
4979,0.0
4980,0.0
4981,0.0
4982,0.0
4983,0.0
4984,0.0
4985,0.0
4986,0.0
4987,0.0
4988,0.0
4989,0.0
4990,0.0
4991,0.0
4992,0.0
4993,0.0
4994,0.0
4995,0.0
4996,0.0
4997,0.0
4998,0.0
4999,0.0
5000,0.0
5001,0.0
5002,0.0
5003,0.0
5004,0.0
5005,0.0
5006,0.0
5007,0.0
5008,0.0
5009,0.0
5010,0.0
5011,0.0
5012,0.0
5013,0.0
5014,0.0
5015,0.0
5016,0.0
5017,0.0
5018,0.0
5019,0.0
5020,0.0
5021,0.0
5022,0.0
5023,0.0
5024,0.0
5025,0.0
5026,0.0
5027,0.0
5028,0.0
5029,0.0
5030,0.0
5031,0.0
5032,0.0
5033,0.0
5034,0.0
5035,0.0
5036,0.0
5037,0.0
5038,0.0
5039,0.0
5040,0.0
5041,0.0
5042,0.0
5043,0.0
5044,0.0
5045,0.0
5046,0.0
5047,0.0
5048,0.0
5049,0.0
5050,0.0
5051,0.0
5052,0.0
5053,0.0
5054,0.0
5055,0.0
5056,0.0
5057,0.0
5058,0.0
5059,0.0
5060,0.0
5061,0.0
5062,0.0
5063,0.0
5064,0.0
5065,0.0
5066,0.0
5067,0.0
5068,0.0
5069,0.0
5070,0.0
5071,0.0
5072,0.0
5073,0.0
5074,0.0
5075,0.0
5076,0.0
5077,0.0
5078,0.0
5079,0.0
5080,0.0
5081,0.0
5082,0.0
5083,0.0
5084,0.0
5085,0.0
5086,0.0
5087,0.0
5088,0.0
5089,0.0
5090,0.0
5091,0.0
5092,0.0
5093,0.0
5094,0.0
5095,0.0
5096,0.0
5097,0.0
5098,0.0
5099,0.0
5100,0.0
5101,0.0
5102,0.0
5103,0.0
5104,0.0
5105,0.0
5106,0.0
5107,0.0
5108,0.0
5109,0.0
5110,0.0
5111,0.0
5112,0.0
5113,0.0
5114,0.0
5115,0.0
5116,0.0
5117,0.0
5118,0.0
5119,0.0
5120,0.0
5121,0.0
5122,0.0
5123,0.0
5124,0.0
5125,0.0
5126,0.0
5127,0.0
5128,0.0
5129,0.0
5130,0.0
5131,0.0
5132,0.0
5133,0.0
5134,0.0
5135,0.0
5136,0.0
5137,0.0
5138,0.0
5139,0.0
5140,0.0
5141,0.0
5142,0.0
5143,0.0
5144,0.0
5145,0.0
5146,0.0
5147,0.0
5148,0.0
5149,0.0
5150,0.0
5151,0.0
5152,0.0
5153,0.0
5154,0.0
5155,0.0
5156,0.0
5157,0.0
5158,0.0
5159,0.0
5160,0.0
5161,0.0
5162,0.0
5163,0.0
5164,0.0
5165,0.0
5166,0.0
5167,0.0
5168,0.0
5169,0.0
5170,0.0
5171,0.0
5172,0.0
5173,0.0
5174,0.0
5175,0.0
5176,0.0
5177,0.0
5178,0.0
5179,0.0
5180,0.0
5181,0.0
5182,0.0
5183,0.0
5184,0.0
5185,0.0
5186,0.0
5187,0.0
5188,0.0
5189,0.0
5190,0.0
5191,0.0
5192,0.0
5193,0.0
5194,0.0
5195,0.0
5196,0.0
5197,0.0
5198,0.0
5199,0.0
5200,0.0
5201,0.0
5202,0.0
5203,0.0
5204,0.0
5205,0.0
5206,0.0
5207,0.0
5208,0.0
5209,0.0
5210,0.0
5211,0.0
5212,0.0
5213,0.0
5214,0.0
5215,0.0
5216,0.0
5217,0.0
5218,0.0
5219,0.0
5220,0.0
5221,0.0
5222,0.0
5223,0.0
5224,0.0
5225,0.0
5226,0.0
5227,0.0
5228,0.0
5229,0.0
5230,0.0
5231,0.0
5232,0.0
5233,0.0
5234,0.0
5235,0.0
5236,0.0
5237,0.0
5238,0.0
5239,0.0
5240,0.0
5241,0.0
5242,0.0
5243,0.0
5244,0.0
5245,0.0
5246,0.0
5247,0.0
5248,0.0
5249,0.0
5250,0.0
5251,0.0
5252,0.0
5253,0.0
5254,0.0
5255,0.0
5256,0.0
5257,0.0
5258,0.0
5259,0.0
5260,0.0
5261,0.0
5262,0.0
5263,0.0
5264,0.0
5265,0.0
5266,0.0
5267,0.0
5268,0.0
5269,0.0
5270,0.0
5271,0.0
5272,0.0
5273,0.0
5274,0.0
5275,0.0
5276,0.0
5277,0.0
5278,0.0
5279,0.0
5280,0.0
5281,0.0
5282,0.0
5283,0.0
5284,0.0
5285,0.0
5286,0.0
5287,0.0
5288,0.0
5289,0.0
5290,0.0
5291,0.0
5292,0.0
5293,0.0
5294,0.0
5295,0.0
5296,0.0
5297,0.0
5298,0.0
5299,0.0
5300,0.0
5301,0.0
5302,0.0
5303,0.0
5304,0.0
5305,0.0
5306,0.0
5307,0.0
5308,0.0
5309,0.0
5310,0.0
5311,0.0
5312,0.0
5313,0.0
5314,0.0
5315,0.0
5316,0.0
5317,0.0
5318,0.0
5319,0.0
5320,0.0
5321,0.0
5322,0.0
5323,0.0
5324,0.0
5325,0.0
5326,0.0
5327,0.0
5328,0.0
5329,0.0
5330,0.0
5331,0.0
5332,0.0
5333,0.0
5334,0.0
5335,0.0
5336,0.0
5337,0.0
5338,0.0
5339,0.0
5340,0.0
5341,0.0
5342,0.0
5343,0.0
5344,0.0
5345,0.0
5346,0.0
5347,0.0
5348,0.0
5349,0.0
5350,0.0
5351,0.0
5352,0.0
5353,0.0
5354,0.0
5355,0.0
5356,0.0
5357,0.0
5358,0.0
5359,0.0
5360,0.0
5361,0.0
5362,0.0
5363,0.0
5364,0.0
5365,0.0
5366,0.0
5367,0.0
5368,0.0
5369,0.0
5370,0.0
5371,0.0
5372,0.0
5373,0.0
5374,0.0
5375,0.0
5376,0.0
5377,0.0
5378,0.0
5379,0.0
5380,0.0
5381,0.0
5382,0.0
5383,0.0
5384,0.0
5385,0.0
5386,0.0
5387,0.0
5388,0.0
5389,0.0
5390,0.0
5391,0.0
5392,0.0
5393,0.0
5394,0.0
5395,0.0
5396,0.0
5397,0.0
5398,0.0
5399,0.0
5400,0.0
5401,0.0
5402,0.0
5403,0.0
5404,0.0
5405,0.0
5406,0.0
5407,0.0
5408,0.0
5409,0.0
5410,0.0
5411,0.0
5412,0.0
5413,0.0
5414,0.0
5415,0.0
5416,0.0
5417,0.0
5418,0.0
5419,0.0
5420,0.0
5421,0.0
5422,0.0
5423,0.0
5424,0.0
5425,0.0
5426,0.0
5427,0.0
5428,0.0
5429,0.0
5430,0.0
5431,0.0
5432,0.0
5433,0.0
5434,0.0
5435,0.0
5436,0.0
5437,0.0
5438,0.0
5439,0.0
5440,0.0
5441,0.0
5442,0.0
5443,0.0
5444,0.0
5445,0.0
5446,0.0
5447,0.0
5448,0.0
5449,0.0
5450,0.0
5451,0.0
5452,0.0
5453,0.0
5454,0.0
5455,0.0
5456,0.0
5457,0.0
5458,0.0
5459,0.0
5460,0.0
5461,0.0
5462,0.0
5463,0.0
5464,0.0
5465,0.0
5466,0.0
5467,0.0
5468,0.0
5469,0.0
5470,0.0
5471,0.0
5472,0.0
5473,0.0
5474,0.0
5475,0.0
5476,0.0
5477,0.0
5478,0.0
5479,0.0
5480,0.0
5481,0.0
5482,0.0
5483,0.0
5484,0.0
5485,0.0
5486,0.0
5487,0.0
5488,0.0
5489,0.0
5490,0.0
5491,0.0
5492,0.0
5493,0.0
5494,0.0
5495,0.0
5496,0.0
5497,0.0
5498,0.0
5499,0.0
5500,0.0
5501,0.0
5502,0.0
5503,0.0
5504,0.0
5505,0.0
5506,0.0
5507,0.0
5508,0.0
5509,0.0
5510,0.0
5511,0.0
5512,0.0
5513,0.0
5514,0.0
5515,0.0
5516,0.0
5517,0.0
5518,0.0
5519,0.0
5520,0.0
5521,0.0
5522,0.0
5523,0.0
5524,0.0
5525,0.0
5526,0.0
5527,0.0
5528,0.0
5529,0.0
5530,0.0
5531,0.0
5532,0.0
5533,0.0
5534,0.0
5535,0.0
5536,0.0
5537,0.0
5538,0.0
5539,0.0
5540,0.0
5541,0.0
5542,0.0
5543,0.0
5544,0.0
5545,0.0
5546,0.0
5547,0.0
5548,0.0
5549,0.0
5550,0.0
5551,0.0
5552,0.0
5553,0.0
5554,0.0
5555,0.0
5556,0.0
5557,0.0
5558,0.0
5559,0.0
5560,0.0
5561,0.0
5562,0.0
5563,0.0
5564,0.0
5565,0.0
5566,0.0
5567,0.0
5568,0.0
5569,0.0
5570,0.0
5571,0.0
5572,0.0
5573,0.0
5574,0.0
5575,0.0
5576,0.0
5577,0.0
5578,0.0
5579,0.0
5580,0.0
5581,0.0
5582,0.0
5583,0.0
5584,0.0
5585,0.0
5586,0.0
5587,0.0
5588,0.0
5589,0.0
5590,0.0
5591,0.0
5592,0.0
5593,0.0
5594,0.0
5595,0.0
5596,0.0
5597,0.0
5598,0.0
5599,0.0
5600,0.0
5601,0.0
5602,0.0
5603,0.0
5604,0.0
5605,0.0
5606,0.0
5607,0.0
5608,0.0
5609,0.0
5610,0.0
5611,0.0
5612,0.0
5613,0.0
5614,0.0
5615,0.0
5616,0.0
5617,0.0
5618,0.0
5619,0.0
5620,0.0
5621,0.0
5622,0.0
5623,0.0
5624,0.0
5625,0.0
5626,0.0
5627,0.0
5628,0.0
5629,0.0
5630,0.0
5631,0.0
5632,0.0
5633,0.0
5634,0.0
5635,0.0
5636,0.0
5637,0.0
5638,0.0
5639,0.0
5640,0.0
5641,0.0
5642,0.0
5643,0.0
5644,0.0
5645,0.0
5646,0.0
5647,0.0
5648,0.0
5649,0.0
5650,0.0
5651,0.0
5652,0.0
5653,0.0
5654,0.0
5655,0.0
5656,0.0
5657,0.0
5658,0.0
5659,0.0
5660,0.0
5661,0.0
5662,0.0
5663,0.0
5664,0.0
5665,0.0
5666,0.0
5667,0.0
5668,0.0
5669,0.0
5670,0.0
5671,0.0
5672,0.0
5673,0.0
5674,0.0
5675,0.0
5676,0.0
5677,0.0
5678,0.0
5679,0.0
5680,0.0
5681,0.0
5682,0.0
5683,0.0
5684,0.0
5685,0.0
5686,0.0
5687,0.0
5688,0.0
5689,0.0
5690,0.0
5691,0.0
5692,0.0
5693,0.0
5694,0.0
5695,0.0
5696,0.0
5697,0.0
5698,0.0
5699,0.0
5700,0.0
5701,0.0
5702,0.0
5703,0.0
5704,0.0
5705,0.0
5706,0.0
5707,0.0
5708,0.0
5709,0.0
5710,0.0
5711,0.0
5712,0.0
5713,0.0
5714,0.0
5715,0.0
5716,0.0
5717,0.0
5718,0.0
5719,0.0
5720,0.0
5721,0.0
5722,0.0
5723,0.0
5724,0.0
5725,0.0
5726,0.0
5727,0.0
5728,0.0
5729,0.0
5730,0.0
5731,0.0
5732,0.0
5733,0.0
5734,0.0
5735,0.0
5736,0.0
5737,0.0
5738,0.0
5739,0.0
5740,0.0
5741,0.0
5742,0.0
5743,0.0
5744,0.0
5745,0.0
5746,0.0
5747,0.0
5748,0.0
5749,0.0
5750,0.0
5751,0.0
5752,0.0
5753,0.0
5754,0.0
5755,0.0
5756,0.0
5757,0.0
5758,0.0
5759,0.0
5760,0.0
5761,0.0
5762,0.0
5763,0.0
5764,0.0
5765,0.0
5766,0.0
5767,0.0
5768,0.0
5769,0.0
5770,0.0
5771,0.0
5772,0.0
5773,0.0
5774,0.0
5775,0.0
5776,0.0
5777,0.0
5778,0.0
5779,0.0
5780,0.0
5781,0.0
5782,0.0
5783,0.0
5784,0.0
5785,0.0
5786,0.0
5787,0.0
5788,0.0
5789,0.0
5790,0.0
5791,0.0
5792,0.0
5793,0.0
5794,0.0
5795,0.0
5796,0.0
5797,0.0
5798,0.0
5799,0.0
5800,0.0
5801,0.0
5802,0.0
5803,0.0
5804,0.0
5805,0.0
5806,0.0
5807,0.0
5808,0.0
5809,0.0
5810,0.0
5811,0.0
5812,0.0
5813,0.0
5814,0.0
5815,0.0
5816,0.0
5817,0.0
5818,0.0
5819,0.0
5820,0.0
5821,0.0
5822,0.0
5823,0.0
5824,0.0
5825,0.0
5826,0.0
5827,0.0
5828,0.0
5829,0.0
5830,0.0
5831,0.0
5832,0.0
5833,0.0
5834,0.0
5835,0.0
5836,0.0
5837,0.0
5838,0.0
5839,0.0
5840,0.0
5841,0.0
5842,0.0
5843,0.0
5844,0.0
5845,0.0
5846,0.0
5847,0.0
5848,0.0
5849,0.0
5850,0.0
5851,0.0
5852,0.0
5853,0.0
5854,0.0
5855,0.0
5856,0.0
5857,0.0
5858,0.0
5859,0.0
5860,0.0
5861,0.0
5862,0.0
5863,0.0
5864,0.0
5865,0.0
5866,0.0
5867,0.0
5868,0.0
5869,0.0
5870,0.0
5871,0.0
5872,0.0
5873,0.0
5874,0.0
5875,0.0
5876,0.0
5877,0.0
5878,0.0
5879,0.0
5880,0.0
5881,0.0
5882,0.0
5883,0.0
5884,0.0
5885,0.0
5886,0.0
5887,0.0
5888,0.0
5889,0.0
5890,0.0
5891,0.0
5892,0.0
5893,0.0
5894,0.0
5895,0.0
5896,0.0
5897,0.0
5898,0.0
5899,0.0
5900,0.0
5901,0.0
5902,0.0
5903,0.0
5904,0.0
5905,0.0
5906,0.0
5907,0.0
5908,0.0
5909,0.0
5910,0.0
5911,0.0
5912,0.0
5913,0.0
5914,0.0
5915,0.0
5916,0.0
5917,0.0
5918,0.0
5919,0.0
5920,0.0
5921,0.0
5922,0.0
5923,0.0
5924,0.0
5925,0.0
5926,0.0
5927,0.0
5928,0.0
5929,0.0
5930,0.0
5931,0.0
5932,0.0
5933,0.0
5934,0.0
5935,0.0
5936,0.0
5937,0.0
5938,0.0
5939,0.0
5940,0.0
5941,0.0
5942,0.0
5943,0.0
5944,0.0
5945,0.0
5946,0.0
5947,0.0
5948,0.0
5949,0.0
5950,0.0
5951,0.0
5952,0.0
5953,0.0
5954,0.0
5955,0.0
5956,0.0
5957,0.0
5958,0.0
5959,0.0
5960,0.0
5961,0.0
5962,0.0
5963,0.0
5964,0.0
5965,0.0
5966,0.0
5967,0.0
5968,0.0
5969,0.0
5970,0.0
5971,0.0
5972,0.0
5973,0.0
5974,0.0
5975,0.0
5976,0.0
5977,0.0
5978,0.0
5979,0.0
5980,0.0
5981,0.0
5982,0.0
5983,0.0
5984,0.0
5985,0.0
5986,0.0
5987,0.0
5988,0.0
5989,0.0
5990,0.0
5991,0.0
5992,0.0
5993,0.0
5994,0.0
5995,0.0
5996,0.0
5997,0.0
5998,0.0
5999,0.0
6000,0.0
6001,0.0
6002,0.0
6003,0.0
6004,0.0
6005,0.0
6006,0.0
6007,0.0
6008,0.0
6009,0.0
6010,0.0
6011,0.0
6012,0.0
6013,0.0
6014,0.0
6015,0.0
6016,0.0
6017,0.0
6018,0.0
6019,0.0
6020,0.0
6021,0.0
6022,0.0
6023,0.0
6024,0.0
6025,0.0
6026,0.0
6027,0.0
6028,0.0
6029,0.0
6030,0.0
6031,0.0
6032,0.0
6033,0.0
6034,0.0
6035,0.0
6036,0.0
6037,0.0
6038,0.0
6039,0.0
6040,0.0
6041,0.0
6042,0.0
6043,0.0
6044,0.0
6045,0.0
6046,0.0
6047,0.0
6048,0.0
6049,0.0
6050,0.0
6051,0.0
6052,0.0
6053,0.0
6054,0.0
6055,0.0
6056,0.0
6057,0.0
6058,0.0
6059,0.0
6060,0.0
6061,0.0
6062,0.0
6063,0.0
6064,0.0
6065,0.0
6066,0.0
6067,0.0
6068,0.0
6069,0.0
6070,0.0
6071,0.0
6072,0.0
6073,0.0
6074,0.0
6075,0.0
6076,0.0
6077,0.0
6078,0.0
6079,0.0
6080,0.0
6081,0.0
6082,0.0
6083,0.0
6084,0.0
6085,0.0
6086,0.0
6087,0.0
6088,0.0
6089,0.0
6090,0.0
6091,0.0
6092,0.0
6093,0.0
6094,0.0
6095,0.0
6096,0.0
6097,0.0
6098,0.0
6099,0.0
6100,0.0
6101,0.0
6102,0.0
6103,0.0
6104,0.0
6105,0.0
6106,0.0
6107,0.0
6108,0.0
6109,0.0
6110,0.0
6111,0.0
6112,0.0
6113,0.0
6114,0.0
6115,0.0
6116,0.0
6117,0.0
6118,0.0
6119,0.0
6120,0.0
6121,0.0
6122,0.0
6123,0.0
6124,0.0
6125,0.0
6126,0.0
6127,0.0
6128,0.0
6129,0.0
6130,0.0
6131,0.0
6132,0.0
6133,0.0
6134,0.0
6135,0.0
6136,0.0
6137,0.0
6138,0.0
6139,0.0
6140,0.0
6141,0.0
6142,0.0
6143,0.0
6144,0.0
6145,0.0
6146,0.0
6147,0.0
6148,0.0
6149,0.0
6150,0.0
6151,0.0
6152,0.0
6153,0.0
6154,0.0
6155,0.0
6156,0.0
6157,0.0
6158,0.0
6159,0.0
6160,0.0
6161,0.0
6162,0.0
6163,0.0
6164,0.0
6165,0.0
6166,0.0
6167,0.0
6168,0.0
6169,0.0
6170,0.0
6171,0.0
6172,0.0
6173,0.0
6174,0.0
6175,0.0
6176,0.0
6177,0.0
6178,0.0
6179,0.0
6180,52.566017
6181,170.28622
6182,164.95479
6183,348.6538
6184,357.05356
6185,321.642
6186,369.20273
6187,458.4202
6188,456.27908
6189,2353.398
6190,2084.6965
6191,2093.7336
6192,2281.0605
6193,2342.6296
6194,2360.4568
6195,2421.006
6196,2416.2046
6197,2572.865
6198,2582.0073
6199,6953.452
6200,8389.858
6201,8469.623
6202,8466.043
6203,8525.62
6204,7994.9727
6205,8852.681
6206,9516.172
6207,12729.152
6208,12804.127
6209,16237.335
6210,15934.225
6211,15404.787
6212,16642.08
6213,22448.383
6214,22607.873
6215,22657.07
6216,23332.984
6217,24529.02
6218,24224.54
6219,24635.16
6220,29074.88
6221,29099.129
6222,29982.918
6223,30616.264
6224,30795.203
6225,30720.709
6226,30738.414
6227,30738.28
6228,30759.412
6229,32454.463
6230,33066.16
6231,33063.08
6232,31161.527
6233,33736.297
6234,33660.004
6235,33681.086
6236,35624.348
6237,36917.688
6238,36914.395
6239,37619.664
6240,36637.863
6241,36645.78
6242,36664.027
6243,36692.785
6244,36684.496
6245,36681.246
6246,36585.48
6247,36607.12
6248,36610.91
6249,36595.934
6250,42234.21
6251,41837.69
6252,41834.047
6253,41497.008
6254,41492.098
6255,41546.52
6256,41565.14
6257,41488.8
6258,41480.492
6259,41278.492
6260,41000.02
6261,39974.992
6262,40019.613
6263,40724.95
6264,40834.715
6265,40826.453
6266,40787.418
6267,40802.176
6268,40824.254
6269,43229.42
6270,45326.277
6271,45733.46
6272,45725.273
6273,46812.65
6274,47547.586
6275,47553.02
6276,47557.59
6277,46898.805
6278,57532.223
6279,57523.953
6280,57447.547
6281,57819.66
6282,57825.082
6283,58006.49
6284,57283.37
6285,57281.27
6286,57258.34
6287,57183.887
6288,57162.6
6289,57168.137
6290,57468.477
6291,56930.78
6292,56928.68
6293,56858.285
6294,58939.676
6295,59171.406
6296,59179.887
6297,59526.863
6298,57656.355
6299,57654.254
6300,57618.902
6301,0.0
6302,0.0
6303,0.0
6304,0.0
6305,0.0
6306,0.0
6307,0.0
6308,0.0
6309,0.0
6310,0.0
6311,0.0
6312,0.0
6313,0.0
6314,0.0
6315,0.0
6316,0.0
6317,0.0
6318,0.0
6319,0.0
6320,0.0
6321,0.0
6322,0.0
6323,0.0
6324,0.0
6325,0.0
6326,0.0
6327,0.0
6328,0.0
6329,0.0
6330,0.0
6331,0.0
6332,0.0
6333,0.0
6334,0.0
6335,0.0
6336,0.0
6337,0.0
6338,0.0
6339,0.0
6340,0.0
6341,0.0
6342,0.0
6343,0.0
6344,0.0
6345,0.0
6346,0.0
6347,0.0
6348,0.0
6349,0.0
6350,0.0
6351,0.0
6352,0.0
6353,0.0
6354,0.0
6355,0.0
6356,0.0
6357,0.0
6358,0.0
6359,0.0
6360,0.0
6361,0.0
6362,0.0
6363,0.0
6364,0.0
6365,0.0
6366,0.0
6367,0.0
6368,0.0
6369,0.0
6370,0.0
6371,0.0
6372,0.0
6373,0.0
6374,0.0
6375,0.0
6376,0.0
6377,0.0
6378,0.0
6379,0.0
6380,0.0
6381,0.0
6382,0.0
6383,0.0
6384,0.0
6385,0.0
6386,0.0
6387,0.0
6388,0.0
6389,0.0
6390,0.0
6391,0.0
6392,0.0
6393,0.0
6394,0.0
6395,0.0
6396,0.0
6397,0.0
6398,0.0
6399,0.0
6400,0.0
6401,0.0
6402,0.0
6403,0.0
6404,0.0
6405,0.0
6406,0.0
6407,0.0
6408,0.0
6409,0.0
6410,0.0
6411,0.0
6412,0.0
6413,0.0
6414,0.0
6415,0.0
6416,0.0
6417,0.0
6418,0.0
6419,0.0
6420,0.0
6421,0.0
6422,0.0
6423,0.0
6424,0.0
6425,0.0
6426,0.0
6427,0.0
6428,0.0
6429,0.0
6430,0.0
6431,0.0
6432,0.0
6433,0.0
6434,0.0
6435,0.0
6436,0.0
6437,0.0
6438,0.0
6439,0.0
6440,0.0
6441,0.0
6442,0.0
6443,0.0
6444,0.0
6445,0.0
6446,0.0
6447,0.0
6448,0.0
6449,0.0
6450,0.0
6451,0.0
6452,0.0
6453,0.0
6454,0.0
6455,0.0
6456,0.0
6457,0.0
6458,0.0
6459,0.0
6460,0.0
6461,0.0
6462,0.0
6463,0.0
6464,0.0
6465,0.0
6466,0.0
6467,0.0
6468,0.0
6469,0.0
6470,0.0
6471,0.0
6472,0.0
6473,0.0
6474,0.0
6475,0.0
6476,0.0
6477,0.0
6478,0.0
6479,0.0
6480,0.0
6481,0.0
6482,0.0
6483,0.0
6484,0.0
6485,0.0
6486,0.0
6487,0.0
6488,0.0
6489,0.0
6490,0.0
6491,0.0
6492,0.0
6493,0.0
6494,0.0
6495,0.0
6496,0.0
6497,0.0
6498,0.0
6499,0.0
6500,0.0
6501,0.0
6502,0.0
6503,0.0
6504,0.0
6505,0.0
6506,0.0
6507,0.0
6508,0.0
6509,0.0
6510,0.0
6511,0.0
6512,0.0
6513,0.0
6514,0.0
6515,0.0
6516,0.0
6517,0.0
6518,0.0
6519,0.0
6520,0.0
6521,0.0
6522,0.0
6523,0.0
6524,0.0
6525,0.0
6526,0.0
6527,0.0
6528,0.0
6529,0.0
6530,0.0
6531,0.0
6532,0.0
6533,0.0
6534,0.0
6535,0.0
6536,0.0
6537,0.0
6538,0.0
6539,0.0
6540,0.0
6541,0.0
6542,0.0
6543,0.0
6544,0.0
6545,0.0
6546,0.0
6547,0.0
6548,0.0
6549,0.0
6550,0.0
6551,0.0
6552,0.0
6553,0.0
6554,0.0
6555,0.0
6556,0.0
6557,0.0
6558,0.0
6559,0.0
6560,0.0
6561,0.0
6562,0.0
6563,0.0
6564,0.0
6565,0.0
6566,0.0
6567,0.0
6568,0.0
6569,0.0
6570,0.0
6571,0.0
6572,0.0
6573,0.0
6574,0.0
6575,0.0
6576,0.0
6577,0.0
6578,0.0
6579,0.0
6580,0.0
6581,0.0
6582,0.0
6583,0.0
6584,0.0
6585,0.0
6586,0.0
6587,0.0
6588,0.0
6589,0.0
6590,0.0
6591,0.0
6592,0.0
6593,0.0
6594,0.0
6595,0.0
6596,0.0
6597,0.0
6598,0.0
6599,0.0
6600,0.0
6601,0.0
6602,0.0
6603,0.0
6604,0.0
6605,0.0
6606,0.0
6607,0.0
6608,0.0
6609,0.0
6610,0.0
6611,0.0
6612,0.0
6613,0.0
6614,0.0
6615,0.0
6616,0.0
6617,0.0
6618,0.0
6619,0.0
6620,0.0
6621,0.0
6622,0.0
6623,0.0
6624,0.0
6625,0.0
6626,0.0
6627,0.0
6628,0.0
6629,0.0
6630,0.0
6631,0.0
6632,0.0
6633,0.0
6634,0.0
6635,0.0
6636,0.0
6637,0.0
6638,0.0
6639,0.0
6640,0.0
6641,0.0
6642,0.0
6643,0.0
6644,0.0
6645,0.0
6646,0.0
6647,0.0
6648,0.0
6649,0.0
6650,0.0
6651,0.0
6652,0.0
6653,0.0
6654,0.0
6655,0.0
6656,0.0
6657,0.0
6658,0.0
6659,0.0
6660,0.0
6661,0.0
6662,0.0
6663,0.0
6664,0.0
6665,0.0
6666,0.0
6667,0.0
6668,0.0
6669,0.0
6670,0.0
6671,0.0
6672,0.0
6673,0.0
6674,0.0
6675,0.0
6676,0.0
6677,0.0
6678,0.0
6679,0.0
6680,0.0
6681,0.0
6682,0.0
6683,0.0
6684,0.0
6685,0.0
6686,0.0
6687,0.0
6688,0.0
6689,0.0
6690,0.0
6691,0.0
6692,0.0
6693,0.0
6694,0.0
6695,0.0
6696,0.0
6697,0.0
6698,0.0
6699,0.0
6700,0.0
6701,0.0
6702,0.0
6703,0.0
6704,0.0
6705,0.0
6706,0.0
6707,0.0
6708,0.0
6709,0.0
6710,0.0
6711,0.0
6712,0.0
6713,0.0
6714,0.0
6715,0.0
6716,0.0
6717,0.0
6718,0.0
6719,0.0
6720,0.0
6721,0.0
6722,0.0
6723,0.0
6724,0.0
6725,0.0
6726,0.0
6727,0.0
6728,0.0
6729,0.0
6730,0.0
6731,0.0
6732,0.0
6733,0.0
6734,0.0
6735,0.0
6736,0.0
6737,0.0
6738,0.0
6739,0.0
6740,0.0
6741,0.0
6742,0.0
6743,0.0
6744,0.0
6745,0.0
6746,0.0
6747,0.0
6748,0.0
6749,0.0
6750,0.0
6751,0.0
6752,0.0
6753,0.0
6754,0.0
6755,0.0
6756,0.0
6757,0.0
6758,0.0
6759,0.0
6760,0.0
6761,0.0
6762,0.0
6763,0.0
6764,0.0
6765,0.0
6766,0.0
6767,0.0
6768,0.0
6769,0.0
6770,0.0
6771,0.0
6772,0.0
6773,0.0
6774,0.0
6775,0.0
6776,0.0
6777,0.0
6778,0.0
6779,0.0
6780,71.53168
6781,78.51553
6782,77.07323
6783,68.5095
6784,66.45447
6785,18.851397
6786,41.272625
6787,114.65395
6788,114.8451
6789,63.987625
6790,53.168415
6791,51.750816
6792,57.334476
6793,58.543076
6794,57.539307
6795,69.13303
6796,90.96211
6797,60.861134
6798,59.548584
6799,58.77601
6800,21.22726
6801,19.924068
6802,20.06492
6803,67.88581
6804,64.12297
6805,62.596085
6806,52.535698
6807,51.24482
6808,48.123924
6809,0.0
6810,0.0
6811,0.0
6812,0.0
6813,2.7031567
6814,12.0743265
6815,12.639994
6816,8.4531145
6817,0.0
6818,0.0
6819,0.0
6820,0.0
6821,0.0
6822,0.0
6823,0.0
6824,0.0
6825,0.0
6826,0.0
6827,0.0
6828,0.0
6829,0.0
6830,0.0
6831,0.0
6832,1.2738458
6833,5.6186843
6834,8.118877
6835,8.0751095
6836,0.0
6837,0.0
6838,0.0
6839,0.0
6840,0.0
6841,3.8936334
6842,3.5158303
6843,3.6664426
6844,3.5904315
6845,3.5217998
6846,0.0
6847,0.0
6848,3.9219837
6849,4.364825
6850,0.0
6851,0.0
6852,0.0
6853,0.0
6854,0.0
6855,0.0
6856,0.0
6857,0.2742778
6858,0.19505672
6859,4.014497
6860,4.2869797
6861,5.9850483
6862,6.2480297
6863,6.103645
6864,3.8682182
6865,3.8359172
6866,0.0
6867,0.0
6868,0.0
6869,16.006983
6870,10.9804325
6871,7.2456403
6872,7.288182
6873,1.8601397
6874,2.359263
6875,2.0491362
6876,0.43725082
6877,0.4898023
6878,0.0
6879,0.0
6880,0.0
6881,0.0
6882,0.0
6883,0.0
6884,0.0
6885,0.0
6886,0.0
6887,0.0
6888,0.0
6889,0.0
6890,0.0
6891,0.0
6892,0.0
6893,0.0
6894,0.0
6895,0.0
6896,0.0
6897,0.0
6898,0.0
6899,0.0
6900,0.0
6901,0.0
6902,0.0
6903,0.0
6904,0.0
6905,0.0
6906,0.0
6907,0.0
6908,0.0
6909,0.0
6910,0.0
6911,0.0
6912,0.0
6913,0.0
6914,0.0
6915,0.0
6916,0.0
6917,0.0
6918,0.0
6919,0.0
6920,0.0
6921,0.0
6922,0.0
6923,0.0
6924,0.0
6925,0.0
6926,0.0
6927,0.0
6928,0.0
6929,0.0
6930,0.0
6931,0.0
6932,0.0
6933,0.0
6934,0.0
6935,0.0
6936,0.0
6937,0.0
6938,0.0
6939,0.0
6940,0.0
6941,0.0
6942,0.0
6943,0.0
6944,0.0
6945,0.0
6946,0.0
6947,0.0
6948,0.0
6949,0.0
6950,0.0
6951,0.0
6952,0.0
6953,0.0
6954,0.0
6955,0.0
6956,0.0
6957,0.0
6958,0.0
6959,0.0
6960,0.0
6961,0.0
6962,0.0
6963,0.0
6964,0.0
6965,0.0
6966,0.0
6967,0.0
6968,0.0
6969,0.0
6970,0.0
6971,0.0
6972,0.0
6973,0.0
6974,0.0
6975,0.0
6976,0.0
6977,0.0
6978,0.0
6979,0.0
6980,0.0
6981,0.0
6982,0.0
6983,0.0
6984,0.0
6985,0.0
6986,0.0
6987,0.0
6988,0.0
6989,0.0
6990,0.0
6991,0.0
6992,0.0
6993,0.0
6994,0.0
6995,0.0
6996,0.0
6997,0.0
6998,0.0
6999,0.0
7000,0.0
7001,0.0
7002,0.0
7003,0.0
7004,0.0
7005,0.0
7006,0.0
7007,0.0
7008,0.0
7009,0.0
7010,0.0
7011,0.0
7012,0.0
7013,0.0
7014,0.0
7015,0.0
7016,0.0
7017,0.0
7018,0.0
7019,0.0
7020,0.0
7021,0.0
7022,0.0
7023,0.0
7024,0.0
7025,0.0
7026,0.0
7027,0.0
7028,0.0
7029,0.0
7030,0.0
7031,0.0
7032,0.0
7033,0.0
7034,0.0
7035,0.0
7036,0.0
7037,0.0
7038,0.0
7039,0.0
7040,0.0
7041,0.0
7042,0.0
7043,0.0
7044,0.0
7045,0.0
7046,0.0
7047,0.0
7048,0.0
7049,0.0
7050,0.0
7051,0.0
7052,0.0
7053,0.0
7054,0.0
7055,0.0
7056,0.0
7057,0.0
7058,0.0
7059,0.0
7060,0.0
7061,0.0
7062,0.0
7063,0.0
7064,0.0
7065,0.0
7066,0.0
7067,0.0
7068,0.0
7069,0.0
7070,0.0
7071,0.0
7072,0.0
7073,0.0
7074,0.0
7075,0.0
7076,0.0
7077,0.0
7078,0.0
7079,0.0
7080,0.0
7081,0.0
7082,0.0
7083,0.0
7084,0.0
7085,0.0
7086,0.0
7087,0.0
7088,0.0
7089,0.0
7090,0.0
7091,0.0
7092,0.0
7093,0.0
7094,0.0
7095,0.0
7096,0.0
7097,0.0
7098,0.0
7099,0.0
7100,0.0
7101,0.0
7102,0.0
7103,0.0
7104,0.0
7105,0.0
7106,0.0
7107,0.0
7108,0.0
7109,0.0
7110,0.0
7111,0.0
7112,0.0
7113,0.0
7114,0.0
7115,0.0
7116,0.0
7117,0.0
7118,0.0
7119,0.0
7120,0.0
7121,0.0
7122,0.0
7123,0.0
7124,0.0
7125,0.0
7126,0.0
7127,0.0
7128,0.0
7129,0.0
7130,0.0
7131,0.0
7132,0.0
7133,0.0
7134,0.0
7135,0.0
7136,0.0
7137,0.0
7138,0.0
7139,0.0
7140,0.0
7141,0.0
7142,0.0
7143,0.0
7144,0.0
7145,0.0
7146,0.0
7147,0.0
7148,0.0
7149,0.0
7150,0.0
7151,0.0
7152,0.0
7153,0.0
7154,0.0
7155,0.0
7156,0.0
7157,0.0
7158,0.0
7159,0.0
7160,0.0
7161,0.0
7162,0.0
7163,0.0
7164,0.0
7165,0.0
7166,0.0
7167,0.0
7168,0.0
7169,0.0
7170,0.0
7171,0.0
7172,0.0
7173,0.0
7174,0.0
7175,0.0
7176,0.0
7177,0.0
7178,0.0
7179,0.0
7180,0.0
7181,0.0
7182,0.0
7183,0.0
7184,0.0
7185,0.0
7186,0.0
7187,0.0
7188,0.0
7189,0.0
7190,0.0
7191,0.0
7192,0.0
7193,0.0
7194,0.0
7195,0.0
7196,0.0
7197,0.0
7198,0.0
7199,0.0
7200,0.0
7201,0.0
7202,0.0
7203,0.0
7204,0.0
7205,0.0
7206,0.0
7207,0.0
7208,0.0
7209,0.0
7210,0.0
7211,0.0
7212,0.0
7213,0.0
7214,0.0
7215,0.0
7216,0.0
7217,0.0
7218,0.0
7219,0.0
7220,0.0
7221,0.0
7222,0.0
7223,0.0
7224,0.0
7225,0.0
7226,0.0
7227,0.0
7228,0.0
7229,0.0
7230,0.0
7231,0.0
7232,0.0
7233,0.0
7234,0.0
7235,0.0
7236,0.0
7237,0.0
7238,0.0
7239,0.0
7240,0.0
7241,0.0
7242,0.0
7243,0.0
7244,0.0
7245,0.0
7246,0.0
7247,0.0
7248,0.0
7249,0.0
7250,0.0
7251,0.0
7252,0.0
7253,0.0
7254,0.0
7255,0.0
7256,0.0
7257,0.0
7258,0.0
7259,0.0
7260,0.0
7261,0.0
7262,0.0
7263,0.0
7264,0.0
7265,0.0
7266,0.0
7267,0.0
7268,0.0
7269,0.0
7270,0.0
7271,0.0
7272,0.0
7273,0.0
7274,0.0
7275,0.0
7276,0.0
7277,0.0
7278,0.0
7279,0.0
7280,0.0
7281,0.0
7282,0.0
7283,0.0
7284,0.0
7285,0.0
7286,0.0
7287,0.0
7288,0.0
7289,0.0
7290,0.0
7291,0.0
7292,0.0
7293,0.0
7294,0.0
7295,0.0
7296,0.0
7297,0.0
7298,0.0
7299,0.0
7300,0.0
7301,0.0
7302,0.0
7303,0.0
7304,0.0
7305,0.0
7306,0.0
7307,0.0
7308,0.0
7309,0.0
7310,0.0
7311,0.0
7312,0.0
7313,0.0
7314,0.0
7315,0.0
7316,0.0
7317,0.0
7318,0.0
7319,0.0
7320,0.0
7321,0.0
7322,0.0
7323,0.0
7324,0.0
7325,0.0
7326,0.0
7327,0.0
7328,0.0
7329,0.0
7330,0.0
7331,0.0
7332,0.0
7333,0.0
7334,0.0
7335,0.0
7336,0.0
7337,0.0
7338,0.0
7339,0.0
7340,0.0
7341,0.0
7342,0.0
7343,0.0
7344,0.0
7345,0.0
7346,0.0
7347,0.0
7348,0.0
7349,0.0
7350,0.0
7351,0.0
7352,0.0
7353,0.0
7354,0.0
7355,0.0
7356,0.0
7357,0.0
7358,0.0
7359,0.0
7360,0.0
7361,0.0
7362,0.0
7363,0.0
7364,0.0
7365,0.0
7366,0.0
7367,0.0
7368,0.0
7369,0.0
7370,0.0
7371,0.0
7372,0.0
7373,0.0
7374,0.0
7375,0.0
7376,0.0
7377,0.0
7378,0.0
7379,0.0
7380,0.0
7381,0.0
7382,0.0
7383,0.0
7384,0.0
7385,0.0
7386,0.0
7387,0.0
7388,0.0
7389,0.0
7390,0.0
7391,0.0
7392,0.0
7393,0.0
7394,0.0
7395,0.0
7396,0.0
7397,0.0
7398,0.0
7399,0.0
7400,0.0
7401,0.0
7402,0.0
7403,0.0
7404,0.0
7405,0.0
7406,0.0
7407,0.0
7408,0.0
7409,0.0
7410,0.0
7411,0.0
7412,0.0
7413,0.0
7414,0.0
7415,0.0
7416,0.0
7417,0.0
7418,0.0
7419,0.0
7420,0.0
7421,0.0
7422,0.0
7423,0.0
7424,0.0
7425,0.0
7426,0.0
7427,0.0
7428,0.0
7429,0.0
7430,0.0
7431,0.0
7432,0.0
7433,0.0
7434,0.0
7435,0.0
7436,0.0
7437,0.0
7438,0.0
7439,0.0
7440,0.0
7441,0.0
7442,0.0
7443,0.0
7444,0.0
7445,0.0
7446,0.0
7447,0.0
7448,0.0
7449,0.0
7450,0.0
7451,0.0
7452,0.0
7453,0.0
7454,0.0
7455,0.0
7456,0.0
7457,0.0
7458,0.0
7459,0.0
7460,0.0
7461,0.0
7462,0.0
7463,0.0
7464,0.0
7465,0.0
7466,0.0
7467,0.0
7468,0.0
7469,0.0
7470,0.0
7471,0.0
7472,0.0
7473,0.0
7474,0.0
7475,0.0
7476,0.0
7477,0.0
7478,0.0
7479,0.0
7480,0.0
7481,0.0
7482,0.0
7483,0.0
7484,0.0
7485,0.0
7486,0.0
7487,0.0
7488,0.0
7489,0.0
7490,0.0
7491,0.0
7492,0.0
7493,0.0
7494,0.0
7495,0.0
7496,0.0
7497,0.0
7498,0.0
7499,0.0
7500,0.0
7501,12.914371
7502,5.517663
7503,5.8025
7504,5.8025
7505,13.537833
7506,13.537833
7507,13.537431
7508,13.159303
7509,5.7625957
7510,8.059623
7511,8.059623
7512,16.067823
7513,15.999291
7514,15.998889
7515,15.123155
7516,7.7375746
7517,8.220836
7518,0.0
7519,0.40227848
7520,1.7703594
7521,1.6997441
7522,23.19015
7523,15.941089
7524,16.424345
7525,16.424345
7526,23.918333
7527,23.918333
7528,23.847712
7529,23.19015
7530,1071.4319
7531,1203.8092
7532,1123.2363
7533,1162.8684
7534,1171.6356
7535,1072.0171
7536,1336.7795
7537,1373.3951
7538,1366.8298
7539,2362.3992
7540,1898.2228
7541,1907.5481
7542,1883.438
7543,2143.1377
7544,2219.8745
7545,2300.6343
7546,2287.3857
7547,3886.2656
7548,3895.6958
7549,12065.714
7550,13673.713
7551,13810.503
7552,13789.922
7553,13722.733
7554,13249.513
7555,14027.387
7556,13792.808
7557,15227.103
7558,15372.292
7559,18602.9
7560,18420.152
7561,17884.03
7562,19902.916
7563,25821.979
7564,26472.494
7565,26553.092
7566,27745.32
7567,29118.459
7568,28798.973
7569,29469.44
7570,34313.273
7571,34462.023
7572,34438.254
7573,35064.504
7574,35135.56
7575,34882.723
7576,34957.035
7577,35044.504
7578,35190.137
7579,35270.375
7580,35346.703
7581,35232.77
7582,33251.45
7583,34924.168
7584,34336.83
7585,34503.824
7586,34790.45
7587,35647.027
7588,35532.875
7589,36261.695
7590,39126.434
7591,39221.664
7592,39387.754
7593,39400.383
7594,39381.0
7595,39266.86
7596,39114.45
7597,39184.152
7598,39275.23
7599,39121.625
7600,42173.64
7601,41669.375
7602,41554.84
7603,41236.062
7604,41286.086
7605,41427.973
7606,41537.62
7607,42876.91
7608,42858.715
7609,42128.406
7610,41684.62
7611,40881.152
7612,41013.855
7613,41551.17
7614,42976.59
7615,42959.223
7616,43216.32
7617,44288.945
7618,44365.375
7619,48654.336
7620,50511.336
7621,51082.71
7622,51065.35
7623,53082.418
7624,53798.047
7625,53861.027
7626,53930.734
7627,53256.26
7628,63793.508
7629,63775.26
7630,63938.426
7631,64923.383
7632,64986.336
7633,65151.094
7634,64439.133
7635,64437.09
7636,64404.04
7637,64280.453
7638,64567.32
7639,64630.387
7640,61556.305
7641,60733.11
7642,60731.066
7643,61087.78
7644,60939.67
7645,61693.727
7646,61761.066
7647,61623.35
7648,59743.96
7649,59740.24
7650,59699.082
7651,0.0
7652,0.0
7653,0.0
7654,0.0
7655,0.0
7656,0.0
7657,0.0
7658,0.0
7659,0.0
7660,0.0
7661,0.0
7662,0.0
7663,0.0
7664,0.0
7665,0.0
7666,0.0
7667,0.0
7668,0.0
7669,0.0
7670,0.0
7671,0.0
7672,0.0
7673,0.0
7674,0.0
7675,0.0
7676,0.0
7677,0.0
7678,0.0
7679,0.0
7680,1534.359
7681,1537.9951
7682,1536.383
7683,1539.761
7684,1539.4528
7685,1532.715
7686,1645.7333
7687,2877.0098
7688,2877.6785
7689,2861.257
7690,2858.8894
7691,2858.6555
7692,2859.8052
7693,2859.9814
7694,2860.1013
7695,2860.8733
7696,2795.8333
7697,2810.1416
7698,2810.0132
7699,2796.4238
7700,2754.7925
7701,2754.4104
7702,2755.1282
7703,2799.2273
7704,2800.1548
7705,2799.9622
7706,2794.878
7707,2807.0303
7708,2804.8813
7709,1110.7203
7710,1072.4926
7711,1069.9281
7712,1076.4722
7713,1117.3904
7714,1123.417
7715,1124.0166
7716,1120.1284
7717,1114.9733
7718,1114.1558
7719,1115.0243
7720,1115.4708
7721,1115.6957
7722,1120.864
7723,1133.506
7724,1132.8641
7725,1130.7201
7726,1131.879
7727,1132.6412
7728,1132.6987
7729,1133.5682
7730,1123.7592
7731,1123.7473
7732,1117.2384
7733,1118.828
7734,1118.605
7735,1118.6183
7736,1115.2834
7737,1114.8511
7738,1114.8392
7739,1125.2325
7740,1126.8508
7741,1126.77
7742,1126.6604
7743,1126.578
7744,1126.6544
7745,1126.7871
7746,1126.8936
7747,1126.8927
7748,1126.7802
7749,1126.9089
7750,1125.9548
7751,1127.6045
7752,1127.3478
7753,1117.7823
7754,1114.9857
7755,1125.4468
7756,962.3299
7757,965.49506
7758,965.57745
7759,956.9598
7760,955.6009
7761,956.1849
7762,956.9183
7763,956.7691
7764,956.5571
7765,956.59454
7766,912.8867
7767,921.6318
7768,921.6165
7769,973.62177
7770,965.0378
7771,1050.9165
7772,1051.002
7773,1716.4166
7774,1716.0779
7775,1716.0198
7776,1715.728
7777,1715.6892
7778,1715.1506
7779,1715.1528
7780,1715.3008
7781,1714.1326
7782,1714.0709
7783,1713.7256
7784,1713.1385
7785,1713.1239
7786,1712.3436
7787,1713.2566
7788,1712.931
7789,1712.982
7790,1530.0405
7791,1642.9653
7792,1642.9507
7793,1791.7561
7794,1787.4231
7795,1787.0233
7796,1786.9775
7797,1786.776
7798,1786.6174
7799,1786.6019
7800,1783.81
7801,39.846233
7802,38.842075
7803,38.398335
7804,38.398335
7805,0.0
7806,0.0
7807,39.46447
7808,46.35055
7809,44.917675
7810,0.0
7811,0.0
7812,0.0
7813,0.0
7814,0.0
7815,0.0
7816,0.0
7817,0.0
7818,1124.1893
7819,943.7776
7820,881.43317
7821,983.6725
7822,976.00525
7823,982.31445
7824,981.44696
7825,773.16675
7826,511.05444
7827,517.45514
7828,619.52155
7829,676.30426
7830,133.16829
7831,162.09279
7832,156.36812
7833,37.729523
7834,35.1939
7835,0.0
7836,32.59275
7837,77.55649
7838,76.30249
7839,0.0
7840,0.0
7841,0.0
7842,0.0
7843,0.0
7844,0.0
7845,0.0
7846,0.0
7847,0.0
7848,0.0
7849,789.4922
7850,777.2059
7851,809.06494
7852,807.4192
7853,842.0415
7854,788.30786
7855,739.77496
7856,527.3422
7857,768.84216
7858,795.60785
7859,745.0297
7860,664.3567
7861,604.2232
7862,663.15
7863,1377.5695
7864,1635.482
7865,1656.6018
7866,1651.8925
7867,1676.0714
7868,1647.815
7869,1647.6915
7870,2167.0215
7871,2182.2131
7872,2203.0024
7873,2214.419
7874,2204.9216
7875,2179.1006
7876,2175.12
7877,2256.7131
7878,2268.9148
7879,2349.6292
7880,1834.5686
7881,1828.0192
7882,1794.2562
7883,2719.931
7884,2722.994
7885,2735.5103
7886,3103.0168
7887,2667.1206
7888,2660.3503
7889,2894.9287
7890,2912.8508
7891,2923.2085
7892,2943.8525
7893,2940.0012
7894,2940.885
7895,2934.2427
7896,2916.1082
7897,2914.059
7898,2920.2673
7899,2923.1995
7900,2531.929
7901,2536.6326
7902,2529.6006
7903,2523.01
7904,2519.9436
7905,2529.8137
7906,2532.3772
7907,2537.708
7908,2538.625
7909,2501.4404
7910,2506.2224
7911,2508.0747
7912,2508.7373
7913,2511.393
7914,2449.327
7915,2450.246
7916,2399.6794
7917,2413.9902
7918,2413.7107
7919,2458.6533
7920,2539.317
7921,2557.6719
7922,2558.6091
7923,2693.0786
7924,2695.5957
7925,2695.2668
7926,2694.188
7927,2693.9937
7928,2697.6604
7929,2698.5303
7930,2697.3523
7931,2701.59
7932,2701.2485
7933,2703.1167
7934,2728.8657
7935,2727.0232
7936,2727.623
7937,2727.3955
7938,2730.8242
7939,2730.5955
7940,2443.8367
7941,2561.8557
7942,2560.0132
7943,2704.2092
7944,2684.6223
7945,2699.7341
7946,2698.4653
7947,2697.726
7948,2684.6763
7949,2681.1536
7950,2649.4834
7951,0.0
7952,0.0
7953,0.0
7954,0.0
7955,0.0
7956,0.0
7957,0.0
7958,0.0
7959,0.0
7960,0.0
7961,0.0
7962,0.0
7963,0.0
7964,0.0
7965,0.0
7966,0.0
7967,0.0
7968,0.0
7969,0.0
7970,0.0
7971,0.0
7972,0.0
7973,0.0
7974,0.0
7975,0.0
7976,0.0
7977,0.0
7978,0.0
7979,0.0
7980,0.0
7981,0.0
7982,0.0
7983,0.0
7984,0.0
7985,0.0
7986,0.0
7987,0.0
7988,0.0
7989,0.0
7990,0.0
7991,0.0
7992,0.0
7993,0.0
7994,0.0
7995,0.0
7996,0.0
7997,0.0
7998,0.0
7999,0.0
8000,0.0
8001,0.0
8002,0.0
8003,0.0
8004,0.0
8005,0.0
8006,0.0
8007,0.0
8008,0.0
8009,0.0
8010,0.0
8011,0.0
8012,0.0
8013,0.0
8014,0.0
8015,0.0
8016,0.0
8017,0.0
8018,0.0
8019,0.0
8020,0.0
8021,0.0
8022,0.0
8023,0.0
8024,0.0
8025,0.0
8026,0.0
8027,0.0
8028,0.0
8029,0.0
8030,0.0
8031,0.0
8032,0.0
8033,0.0
8034,0.0
8035,0.0
8036,0.0
8037,0.0
8038,0.0
8039,0.0
8040,0.0
8041,0.0
8042,0.0
8043,0.0
8044,0.0
8045,0.0
8046,0.0
8047,0.0
8048,0.0
8049,0.0
8050,0.0
8051,0.0
8052,0.0
8053,0.0
8054,0.0
8055,0.0
8056,0.0
8057,0.0
8058,0.0
8059,0.0
8060,0.0
8061,0.0
8062,0.0
8063,0.0
8064,0.0
8065,0.0
8066,0.0
8067,0.0
8068,0.0
8069,0.0
8070,0.0
8071,0.0
8072,0.0
8073,0.0
8074,0.0
8075,0.0
8076,0.0
8077,0.0
8078,0.0
8079,0.0
8080,0.0
8081,0.0
8082,0.0
8083,0.0
8084,0.0
8085,0.0
8086,0.0
8087,0.0
8088,0.0
8089,0.0
8090,0.0
8091,0.0
8092,0.0
8093,0.0
8094,0.0
8095,0.0
8096,0.0
8097,0.0
8098,0.0
8099,0.0
8100,0.0
8101,0.0
8102,0.0
8103,0.0
8104,0.0
8105,0.0
8106,0.0
8107,0.0
8108,0.0
8109,0.0
8110,0.0
8111,0.0
8112,0.0
8113,0.0
8114,0.0
8115,0.0
8116,0.0
8117,0.0
8118,0.0
8119,0.0
8120,0.0
8121,0.0
8122,0.0
8123,0.0
8124,0.0
8125,0.0
8126,0.0
8127,0.0
8128,0.0
8129,0.0
8130,0.0
8131,0.0
8132,0.0
8133,0.0
8134,0.0
8135,0.0
8136,0.0
8137,0.0
8138,0.0
8139,0.0
8140,0.0
8141,0.0
8142,0.0
8143,0.0
8144,0.0
8145,0.0
8146,0.0
8147,0.0
8148,0.0
8149,0.0
8150,0.0
8151,0.0
8152,0.0
8153,0.0
8154,0.0
8155,0.0
8156,0.0
8157,0.0
8158,0.0
8159,0.0
8160,0.0
8161,0.0
8162,0.0
8163,0.0
8164,0.0
8165,0.0
8166,0.0
8167,0.0
8168,0.0
8169,0.0
8170,0.0
8171,0.0
8172,0.0
8173,0.0
8174,0.0
8175,0.0
8176,0.0
8177,0.0
8178,0.0
8179,0.0
8180,0.0
8181,0.0
8182,0.0
8183,0.0
8184,0.0
8185,0.0
8186,0.0
8187,0.0
8188,0.0
8189,0.0
8190,0.0
8191,0.0
8192,0.0
8193,0.0
8194,0.0
8195,0.0
8196,0.0
8197,0.0
8198,0.0
8199,0.0
8200,0.0
8201,0.0
8202,0.0
8203,0.0
8204,0.0
8205,0.0
8206,0.0
8207,0.0
8208,0.0
8209,0.0
8210,0.0
8211,0.0
8212,0.0
8213,0.0
8214,0.0
8215,0.0
8216,0.0
8217,0.0
8218,0.0
8219,0.0
8220,0.0
8221,0.0
8222,0.0
8223,0.0
8224,0.0
8225,0.0
8226,0.0
8227,0.0
8228,0.0
8229,0.0
8230,0.0
8231,0.0
8232,0.0
8233,0.0
8234,0.0
8235,0.0
8236,0.0
8237,0.0
8238,0.0
8239,0.0
8240,0.0
8241,0.0
8242,0.0
8243,0.0
8244,0.0
8245,0.0
8246,0.0
8247,0.0
8248,0.0
8249,0.0
8250,0.0
8251,0.0
8252,0.0
8253,0.0
8254,0.0
8255,0.0
8256,0.0
8257,0.0
8258,0.0
8259,0.0
8260,0.0
8261,0.0
8262,0.0
8263,0.0
8264,0.0
8265,0.0
8266,0.0
8267,0.0
8268,0.0
8269,0.0
8270,0.0
8271,0.0
8272,0.0
8273,0.0
8274,0.0
8275,0.0
8276,0.0
8277,0.0
8278,0.0
8279,0.0
8280,0.0
8281,0.0
8282,0.0
8283,0.0
8284,0.0
8285,0.0
8286,0.0
8287,0.0
8288,0.0
8289,0.0
8290,0.0
8291,0.0
8292,0.0
8293,0.0
8294,0.0
8295,0.0
8296,0.0
8297,0.0
8298,0.0
8299,0.0
8300,0.0
8301,0.0
8302,0.0
8303,0.0
8304,0.0
8305,0.0
8306,0.0
8307,0.0
8308,0.0
8309,0.0
8310,0.0
8311,0.0
8312,0.0
8313,0.0
8314,0.0
8315,0.0
8316,0.0
8317,0.0
8318,0.0
8319,0.0
8320,0.0
8321,0.0
8322,0.0
8323,0.0
8324,0.0
8325,0.0
8326,0.0
8327,0.0
8328,0.0
8329,0.0
8330,0.0
8331,0.0
8332,0.0
8333,0.0
8334,0.0
8335,0.0
8336,0.0
8337,0.0
8338,0.0
8339,0.0
8340,0.0
8341,0.0
8342,0.0
8343,0.0
8344,0.0
8345,0.0
8346,0.0
8347,0.0
8348,0.0
8349,0.0
8350,0.0
8351,0.0
8352,0.0
8353,0.0
8354,0.0
8355,0.0
8356,0.0
8357,0.0
8358,0.0
8359,0.0
8360,0.0
8361,0.0
8362,0.0
8363,0.0
8364,0.0
8365,0.0
8366,0.0
8367,0.0
8368,0.0
8369,0.0
8370,0.0
8371,0.0
8372,0.0
8373,0.0
8374,0.0
8375,0.0
8376,0.0
8377,0.0
8378,0.0
8379,0.0
8380,0.0
8381,0.0
8382,0.0
8383,0.0
8384,0.0
8385,0.0
8386,0.0
8387,0.0
8388,0.0
8389,0.0
8390,0.0
8391,0.0
8392,0.0
8393,0.0
8394,0.0
8395,0.0
8396,0.0
8397,0.0
8398,0.0
8399,0.0
8400,0.0
8401,0.0
8402,0.0
8403,0.0
8404,0.0
8405,0.0
8406,0.0
8407,0.0
8408,0.0
8409,0.0
8410,0.0
8411,0.0
8412,0.0
8413,0.0
8414,0.0
8415,0.0
8416,0.0
8417,0.0
8418,0.0
8419,0.0
8420,0.0
8421,0.0
8422,0.0
8423,0.0
8424,0.0
8425,0.0
8426,0.0
8427,0.0
8428,0.0
8429,0.0
8430,0.0
8431,0.0
8432,0.0
8433,0.0
8434,0.0
8435,0.0
8436,0.0
8437,0.0
8438,0.0
8439,0.0
8440,0.0
8441,0.0
8442,0.0
8443,0.0
8444,0.0
8445,0.0
8446,0.0
8447,0.0
8448,0.0
8449,0.0
8450,0.0
8451,0.0
8452,0.0
8453,0.0
8454,0.0
8455,0.0
8456,0.0
8457,0.0
8458,0.0
8459,0.0
8460,0.0
8461,0.0
8462,0.0
8463,0.0
8464,0.0
8465,0.0
8466,0.0
8467,0.0
8468,0.0
8469,0.0
8470,0.0
8471,0.0
8472,0.0
8473,0.0
8474,0.0
8475,0.0
8476,0.0
8477,0.0
8478,0.0
8479,0.0
8480,0.0
8481,0.0
8482,0.0
8483,0.0
8484,0.0
8485,0.0
8486,0.0
8487,0.0
8488,0.0
8489,0.0
8490,0.0
8491,0.0
8492,0.0
8493,0.0
8494,0.0
8495,0.0
8496,0.0
8497,0.0
8498,0.0
8499,0.0
8500,0.0
8501,0.0
8502,0.0
8503,0.0
8504,0.0
8505,0.0
8506,0.0
8507,0.0
8508,0.0
8509,0.0
8510,0.0
8511,0.0
8512,0.0
8513,0.0
8514,0.0
8515,0.0
8516,0.0
8517,0.0
8518,0.0
8519,0.0
8520,0.0
8521,0.0
8522,0.0
8523,0.0
8524,0.0
8525,0.0
8526,0.0
8527,0.0
8528,0.0
8529,0.0
8530,0.0
8531,0.0
8532,0.0
8533,0.0
8534,0.0
8535,0.0
8536,0.0
8537,0.0
8538,0.0
8539,0.0
8540,0.0
8541,0.0
8542,0.0
8543,0.0
8544,0.0
8545,0.0
8546,0.0
8547,0.0
8548,0.0
8549,0.0
8550,0.0
8551,0.0
8552,0.0
8553,0.0
8554,0.0
8555,0.0
8556,0.0
8557,0.0
8558,0.0
8559,0.0
8560,0.0
8561,0.0
8562,0.0
8563,0.0
8564,0.0
8565,0.0
8566,0.0
8567,0.0
8568,0.0
8569,0.0
8570,0.0
8571,0.0
8572,0.0
8573,0.0
8574,0.0
8575,0.0
8576,0.0
8577,0.0
8578,0.0
8579,0.0
8580,0.0
8581,0.0
8582,0.0
8583,0.0
8584,0.0
8585,0.0
8586,0.0
8587,0.0
8588,0.0
8589,0.0
8590,0.0
8591,0.0
8592,0.0
8593,0.0
8594,0.0
8595,0.0
8596,0.0
8597,0.0
8598,0.0
8599,0.0
8600,0.0
8601,0.0
8602,0.0
8603,0.0
8604,0.0
8605,0.0
8606,0.0
8607,0.0
8608,0.0
8609,0.0
8610,0.0
8611,0.0
8612,0.0
8613,0.0
8614,0.0
8615,0.0
8616,0.0
8617,0.0
8618,0.0
8619,0.0
8620,0.0
8621,0.0
8622,0.0
8623,0.0
8624,0.0
8625,0.0
8626,0.0
8627,0.0
8628,0.0
8629,0.0
8630,0.0
8631,0.0
8632,0.0
8633,0.0
8634,0.0
8635,0.0
8636,0.0
8637,0.0
8638,0.0
8639,0.0
8640,0.0
8641,0.0
8642,0.0
8643,0.0
8644,0.0
8645,0.0
8646,0.0
8647,0.0
8648,0.0
8649,0.0
8650,0.0
8651,0.0
8652,0.0
8653,0.0
8654,0.0
8655,0.0
8656,0.0
8657,0.0
8658,0.0
8659,0.0
8660,0.0
8661,0.0
8662,0.0
8663,0.0
8664,0.0
8665,0.0
8666,0.0
8667,0.0
8668,0.0
8669,0.0
8670,0.0
8671,0.0
8672,0.0
8673,0.0
8674,0.0
8675,0.0
8676,0.0
8677,0.0
8678,0.0
8679,0.0
8680,0.0
8681,0.0
8682,0.0
8683,0.0
8684,0.0
8685,0.0
8686,0.0
8687,0.0
8688,0.0
8689,0.0
8690,0.0
8691,0.0
8692,0.0
8693,0.0
8694,0.0
8695,0.0
8696,0.0
8697,0.0
8698,0.0
8699,0.0
8700,0.0
8701,0.0
8702,0.0
8703,0.0
8704,0.0
8705,0.0
8706,0.0
8707,0.0
8708,0.0
8709,0.0
8710,0.0
8711,0.0
8712,0.0
8713,0.0
8714,0.0
8715,0.0
8716,0.0
8717,0.0
8718,0.0
8719,0.0
8720,0.0
8721,0.0
8722,0.0
8723,0.0
8724,0.0
8725,0.0
8726,0.0
8727,0.0
8728,0.0
8729,0.0
8730,0.0
8731,0.0
8732,0.0
8733,0.0
8734,0.0
8735,0.0
8736,0.0
8737,0.0
8738,0.0
8739,0.0
8740,0.0
8741,0.0
8742,0.0
8743,0.0
8744,0.0
8745,0.0
8746,0.0
8747,0.0
8748,0.0
8749,0.0
8750,0.0
8751,0.0
8752,0.0
8753,0.0
8754,0.0
8755,0.0
8756,0.0
8757,0.0
8758,0.0
8759,0.0
8760,0.0
8761,0.0
8762,0.0
8763,0.0
8764,0.0
8765,0.0
8766,0.0
8767,0.0
8768,0.0
8769,0.0
8770,0.0
8771,0.0
8772,0.0
8773,0.0
8774,0.0
8775,0.0
8776,0.0
8777,0.0
8778,0.0
8779,0.0
8780,0.0
8781,0.0
8782,0.0
8783,0.0
8784,0.0
8785,0.0
8786,0.0
8787,0.0
8788,0.0
8789,0.0
8790,0.0
8791,0.0
8792,0.0
8793,0.0
8794,0.0
8795,0.0
8796,0.0
8797,0.0
8798,0.0
8799,0.0
8800,0.0
8801,0.0
8802,0.0
8803,0.0
8804,0.0
8805,0.0
8806,0.0
8807,0.0
8808,0.0
8809,0.0
8810,0.0
8811,0.0
8812,0.0
8813,0.0
8814,0.0
8815,0.0
8816,0.0
8817,0.0
8818,0.0
8819,0.0
8820,0.0
8821,0.0
8822,0.0
8823,0.0
8824,0.0
8825,0.0
8826,0.0
8827,0.0
8828,0.0
8829,0.0
8830,0.0
8831,0.0
8832,0.0
8833,0.0
8834,0.0
8835,0.0
8836,0.0
8837,0.0
8838,0.0
8839,0.0
8840,0.0
8841,0.0
8842,0.0
8843,0.0
8844,0.0
8845,0.0
8846,0.0
8847,0.0
8848,0.0
8849,0.0
8850,0.0
8851,0.0
8852,0.0
8853,0.0
8854,0.0
8855,0.0
8856,0.0
8857,0.0
8858,0.0
8859,0.0
8860,0.0
8861,0.0
8862,0.0
8863,0.0
8864,0.0
8865,0.0
8866,0.0
8867,0.0
8868,0.0
8869,0.0
8870,0.0
8871,0.0
8872,0.0
8873,0.0
8874,0.0
8875,0.0
8876,0.0
8877,0.0
8878,0.0
8879,0.0
8880,0.0
8881,0.0
8882,0.0
8883,0.0
8884,0.0
8885,0.0
8886,0.0
8887,0.0
8888,0.0
8889,0.0
8890,0.0
8891,0.0
8892,0.0
8893,0.0
8894,0.0
8895,0.0
8896,0.0
8897,0.0
8898,0.0
8899,0.0
8900,0.0
8901,0.0
8902,0.0
8903,0.0
8904,0.0
8905,0.0
8906,0.0
8907,0.0
8908,0.0
8909,0.0
8910,0.0
8911,0.0
8912,0.0
8913,0.0
8914,0.0
8915,0.0
8916,0.0
8917,0.0
8918,0.0
8919,0.0
8920,0.0
8921,0.0
8922,0.0
8923,0.0
8924,0.0
8925,0.0
8926,0.0
8927,0.0
8928,0.0
8929,0.0
8930,0.0
8931,0.0
8932,0.0
8933,0.0
8934,0.0
8935,0.0
8936,0.0
8937,0.0
8938,0.0
8939,0.0
8940,0.0
8941,0.0
8942,0.0
8943,0.0
8944,0.0
8945,0.0
8946,0.0
8947,0.0
8948,0.0
8949,0.0
8950,0.0
8951,0.0
8952,0.0
8953,0.0
8954,0.0
8955,0.0
8956,0.0
8957,0.0
8958,0.0
8959,0.0
8960,0.0
8961,0.0
8962,0.0
8963,0.0
8964,0.0
8965,0.0
8966,0.0
8967,0.0
8968,0.0
8969,0.0
8970,0.0
8971,0.0
8972,0.0
8973,0.0
8974,0.0
8975,0.0
8976,0.0
8977,0.0
8978,0.0
8979,0.0
8980,0.0
8981,0.0
8982,0.0
8983,0.0
8984,0.0
8985,0.0
8986,0.0
8987,0.0
8988,0.0
8989,0.0
8990,0.0
8991,0.0
8992,0.0
8993,0.0
8994,0.0
8995,0.0
8996,0.0
8997,0.0
8998,0.0
8999,0.0
9000,0.0
9001,0.0
9002,0.0
9003,0.0
9004,0.0
9005,0.0
9006,0.0
9007,0.0
9008,0.0
9009,0.0
9010,0.0
9011,0.0
9012,0.0
9013,0.0
9014,0.0
9015,0.0
9016,0.0
9017,0.0
9018,0.0
9019,0.0
9020,0.0
9021,0.0
9022,0.0
9023,0.0
9024,0.0
9025,0.0
9026,0.0
9027,0.0
9028,0.0
9029,0.0
9030,0.0
9031,0.0
9032,0.0
9033,0.0
9034,0.0
9035,0.0
9036,0.0
9037,0.0
9038,0.0
9039,0.0
9040,0.0
9041,0.0
9042,0.0
9043,0.0
9044,0.0
9045,0.0
9046,0.0
9047,0.0
9048,0.0
9049,0.0
9050,0.0
9051,0.0
9052,0.0
9053,0.0
9054,0.0
9055,0.0
9056,0.0
9057,0.0
9058,0.0
9059,0.0
9060,0.0
9061,0.0
9062,0.0
9063,0.0
9064,0.0
9065,0.0
9066,0.0
9067,0.0
9068,0.0
9069,0.0
9070,0.0
9071,0.0
9072,0.0
9073,0.0
9074,0.0
9075,0.0
9076,0.0
9077,0.0
9078,0.0
9079,0.0
9080,0.0
9081,0.0
9082,0.0
9083,0.0
9084,0.0
9085,0.0
9086,0.0
9087,0.0
9088,0.0
9089,0.0
9090,0.0
9091,0.0
9092,0.0
9093,0.0
9094,0.0
9095,0.0
9096,0.0
9097,0.0
9098,0.0
9099,0.0
9100,0.0
9101,0.0
9102,0.0
9103,0.0
9104,0.0
9105,0.0
9106,0.0
9107,0.0
9108,0.0
9109,0.0
9110,0.0
9111,0.0
9112,0.0
9113,0.0
9114,0.0
9115,0.0
9116,0.0
9117,0.0
9118,0.0
9119,0.0
9120,0.0
9121,0.0
9122,0.0
9123,0.0
9124,0.0
9125,0.0
9126,0.0
9127,0.0
9128,0.0
9129,0.0
9130,0.0
9131,0.0
9132,0.0
9133,0.0
9134,0.0
9135,0.0
9136,0.0
9137,0.0
9138,0.0
9139,0.0
9140,0.0
9141,0.0
9142,0.0
9143,0.0
9144,0.0
9145,0.0
9146,0.0
9147,0.0
9148,0.0
9149,0.0
9150,0.0
9151,0.0
9152,0.0
9153,0.0
9154,0.0
9155,0.0
9156,0.0
9157,0.0
9158,0.0
9159,0.0
9160,0.0
9161,0.0
9162,0.0
9163,0.0
9164,0.0
9165,0.0
9166,0.0
9167,0.0
9168,0.0
9169,0.0
9170,0.0
9171,0.0
9172,0.0
9173,0.0
9174,0.0
9175,0.0
9176,0.0
9177,0.0
9178,0.0
9179,0.0
9180,0.0
9181,0.0
9182,0.0
9183,0.0
9184,0.0
9185,0.0
9186,0.0
9187,0.0
9188,0.0
9189,0.0
9190,0.0
9191,0.0
9192,0.0
9193,0.0
9194,0.0
9195,0.0
9196,0.0
9197,0.0
9198,0.0
9199,0.0
9200,0.0
9201,0.0
9202,0.0
9203,0.0
9204,0.0
9205,0.0
9206,0.0
9207,0.0
9208,0.0
9209,0.0
9210,0.0
9211,0.0
9212,0.0
9213,0.0
9214,0.0
9215,0.0
9216,0.0
9217,0.0
9218,0.0
9219,0.0
9220,0.0
9221,0.0
9222,0.0
9223,0.0
9224,0.0
9225,0.0
9226,0.0
9227,0.0
9228,0.0
9229,0.0
9230,0.0
9231,0.0
9232,0.0
9233,0.0
9234,0.0
9235,0.0
9236,0.0
9237,0.0
9238,0.0
9239,0.0
9240,0.0
9241,0.0
9242,0.0
9243,0.0
9244,0.0
9245,0.0
9246,0.0
9247,0.0
9248,0.0
9249,0.0
9250,0.0
9251,0.0
9252,0.0
9253,0.0
9254,0.0
9255,0.0
9256,0.0
9257,0.0
9258,0.0
9259,0.0
9260,0.0
9261,0.0
9262,0.0
9263,0.0
9264,0.0
9265,0.0
9266,0.0
9267,0.0
9268,0.0
9269,0.0
9270,0.0
9271,0.0
9272,0.0
9273,0.0
9274,0.0
9275,0.0
9276,0.0
9277,0.0
9278,0.0
9279,0.0
9280,0.0
9281,0.0
9282,0.0
9283,0.0
9284,0.0
9285,0.0
9286,0.0
9287,0.0
9288,0.0
9289,0.0
9290,0.0
9291,0.0
9292,0.0
9293,0.0
9294,0.0
9295,0.0
9296,0.0
9297,0.0
9298,0.0
9299,0.0
9300,0.0
9301,0.0
9302,0.0
9303,0.0
9304,0.0
9305,0.0
9306,0.0
9307,0.0
9308,0.0
9309,0.0
9310,0.0
9311,0.0
9312,0.0
9313,0.0
9314,0.0
9315,0.0
9316,0.0
9317,0.0
9318,0.0
9319,0.0
9320,0.0
9321,0.0
9322,0.0
9323,0.0
9324,0.0
9325,0.0
9326,0.0
9327,0.0
9328,0.0
9329,0.0
9330,0.0
9331,0.0
9332,0.0
9333,0.0
9334,0.0
9335,0.0
9336,0.0
9337,0.0
9338,0.0
9339,0.0
9340,0.0
9341,0.0
9342,0.0
9343,0.0
9344,0.0
9345,0.0
9346,0.0
9347,0.0
9348,0.0
9349,0.0
9350,0.0
9351,0.0
9352,0.0
9353,0.0
9354,0.0
9355,0.0
9356,0.0
9357,0.0
9358,0.0
9359,0.0
9360,0.0
9361,0.0
9362,0.0
9363,0.0
9364,0.0
9365,0.0
9366,0.0
9367,0.0
9368,0.0
9369,0.0
9370,0.0
9371,0.0
9372,0.0
9373,0.0
9374,0.0
9375,0.0
9376,0.0
9377,0.0
9378,0.0
9379,0.0
9380,0.0
9381,0.0
9382,0.0
9383,0.0
9384,0.0
9385,0.0
9386,0.0
9387,0.0
9388,0.0
9389,0.0
9390,0.0
9391,0.0
9392,0.0
9393,0.0
9394,0.0
9395,0.0
9396,0.0
9397,0.0
9398,0.0
9399,0.0
9400,0.0
9401,0.0
9402,0.0
9403,0.0
9404,0.0
9405,0.0
9406,0.0
9407,0.0
9408,0.0
9409,0.0
9410,0.0
9411,0.0
9412,0.0
9413,0.0
9414,0.0
9415,0.0
9416,0.0
9417,0.0
9418,0.0
9419,0.0
9420,0.0
9421,0.0
9422,0.0
9423,0.0
9424,0.0
9425,0.0
9426,0.0
9427,0.0
9428,0.0
9429,0.0
9430,0.0
9431,0.0
9432,0.0
9433,0.0
9434,0.0
9435,0.0
9436,0.0
9437,0.0
9438,0.0
9439,0.0
9440,0.0
9441,0.0
9442,0.0
9443,0.0
9444,0.0
9445,0.0
9446,0.0
9447,0.0
9448,0.0
9449,0.0
9450,0.0
9451,0.0
9452,0.0
9453,0.0
9454,0.0
9455,0.0
9456,0.0
9457,0.0
9458,0.0
9459,0.0
9460,0.0
9461,0.0
9462,0.0
9463,0.0
9464,0.0
9465,0.0
9466,0.0
9467,0.0
9468,0.0
9469,0.0
9470,0.0
9471,0.0
9472,0.0
9473,0.0
9474,0.0
9475,0.0
9476,0.0
9477,0.0
9478,0.0
9479,0.0
9480,0.0
9481,0.0
9482,0.0
9483,0.0
9484,0.0
9485,0.0
9486,0.0
9487,0.0
9488,0.0
9489,0.0
9490,0.0
9491,0.0
9492,0.0
9493,0.0
9494,0.0
9495,0.0
9496,0.0
9497,0.0
9498,0.0
9499,0.0
9500,0.0
9501,0.0
9502,0.0
9503,0.0
9504,0.0
9505,0.0
9506,0.0
9507,0.0
9508,0.0
9509,0.0
9510,0.0
9511,0.0
9512,0.0
9513,0.0
9514,0.0
9515,0.0
9516,0.0
9517,0.0
9518,0.0
9519,0.0
9520,0.0
9521,0.0
9522,0.0
9523,0.0
9524,0.0
9525,0.0
9526,0.0
9527,0.0
9528,0.0
9529,0.0
9530,0.0
9531,0.0
9532,0.0
9533,0.0
9534,0.0
9535,0.0
9536,0.0
9537,0.0
9538,0.0
9539,0.0
9540,0.0
9541,0.0
9542,0.0
9543,0.0
9544,0.0
9545,0.0
9546,0.0
9547,0.0
9548,0.0
9549,0.0
9550,0.0
9551,0.0
9552,0.0
9553,0.0
9554,0.0
9555,0.0
9556,0.0
9557,0.0
9558,0.0
9559,0.0
9560,0.0
9561,0.0
9562,0.0
9563,0.0
9564,0.0
9565,0.0
9566,0.0
9567,0.0
9568,0.0
9569,0.0
9570,0.0
9571,0.0
9572,0.0
9573,0.0
9574,0.0
9575,0.0
9576,0.0
9577,0.0
9578,0.0
9579,0.0
9580,0.0
9581,0.0
9582,0.0
9583,0.0
9584,0.0
9585,0.0
9586,0.0
9587,0.0
9588,0.0
9589,0.0
9590,0.0
9591,0.0
9592,0.0
9593,0.0
9594,0.0
9595,0.0
9596,0.0
9597,0.0
9598,0.0
9599,0.0
9600,0.0
9601,0.0
9602,0.0
9603,0.0
9604,0.0
9605,0.0
9606,0.0
9607,0.0
9608,0.0
9609,0.0
9610,0.0
9611,0.0
9612,0.0
9613,0.0
9614,0.0
9615,0.0
9616,0.0
9617,0.0
9618,0.0
9619,0.0
9620,0.0
9621,0.0
9622,0.0
9623,0.0
9624,0.0
9625,0.0
9626,0.0
9627,0.0
9628,0.0
9629,0.0
9630,0.0
9631,0.0
9632,0.0
9633,0.0
9634,0.0
9635,0.0
9636,0.0
9637,0.0
9638,0.0
9639,0.0
9640,0.0
9641,0.0
9642,0.0
9643,0.0
9644,0.0
9645,0.0
9646,0.0
9647,0.0
9648,0.0
9649,0.0
9650,0.0
9651,0.0
9652,0.0
9653,0.0
9654,0.0
9655,0.0
9656,0.0
9657,0.0
9658,0.0
9659,0.0
9660,0.0
9661,0.0
9662,0.0
9663,0.0
9664,0.0
9665,0.0
9666,0.0
9667,0.0
9668,0.0
9669,0.0
9670,0.0
9671,0.0
9672,0.0
9673,0.0
9674,0.0
9675,0.0
9676,0.0
9677,0.0
9678,0.0
9679,0.0
9680,0.0
9681,0.0
9682,0.0
9683,0.0
9684,0.0
9685,0.0
9686,0.0
9687,0.0
9688,0.0
9689,0.0
9690,0.0
9691,0.0
9692,0.0
9693,0.0
9694,0.0
9695,0.0
9696,0.0
9697,0.0
9698,0.0
9699,0.0
9700,0.0
9701,0.0
9702,0.0
9703,0.0
9704,0.0
9705,0.0
9706,0.0
9707,0.0
9708,0.0
9709,0.0
9710,0.0
9711,0.0
9712,0.0
9713,0.0
9714,0.0
9715,0.0
9716,0.0
9717,0.0
9718,0.0
9719,0.0
9720,0.0
9721,0.0
9722,0.0
9723,0.0
9724,0.0
9725,0.0
9726,0.0
9727,0.0
9728,0.0
9729,0.0
9730,0.0
9731,0.0
9732,0.0
9733,0.0
9734,0.0
9735,0.0
9736,0.0
9737,0.0
9738,0.0
9739,0.0
9740,0.0
9741,0.0
9742,0.0
9743,0.0
9744,0.0
9745,0.0
9746,0.0
9747,0.0
9748,0.0
9749,0.0
9750,0.0
9751,0.0
9752,0.0
9753,0.0
9754,0.0
9755,0.0
9756,0.0
9757,0.0
9758,0.0
9759,0.0
9760,0.0
9761,0.0
9762,0.0
9763,0.0
9764,0.0
9765,0.0
9766,0.0
9767,0.0
9768,0.0
9769,0.0
9770,0.0
9771,0.0
9772,0.0
9773,0.0
9774,0.0
9775,0.0
9776,0.0
9777,0.0
9778,0.0
9779,0.0
9780,0.0
9781,0.0
9782,0.0
9783,0.0
9784,0.0
9785,0.0
9786,0.0
9787,0.0
9788,0.0
9789,0.0
9790,0.0
9791,0.0
9792,0.0
9793,0.0
9794,0.0
9795,0.0
9796,0.0
9797,0.0
9798,0.0
9799,0.0
9800,0.0
9801,0.0
9802,0.0
9803,0.0
9804,0.0
9805,0.0
9806,0.0
9807,0.0
9808,0.0
9809,0.0
9810,0.0
9811,0.0
9812,0.0
9813,0.0
9814,0.0
9815,0.0
9816,0.0
9817,0.0
9818,0.0
9819,0.0
9820,0.0
9821,0.0
9822,0.0
9823,0.0
9824,0.0
9825,0.0
9826,0.0
9827,0.0
9828,0.0
9829,0.0
9830,0.0
9831,0.0
9832,0.0
9833,0.0
9834,0.0
9835,0.0
9836,0.0
9837,0.0
9838,0.0
9839,0.0
9840,0.0
9841,0.0
9842,0.0
9843,0.0
9844,0.0
9845,0.0
9846,0.0
9847,0.0
9848,0.0
9849,0.0
9850,0.0
9851,0.0
9852,0.0
9853,0.0
9854,0.0
9855,0.0
9856,0.0
9857,0.0
9858,0.0
9859,0.0
9860,0.0
9861,0.0
9862,0.0
9863,0.0
9864,0.0
9865,0.0
9866,0.0
9867,0.0
9868,0.0
9869,0.0
9870,0.0
9871,0.0
9872,0.0
9873,0.0
9874,0.0
9875,0.0
9876,0.0
9877,0.0
9878,0.0
9879,0.0
9880,0.0
9881,0.0
9882,0.0
9883,0.0
9884,0.0
9885,0.0
9886,0.0
9887,0.0
9888,0.0
9889,0.0
9890,0.0
9891,0.0
9892,0.0
9893,0.0
9894,0.0
9895,0.0
9896,0.0
9897,0.0
9898,0.0
9899,0.0
9900,0.0
9901,0.0
9902,0.0
9903,0.0
9904,0.0
9905,0.0
9906,0.0
9907,0.0
9908,0.0
9909,0.0
9910,1189.3617
9911,750.14636
9912,2959.2573
9913,5243.5205
9914,5352.166
9915,8128.7646
9916,8821.257
9917,8829.483
9918,10525.981
9919,17328.383
9920,18439.85
9921,18607.855
9922,19952.615
9923,21142.268
9924,21034.533
9925,21275.71
9926,21298.73
9927,21358.562
9928,19396.256
9929,19415.396
9930,23536.633
9931,27940.924
9932,27900.234
9933,29790.947
9934,29854.406
9935,31026.318
9936,31606.104
9937,31965.178
9938,31857.443
9939,40083.332
9940,38683.375
9941,38746.844
9942,38851.97
9943,38971.883
9944,39096.562
9945,42203.316
9946,55326.26
9947,55392.43
9948,55455.895
9949,56255.8
9950,57518.53
9951,57643.21
9952,58403.92
9953,60365.33
9954,60431.49
9955,60709.19
9956,74408.79
9957,75039.516
9958,75615.34
9959,91441.04
9960,91859.02
9961,103332.0
9962,103395.46
9963,103503.86
9964,105333.734
9965,105458.42
9966,94635.31
9967,95732.97
9968,107211.24
9969,107351.8
9970,107445.14
9971,107529.25
9972,107038.414
9973,98161.11
9974,107363.93
9975,118841.2
9976,118933.484
9977,119058.53
9978,119142.64
9979,119265.57
9980,108935.77
9981,108441.25
9982,134109.1
9983,134183.2
9984,134186.42
9985,134270.53
9986,134322.55
9987,123061.46
9988,122566.92
9989,134465.78
9990,139806.98
9991,139946.5
9992,139895.84
9993,142729.88
9994,132246.22
9995,131751.67
9996,143768.56
9997,143871.56
9998,144011.1
9999,144162.16
10000,151900.36
10001,139443.42
10002,138886.17
10003,150130.58
10004,150377.02
10005,150516.55
10006,150680.1
10007,151669.73
10008,139849.53
10009,141929.06
10010,152988.86
10011,153209.31
10012,153343.33
10013,155706.77
10014,158386.88
10015,147003.72
10016,147050.31
10017,158609.4
10018,158668.62
10019,159278.8
10020,159397.69
10021,159521.33
10022,148138.19
10023,147698.44
10024,157972.47
10025,158031.67
10026,159037.94
10027,160910.6
10028,160948.62
10029,149573.0
10030,149202.33
10031,162502.39
10032,162561.61
10033,162420.08
10034,164093.66
10035,164166.48
10036,153642.25
10037,153265.88
10038,165125.27
10039,165184.48
10040,165317.55
10041,165563.81
10042,165636.64
10043,154858.5
10044,154392.03
10045,165890.27
10046,167057.34
10047,167246.45
10048,167269.33
10049,167342.16
10050,156564.34
10051,0.0
10052,0.0
10053,0.0
10054,0.0
10055,0.0
10056,0.0
10057,0.0
10058,0.0
10059,0.0
10060,0.0
10061,0.0
10062,0.0
10063,0.0
10064,0.0
10065,0.0
10066,0.0
10067,0.0
10068,0.0
10069,0.0
10070,0.0
10071,0.0
10072,0.0
10073,0.0
10074,0.0
10075,0.0
10076,0.0
10077,0.0
10078,0.0
10079,0.0
10080,0.0
10081,0.0
10082,0.0
10083,0.0
10084,0.0
10085,0.0
10086,0.0
10087,0.0
10088,0.0
10089,0.0
10090,0.0
10091,0.0
10092,0.0
10093,0.0
10094,0.0
10095,0.0
10096,0.0
10097,0.0
10098,0.0
10099,0.0
10100,0.0
10101,0.0
10102,0.0
10103,0.0
10104,0.0
10105,0.0
10106,0.0
10107,0.0
10108,0.0
10109,0.0
10110,0.0
10111,0.0
10112,0.0
10113,0.0
10114,0.0
10115,0.0
10116,0.0
10117,0.0
10118,0.0
10119,0.0
10120,0.0
10121,0.0
10122,0.0
10123,0.0
10124,0.0
10125,0.0
10126,0.0
10127,0.0
10128,0.0
10129,0.0
10130,0.0
10131,0.0
10132,0.0
10133,0.0
10134,0.0
10135,0.0
10136,0.0
10137,0.0
10138,0.0
10139,0.0
10140,0.0
10141,0.0
10142,0.0
10143,0.0
10144,0.0
10145,0.0
10146,0.0
10147,0.0
10148,0.0
10149,0.0
10150,0.0
10151,0.0
10152,0.0
10153,0.0
10154,0.0
10155,0.0
10156,0.0
10157,0.0
10158,0.0
10159,0.0
10160,0.0
10161,0.0
10162,0.0
10163,0.0
10164,0.0
10165,0.0
10166,0.0
10167,0.0
10168,0.0
10169,0.0
10170,0.0
10171,0.0
10172,0.0
10173,0.0
10174,0.0
10175,0.0
10176,0.0
10177,0.0
10178,0.0
10179,0.0
10180,0.0
10181,0.0
10182,0.0
10183,0.0
10184,0.0
10185,0.0
10186,0.0
10187,0.0
10188,0.0
10189,0.0
10190,0.0
10191,0.0
10192,0.0
10193,0.0
10194,0.0
10195,0.0
10196,0.0
10197,0.0
10198,0.0
10199,0.0
10200,0.0
10201,0.0
10202,0.0
10203,0.0
10204,0.0
10205,0.0
10206,0.0
10207,0.0
10208,0.0
10209,0.0
10210,0.0
10211,0.0
10212,0.0
10213,0.0
10214,0.0
10215,0.0
10216,0.0
10217,0.0
10218,0.0
10219,0.0
10220,0.0
10221,0.0
10222,0.0
10223,1025.7378
10224,655.01465
10225,750.9015
10226,1253.1587
10227,1324.5251
10228,3595.523
10229,3515.3108
10230,6703.723
10231,12514.721
10232,12298.346
10233,14043.037
10234,14118.03
10235,15189.971
10236,15461.633
10237,15532.065
10238,15161.346
10239,14107.962
10240,12900.521
10241,12975.515
10242,13346.342
10243,14203.809
10244,14274.241
10245,17811.777
10246,17364.365
10247,17250.107
10248,17325.1
10249,18358.6
10250,18675.959
10251,18746.389
10252,19399.135
10253,21322.576
10254,21282.426
10255,21676.102
10256,28141.873
10257,28734.908
10258,29421.307
10259,31358.916
10260,30788.812
10261,30839.182
10262,30931.736
10263,32470.719
10264,31823.717
10265,31894.148
10266,31646.25
10267,32293.07
10268,32348.744
10269,32490.451
10270,33188.594
10271,33235.01
10272,35460.14
10273,35036.305
10274,34038.277
10275,34092.92
10276,34187.95
10277,35354.94
10278,35401.363
10279,35463.047
10280,35746.336
10281,35170.926
10282,50844.8
10283,50930.434
10284,53660.0
10285,53706.42
10286,55975.86
10287,55868.746
10288,55293.336
10289,56106.1
10290,61797.332
10291,62166.676
10292,62534.543
10293,62633.527
10294,63687.426
10295,63112.016
10296,65322.023
10297,65436.55
10298,65805.88
10299,65861.64
10300,74769.03
10301,74778.336
10302,74140.21
10303,75582.56
10304,76315.695
10305,76357.24
10306,76563.516
10307,75818.41
10308,74972.305
10309,75407.81
10310,78070.5
10311,81922.945
10312,81958.97
10313,82694.14
10314,82765.21
10315,82356.266
10316,81942.57
10317,87460.35
10318,87531.086
10319,88267.36
10320,89142.04
10321,89282.016
10322,88873.07
10323,89660.46
10324,91975.81
10325,92046.55
10326,92272.234
10327,92779.21
10328,94157.63
10329,93741.72
10330,94404.51
10331,97556.87
10332,97627.6
10333,102883.92
10334,105969.15
10335,106038.85
10336,106351.945
10337,109031.28
10338,112939.73
10339,113010.46
10340,115355.42
10341,116332.234
10342,116401.94
10343,116635.055
10344,116203.58
10345,116850.21
10346,126067.02
10347,125972.97
10348,126108.32
10349,126178.02
10350,126513.055
10351,0.0
10352,0.0
10353,0.0
10354,0.0
10355,0.0
10356,0.0
10357,0.0
10358,2346.233
10359,4498.7603
10360,6135.0303
10361,5695.814
10362,9971.275
10363,12656.108
10364,12764.751
10365,15027.634
10366,15904.827
10367,15699.225
10368,17228.85
10369,17822.951
10370,18044.732
10371,18212.736
10372,18873.344
10373,20567.66
10374,20246.098
10375,21372.664
10376,21767.81
10377,21802.97
10378,20493.838
10379,20081.447
10380,24191.453
10381,27879.996
10382,27839.307
10383,30035.465
10384,30074.252
10385,31775.87
10386,32218.588
10387,32316.285
10388,31994.72
10389,40120.703
10390,40029.684
10391,40068.48
10392,40173.605
10393,40219.684
10394,40317.39
10395,43210.32
10396,42840.17
10397,43245.64
10398,43284.438
10399,43724.457
10400,44795.484
10401,44893.19
10402,45532.48
10403,47409.0
10404,47814.47
10405,52117.195
10406,55724.516
10407,56890.066
10408,57454.676
10409,59532.438
10410,59327.523
10411,59823.51
10412,59879.87
10413,59988.26
10414,61067.67
10415,61165.38
10416,61175.04
10417,62009.566
10418,62510.86
10419,62626.742
10420,62720.074
10421,62730.35
10422,64536.527
10423,64213.67
10424,66545.6
10425,67045.89
10426,67117.695
10427,67718.125
10428,67728.41
10429,67686.766
10430,68074.35
10431,67579.836
10432,69056.89
10433,69406.984
10434,69546.484
10435,69556.766
10436,69581.81
10437,69121.75
10438,68627.21
10439,69498.81
10440,75676.48
10441,75815.97
10442,75625.445
10443,75721.4
10444,75443.46
10445,74948.93
10446,75441.36
10447,75972.2
10448,76111.695
10449,77526.26
10450,89511.734
10451,88157.28
10452,87600.06
10453,87792.85
10454,87971.06
10455,88110.555
10456,91330.0
10457,91500.02
10458,90782.31
10459,92728.3
10460,94953.164
10461,95148.945
10462,95282.93
10463,95412.94
10464,95823.86
10465,95543.305
10466,97584.08
10467,98099.54
10468,98134.07
10469,98771.68
10470,99662.125
10471,99758.805
10472,99478.25
10473,103532.945
10474,102780.266
10475,102814.8
10476,102941.625
10477,102977.06
10478,102977.33
10479,102704.3
10480,104583.375
10481,106820.82
10482,106855.35
10483,107007.555
10484,108692.86
10485,108738.72
10486,109317.11
10487,112648.0
10488,113444.76
10489,113479.29
10490,113612.305
10491,113893.44
10492,113939.3
10493,114263.75
10494,113797.305
10495,114232.91
10496,115527.16
10497,115716.2
10498,115750.805
10499,115796.664
10500,116137.1
10501,0.0
10502,0.0
10503,0.0
10504,0.0
10505,0.0
10506,0.0
10507,0.0
10508,0.0
10509,0.0
10510,0.0
10511,0.0
10512,0.0
10513,0.0
10514,0.0
10515,0.0
10516,0.0
10517,0.0
10518,0.0
10519,0.0
10520,0.0
10521,0.0
10522,0.0
10523,0.0
10524,0.0
10525,0.0
10526,0.0
10527,0.0
10528,0.0
10529,0.0
10530,0.0
10531,0.0
10532,0.0
10533,0.0
10534,0.0
10535,0.0
10536,0.0
10537,0.0
10538,0.0
10539,0.0
10540,0.0
10541,0.0
10542,0.0
10543,0.0
10544,0.0
10545,0.0
10546,0.0
10547,0.0
10548,0.0
10549,0.0
10550,0.0
10551,0.0
10552,0.0
10553,0.0
10554,0.0
10555,0.0
10556,0.0
10557,0.0
10558,0.0
10559,0.0
10560,0.0
10561,0.0
10562,0.0
10563,0.0
10564,0.0
10565,0.0
10566,0.0
10567,0.0
10568,0.0
10569,0.0
10570,0.0
10571,0.0
10572,0.0
10573,0.0
10574,0.0
10575,0.0
10576,0.0
10577,0.0
10578,0.0
10579,0.0
10580,0.0
10581,0.0
10582,0.0
10583,0.0
10584,0.0
10585,0.0
10586,0.0
10587,0.0
10588,0.0
10589,0.0
10590,0.0
10591,0.0
10592,0.0
10593,0.0
10594,0.0
10595,0.0
10596,0.0
10597,0.0
10598,0.0
10599,0.0
10600,0.0
10601,0.0
10602,0.0
10603,0.0
10604,0.0
10605,0.0
10606,0.0
10607,0.0
10608,0.0
10609,0.0
10610,0.0
10611,0.0
10612,0.0
10613,0.0
10614,0.0
10615,0.0
10616,0.0
10617,0.0
10618,0.0
10619,0.0
10620,0.0
10621,0.0
10622,0.0
10623,0.0
10624,0.0
10625,0.0
10626,0.0
10627,0.0
10628,0.0
10629,0.0
10630,0.0
10631,0.0
10632,0.0
10633,0.0
10634,0.0
10635,0.0
10636,0.0
10637,0.0
10638,0.0
10639,0.0
10640,0.0
10641,0.0
10642,0.0
10643,0.0
10644,0.0
10645,0.0
10646,0.0
10647,0.0
10648,0.0
10649,0.0
10650,0.0
10651,0.0
10652,0.0
10653,2178.9907
10654,1711.3517
10655,1942.5542
10656,2039.1284
10657,1987.3516
10658,8560.408
10659,11692.673
10660,17362.34
10661,16703.271
10662,17899.049
10663,19954.68
10664,19906.273
10665,27980.873
10666,28720.742
10667,28325.85
10668,28400.064
10669,41225.066
10670,41711.727
10671,41700.44
10672,48160.367
10673,51984.688
10674,51533.188
10675,50060.05
10676,50364.105
10677,50953.883
10678,150125.23
10679,150980.33
10680,160835.3
10681,172382.47
10682,172651.12
10683,178402.7
10684,178992.48
10685,181530.48
10686,190625.58
10687,193978.31
10688,193420.31
10689,213310.62
10690,213443.12
10691,214032.9
10692,216958.36
10693,218280.69
10694,218417.2
10695,243735.06
10696,242806.78
10697,241282.47
10698,241872.25
10699,241985.55
10700,250597.39
10701,250733.9
10702,249372.0
10703,254387.27
10704,253867.03
10705,257243.8
10706,259740.42
10707,262473.78
10708,262940.38
10709,311923.72
10710,320087.16
10711,311367.5
10712,312526.62
10713,340950.0
10714,370951.47
10715,371088.0
10716,375362.88
10717,387785.62
10718,378722.9
10719,379584.97
10720,380478.56
10721,380652.4
10722,381582.2
10723,381293.72
10724,390039.62
10725,380976.9
10726,380884.1
10727,381681.34
10728,381855.2
10729,386083.4
10730,406855.0
10731,414474.03
10732,430727.47
10733,431498.3
10734,434109.6
10735,434283.44
10736,434838.12
10737,436575.2
10738,444194.22
10739,435247.12
10740,436622.66
10741,437545.75
10742,469107.78
10743,469242.56
10744,467299.3
10745,474918.34
10746,465854.62
10747,466655.1
10748,467578.2
10749,472400.25
10750,473261.44
10751,473544.25
10752,481151.53
10753,471963.9
10754,472896.94
10755,473820.03
10756,553867.1
10757,593484.5
10758,592926.7
10759,599966.56
10760,592899.7
10761,593757.6
10762,594680.8
10763,595525.6
10764,595817.94
10765,595260.06
10766,607168.7
10767,604585.2
10768,605341.06
10769,606103.4
10770,618808.44
10771,618943.75
10772,617573.4
10773,639923.8
10774,663488.44
10775,664244.4
10776,664787.3
10777,719310.2
10778,720878.0
10779,719515.2
10780,730039.44
10781,712589.56
10782,713206.3
10783,740130.3
10784,743303.25
10785,743387.94
10786,741339.3
10787,749947.8
10788,741856.75
10789,742473.5
10790,742853.5
10791,743589.7
10792,743674.4
10793,764040.2
10794,771625.06
10795,763959.2
10796,764630.25
10797,765036.3
10798,765203.6
10799,765288.3
10800,764425.2
10801,0.0
10802,0.0
10803,0.0
10804,0.0
10805,0.0
10806,0.0
10807,0.0
10808,0.0
10809,0.0
10810,0.0
10811,0.0
10812,0.0
10813,0.0
10814,0.0
10815,0.0
10816,0.0
10817,0.0
10818,0.0
10819,0.0
10820,0.0
10821,0.0
10822,0.0
10823,0.0
10824,0.0
10825,0.0
10826,0.0
10827,0.0
10828,0.0
10829,0.0
10830,0.0
10831,0.0
10832,0.0
10833,0.0
10834,0.0
10835,0.0
10836,0.0
10837,0.0
10838,0.0
10839,0.0
10840,0.0
10841,0.0
10842,0.0
10843,0.0
10844,0.0
10845,0.0
10846,0.0
10847,0.0
10848,0.0
10849,0.0
10850,0.0
10851,0.0
10852,0.0
10853,0.0
10854,0.0
10855,0.0
10856,0.0
10857,0.0
10858,0.0
10859,0.0
10860,0.0
10861,0.0
10862,0.0
10863,0.0
10864,0.0
10865,0.0
10866,0.0
10867,0.0
10868,0.0
10869,0.0
10870,0.0
10871,0.0
10872,0.0
10873,0.0
10874,0.0
10875,0.0
10876,0.0
10877,0.0
10878,0.0
10879,0.0
10880,0.0
10881,0.0
10882,0.0
10883,0.0
10884,0.0
10885,0.0
10886,0.0
10887,0.0
10888,0.0
10889,0.0
10890,0.0
10891,0.0
10892,0.0
10893,0.0
10894,0.0
10895,0.0
10896,0.0
10897,0.0
10898,0.0
10899,0.0
10900,0.0
10901,0.0
10902,0.0
10903,0.0
10904,0.0
10905,0.0
10906,0.0
10907,0.0
10908,0.0
10909,0.0
10910,0.0
10911,0.0
10912,0.0
10913,0.0
10914,0.0
10915,0.0
10916,0.0
10917,0.0
10918,0.0
10919,0.0
10920,0.0
10921,0.0
10922,0.0
10923,0.0
10924,0.0
10925,0.0
10926,0.0
10927,0.0
10928,0.0
10929,0.0
10930,0.0
10931,0.0
10932,0.0
10933,0.0
10934,0.0
10935,0.0
10936,0.0
10937,0.0
10938,0.0
10939,0.0
10940,0.0
10941,0.0
10942,0.0
10943,0.0
10944,0.0
10945,0.0
10946,0.0
10947,0.0
10948,0.0
10949,0.0
10950,0.0
10951,0.0
10952,0.0
10953,0.0
10954,0.0
10955,0.0
10956,0.0
10957,0.0
10958,0.0
10959,0.0
10960,0.0
10961,0.0
10962,0.0
10963,0.0
10964,0.0
10965,0.0
10966,0.0
10967,0.0
10968,0.0
10969,0.0
10970,85.947266
10971,211.53267
10972,731.9604
10973,1276.238
10974,1002.8385
10975,1353.9414
10976,1603.2898
10977,1674.6561
10978,5502.2954
10979,5409.447
10980,9251.179
10981,14857.147
10982,14820.801
10983,16781.568
10984,16856.564
10985,18679.697
10986,18952.459
10987,19050.156
10988,18831.682
10989,27688.3
10990,27184.541
10991,27259.533
10992,27293.531
10993,27393.236
10994,27490.934
10995,30598.484
10996,30342.623
10997,30489.344
10998,30564.336
10999,30933.244
11000,31325.816
11001,31423.514
11002,32307.275
11003,34386.516
11004,34536.85
11005,36054.293
11006,38226.99
11007,38808.207
11008,39360.844
11009,41660.8
11010,41566.543
11011,41878.65
11012,41971.21
11013,41992.15
11014,42902.273
11015,42999.98
11016,43093.59
11017,44168.26
11018,44485.67
11019,44627.395
11020,44815.992
11021,44850.59
11022,47388.16
11023,47125.11
11024,46873.137
11025,47189.543
11026,47335.285
11027,47900.246
11028,47934.844
11029,48153.203
11030,47959.516
11031,47575.656
11032,47943.74
11033,48062.0
11034,48092.85
11035,48127.45
11036,48223.4
11037,48058.89
11038,47675.03
11039,48354.555
11040,52721.56
11041,52784.883
11042,53000.17
11043,53096.12
11044,52902.535
11045,52518.676
11046,55209.082
11047,55323.61
11048,55386.934
11049,55650.785
11050,60001.727
11051,59368.355
11052,58921.805
11053,60269.094
11054,60091.83
11055,60155.152
11056,60486.78
11057,60199.09
11058,59565.72
11059,60310.664
11060,62292.477
11061,62461.984
11062,62519.8
11063,62557.47
11064,62199.062
11065,62002.85
11066,61958.65
11067,63693.875
11068,63764.598
11069,64314.086
11070,64754.87
11071,64819.223
11072,64623.01
11073,65849.21
11074,65854.74
11075,65925.45
11076,66179.39
11077,66214.83
11078,67804.16
11079,67506.35
11080,66976.62
11081,66386.11
11082,66456.85
11083,66933.0
11084,67734.36
11085,67780.22
11086,68333.84
11087,71065.69
11088,72145.914
11089,72216.65
11090,72289.82
11091,74275.945
11092,74321.805
11093,74907.03
11094,74963.84
11095,75337.2
11096,76589.77
11097,76960.97
11098,77410.43
11099,77456.29
11100,77752.27
11101,0.0
11102,0.0
11103,0.0
11104,0.0
11105,0.0
11106,0.0
11107,0.0
11108,0.0
11109,0.0
11110,0.0
11111,0.0
11112,3413.9702
11113,13984.587
11114,13802.539
11115,21601.207
11116,24367.941
11117,23554.629
11118,26043.01
11119,31124.758
11120,33756.438
11121,33633.758
11122,36152.69
11123,42156.258
11124,41226.984
11125,40151.32
11126,42143.29
11127,42564.688
11128,67127.51
11129,66658.78
11130,71125.164
11131,79084.11
11132,78166.3
11133,85861.65
11134,86283.05
11135,92654.54
11136,96751.19
11137,98015.95
11138,96232.766
11139,104564.32
11140,118913.32
11141,119334.72
11142,121321.195
11143,127628.8
11144,128082.414
11145,128598.22
11146,127354.32
11147,150799.97
11148,151221.36
11149,152497.38
11150,153089.14
11151,153542.73
11152,153842.97
11153,154822.08
11154,157233.66
11155,158728.48
11156,162267.2
11157,162573.4
11158,164091.84
11159,166959.77
11160,165510.38
11161,168006.4
11162,168801.58
11163,169193.64
11164,173974.62
11165,174206.45
11166,173865.86
11167,175444.88
11168,177940.9
11169,178663.67
11170,180116.9
11171,180293.52
11172,181280.75
11173,179858.7
11174,180409.03
11175,182904.05
11176,210119.27
11177,237909.52
11178,238086.12
11179,238316.2
11180,251587.84
11181,249519.19
11182,278624.28
11183,280861.97
11184,280393.1
11185,280569.75
11186,306010.75
11187,304009.38
11188,301940.56
11189,304064.7
11190,331322.56
11191,331592.16
11192,330692.75
11193,330922.78
11194,329867.88
11195,327799.06
11196,330445.88
11197,335822.7
11198,336092.28
11199,373061.47
11200,382447.97
11201,381702.97
11202,379571.47
11203,397937.0
11204,398368.88
11205,398638.47
11206,402581.62
11207,403273.16
11208,401162.3
11209,401250.44
11210,404951.12
11211,405349.4
11212,405613.5
11213,408649.25
11214,438057.84
11215,436384.16
11216,435420.16
11217,440233.5
11218,440650.47
11219,441735.97
11220,445627.56
11221,445858.3
11222,444184.62
11223,445303.66
11224,464902.88
11225,465180.84
11226,468199.72
11227,468369.94
11228,481823.94
11229,477433.84
11230,479352.12
11231,504322.28
11232,504461.1
11233,511609.56
11234,513401.84
11235,513581.78
11236,509713.22
11237,510498.2
11238,523993.1
11239,524131.9
11240,533655.6
11241,533821.94
11242,534001.9
11243,530854.7
11244,528381.8
11245,533007.4
11246,547142.8
11247,549221.8
11248,545407.44
11249,545587.4
11250,543131.0
11251,0.0
11252,0.0
11253,0.0
11254,0.0
11255,0.0
11256,0.0
11257,0.0
11258,0.0
11259,0.0
11260,0.0
11261,0.0
11262,0.0
11263,0.0
11264,0.0
11265,0.0
11266,0.0
11267,0.0
11268,0.0
11269,0.0
11270,0.0
11271,0.0
11272,0.0
11273,0.0
11274,0.0
11275,0.0
11276,0.0
11277,0.0
11278,0.0
11279,0.0
11280,0.0
11281,0.0
11282,0.0
11283,0.0
11284,0.0
11285,0.0
11286,0.0
11287,0.0
11288,0.0
11289,0.0
11290,0.0
11291,0.0
11292,0.0
11293,0.0
11294,0.0
11295,0.0
11296,0.0
11297,0.0
11298,0.0
11299,0.0
11300,0.0
11301,0.0
11302,0.0
11303,0.0
11304,0.0
11305,0.0
11306,0.0
11307,0.0
11308,0.0
11309,0.0
11310,0.0
11311,0.0
11312,0.0
11313,0.0
11314,0.0
11315,0.0
11316,0.0
11317,0.0
11318,0.0
11319,0.0
11320,0.0
11321,0.0
11322,0.0
11323,0.0
11324,0.0
11325,0.0
11326,0.0
11327,0.0
11328,0.0
11329,0.0
11330,0.0
11331,0.0
11332,0.0
11333,0.0
11334,0.0
11335,0.0
11336,0.0
11337,0.0
11338,0.0
11339,0.0
11340,0.0
11341,0.0
11342,0.0
11343,0.0
11344,0.0
11345,0.0
11346,0.0
11347,0.0
11348,0.0
11349,0.0
11350,0.0
11351,0.0
11352,0.0
11353,0.0
11354,0.0
11355,0.0
11356,0.0
11357,0.0
11358,0.0
11359,0.0
11360,0.0
11361,0.0
11362,0.0
11363,0.0
11364,0.0
11365,0.0
11366,0.0
11367,0.0
11368,0.0
11369,0.0
11370,0.0
11371,0.0
11372,0.0
11373,0.0
11374,0.0
11375,0.0
11376,0.0
11377,0.0
11378,0.0
11379,0.0
11380,0.0
11381,0.0
11382,0.0
11383,0.0
11384,0.0
11385,0.0
11386,0.0
11387,0.0
11388,0.0
11389,0.0
11390,0.0
11391,0.0
11392,0.0
11393,0.0
11394,0.0
11395,0.0
11396,0.0
11397,0.0
11398,0.0
11399,0.0
11400,0.0
11401,0.0
11402,0.0
11403,0.0
11404,0.0
11405,0.0
11406,27814.629
11407,33164.055
11408,85274.33
11409,158337.56
11410,226492.05
11411,210547.16
11412,446406.16
11413,481690.75
11414,488215.62
11415,580804.9
11416,728179.1
11417,707951.06
11418,876763.3
11419,1.01147125e+06
11420,1.0940729e+06
11421,1.1023506e+06
11422,1.2417536e+06
11423,1.3366271e+06
11424,1.319304e+06
11425,1.462208e+06
11426,1.4720541e+06
11427,1.4772081e+06
11428,1.6574031e+06
11429,1.6816032e+06
11430,1.7041735e+06
11431,1.9047724e+06
11432,1.909849e+06
11433,1.9200655e+06
11434,1.9247161e+06
11435,1.9522674e+06
11436,2.0044226e+06
11437,2.1116695e+06
11438,2.1016385e+06
11439,2.1776322e+06
11440,2.2226872e+06
11441,2.2273378e+06
11442,2.2704948e+06
11443,2.2996262e+06
11444,2.2999658e+06
11445,2.3873955e+06
11446,2.3962125e+06
11447,2.4253748e+06
11448,2.4300252e+06
11449,2.5064515e+06
11450,2.5802775e+06
11451,2.580617e+06
11452,2.7022122e+06
11453,2.697022e+06
11454,2.7209878e+06
11455,2.7805442e+06
11456,2.7910885e+06
11457,2.7933995e+06
11458,2.814523e+06
11459,2.9159315e+06
11460,2.9221765e+06
11461,2.9456885e+06
11462,3.021129e+06
11463,3.0171298e+06
11464,3.0170162e+06
11465,3.0172482e+06
11466,3.127589e+06
11467,3.1488212e+06
11468,3.1734552e+06
11469,3.1758478e+06
11470,3.2808262e+06
11471,3.285877e+06
11472,3.3413685e+06
11473,3.3364345e+06
11474,3.408274e+06
11475,3.4136888e+06
11476,3.400979e+06
11477,3.4341908e+06
11478,3.4392415e+06
11479,3.4928418e+06
11480,3.4935182e+06
11481,3.4806615e+06
11482,3.5800822e+06
11483,3.5829122e+06
11484,3.6157258e+06
11485,3.6207765e+06
11486,3.6595245e+06
11487,3.7113778e+06
11488,3.6965768e+06
11489,3.8037762e+06
11490,3.8218142e+06
11491,3.8331052e+06
11492,3.8784728e+06
11493,3.9780945e+06
11494,4.0627032e+06
11495,4.0458865e+06
11496,4.19358e+06
11497,4.2411935e+06
11498,4.25045e+06
11499,4.354249e+06
11500,4.402905e+06
11501,4.3567955e+06
11502,4.3325485e+06
11503,4.362409e+06
11504,4.3637205e+06
11505,4.377812e+06
11506,4.511456e+06
11507,4.538916e+06
11508,4.527518e+06
11509,4.565319e+06
11510,4.6103065e+06
11511,4.724455e+06
11512,4.7338445e+06
11513,4.7646395e+06
11514,4.8224985e+06
11515,4.8123375e+06
11516,4.831596e+06
11517,4.922207e+06
11518,4.9239075e+06
11519,5.000716e+06
11520,4.9554445e+06
11521,4.955261e+06
11522,4.945422e+06
11523,4.935918e+06
11524,4.9529755e+06
11525,4.9542965e+06
11526,4.9386715e+06
11527,4.969823e+06
11528,5.007352e+06
11529,4.9972805e+06
11530,5.125003e+06
11531,5.1720795e+06
11532,5.1732615e+06
11533,5.175519e+06
11534,5.180442e+06
11535,5.1807415e+06
11536,5.2291135e+06
11537,5.2191565e+06
11538,5.283137e+06
11539,5.284319e+06
11540,5.3277375e+06
11541,5.328401e+06
11542,5.329784e+06
11543,5.285972e+06
11544,5.333727e+06
11545,5.344859e+06
11546,5.410277e+06
11547,5.416005e+06
11548,5.4203205e+06
11549,5.4217035e+06
11550,5.4885045e+06
11551,0.0
11552,0.0
11553,0.0
11554,0.0
11555,0.0
11556,0.0
11557,0.0
11558,0.0
11559,0.0
11560,0.0
11561,0.0
11562,0.0
11563,1407.8759
11564,1516.5206
11565,2880.4614
11566,3926.2393
11567,3721.6396
11568,4773.5957
11569,6224.4
11570,6616.2153
11571,6784.2266
11572,7688.3794
11573,9351.918
11574,9031.354
11575,8861.149
11576,9915.6875
11577,9884.765
11578,5240.603
11579,5134.939
11580,8243.384
11581,11416.826
11582,10088.8125
11583,13011.036
11584,12983.742
11585,13904.013
11586,13642.968
11587,13695.683
11588,13375.118
11589,20449.508
11590,31610.64
11591,31583.352
11592,31688.473
11593,31762.307
11594,31928.396
11595,34822.344
11596,33790.16
11597,41328.445
11598,41301.156
11599,41741.176
11600,42221.297
11601,42387.402
11602,43336.227
11603,46440.836
11604,47856.496
11605,48115.434
11606,49401.18
11607,49970.332
11608,50797.207
11609,51418.21
11610,50546.54
11611,52057.44
11612,52030.152
11613,52472.035
11614,57632.81
11615,57798.914
11616,61815.12
11617,62173.855
11618,63690.062
11619,63952.27
11620,64045.605
11621,64068.137
11622,65855.64
11623,67245.805
11624,65555.5
11625,67070.664
11626,67284.61
11627,67914.42
11628,67936.945
11629,68314.58
11630,67502.125
11631,66340.836
11632,82323.93
11633,82343.016
11634,82482.516
11635,82505.05
11636,82532.016
11637,81663.82
11638,80502.51
11639,82650.61
11640,87400.12
11641,87539.61
11642,87694.33
11643,87888.984
11644,89821.46
11645,89014.33
11646,92111.15
11647,91832.03
11648,91971.52
11649,93823.44
11650,105243.7
11651,103154.75
11652,102284.93
11653,100913.0
11654,102197.54
11655,102337.03
11656,102815.24
11657,102582.13
11658,101129.92
11659,107756.21
11660,110714.98
11661,111060.66
11662,111194.64
11663,111418.81
11664,111738.16
11665,110723.1
11666,109791.31
11667,115930.75
11668,116111.61
11669,116990.64
11670,118607.195
11671,118841.82
11672,117826.766
11673,116704.77
11674,117563.29
11675,117744.15
11676,117870.984
11677,118371.375
11678,118450.83
11679,117443.3
11680,117873.15
11681,119122.77
11682,119303.63
11683,124354.73
11684,127304.15
11685,127418.41
11686,127262.31
11687,128950.44
11688,132897.06
11689,133077.92
11690,136319.02
11691,135379.7
11692,135493.94
11693,135083.89
11694,134304.84
11695,135478.67
11696,143042.52
11697,143358.64
11698,143487.4
11699,143601.66
11700,144528.69
11701,0.0
11702,0.0
11703,0.0
11704,0.0
11705,0.0
11706,0.0
11707,0.0
11708,0.0
11709,0.0
11710,0.0
11711,0.0
11712,0.0
11713,0.0
11714,0.0
11715,0.0
11716,0.0
11717,0.0
11718,0.0
11719,0.0
11720,0.0
11721,0.0
11722,0.0
11723,0.0
11724,0.0
11725,0.0
11726,0.0
11727,0.0
11728,0.0
11729,0.0
11730,0.0
11731,0.0
11732,0.0
11733,0.0
11734,0.0
11735,0.0
11736,0.0
11737,0.0
11738,0.0
11739,0.0
11740,0.0
11741,0.0
11742,0.0
11743,0.0
11744,0.0
11745,0.0
11746,0.0
11747,0.0
11748,0.0
11749,0.0
11750,0.0
11751,0.0
11752,0.0
11753,0.0
11754,0.0
11755,0.0
11756,0.0
11757,0.0
11758,0.0
11759,0.0
11760,0.0
11761,0.0
11762,0.0
11763,0.0
11764,0.0
11765,0.0
11766,0.0
11767,0.0
11768,0.0
11769,0.0
11770,0.0
11771,0.0
11772,0.0
11773,0.0
11774,0.0
11775,0.0
11776,0.0
11777,0.0
11778,0.0
11779,0.0
11780,0.0
11781,0.0
11782,0.0
11783,0.0
11784,0.0
11785,0.0
11786,0.0
11787,0.0
11788,0.0
11789,0.0
11790,0.0
11791,0.0
11792,0.0
11793,0.0
11794,0.0
11795,0.0
11796,0.0
11797,0.0
11798,0.0
11799,0.0
11800,0.0
11801,0.0
11802,0.0
11803,0.0
11804,0.0
11805,0.0
11806,0.0
11807,0.0
11808,0.0
11809,0.0
11810,0.0
11811,0.0
11812,0.0
11813,0.0
11814,0.0
11815,0.0
11816,0.0
11817,0.0
11818,0.0
11819,0.0
11820,0.0
11821,0.0
11822,0.0
11823,0.0
11824,0.0
11825,0.0
11826,0.0
11827,0.0
11828,0.0
11829,0.0
11830,0.0
11831,0.0
11832,0.0
11833,0.0
11834,0.0
11835,0.0
11836,0.0
11837,0.0
11838,0.0
11839,0.0
11840,0.0
11841,0.0
11842,0.0
11843,0.0
11844,0.0
11845,0.0
11846,0.0
11847,0.0
11848,0.0
11849,0.0
11850,0.0
11851,4.0198936
11852,4.0198936
11853,4.0198936
11854,4.0198936
11855,4.0198936
11856,4.0198936
11857,4.0198936
11858,4.2648263
11859,4.2648263
11860,4.2648263
11861,4.2648263
11862,4.2648263
11863,4.2648263
11864,4.2648263
11865,5.754274
11866,12.244028
11867,12.244028
11868,12.244028
11869,12.244028
11870,12.604742
11871,12.604742
11872,0.0
11873,0.0
11874,0.0
11875,0.0
11876,0.0
11877,0.0
11878,0.0
11879,0.0
11880,1045.958
11881,1107.5983
11882,1102.3568
11883,1423.5011
11884,1432.3861
11885,1304.4025
11886,1352.0042
11887,1391.4529
11888,1345.0988
11889,837.14105
11890,707.5439
11891,717.0617
11892,665.1336
11893,726.60376
11894,744.3549
11895,760.7637
11896,821.61096
11897,1583.3405
11898,1592.9266
11899,5815.7695
11900,7249.662
11901,7329.356
11902,7281.4897
11903,7341.557
11904,7079.7803
11905,7937.9365
11906,8377.547
11907,11581.686
11908,11656.265
11909,15165.756
11910,14889.631
11911,14586.585
11912,15596.997
11913,20845.646
11914,21005.092
11915,21054.29
11916,21685.46
11917,22881.674
11918,22804.057
11919,23214.68
11920,27492.277
11921,27516.527
11922,27979.744
11923,28561.773
11924,28740.406
11925,28664.797
11926,28682.504
11927,28728.297
11928,28749.432
11929,30180.62
11930,30744.826
11931,30741.71
11932,28783.883
11933,31314.857
11934,31284.5
11935,31305.59
11936,33152.12
11937,34400.805
11938,34397.48
11939,35093.555
11940,34111.594
11941,34165.445
11942,34183.72
11943,34212.453
11944,34159.395
11945,34156.117
11946,34059.2
11947,34080.84
11948,34130.562
11949,34116.645
11950,39872.207
11951,39430.168
11952,39426.51
11953,39089.023
11954,39084.113
11955,39184.17
11956,39202.81
11957,39126.242
11958,39073.168
11959,38359.82
11960,37995.867
11961,36774.03
11962,36864.32
11963,37584.496
11964,37694.293
11965,37686.016
11966,37646.97
11967,37616.12
11968,37638.2
11969,40076.344
11970,42156.758
11971,42564.203
11972,42556.0
11973,43643.727
11974,44332.688
11975,44338.145
11976,44388.656
11977,43729.887
11978,54363.38
11979,54355.094
11980,54278.676
11981,54867.78
11982,54873.254
11983,54904.7
11984,54181.59
11985,54179.492
11986,54171.832
11987,54097.367
11988,54226.285
11989,54231.87
11990,54055.875
11991,53518.176
11992,53516.08
11993,53409.113
11994,53323.895
11995,54032.11
11996,54040.64
11997,53911.297
11998,52040.914
11999,52038.816
12000,52003.414
12001,0.0
12002,0.0
12003,0.0
12004,0.0
12005,0.0
12006,0.0
12007,0.0
12008,0.0
12009,0.0
12010,0.0
12011,0.0
12012,0.0
12013,0.0
12014,0.0
12015,0.0
12016,0.0
12017,0.0
12018,0.0
12019,0.0
12020,0.0
12021,0.0
12022,0.0
12023,0.0
12024,0.0
12025,0.0
12026,0.0
12027,0.0
12028,0.0
12029,0.0
12030,0.0
12031,0.0
12032,0.0
12033,0.0
12034,0.0
12035,0.0
12036,0.0
12037,0.0
12038,0.0
12039,0.0
12040,0.0
12041,0.0
12042,0.0
12043,0.0
12044,0.0
12045,0.0
12046,0.0
12047,0.0
12048,0.0
12049,0.0
12050,0.0
12051,0.0
12052,0.0
12053,0.0
12054,0.0
12055,0.0
12056,0.0
12057,0.0
12058,0.0
12059,0.0
12060,0.0
12061,0.0
12062,0.0
12063,0.0
12064,0.0
12065,0.0
12066,0.0
12067,0.0
12068,0.0
12069,0.0
12070,0.0
12071,0.0
12072,0.0
12073,0.0
12074,0.0
12075,0.0
12076,0.0
12077,0.0
12078,0.0
12079,0.0
12080,0.0
12081,0.0
12082,0.0
12083,0.0
12084,0.0
12085,0.0
12086,0.0
12087,0.0
12088,0.0
12089,0.0
12090,0.0
12091,0.0
12092,0.0
12093,0.0
12094,0.0
12095,0.0
12096,0.0
12097,0.0
12098,0.0
12099,0.0
12100,0.0
12101,0.0
12102,0.0
12103,0.0
12104,0.0
12105,0.0
12106,0.0
12107,0.0
12108,0.0
12109,0.0
12110,0.0
12111,0.0
12112,0.0
12113,0.0
12114,0.0
12115,0.0
12116,0.0
12117,0.0
12118,0.0
12119,0.0
12120,0.0
12121,0.0
12122,0.0
12123,0.0
12124,0.0
12125,0.0
12126,0.0
12127,0.0
12128,0.0
12129,0.0
12130,0.0
12131,0.0
12132,0.0
12133,0.0
12134,0.0
12135,0.0
12136,0.0
12137,0.0
12138,0.0
12139,0.0
12140,0.0
12141,0.0
12142,0.0
12143,0.0
12144,0.0
12145,0.0
12146,0.0
12147,0.0
12148,0.0
12149,0.0
12150,0.0
12151,0.0
12152,0.0
12153,0.0
12154,0.0
12155,0.0
12156,0.0
12157,0.0
12158,0.0
12159,0.0
12160,0.0
12161,0.0
12162,3386.438
12163,14157.057
12164,14370.331
12165,23508.871
12166,26682.533
12167,25249.588
12168,27321.195
12169,33883.8
12170,37946.555
12171,38219.19
12172,39293.277
12173,45647.438
12174,44344.098
12175,42703.586
12176,46573.98
12177,47065.01
12178,51872.324
12179,51541.418
12180,55238.766
12181,59431.94
12182,58948.28
12183,64150.254
12184,64641.293
12185,64820.723
12186,65527.21
12187,66393.484
12188,65179.477
12189,73020.7
12190,87300.58
12191,87791.62
12192,89752.516
12193,89421.6
12194,89476.7
12195,90561.68
12196,88827.516
12197,111298.84
12198,111789.88
12199,112334.53
12200,112529.87
12201,112584.97
12202,113056.48
12203,128158.57
12204,130686.65
12205,131395.88
12206,133911.58
12207,133736.64
12208,135078.34
12209,136165.84
12210,134931.92
12211,137550.55
12212,140869.64
12213,141236.14
12214,146587.12
12215,146642.23
12216,146643.02
12217,163351.11
12218,167154.45
12219,167946.86
12220,169374.53
12221,170661.03
12222,171471.53
12223,170390.86
12224,185431.58
12225,189233.9
12226,219344.39
12227,246974.22
12228,248260.72
12229,248490.8
12230,263436.94
12231,258742.34
12232,267904.84
12233,268406.44
12234,268399.53
12235,269686.03
12236,288510.44
12237,286850.38
12238,283301.53
12239,286275.1
12240,318277.6
12241,318521.6
12242,316940.78
12243,317170.8
12244,315825.9
12245,312277.06
12246,314908.66
12247,315439.06
12248,315683.06
12249,333340.5
12250,341107.78
12251,341683.53
12252,338269.62
12253,358555.6
12254,359057.1
12255,359301.16
12256,361545.25
12257,362927.4
12258,361157.84
12259,360349.6
12260,364834.1
12261,367280.4
12262,367518.9
12263,372210.4
12264,401618.97
12265,400286.62
12266,398383.28
12267,409396.62
12268,409883.2
12269,410907.25
12270,417227.72
12271,417458.47
12272,416126.12
12273,419699.3
12274,440049.0
12275,440396.56
12276,440924.94
12277,442205.1
12278,455622.72
12279,454148.4
12280,453715.16
12281,465037.22
12282,465245.66
12283,471790.16
12284,477481.56
12285,477661.5
12286,478975.56
12287,485703.94
12288,497671.84
12289,497880.28
12290,507378.34
12291,509830.66
12292,510010.6
12293,542911.7
12294,539526.0
12295,542348.8
12296,552537.25
12297,554591.8
12298,557345.5
12299,557525.44
12300,556999.94
12301,0.0
12302,0.0
12303,0.0
12304,0.0
12305,0.0
12306,0.0
12307,0.0
12308,0.0
12309,0.0
12310,0.0
12311,0.0
12312,0.0
12313,0.0
12314,0.0
12315,0.0
12316,0.0
12317,0.0
12318,0.0
12319,0.0
12320,0.0
12321,0.0
12322,0.0
12323,0.0
12324,0.0
12325,0.0
12326,0.0
12327,0.0
12328,0.0
12329,0.0
12330,0.0
12331,0.0
12332,0.0
12333,0.0
12334,0.0
12335,0.0
12336,0.0
12337,0.0
12338,0.0
12339,0.0
12340,0.0
12341,0.0
12342,0.0
12343,0.0
12344,0.0
12345,0.0
12346,0.0
12347,0.0
12348,0.0
12349,0.0
12350,0.0
12351,0.0
12352,0.0
12353,0.0
12354,0.0
12355,0.0
12356,0.0
12357,0.0
12358,0.0
12359,0.0
12360,0.0
12361,0.0
12362,0.0
12363,0.0
12364,0.0
12365,0.0
12366,0.0
12367,0.0
12368,0.0
12369,0.0
12370,0.0
12371,0.0
12372,0.0
12373,0.0
12374,0.0
12375,0.0
12376,0.0
12377,0.0
12378,0.0
12379,0.0
12380,0.0
12381,0.0
12382,0.0
12383,0.0
12384,0.0
12385,0.0
12386,0.0
12387,0.0
12388,0.0
12389,0.0
12390,0.0
12391,0.0
12392,0.0
12393,0.0
12394,0.0
12395,0.0
12396,0.0
12397,0.0
12398,0.0
12399,0.0
12400,0.0
12401,0.0
12402,0.0
12403,0.0
12404,0.0
12405,0.0
12406,0.0
12407,0.0
12408,0.0
12409,0.0
12410,0.0
12411,0.0
12412,0.0
12413,0.0
12414,0.0
12415,0.0
12416,0.0
12417,0.0
12418,0.0
12419,0.0
12420,0.0
12421,0.0
12422,0.0
12423,0.0
12424,0.0
12425,0.0
12426,0.0
12427,0.0
12428,0.0
12429,0.0
12430,0.0
12431,0.0
12432,0.0
12433,0.0
12434,0.0
12435,0.0
12436,0.0
12437,0.0
12438,0.0
12439,0.0
12440,0.0
12441,0.0
12442,0.0
12443,0.0
12444,0.0
12445,0.0
12446,0.0
12447,0.0
12448,0.0
12449,0.0
12450,0.0
12451,0.0
12452,0.0
12453,0.0
12454,0.0
12455,0.0
12456,0.0
12457,0.0
12458,0.0
12459,0.0
12460,0.0
12461,0.0
12462,0.0
12463,5176.072
12464,5338.7603
12465,11036.703
12466,14001.648
12467,13490.295
12468,16823.775
12469,18375.938
12470,18177.604
12471,18399.654
12472,19267.432
12473,21158.65
12474,20531.338
12475,20228.076
12476,21085.994
12477,21239.318
12478,20276.611
12479,20305.514
12480,24029.842
12481,32858.895
12482,32311.426
12483,34447.723
12484,34604.684
12485,35052.9
12486,35642.445
12487,35808.55
12488,35181.223
12489,43309.35
12490,54453.016
12491,54609.977
12492,54769.15
12493,54977.543
12494,55143.65
12495,57730.812
12496,58432.453
12497,59263.035
12498,59419.996
12499,59967.746
12500,60592.668
12501,60758.773
12502,61152.016
12503,62958.105
12504,63788.688
12505,64292.234
12506,66707.24
12507,67059.516
12508,68437.35
12509,70763.805
12510,70387.02
12511,71308.125
12512,71465.09
12513,71780.99
12514,74496.25
12515,74662.36
12516,74869.71
12517,81491.97
12518,82418.42
12519,83111.52
12520,84479.445
12521,84636.54
12522,86902.664
12523,85797.37
12524,87530.586
12525,88456.04
12526,88641.82
12527,89761.85
12528,89918.945
12529,90296.586
12530,104648.07
12531,103646.74
12532,127423.34
12533,127590.95
12534,127784.484
12535,127941.58
12536,127600.9
12537,127019.13
12538,126017.805
12539,127817.96
12540,137838.36
12541,138031.94
12542,136914.84
12543,137079.19
12544,136320.94
12545,135319.69
12546,136396.58
12547,136593.1
12548,136786.67
12549,141456.56
12550,150121.7
12551,147706.22
12552,146642.27
12553,161952.97
12554,162120.6
12555,162314.17
12556,161238.16
12557,161793.25
12558,160610.34
12559,160654.7
12560,162070.39
12561,162387.92
12562,162576.0
12563,163457.88
12564,183688.3
12565,182942.55
12566,182237.38
12567,186121.23
12568,186273.95
12569,192399.1
12570,200171.47
12571,200336.55
12572,199590.78
12573,199826.9
12574,200901.19
12575,201053.89
12576,201234.81
12577,201498.56
12578,203527.66
12579,202789.44
12580,203025.16
12581,206708.83
12582,206861.55
12583,212903.11
12584,215652.17
12585,215766.42
12586,215325.84
12587,217686.06
12588,222486.94
12589,222639.66
12590,225951.12
12591,226352.1
12592,226466.34
12593,226879.4
12594,225906.23
12595,226843.9
12596,234588.08
12597,234958.27
12598,235222.03
12599,235336.28
12600,236003.95
12601,0.0
12602,0.0
12603,0.0
12604,0.0
12605,0.0
12606,0.0
12607,0.0
12608,0.0
12609,0.0
12610,0.0
12611,0.0
12612,0.0
12613,0.0
12614,0.0
12615,0.0
12616,0.0
12617,0.0
12618,0.0
12619,0.0
12620,0.0
12621,0.0
12622,0.0
12623,0.0
12624,0.0
12625,0.0
12626,0.0
12627,0.0
12628,0.0
12629,0.0
12630,0.0
12631,0.0
12632,0.0
12633,0.0
12634,0.0
12635,0.0
12636,0.0
12637,0.0
12638,0.0
12639,0.0
12640,0.0
12641,0.0
12642,0.0
12643,0.0
12644,0.0
12645,0.0
12646,0.0
12647,0.0
12648,0.0
12649,0.0
12650,0.0
12651,0.0
12652,0.0
12653,0.0
12654,0.0
12655,0.0
12656,0.0
12657,0.0
12658,0.0
12659,0.0
12660,0.0
12661,0.0
12662,0.0
12663,0.0
12664,0.0
12665,0.0
12666,0.0
12667,0.0
12668,0.0
12669,0.0
12670,0.0
12671,0.0
12672,0.0
12673,0.0
12674,0.0
12675,0.0
12676,0.0
12677,0.0
12678,0.0
12679,0.0
12680,0.0
12681,0.0
12682,0.0
12683,0.0
12684,0.0
12685,0.0
12686,0.0
12687,0.0
12688,0.0
12689,0.0
12690,0.0
12691,0.0
12692,0.0
12693,0.0
12694,0.0
12695,0.0
12696,0.0
12697,0.0
12698,0.0
12699,0.0
12700,0.0
12701,0.0
12702,0.0
12703,0.0
12704,0.0
12705,0.0
12706,0.0
12707,0.0
12708,0.0
12709,0.0
12710,0.0
12711,0.0
12712,0.0
12713,0.0
12714,0.0
12715,0.0
12716,0.0
12717,0.0
12718,0.0
12719,0.0
12720,0.0
12721,0.0
12722,0.0
12723,0.0
12724,0.0
12725,0.0
12726,0.0
12727,0.0
12728,0.0
12729,0.0
12730,0.0
12731,0.0
12732,0.0
12733,0.0
12734,0.0
12735,0.0
12736,0.0
12737,0.0
12738,0.0
12739,0.0
12740,0.0
12741,0.0
12742,0.0
12743,0.0
12744,0.0
12745,0.0
12746,0.0
12747,0.0
12748,0.0
12749,0.0
12750,0.0
12751,1045.7842
12752,1088.5006
12753,1078.7921
12754,800.69696
12755,1121.146
12756,1165.0537
12757,1218.0931
12758,1159.0184
12759,2756.4736
12760,2694.9949
12761,2414.0796
12762,3402.3538
12763,3462.9587
12764,3519.3713
12765,4013.3591
12766,4435.91
12767,4374.335
12768,5503.797
12769,6154.276
12770,6354.1807
12771,6270.85
12772,6204.746
12773,6198.8164
12774,6137.242
12775,5865.9707
12776,6455.2305
12777,6477.5376
12778,6080.805
12779,5711.6216
12780,4660.614
12781,2227.0706
12782,2276.092
12783,2958.7827
12784,2984.717
12785,5032.866
12786,7621.8325
12787,8727.42
12788,8665.846
12789,8532.225
12790,8977.741
12791,9003.796
12792,9357.342
12793,10051.461
12794,10070.915
12795,9990.974
12796,11606.709
12797,11903.952
12798,11980.512
12799,11986.075
12800,12306.113
12801,12325.567
12802,12509.581
12803,12004.255
12804,12400.597
12805,12525.122
12806,12559.749
12807,12522.8545
12808,12669.073
12809,14018.34
12810,13377.356
12811,13562.293
12812,13573.669
12813,13288.704
12814,12929.43
12815,12957.547
12816,13424.474
12817,13664.334
12818,13879.711
12819,14260.174
12820,14278.124
12821,14301.478
12822,15566.589
12823,16102.097
12824,15772.295
12825,15968.219
12826,16006.285
12827,16071.194
12828,16096.743
12829,16119.827
12830,20105.773
12831,19853.53
12832,21248.51
12833,21471.432
12834,21814.025
12835,21837.373
12836,22028.041
12837,21823.307
12838,21607.736
12839,22825.652
12840,21780.844
12841,21828.28
12842,21932.47
12843,21961.674
12844,21916.572
12845,21701.002
12846,21859.648
12847,21882.125
12848,21929.56
12849,21565.182
12850,19208.072
12851,18735.885
12852,18457.623
12853,19274.674
12854,20250.43
12855,20297.865
12856,20474.193
12857,22371.432
12858,21900.648
12859,22128.36
12860,22223.258
12861,22070.895
12862,22112.824
12863,22160.865
12864,22207.656
12865,22161.68
12866,22019.123
12867,22251.629
12868,22274.105
12869,23730.885
12870,29654.453
12871,29517.645
12872,29471.668
12873,28929.023
12874,28848.096
12875,28871.775
12876,28907.916
12877,28955.893
12878,32337.506
12879,32291.53
12880,35359.703
12881,35137.188
12882,35160.875
12883,35273.242
12884,35027.195
12885,35054.582
12886,37750.086
12887,37369.387
12888,38064.336
12889,38088.023
12890,38218.91
12891,38269.805
12892,38257.668
12893,39609.605
12894,39412.305
12895,39293.965
12896,40204.95
12897,40391.87
12898,40415.223
12899,40403.086
12900,40718.613
12901,0.0
12902,0.0
12903,0.0
12904,0.0
12905,0.0
12906,0.0
12907,0.0
12908,0.0
12909,0.0
12910,0.0
12911,0.0
12912,0.0
12913,0.0
12914,0.0
12915,0.0
12916,0.0
12917,0.0
12918,0.0
12919,0.0
12920,0.0
12921,0.0
12922,0.0
12923,0.0
12924,0.0
12925,0.0
12926,0.0
12927,0.0
12928,0.0
12929,0.0
12930,0.0
12931,0.0
12932,0.0
12933,0.0
12934,0.0
12935,0.0
12936,0.0
12937,0.0
12938,0.0
12939,0.0
12940,0.0
12941,0.0
12942,0.0
12943,0.0
12944,0.0
12945,0.0
12946,0.0
12947,0.0
12948,0.0
12949,0.0
12950,0.0
12951,0.0
12952,0.0
12953,0.0
12954,0.0
12955,0.0
12956,0.0
12957,0.0
12958,0.0
12959,0.0
12960,0.0
12961,0.0
12962,0.0
12963,0.0
12964,0.0
12965,0.0
12966,0.0
12967,0.0
12968,0.0
12969,0.0
12970,0.0
12971,0.0
12972,0.0
12973,0.0
12974,0.0
12975,0.0
12976,0.0
12977,0.0
12978,0.0
12979,0.0
12980,0.0
12981,0.0
12982,0.0
12983,0.0
12984,0.0
12985,0.0
12986,0.0
12987,0.0
12988,0.0
12989,0.0
12990,0.0
12991,0.0
12992,0.0
12993,0.0
12994,0.0
12995,0.0
12996,0.0
12997,0.0
12998,0.0
12999,0.0
13000,0.0
13001,0.0
13002,0.0
13003,0.0
13004,0.0
13005,0.0
13006,0.0
13007,0.0
13008,0.0
13009,0.0
13010,0.0
13011,0.0
13012,0.0
13013,0.0
13014,0.0
13015,0.0
13016,0.0
13017,0.0
13018,0.0
13019,0.0
13020,0.0
13021,0.0
13022,0.0
13023,0.0
13024,0.0
13025,0.0
13026,0.0
13027,0.0
13028,0.0
13029,0.0
13030,0.0
13031,0.0
13032,0.0
13033,0.0
13034,0.0
13035,0.0
13036,0.0
13037,0.0
13038,0.0
13039,0.0
13040,0.0
13041,0.0
13042,0.0
13043,0.0
13044,0.0
13045,0.0
13046,0.0
13047,0.0
13048,0.0
13049,0.0
13050,0.0
13051,0.0
13052,0.0
13053,0.0
13054,0.0
13055,0.0
13056,0.0
13057,0.0
13058,0.0
13059,0.0
13060,0.0
13061,0.0
13062,0.0
13063,0.0
13064,0.0
13065,0.0
13066,0.0
13067,0.0
13068,0.0
13069,0.0
13070,0.0
13071,0.0
13072,0.0
13073,0.0
13074,0.0
13075,0.0
13076,0.0
13077,0.0
13078,0.0
13079,0.0
13080,0.0
13081,0.0
13082,0.0
13083,0.0
13084,0.0
13085,0.0
13086,0.0
13087,0.0
13088,0.0
13089,0.0
13090,0.0
13091,0.0
13092,0.0
13093,0.0
13094,0.0
13095,0.0
13096,0.0
13097,0.0
13098,0.0
13099,0.0
13100,0.0
13101,0.0
13102,0.0
13103,0.0
13104,0.0
13105,0.0
13106,0.0
13107,0.0
13108,0.0
13109,0.0
13110,0.0
13111,0.0
13112,0.0
13113,0.0
13114,0.0
13115,0.0
13116,0.0
13117,0.0
13118,0.0
13119,0.0
13120,0.0
13121,0.0
13122,0.0
13123,0.0
13124,0.0
13125,0.0
13126,0.0
13127,0.0
13128,0.0
13129,0.0
13130,0.0
13131,0.0
13132,0.0
13133,0.0
13134,0.0
13135,0.0
13136,0.0
13137,0.0
13138,0.0
13139,0.0
13140,0.0
13141,0.0
13142,0.0
13143,0.0
13144,0.0
13145,0.0
13146,0.0
13147,0.0
13148,0.0
13149,0.0
13150,0.0
13151,0.0
13152,0.0
13153,0.0
13154,0.0
13155,0.0
13156,0.0
13157,0.0
13158,0.0
13159,0.0
13160,0.0
13161,0.0
13162,0.0
13163,0.0
13164,0.0
13165,0.0
13166,0.0
13167,0.0
13168,0.0
13169,0.0
13170,0.0
13171,0.0
13172,0.0
13173,0.0
13174,0.0
13175,0.0
13176,0.0
13177,0.0
13178,0.0
13179,0.0
13180,0.0
13181,0.0
13182,0.0
13183,0.0
13184,0.0
13185,0.0
13186,0.0
13187,0.0
13188,0.0
13189,0.0
13190,0.0
13191,0.0
13192,0.0
13193,0.0
13194,0.0
13195,0.0
13196,0.0
13197,0.0
13198,0.0
13199,0.0
13200,0.0
13201,0.0
13202,0.0
13203,18.794998
13204,0.0
13205,0.0
13206,0.0
13207,0.0
13208,0.0
13209,0.0
13210,0.0
13211,0.0
13212,0.0
13213,0.0
13214,0.0
13215,0.0
13216,0.0
13217,0.0
13218,0.0
13219,0.0
13220,0.0
13221,0.0
13222,0.0
13223,367.8955
13224,364.18643
13225,362.93164
13226,355.94196
13227,360.06833
13228,217.47539
13229,229.68788
13230,261.42108
13231,417.3549
13232,430.82556
13233,401.0708
13234,408.82532
13235,430.23807
13236,427.5458
13237,441.40762
13238,437.2404
13239,435.73553
13240,436.03568
13241,443.79013
13242,444.93503
13243,452.3785
13244,452.01852
13245,446.6319
13246,431.59933
13247,435.6006
13248,443.35504
13249,436.0268
13250,435.1169
13251,434.75693
13252,483.73627
13253,455.55438
13254,447.11063
13255,429.9826
13256,401.11172
13257,406.85974
13258,421.4974
13259,351.7411
13260,351.64304
13261,339.70193
13262,355.86612
13263,355.64178
13264,385.34436
13265,384.98438
13266,375.20053
13267,534.6491
13268,522.7081
13269,530.73724
13270,528.9668
13271,534.39014
13272,536.178
13273,532.137
13274,535.5376
13275,522.77374
13276,533.9775
13277,528.40765
13278,533.8308
13279,533.0266
13280,502.316
13281,502.21793
13282,275.37625
13283,118.696
13284,122.7834
13285,128.20674
13286,109.051125
13287,106.440605
13288,106.34245
13289,94.18101
13290,166.70758
13291,167.6697
13292,141.72551
13293,149.14798
13294,146.53749
13295,146.97783
13296,139.57259
13297,169.19695
13298,170.15909
13299,128.18916
13300,127.09713
13301,123.46156
13302,123.90175
13303,117.36387
13304,131.50089
13305,132.463
13306,138.62498
13307,262.53342
13308,258.898
13309,374.8119
13310,376.41672
13311,490.46286
13312,491.42505
13313,505.64572
13314,507.16632
13315,503.53082
13316,588.4926
13317,629.5551
13318,625.852
13319,629.36096
13320,859.58997
13321,857.05194
13322,851.937
13323,869.7006
13324,998.48175
13325,994.77856
13326,1069.1295
13327,1074.8636
13328,1039.0416
13329,1033.927
13330,1101.6703
13331,1176.4165
13332,1172.7133
13333,1202.3547
13334,1225.0952
13335,1224.0033
13336,1545.1635
13337,1704.0416
13338,1989.8569
13339,1986.1537
13340,1987.2368
13341,1999.4973
13342,1998.4054
13343,2069.7966
13344,2077.9382
13345,2078.884
13346,2132.3909
13347,2158.087
13348,2163.51
13349,2162.418
13350,2147.209
13351,0.0
13352,0.0
13353,0.0
13354,0.0
13355,0.0
13356,0.0
13357,0.0
13358,382.53748
13359,601.44635
13360,876.4491
13361,730.18365
13362,1015.07544
13363,1746.549
13364,1780.003
13365,2423.5693
13366,2782.5618
13367,2690.9014
13368,4915.515
13369,5080.7954
13370,5575.641
13371,5609.0967
13372,5844.4897
13373,6353.345
13374,6261.684
13375,6313.3755
13376,6353.165
13377,6364.2954
13378,6787.9727
13379,6657.7075
13380,7345.18
13381,6687.2666
13382,6865.521
13383,7984.152
13384,7998.91
13385,8068.0166
13386,8830.255
13387,8870.76
13388,8779.099
13389,8754.205
13390,8751.054
13391,8765.812
13392,8799.263
13393,8885.624
13394,8899.541
13395,9496.478
13396,9539.335
13397,10050.237
13398,10064.995
13399,10392.283
13400,11315.359
13401,11329.276
13402,12809.014
13403,15137.718
13404,15145.942
13405,15333.807
13406,16196.218
13407,16777.426
13408,16844.57
13409,16656.492
13410,16580.29
13411,16639.42
13412,16666.186
13413,16530.195
13414,16541.809
13415,16555.725
13416,16475.127
13417,17637.092
13418,17701.525
13419,18265.06
13420,18295.146
13421,18329.736
13422,18308.076
13423,18220.47
13424,18150.125
13425,18213.553
13426,18349.254
13427,18814.588
13428,18849.178
13429,18858.06
13430,19328.49
13431,19246.982
13432,19556.16
13433,19570.145
13434,19660.72
13435,19695.31
13436,20049.453
13437,19941.93
13438,19860.422
13439,20032.51
13440,20214.342
13441,20243.088
13442,20112.533
13443,20124.693
13444,20072.574
13445,19991.066
13446,20063.34
13447,20117.627
13448,20146.373
13449,19865.535
13450,19418.578
13451,19325.9
13452,19181.701
13453,19651.0
13454,19769.93
13455,19798.676
13456,20102.293
13457,20915.324
13458,20822.646
13459,21537.494
13460,21633.754
13461,22156.697
13462,22179.938
13463,22298.35
13464,22388.912
13465,22296.234
13466,24214.27
13467,24391.607
13468,24402.092
13469,24553.256
13470,28570.555
13471,28584.465
13472,28491.787
13473,30468.215
13474,30674.842
13475,30685.326
13476,30839.355
13477,30896.748
13478,33156.816
13479,33057.19
13480,32549.318
13481,32711.387
13482,32721.871
13483,32773.793
13484,34912.656
13485,34925.84
13486,36014.32
13487,37749.55
13488,39010.984
13489,39021.473
13490,39060.832
13491,38991.906
13492,39005.09
13493,39761.21
13494,39705.24
13495,39776.625
13496,39803.89
13497,39870.395
13498,39904.992
13499,39918.176
13500,39955.37
13501,0.0
13502,0.0
13503,0.0
13504,0.0
13505,0.0
13506,0.0
13507,0.0
13508,0.0
13509,0.0
13510,0.0
13511,0.0
13512,0.0
13513,0.0
13514,0.0
13515,0.0
13516,0.0
13517,0.0
13518,0.0
13519,0.0
13520,0.0
13521,0.0
13522,0.0
13523,0.0
13524,0.0
13525,0.0
13526,0.0
13527,0.0
13528,0.0
13529,0.0
13530,0.0
13531,0.0
13532,0.0
13533,0.0
13534,0.0
13535,0.0
13536,0.0
13537,0.0
13538,0.0
13539,0.0
13540,0.0
13541,0.0
13542,0.0
13543,0.0
13544,0.0
13545,0.0
13546,0.0
13547,0.0
13548,0.0
13549,0.0
13550,0.0
13551,0.0
13552,0.0
13553,0.0
13554,0.0
13555,0.0
13556,0.0
13557,0.0
13558,0.0
13559,0.0
13560,0.0
13561,0.0
13562,0.0
13563,0.0
13564,0.0
13565,0.0
13566,0.0
13567,0.0
13568,0.0
13569,0.0
13570,0.0
13571,0.0
13572,0.0
13573,0.0
13574,0.0
13575,0.0
13576,0.0
13577,0.0
13578,0.0
13579,0.0
13580,0.0
13581,0.0
13582,0.0
13583,0.0
13584,0.0
13585,0.0
13586,0.0
13587,0.0
13588,0.0
13589,0.0
13590,0.0
13591,0.0
13592,0.0
13593,0.0
13594,0.0
13595,0.0
13596,0.0
13597,0.0
13598,0.0
13599,0.0
13600,0.0
13601,0.0
13602,0.0
13603,0.0
13604,0.0
13605,0.0
13606,0.0
13607,0.0
13608,0.0
13609,0.0
13610,0.0
13611,0.0
13612,0.0
13613,0.0
13614,0.0
13615,0.0
13616,0.0
13617,0.0
13618,0.0
13619,0.0
13620,0.0
13621,0.0
13622,0.0
13623,0.0
13624,0.0
13625,0.0
13626,0.0
13627,0.0
13628,0.0
13629,0.0
13630,0.0
13631,0.0
13632,0.0
13633,0.0
13634,0.0
13635,0.0
13636,0.0
13637,0.0
13638,0.0
13639,0.0
13640,0.0
13641,0.0
13642,0.0
13643,0.0
13644,0.0
13645,0.0
13646,0.0
13647,0.0
13648,0.0
13649,0.0
13650,0.0
13651,0.0
13652,0.0
13653,0.0
13654,0.0
13655,0.0
13656,0.0
13657,0.0
13658,0.0
13659,0.0
13660,0.0
13661,0.0
13662,0.0
13663,0.0
13664,0.0
13665,0.0
13666,0.0
13667,0.0
13668,0.0
13669,0.0
13670,0.0
13671,0.0
13672,0.0
13673,0.0
13674,0.0
13675,0.0
13676,0.0
13677,0.0
13678,0.0
13679,0.0
13680,0.0
13681,0.0
13682,0.0
13683,0.0
13684,0.0
13685,0.0
13686,0.0
13687,0.0
13688,0.0
13689,0.0
13690,0.0
13691,0.0
13692,0.0
13693,0.0
13694,0.0
13695,0.0
13696,0.0
13697,0.0
13698,0.0
13699,0.0
13700,0.0
13701,0.0
13702,0.0
13703,0.0
13704,0.0
13705,0.0
13706,0.0
13707,0.0
13708,0.0
13709,0.0
13710,0.0
13711,0.0
13712,0.0
13713,0.0
13714,0.0
13715,0.0
13716,0.0
13717,0.0
13718,0.0
13719,0.0
13720,0.0
13721,0.0
13722,0.0
13723,0.0
13724,0.0
13725,0.0
13726,0.0
13727,0.0
13728,0.0
13729,0.0
13730,0.0
13731,0.0
13732,0.0
13733,0.0
13734,0.0
13735,0.0
13736,0.0
13737,0.0
13738,0.0
13739,0.0
13740,0.0
13741,0.0
13742,0.0
13743,0.0
13744,0.0
13745,0.0
13746,0.0
13747,0.0
13748,0.0
13749,0.0
13750,0.0
13751,0.0
13752,0.0
13753,0.0
13754,0.0
13755,0.0
13756,0.0
13757,0.0
13758,0.0
13759,0.0
13760,0.0
13761,0.0
13762,0.0
13763,0.0
13764,0.0
13765,0.0
13766,0.0
13767,0.0
13768,0.0
13769,0.0
13770,0.0
13771,0.0
13772,0.0
13773,0.0
13774,0.0
13775,0.0
13776,0.0
13777,0.0
13778,0.0
13779,0.0
13780,0.0
13781,0.0
13782,0.0
13783,0.0
13784,0.0
13785,0.0
13786,0.0
13787,0.0
13788,0.0
13789,0.0
13790,0.0
13791,0.0
13792,0.0
13793,0.0
13794,0.0
13795,0.0
13796,0.0
13797,0.0
13798,0.0
13799,0.0
13800,0.0
13801,0.0
13802,0.0
13803,0.0
13804,0.0
13805,0.0
13806,0.0
13807,0.0
13808,0.0
13809,0.0
13810,0.0
13811,0.0
13812,0.0
13813,0.0
13814,0.0
13815,0.0
13816,0.0
13817,0.0
13818,0.0
13819,0.0
13820,0.0
13821,0.0
13822,0.0
13823,0.0
13824,0.0
13825,0.0
13826,0.0
13827,0.0
13828,0.0
13829,0.0
13830,0.0
13831,0.0
13832,0.0
13833,0.0
13834,0.0
13835,0.0
13836,0.0
13837,0.0
13838,0.0
13839,0.0
13840,0.0
13841,0.0
13842,0.0
13843,0.0
13844,0.0
13845,0.0
13846,0.0
13847,0.0
13848,0.0
13849,0.0
13850,0.0
13851,0.0
13852,0.0
13853,0.0
13854,0.0
13855,0.0
13856,0.0
13857,0.0
13858,0.0
13859,0.0
13860,0.0
13861,0.0
13862,0.0
13863,0.0
13864,0.0
13865,0.0
13866,0.0
13867,0.0
13868,0.0
13869,0.0
13870,0.0
13871,0.0
13872,0.0
13873,0.0
13874,0.0
13875,0.0
13876,0.0
13877,0.0
13878,0.0
13879,0.0
13880,0.0
13881,0.0
13882,0.0
13883,0.0
13884,0.0
13885,0.0
13886,0.0
13887,0.0
13888,0.0
13889,0.0
13890,0.0
13891,0.0
13892,0.0
13893,0.0
13894,0.0
13895,0.0
13896,0.0
13897,0.0
13898,0.0
13899,0.0
13900,0.0
13901,0.0
13902,0.0
13903,0.0
13904,0.0
13905,0.0
13906,0.0
13907,0.0
13908,0.0
13909,0.0
13910,0.0
13911,0.0
13912,0.0
13913,0.0
13914,0.0
13915,0.0
13916,0.0
13917,0.0
13918,0.0
13919,0.0
13920,0.0
13921,0.0
13922,0.0
13923,0.0
13924,0.0
13925,0.0
13926,0.0
13927,0.0
13928,0.0
13929,0.0
13930,0.0
13931,0.0
13932,0.0
13933,0.0
13934,0.0
13935,0.0
13936,0.0
13937,0.0
13938,0.0
13939,0.0
13940,0.0
13941,0.0
13942,0.0
13943,0.0
13944,0.0
13945,0.0
13946,0.0
13947,0.0
13948,0.0
13949,0.0
13950,0.0
13951,0.0
13952,0.0
13953,0.0
13954,0.0
13955,0.0
13956,0.0
13957,0.0
13958,0.0
13959,0.0
13960,0.0
13961,0.0
13962,0.0
13963,0.0
13964,0.0
13965,0.0
13966,0.0
13967,0.0
13968,0.0
13969,0.0
13970,0.0
13971,0.0
13972,0.0
13973,0.0
13974,0.0
13975,0.0
13976,0.0
13977,0.0
13978,0.0
13979,0.0
13980,0.0
13981,0.0
13982,0.0
13983,0.0
13984,0.0
13985,0.0
13986,0.0
13987,0.0
13988,0.0
13989,0.0
13990,0.0
13991,0.0
13992,0.0
13993,0.0
13994,0.0
13995,0.0
13996,0.0
13997,0.0
13998,0.0
13999,0.0
14000,0.0
14001,0.0
14002,0.0
14003,0.0
14004,0.0
14005,0.0
14006,0.0
14007,0.0
14008,0.0
14009,0.0
14010,0.0
14011,0.0
14012,0.0
14013,0.0
14014,0.0
14015,0.0
14016,0.0
14017,0.0
14018,0.0
14019,0.0
14020,0.0
14021,0.0
14022,0.0
14023,0.0
14024,0.0
14025,0.0
14026,0.0
14027,0.0
14028,0.0
14029,0.0
14030,0.0
14031,0.0
14032,0.0
14033,0.0
14034,0.0
14035,0.0
14036,0.0
14037,0.0
14038,0.0
14039,0.0
14040,0.0
14041,0.0
14042,0.0
14043,0.0
14044,0.0
14045,0.0
14046,0.0
14047,0.0
14048,0.0
14049,0.0
14050,0.0
14051,0.0
14052,0.0
14053,0.0
14054,0.0
14055,0.0
14056,0.0
14057,0.0
14058,0.0
14059,0.0
14060,0.0
14061,0.0
14062,0.0
14063,0.0
14064,0.0
14065,0.0
14066,0.0
14067,0.0
14068,0.0
14069,0.0
14070,0.0
14071,0.0
14072,0.0
14073,0.0
14074,0.0
14075,0.0
14076,0.0
14077,0.0
14078,0.0
14079,0.0
14080,0.0
14081,0.0
14082,0.0
14083,0.0
14084,0.0
14085,0.0
14086,0.0
14087,0.0
14088,0.0
14089,0.0
14090,0.0
14091,0.0
14092,0.0
14093,0.0
14094,0.0
14095,0.0
14096,0.0
14097,0.0
14098,0.0
14099,0.0
14100,0.0
14101,0.0
14102,0.0
14103,0.0
14104,0.0
14105,0.0
14106,0.0
14107,0.0
14108,0.0
14109,0.0
14110,0.0
14111,0.0
14112,0.0
14113,0.0
14114,0.0
14115,0.0
14116,0.0
14117,0.0
14118,0.0
14119,0.0
14120,0.0
14121,0.0
14122,0.0
14123,0.0
14124,0.0
14125,0.0
14126,0.0
14127,0.0
14128,0.0
14129,0.0
14130,0.0
14131,0.0
14132,0.0
14133,0.0
14134,0.0
14135,0.0
14136,0.0
14137,0.0
14138,0.0
14139,0.0
14140,0.0
14141,0.0
14142,0.0
14143,0.0
14144,0.0
14145,0.0
14146,0.0
14147,0.0
14148,0.0
14149,0.0
14150,0.0
14151,0.0
14152,0.0
14153,0.0
14154,0.0
14155,0.0
14156,0.0
14157,0.0
14158,0.0
14159,0.0
14160,0.0
14161,0.0
14162,0.0
14163,0.0
14164,0.0
14165,0.0
14166,0.0
14167,0.0
14168,0.0
14169,0.0
14170,0.0
14171,0.0
14172,0.0
14173,0.0
14174,0.0
14175,0.0
14176,0.0
14177,0.0
14178,0.0
14179,0.0
14180,0.0
14181,0.0
14182,0.0
14183,0.0
14184,0.0
14185,0.0
14186,0.0
14187,0.0
14188,0.0
14189,0.0
14190,0.0
14191,0.0
14192,0.0
14193,0.0
14194,0.0
14195,0.0
14196,0.0
14197,0.0
14198,0.0
14199,0.0
14200,0.0
14201,0.0
14202,0.0
14203,0.0
14204,0.0
14205,0.0
14206,0.0
14207,0.0
14208,0.0
14209,0.0
14210,0.0
14211,0.0
14212,0.0
14213,0.0
14214,0.0
14215,0.0
14216,0.0
14217,0.0
14218,0.0
14219,0.0
14220,0.0
14221,0.0
14222,0.0
14223,0.0
14224,0.0
14225,0.0
14226,0.0
14227,0.0
14228,0.0
14229,0.0
14230,0.0
14231,0.0
14232,0.0
14233,0.0
14234,0.0
14235,0.0
14236,0.0
14237,0.0
14238,0.0
14239,0.0
14240,0.0
14241,0.0
14242,0.0
14243,0.0
14244,0.0
14245,0.0
14246,0.0
14247,0.0
14248,0.0
14249,0.0
14250,0.0
14251,43.51927
14252,31.226805
14253,106.38599
14254,67.5365
14255,143.08017
14256,196.24515
14257,194.77603
14258,528.65485
14259,837.08826
14260,1054.6031
14261,1016.8547
14262,1079.5161
14263,1093.5704
14264,1095.2505
14265,1088.69
14266,1083.4039
14267,1077.247
14268,1072.5132
14269,1114.5934
14270,1104.4789
14271,1106.159
14272,1108.918
14273,1101.0088
14274,1094.8517
14275,1091.8547
14276,1106.0292
14277,1108.8553
14278,528.35864
14279,524.40186
14280,520.16437
14281,926.239
14282,920.3796
14283,877.70844
14284,883.9692
14285,896.8743
14286,897.4585
14287,856.27545
14288,849.409
14289,890.84735
14290,930.83435
14291,937.0951
14292,999.315
14293,999.5765
14294,997.89636
14295,1398.7545
14296,2098.0881
14297,2096.6753
14298,2102.936
14299,2163.0657
14300,2292.1958
14301,2291.8528
14302,2397.9207
14303,2353.8818
14304,2352.283
14305,2384.2405
14306,2384.494
14307,2391.1838
14308,2407.384
14309,2315.258
14310,2314.4087
14311,2310.5007
14312,2316.7615
14313,2319.7205
14314,2326.9897
14315,2326.6467
14316,2312.84
14317,2655.1384
14318,2652.745
14319,2660.9583
14320,2638.1016
14321,2643.015
14322,2644.1714
14323,2636.9724
14324,2639.9255
14325,2636.7097
14326,2646.812
14327,2613.3179
14328,2619.2285
14329,2618.4414
14330,2606.0405
14331,2601.4048
14332,2704.973
14333,2729.7478
14334,2734.9937
14335,2740.9043
14336,3684.725
14337,3680.1946
14338,3677.1274
14339,3670.1956
14340,4105.242
14341,4106.5376
14342,4051.0803
14343,4048.9802
14344,4042.026
14345,4038.9587
14346,4034.8513
14347,4854.2075
14348,4856.984
14349,4857.3325
14350,4856.24
14351,4848.3657
14352,4782.9556
14353,4846.474
14354,5003.515
14355,5006.2905
14356,5014.44
14357,5210.686
14358,5202.811
14359,5245.3413
14360,5239.573
14361,5377.129
14362,5374.3994
14363,5381.4717
14364,5404.5293
14365,5396.6543
14366,5491.2197
14367,5372.523
14368,5366.639
14369,5381.53
14370,5579.7686
14371,5579.401
14372,5571.527
14373,5592.5786
14374,5693.098
14375,5688.419
14376,5777.892
14377,5757.1313
14378,5833.6445
14379,5825.7695
14380,5897.791
14381,5975.5503
14382,5970.871
14383,5997.1675
14384,6018.173
14385,6017.0806
14386,6406.7646
14387,6375.4043
14388,6342.692
14389,6338.0117
14390,6335.7495
14391,6341.0723
14392,6339.98
14393,6338.9746
14394,6357.54
14395,6359.474
14396,6383.5
14397,6405.851
14398,6409.538
14399,6408.446
14400,6354.2007
14401,0.0
14402,0.0
14403,0.0
14404,0.0
14405,0.0
14406,0.0
14407,0.0
14408,0.0
14409,0.0
14410,0.0
14411,0.0
14412,0.0
14413,0.0
14414,0.0
14415,0.0
14416,0.0
14417,0.0
14418,0.0
14419,0.0
14420,0.0
14421,0.0
14422,0.0
14423,0.0
14424,0.0
14425,0.0
14426,0.0
14427,0.0
14428,0.0
14429,0.0
14430,0.0
14431,0.0
14432,0.0
14433,0.0
14434,0.0
14435,0.0
14436,0.0
14437,0.0
14438,0.0
14439,0.0
14440,0.0
14441,0.0
14442,0.0
14443,0.0
14444,0.0
14445,0.0
14446,0.0
14447,0.0
14448,0.0
14449,0.0
14450,0.0
14451,0.0
14452,0.0
14453,0.0
14454,0.0
14455,0.0
14456,0.0
14457,0.0
14458,0.0
14459,0.0
14460,0.0
14461,0.0
14462,0.0
14463,0.0
14464,0.0
14465,0.0
14466,0.0
14467,0.0
14468,0.0
14469,0.0
14470,0.0
14471,0.0
14472,0.0
14473,0.0
14474,0.0
14475,0.0
14476,0.0
14477,0.0
14478,0.0
14479,0.0
14480,0.0
14481,0.0
14482,0.0
14483,0.0
14484,0.0
14485,0.0
14486,0.0
14487,0.0
14488,0.0
14489,0.0
14490,0.0
14491,0.0
14492,0.0
14493,0.0
14494,0.0
14495,0.0
14496,0.0
14497,0.0
14498,0.0
14499,0.0
14500,0.0
14501,0.0
14502,0.0
14503,0.0
14504,0.0
14505,0.0
14506,0.0
14507,0.0
14508,0.0
14509,0.0
14510,0.0
14511,0.0
14512,0.0
14513,0.0
14514,0.0
14515,0.0
14516,0.0
14517,0.0
14518,0.0
14519,0.0
14520,0.0
14521,0.0
14522,0.0
14523,0.0
14524,0.0
14525,0.0
14526,0.0
14527,0.0
14528,0.0
14529,0.0
14530,0.0
14531,0.0
14532,0.0
14533,0.0
14534,0.0
14535,0.0
14536,0.0
14537,0.0
14538,0.0
14539,0.0
14540,0.0
14541,0.0
14542,0.0
14543,0.0
14544,0.0
14545,0.0
14546,0.0
14547,0.0
14548,0.0
14549,0.0
14550,0.0
14551,0.0
14552,0.0
14553,0.0
14554,0.0
14555,0.0
14556,15.469198
14557,23.805029
14558,0.0
14559,0.0
14560,0.0
14561,0.0
14562,0.0
14563,82.80863
14564,94.51705
14565,156.58345
14566,201.19984
14567,190.69127
14568,630.71313
14569,589.8539
14570,580.60504
14571,592.3135
14572,1742.2614
14573,8821.052
14574,8810.544
14575,8799.499
14576,8857.368
14577,8860.484
14578,6857.419
14579,6883.2905
14580,6875.9805
14581,7900.6816
14582,7881.2617
14583,7891.419
14584,7898.1646
14585,7381.58
14586,7415.3926
14587,7424.821
14588,7414.312
14589,7411.7393
14590,7460.134
14591,7466.8794
14592,7472.8867
14593,7496.3955
14594,7496.245
14595,7550.159
14596,8160.535
14597,8214.937
14598,8221.683
14599,8518.427
14600,8677.424
14601,8677.273
14602,8870.698
14603,8910.724
14604,8945.046
14605,8960.317
14606,8985.103
14607,9004.355
14608,8985.738
14609,9367.607
14610,9276.239
14611,9359.058
14612,9373.524
14613,9197.926
14614,9237.903
14615,9237.753
14616,9226.296
14617,10981.84
14618,11064.655
14619,10902.508
14620,10903.82
14621,10911.606
14622,10928.366
14623,10928.893
14624,10846.798
14625,10928.791
14626,10938.299
14627,10934.223
14628,10942.009
14629,10940.101
14630,10949.701
14631,10858.334
14632,12017.285
14633,12029.375
14634,12035.438
14635,12043.225
14636,12041.403
14637,12032.452
14638,11941.085
14639,12034.317
14640,11743.14
14641,11746.078
14642,11710.272
14643,11717.903
14644,11708.952
14645,11618.126
14646,11691.707
14647,11716.501
14648,11719.438
14649,11681.902
14650,11681.02
14651,11671.044
14652,11517.525
14653,16650.781
14654,16677.6
14655,16680.54
14656,16684.826
14657,16917.363
14658,16907.387
14659,16902.22
14660,17001.303
14661,17213.447
14662,17210.88
14663,17233.94
14664,17164.201
14665,17154.225
14666,18292.826
14667,18507.348
14668,18509.82
14669,18542.322
14670,18490.11
14671,18484.455
14672,18472.998
14673,18520.742
14674,18479.19
14675,18482.865
14676,19627.266
14677,19765.602
14678,18538.232
14679,18526.775
14680,18601.902
14681,18753.766
14682,18757.441
14683,18783.553
14684,18787.703
14685,18786.822
14686,18927.506
14687,18853.281
14688,18945.68
14689,18949.355
14690,18946.908
14691,18945.074
14692,18944.193
14693,18984.973
14694,18653.988
14695,18732.512
14696,18762.867
14697,18816.459
14698,18824.244
14699,18823.363
14700,18772.027
14701,0.0
14702,0.0
14703,0.0
14704,0.0
14705,0.0
14706,0.0
14707,0.0
14708,0.0
14709,0.0
14710,0.0
14711,0.0
14712,0.0
14713,0.0
14714,0.0
14715,0.0
14716,0.0
14717,0.0
14718,0.0
14719,0.0
14720,0.0
14721,0.0
14722,0.0
14723,0.0
14724,0.0
14725,0.0
14726,0.0
14727,0.0
14728,0.0
14729,0.0
14730,0.0
14731,0.0
14732,0.0
14733,0.0
14734,0.0
14735,0.0
14736,0.0
14737,0.0
14738,0.0
14739,0.0
14740,0.0
14741,0.0
14742,0.0
14743,0.0
14744,0.0
14745,0.0
14746,0.0
14747,0.0
14748,0.0
14749,0.0
14750,0.0
14751,0.0
14752,0.0
14753,0.0
14754,0.0
14755,0.0
14756,0.0
14757,0.0
14758,0.0
14759,0.0
14760,0.0
14761,0.0
14762,0.0
14763,0.0
14764,0.0
14765,0.0
14766,0.0
14767,0.0
14768,0.0
14769,0.0
14770,0.0
14771,0.0
14772,0.0
14773,0.0
14774,0.0
14775,0.0
14776,0.0
14777,0.0
14778,0.0
14779,0.0
14780,0.0
14781,0.0
14782,0.0
14783,0.0
14784,0.0
14785,0.0
14786,0.0
14787,0.0
14788,0.0
14789,0.0
14790,0.0
14791,0.0
14792,0.0
14793,0.0
14794,0.0
14795,0.0
14796,0.0
14797,0.0
14798,0.0
14799,0.0
14800,0.0
14801,0.0
14802,0.0
14803,0.0
14804,0.0
14805,0.0
14806,0.0
14807,0.0
14808,0.0
14809,0.0
14810,0.0
14811,0.0
14812,0.0
14813,0.0
14814,0.0
14815,0.0
14816,0.0
14817,0.0
14818,0.0
14819,0.0
14820,0.0
14821,0.0
14822,0.0
14823,0.0
14824,0.0
14825,0.0
14826,0.0
14827,0.0
14828,0.0
14829,0.0
14830,0.0
14831,0.0
14832,0.0
14833,0.0
14834,0.0
14835,0.0
14836,0.0
14837,0.0
14838,0.0
14839,0.0
14840,0.0
14841,0.0
14842,0.0
14843,0.0
14844,0.0
14845,0.0
14846,0.0
14847,0.0
14848,0.0
14849,0.0
14850,0.0
14851,12.264052
14852,5.0092754
14853,5.0092754
14854,5.0092754
14855,11.191805
14856,11.191805
14857,11.191805
14858,12.508985
14859,5.254208
14860,5.254208
14861,5.254208
14862,11.436737
14863,11.436737
14864,11.436737
14865,12.508985
14866,5.254208
14867,5.254208
14868,0.0
14869,0.0
14870,0.0
14871,0.0
14872,0.0
14873,0.0
14874,0.0
14875,0.0
14876,0.0
14877,0.0
14878,0.0
14879,0.0
14880,0.0
14881,0.0
14882,0.0
14883,0.0
14884,0.0
14885,0.0
14886,0.0
14887,209.20561
14888,206.80981
14889,1254.0076
14890,880.86053
14891,890.2387
14892,813.10535
14893,996.5619
14894,1034.4777
14895,1123.9856
14896,1179.8646
14897,3886.6873
14898,3896.133
14899,16782.148
14900,17256.459
14901,17354.38
14902,17348.51
14903,17350.738
14904,16962.91
14905,17778.81
14906,17507.152
14907,18906.998
14908,19012.45
14909,22025.338
14910,21714.566
14911,21267.738
14912,22513.523
14913,29166.3
14914,29636.85
14915,29691.66
14916,30657.213
14917,31867.066
14918,31677.918
14919,32058.3
14920,36855.25
14921,36887.938
14922,37363.35
14923,37954.16
14924,38178.656
14925,38055.77
14926,38073.527
14927,38114.152
14928,38144.113
14929,39582.445
14930,39677.07
14931,39662.42
14932,37758.69
14933,39204.535
14934,38517.94
14935,38548.223
14936,40271.535
14937,42687.195
14938,42672.33
14939,41690.113
14940,43940.652
14941,43983.94
14942,44022.242
14943,44034.09
14944,43199.113
14945,43187.73
14946,43188.164
14947,43217.098
14948,43256.227
14949,43242.402
14950,49218.5
14951,48722.29
14952,48710.35
14953,48542.207
14954,48547.293
14955,48646.914
14956,48664.973
14957,48584.645
14958,48582.594
14959,48329.82
14960,48011.367
14961,47801.324
14962,47890.4
14963,48597.062
14964,49968.406
14965,49966.402
14966,49956.156
14967,49940.785
14968,49973.457
14969,52366.086
14970,52470.113
14971,52849.062
14972,52847.062
14973,53933.977
14974,54631.824
14975,54647.938
14976,54699.83
14977,54038.13
14978,64666.37
14979,64664.465
14980,64583.32
14981,64999.113
14982,65015.215
14983,65022.945
14984,64246.56
14985,64367.848
14986,64350.83
14987,64128.41
14988,64013.527
14989,64029.742
14990,62452.395
14991,61912.527
14992,62033.816
14993,62744.21
14994,62650.035
14995,63394.547
14996,63404.945
14997,63249.008
14998,61298.027
14999,61294.56
15000,61275.312
15001,0.0
15002,0.0
15003,0.0
15004,0.0
15005,0.0
15006,0.0
15007,0.0
15008,0.0
15009,0.0
15010,0.0
15011,0.0
15012,0.0
15013,0.0
15014,0.0
15015,0.0
15016,0.0
15017,0.0
15018,0.0
15019,0.0
15020,0.0
15021,0.0
15022,0.0
15023,0.0
15024,0.0
15025,0.0
15026,0.0
15027,0.0
15028,0.0
15029,0.0
15030,0.0
15031,0.0
15032,0.0
15033,0.0
15034,0.0
15035,0.0
15036,0.0
15037,0.0
15038,0.0
15039,0.0
15040,0.0
15041,0.0
15042,0.0
15043,0.0
15044,0.0
15045,0.0
15046,0.0
15047,0.0
15048,0.0
15049,0.0
15050,0.0
15051,0.0
15052,0.0
15053,0.0
15054,0.0
15055,0.0
15056,0.0
15057,0.0
15058,0.0
15059,0.0
15060,0.0
15061,0.0
15062,0.0
15063,0.0
15064,0.0
15065,0.0
15066,0.0
15067,0.0
15068,0.0
15069,0.0
15070,0.0
15071,0.0
15072,0.0
15073,0.0
15074,0.0
15075,0.0
15076,0.0
15077,0.0
15078,0.0
15079,0.0
15080,0.0
15081,0.0
15082,0.0
15083,0.0
15084,0.0
15085,0.0
15086,0.0
15087,0.0
15088,0.0
15089,0.0
15090,0.0
15091,0.0
15092,0.0
15093,0.0
15094,0.0
15095,0.0
15096,0.0
15097,0.0
15098,0.0
15099,0.0
15100,0.0
15101,0.0
15102,0.0
15103,0.0
15104,0.0
15105,0.0
15106,0.0
15107,0.0
15108,0.0
15109,0.0
15110,0.0
15111,0.0
15112,0.0
15113,0.0
15114,0.0
15115,0.0
15116,0.0
15117,0.0
15118,0.0
15119,0.0
15120,0.0
15121,0.0
15122,0.0
15123,0.0
15124,0.0
15125,0.0
15126,0.0
15127,0.0
15128,0.0
15129,0.0
15130,0.0
15131,0.0
15132,0.0
15133,0.0
15134,0.0
15135,0.0
15136,0.0
15137,0.0
15138,0.0
15139,0.0
15140,0.0
15141,0.0
15142,0.0
15143,0.0
15144,0.0
15145,0.0
15146,0.0
15147,0.0
15148,0.0
15149,0.0
15150,0.0
15151,0.0
15152,0.0
15153,0.0
15154,0.0
15155,0.0
15156,0.0
15157,0.0
15158,0.0
15159,0.0
15160,0.0
15161,0.0
15162,0.0
15163,0.0
15164,0.0
15165,0.0
15166,0.0
15167,0.0
15168,0.0
15169,0.0
15170,0.0
15171,0.0
15172,0.0
15173,0.0
15174,0.0
15175,0.0
15176,0.0
15177,0.0
15178,0.0
15179,0.0
15180,0.0
15181,0.0
15182,0.0
15183,0.0
15184,0.0
15185,0.0
15186,0.0
15187,547.7259
15188,547.55927
15189,2193.6416
15190,2183.0024
15191,2180.9172
15192,2439.6582
15193,2440.577
15194,2440.51
15195,2440.4878
15196,2451.9773
15197,2093.671
15198,2091.6902
15199,2387.0342
15200,2394.321
15201,2393.3599
15202,2392.0764
15203,2394.4602
15204,2153.1128
15205,2151.0183
15206,2247.3474
15207,2256.407
15208,2270.0957
15209,1889.0098
15210,1801.9467
15211,1600.5553
15212,1652.7947
15213,2044.4076
15214,2058.8708
15215,2058.1074
15216,2053.4568
15217,2040.4377
15218,1856.1497
15219,1855.5321
15220,2044.024
15221,2047.4943
15222,2464.117
15223,2470.5786
15224,2472.1274
15225,2519.211
15226,2515.1545
15227,2477.3513
15228,2477.7058
15229,2739.9485
15230,2746.4875
15231,2746.626
15232,2789.2708
15233,2844.3958
15234,2801.0735
15235,2801.384
15236,2720.1125
15237,2718.0552
15238,2717.9724
15239,2772.5044
15240,3745.4668
15241,3709.6992
15242,3709.6047
15243,3709.7256
15244,3709.4856
15245,3709.3958
15246,3749.804
15247,3749.5159
15248,3709.6226
15249,3709.7568
15250,3706.7634
15251,3710.8137
15252,3710.3342
15253,3748.0076
15254,3744.847
15255,3708.7246
15256,3708.9458
15257,3712.888
15258,3712.773
15259,3692.95
15260,3738.7898
15261,3738.6443
15262,3693.2842
15263,3693.1711
15264,3690.5598
15265,3690.492
15266,3646.5771
15267,3701.9487
15268,3701.5686
15269,2805.898
15270,2801.8901
15271,2821.7976
15272,2821.799
15273,2817.493
15274,2863.4275
15275,2863.0144
15276,2816.2222
15277,2816.3054
15278,2813.9429
15279,2813.877
15280,2814.1296
15281,2637.8147
15282,2637.389
15283,2814.4756
15284,2813.481
15285,2813.3774
15286,2813.3245
15287,2813.77
15288,2636.2224
15289,2635.9094
15290,2846.435
15291,2968.2852
15292,2968.1816
15293,2907.7007
15294,5065.8813
15295,4561.99
15296,4561.765
15297,5065.4863
15298,5157.226
15299,5157.1235
15300,5172.71
15301,17.796392
15302,17.121256
15303,17.406092
15304,17.406092
15305,18.772972
15306,23.433506
15307,23.5215
15308,24.30071
15309,23.196856
15310,25.24967
15311,25.24967
15312,21.471088
15313,25.716095
15314,25.888678
15315,36.854126
15316,64.94223
15317,64.97717
15318,78.263885
15319,74.57548
15320,87.4202
15321,87.52257
15322,144.51741
15323,151.30324
15324,151.33818
15325,5.5002184
15326,0.0
15327,0.0
15328,0.0
15329,0.0
15330,456.001
15331,609.2764
15332,529.97034
15333,294.87842
15334,303.743
15335,209.02754
15336,469.76678
15337,508.48627
15338,502.60992
15339,0.0
15340,0.0
15341,0.0
15342,0.0
15343,0.0
15344,0.0
15345,0.0
15346,0.0
15347,0.0
15348,0.0
15349,5937.304
15350,7617.7456
15351,7768.81
15352,7750.88
15353,7684.2646
15354,7199.534
15355,7977.5103
15356,7561.1685
15357,9109.499
15358,9271.551
15359,12516.11
15360,12333.919
15361,11789.832
15362,14038.075
15363,22138.125
15364,22783.613
15365,22880.44
15366,24073.293
15367,25445.193
15368,25113.08
15369,25783.117
15370,31107.533
15371,31255.95
15372,31249.824
15373,31866.223
15374,31937.555
15375,31670.31
15376,31742.408
15377,31825.932
15378,31971.232
15379,32066.268
15380,32143.576
15381,32029.645
15382,29980.174
15383,33601.11
15384,33621.004
15385,33787.664
15386,34220.61
15387,35068.14
15388,34954.0
15389,35591.227
15390,34583.484
15391,34678.426
15392,34850.67
15393,34904.13
15394,34901.047
15395,34786.914
15396,34591.438
15397,34661.25
15398,34752.04
15399,34605.246
15400,38632.17
15401,38227.45
15402,38112.926
15403,37703.21
15404,37753.316
15405,37894.883
15406,38002.97
15407,37863.617
15408,37845.445
15409,37386.5
15410,36957.82
15411,36574.17
15412,36706.562
15413,37249.258
15414,37355.383
15415,37338.04
15416,37638.348
15417,38667.906
15418,38744.438
15419,43046.32
15420,47740.875
15421,48336.22
15422,48318.89
15423,50617.324
15424,51334.15
15425,51397.23
15426,51466.133
15427,50791.84
15428,61394.434
15429,61376.22
15430,61267.81
15431,61826.06
15432,61889.113
15433,61911.94
15434,61200.066
15435,61198.207
15436,61165.195
15437,61040.89
15438,61208.105
15439,61271.273
15440,61068.285
15441,60511.945
15442,60510.086
15443,60850.438
15444,60700.082
15445,61456.46
15446,61522.71
15447,61382.23
15448,59491.98
15449,59488.445
15450,59436.797
15451,0.0
15452,0.0
15453,0.0
15454,0.0
15455,0.0
15456,0.0
15457,0.0
15458,0.0
15459,0.0
15460,0.0
15461,0.0
15462,0.0
15463,0.0
15464,0.0
15465,0.0
15466,0.0
15467,0.0
15468,0.0
15469,0.0
15470,0.0
15471,0.0
15472,0.0
15473,0.0
15474,0.0
15475,28.324297
15476,1107.9806
15477,1107.9806
15478,1109.3463
15479,1135.1741
15480,2439.271
15481,2434.0005
15482,2350.7874
15483,2575.8545
15484,2585.7915
15485,2480.3677
15486,2743.8853
15487,3395.493
15488,3394.0857
15489,4306.34
15490,3867.7217
15491,3878.2158
15492,3818.2717
15493,4073.5244
15494,4158.8545
15495,4245.62
15496,4191.053
15497,5458.243
15498,5468.806
15499,19443.33
15500,19937.145
15501,20082.531
15502,20070.62
15503,20002.662
15504,19540.943
15505,20329.361
15506,20049.633
15507,20178.432
15508,20331.385
15509,23294.592
15510,22883.33
15511,22353.586
15512,24932.9
15513,32134.195
15514,32544.633
15515,32624.662
15516,33790.28
15517,35140.066
15518,34839.074
15519,35555.438
15520,40870.855
15521,41015.516
15522,40989.992
15523,41550.344
15524,41446.434
15525,41210.3
15526,41120.6
15527,41040.64
15528,41182.57
15529,42460.44
15530,42514.137
15531,42394.945
15532,40203.285
15533,40649.434
15534,40002.203
15535,40165.51
15536,41928.727
15537,44350.066
15538,44230.656
15539,43131.91
15540,41128.746
15541,41212.875
15542,41417.316
15543,41454.5
15544,40605.81
15545,40489.91
15546,40351.06
15547,40432.19
15548,40512.16
15549,40363.805
15550,41337.95
15551,40835.902
15552,40719.45
15553,40367.652
15554,40425.65
15555,40566.11
15556,40671.09
15557,40522.99
15558,40507.176
15559,40073.12
15560,39689.54
15561,39449.836
15562,39579.777
15563,40122.76
15564,41488.93
15565,41476.484
15566,41816.734
15567,42865.79
15568,42950.688
15569,47192.152
15570,49432.887
15571,49975.37
15572,49963.01
15573,52261.438
15574,52968.324
15575,53037.367
15576,53107.668
15577,52430.61
15578,61103.164
15579,61090.9
15580,60979.1
15581,61406.652
15582,61475.668
15583,61499.33
15584,60710.957
15585,60832.234
15586,60804.926
15587,60560.51
15588,60535.867
15589,60604.996
15590,59043.12
15591,58487.895
15592,58609.17
15593,60309.438
15594,60159.395
15595,60916.47
15596,60981.465
15597,60841.777
15598,58348.867
15599,58345.387
15600,58315.32
15601,0.0
15602,0.0
15603,0.0
15604,0.0
15605,0.0
15606,0.0
15607,0.0
15608,214.71223
15609,1770.336
15610,1525.8357
15611,1369.0256
15612,1861.1771
15613,2644.3467
15614,2667.0256
15615,2782.706
15616,2751.0405
15617,2637.3618
15618,4410.1016
15619,4368.482
15620,4946.9004
15621,4996.3564
15622,5267.3457
15623,5086.753
15624,4973.074
15625,4792.311
15626,4969.014
15627,4984.6494
15628,5377.5996
15629,4992.532
15630,4963.582
15631,4997.4805
15632,6024.492
15633,6701.6777
15634,6720.941
15635,7280.695
15636,7260.387
15637,8216.9375
15638,8104.8413
15639,11913.321
15640,12009.638
15641,12028.901
15642,12243.408
15643,13739.44
15644,13807.478
15645,14520.964
15646,14339.951
15647,14386.768
15648,14406.031
15649,14366.659
15650,14637.589
15651,14726.469
15652,16677.775
15653,20538.27
15654,20572.496
15655,21737.184
15656,24092.14
15657,24123.717
15658,24457.443
15659,27411.621
15660,27487.865
15661,27525.994
15662,27578.73
15663,28427.406
15664,30031.242
15665,30138.926
15666,30529.945
15667,31344.5
15668,31413.068
15669,31959.719
15670,31999.908
15671,32028.979
15672,30795.09
15673,31388.92
15674,32003.328
15675,32052.262
15676,33569.79
15677,35111.637
15678,35142.906
15679,35245.56
15680,35757.516
15681,35615.664
15682,38434.098
15683,38861.176
15684,39044.465
15685,39073.54
15686,43717.414
15687,43445.69
15688,43303.84
15689,46179.4
15690,49348.72
15691,49409.418
15692,53528.086
15693,53623.875
15694,56967.453
15695,56825.6
15696,57095.715
15697,57134.62
15698,57195.32
15699,57196.984
15700,58454.555
15701,57850.46
15702,57645.918
15703,55875.43
15704,56471.89
15705,56532.59
15706,58337.402
15707,67207.32
15708,66355.96
15709,73379.03
15710,73703.07
15711,76010.4
15712,76065.59
15713,77327.68
15714,77192.914
15715,76766.32
15716,80452.06
15717,81029.234
15718,81045.04
15719,81455.9
15720,85540.25
15721,85539.13
15722,85112.54
15723,92505.09
15724,92826.68
15725,92842.484
15726,93827.21
15727,94587.05
15728,98487.45
15729,98060.86
15730,102990.41
15731,104476.1
15732,104491.91
15733,107085.02
15734,109210.66
15735,109286.625
15736,112550.92
15737,112192.82
15738,114408.664
15739,114424.47
15740,114479.65
15741,116140.81
15742,116200.46
15743,115938.914
15744,115838.92
15745,116203.195
15746,116424.66
15747,116535.87
15748,116820.23
15749,116879.875
15750,116832.29
15751,0.0
15752,0.0
15753,0.0
15754,0.0
15755,0.0
15756,0.0
15757,0.0
15758,0.0
15759,0.0
15760,0.0
15761,0.0
15762,0.0
15763,0.0
15764,0.0
15765,0.0
15766,0.0
15767,0.0
15768,0.0
15769,0.0
15770,0.0
15771,0.0
15772,0.0
15773,0.0
15774,0.0
15775,0.0
15776,0.0
15777,0.0
15778,0.0
15779,0.0
15780,0.0
15781,0.0
15782,0.0
15783,0.0
15784,0.0
15785,0.0
15786,0.0
15787,0.0
15788,0.0
15789,0.0
15790,0.0
15791,0.0
15792,0.0
15793,0.0
15794,0.0
15795,0.0
15796,0.0
15797,0.0
15798,0.0
15799,0.0
15800,0.0
15801,0.0
15802,0.0
15803,0.0
15804,0.0
15805,0.0
15806,0.0
15807,0.0
15808,0.0
15809,0.0
15810,0.0
15811,0.0
15812,0.0
15813,0.0
15814,0.0
15815,0.0
15816,0.0
15817,0.0
15818,0.0
15819,0.0
15820,0.0
15821,0.0
15822,0.0
15823,0.0
15824,0.0
15825,0.0
15826,0.0
15827,0.0
15828,0.0
15829,0.0
15830,0.0
15831,0.0
15832,0.0
15833,0.0
15834,0.0
15835,0.0
15836,0.0
15837,0.0
15838,0.0
15839,0.0
15840,0.0
15841,0.0
15842,0.0
15843,0.0
15844,0.0
15845,0.0
15846,0.0
15847,0.0
15848,0.0
15849,0.0
15850,0.0
15851,0.0
15852,0.0
15853,0.0
15854,0.0
15855,0.0
15856,0.0
15857,0.0
15858,0.0
15859,0.0
15860,0.0
15861,0.0
15862,0.0
15863,0.0
15864,0.0
15865,0.0
15866,0.0
15867,0.0
15868,0.0
15869,0.0
15870,0.0
15871,0.0
15872,0.0
15873,0.0
15874,0.0
15875,0.0
15876,0.0
15877,0.0
15878,0.0
15879,0.0
15880,0.0
15881,0.0
15882,0.0
15883,0.0
15884,0.0
15885,0.0
15886,0.0
15887,0.0
15888,0.0
15889,0.0
15890,0.0
15891,0.0
15892,0.0
15893,0.0
15894,0.0
15895,0.0
15896,0.0
15897,0.0
15898,0.0
15899,0.0
15900,0.0
15901,0.0
15902,0.0
15903,0.0
15904,0.0
15905,0.0
15906,0.0
15907,0.0
15908,0.0
15909,0.0
15910,0.0
15911,0.0
15912,0.0
15913,0.0
15914,0.0
15915,0.0
15916,0.0
15917,0.0
15918,0.0
15919,0.0
15920,0.0
15921,0.0
15922,0.0
15923,0.0
15924,0.0
15925,0.0
15926,0.0
15927,0.0
15928,0.0
15929,0.0
15930,0.0
15931,0.0
15932,0.0
15933,0.0
15934,0.0
15935,0.0
15936,0.0
15937,0.0
15938,0.0
15939,0.0
15940,0.0
15941,0.0
15942,0.0
15943,0.0
15944,0.0
15945,0.0
15946,0.0
15947,0.0
15948,0.0
15949,0.0
15950,0.0
15951,0.0
15952,0.0
15953,0.0
15954,0.0
15955,0.0
15956,0.0
15957,0.0
15958,0.0
15959,0.0
15960,0.0
15961,0.0
15962,0.0
15963,0.0
15964,0.0
15965,0.0
15966,0.0
15967,0.0
15968,0.0
15969,0.0
15970,0.0
15971,0.0
15972,0.0
15973,0.0
15974,0.0
15975,0.0
15976,0.0
15977,0.0
15978,0.0
15979,0.0
15980,0.0
15981,0.0
15982,0.0
15983,0.0
15984,0.0
15985,0.0
15986,0.0
15987,0.0
15988,0.0
15989,0.0
15990,0.0
15991,0.0
15992,0.0
15993,0.0
15994,0.0
15995,0.0
15996,0.0
15997,0.0
15998,0.0
15999,0.0
16000,0.0
16001,0.0
16002,0.0
16003,0.0
16004,0.0
16005,0.0
16006,0.0
16007,0.0
16008,0.0
16009,0.0
16010,0.0
16011,0.0
16012,0.0
16013,0.0
16014,0.0
16015,0.0
16016,0.0
16017,0.0
16018,0.0
16019,0.0
16020,0.0
16021,0.0
16022,0.0
16023,0.0
16024,0.0
16025,0.0
16026,0.0
16027,0.0
16028,0.0
16029,0.0
16030,0.0
16031,0.0
16032,0.0
16033,0.0
16034,0.0
16035,0.0
16036,0.0
16037,0.0
16038,0.0
16039,0.0
16040,0.0
16041,0.0
16042,0.0
16043,0.0
16044,0.0
16045,0.0
16046,0.0
16047,0.0
16048,0.0
16049,0.0
16050,0.0
16051,0.0
16052,0.0
16053,0.0
16054,0.0
16055,0.0
16056,0.0
16057,0.0
16058,0.0
16059,0.0
16060,0.0
16061,0.0
16062,0.0
16063,0.0
16064,0.0
16065,0.0
16066,0.0
16067,0.0
16068,0.0
16069,0.0
16070,0.0
16071,0.0
16072,0.0
16073,0.0
16074,0.0
16075,0.0
16076,0.0
16077,0.0
16078,0.0
16079,0.0
16080,0.0
16081,0.0
16082,0.0
16083,0.0
16084,0.0
16085,0.0
16086,0.0
16087,177.73433
16088,171.44023
16089,334.61435
16090,0.0
16091,0.0
16092,0.0
16093,35.584534
16094,123.83929
16095,196.27545
16096,183.79698
16097,2469.6584
16098,2479.0886
16099,16793.855
16100,18475.67
16101,18623.977
16102,18604.953
16103,18537.773
16104,18052.713
16105,18831.023
16106,18599.676
16107,20034.156
16108,20190.756
16109,25319.03
16110,24911.459
16111,24363.41
16112,26946.416
16113,35724.57
16114,36375.098
16115,36456.18
16116,37648.164
16117,39020.723
16118,38700.71
16119,39449.832
16120,44773.97
16121,44922.74
16122,44899.254
16123,45523.41
16124,45594.48
16125,45341.31
16126,45413.375
16127,45500.242
16128,45645.895
16129,47110.5
16130,47187.44
16131,47073.523
16132,45038.492
16133,46499.516
16134,45866.92
16135,46033.94
16136,47804.316
16137,50208.62
16138,50094.484
16139,48958.875
16140,47983.473
16141,48078.703
16142,48251.25
16143,48288.812
16144,47439.94
16145,47325.812
16146,47146.56
16147,47220.65
16148,47311.727
16149,47164.586
16150,50201.445
16151,49697.285
16152,49582.76
16153,49186.293
16154,49235.715
16155,49377.6
16156,49485.887
16157,49330.633
16158,49312.47
16159,48886.094
16160,48514.367
16161,48276.66
16162,48409.363
16163,48953.56
16164,50320.027
16165,50301.91
16166,50607.348
16167,51654.52
16168,51730.95
16169,56019.67
16170,58851.59
16171,59446.24
16172,59428.13
16173,61728.34
16174,62445.9
16175,62508.88
16176,62577.965
16177,61903.336
16178,73068.0
16179,73049.81
16180,72941.38
16181,73500.79
16182,73563.766
16183,73587.38
16184,72875.72
16185,72873.55
16186,72840.4
16187,72716.17
16188,72881.06
16189,72944.14
16190,71378.4
16191,70822.07
16192,70819.9
16193,71179.38
16194,71030.55
16195,71786.61
16196,71853.96
16197,71713.914
16198,69747.4
16199,69743.555
16200,69703.266
16201,151.86588
16202,150.7198
16203,150.5609
16204,150.5609
16205,44.074898
16206,51.11855
16207,153.27948
16208,158.88432
16209,157.30954
16210,159.50713
16211,159.50713
16212,40.332535
16213,7.899238
16214,110.14478
16215,120.330475
16216,126.89171
16217,126.50751
16218,174.14902
16219,22.19961
16220,0.0
16221,64.18263
16222,68.58199
16223,74.89688
16224,74.512695
16225,0.0
16226,0.0
16227,0.0
16228,0.0
16229,0.0
16230,157.58287
16231,329.26886
16232,251.26619
16233,130.0426
16234,138.9072
16235,101.11356
16236,272.96777
16237,201.06425
16238,195.06258
16239,0.0
16240,0.0
16241,0.0
16242,0.0
16243,0.0
16244,0.0
16245,0.0
16246,0.0
16247,0.0
16248,0.0
16249,1068.2886
16250,2468.5442
16251,2464.9043
16252,2477.322
16253,2442.4688
16254,2350.779
16255,3397.7595
16256,4036.7922
16257,6136.3555
16258,6125.158
16259,9459.513
16260,9277.334
16261,9124.333
16262,11146.316
16263,13137.915
16264,13592.296
16265,13580.952
16266,14127.156
16267,15408.448
16268,15247.18
16269,15859.53
16270,17375.553
16271,17523.492
16272,17216.994
16273,17834.758
16274,17906.082
16275,17747.502
16276,17821.793
16277,17905.324
16278,18050.148
16279,18036.4
16280,18113.66
16281,17999.717
16282,15870.705
16283,16978.975
16284,17073.568
16285,17239.762
16286,17075.812
16287,17923.363
16288,17809.2
16289,16741.14
16290,15603.642
16291,15698.579
16292,15870.337
16293,15818.187
16294,15814.974
16295,15700.82
16296,15490.862
16297,15560.672
16298,15651.46
16299,15505.382
16300,14578.34
16301,14173.643
16302,14059.102
16303,13802.454
16304,13876.529
16305,14018.097
16306,14133.518
16307,15408.054
16308,15389.901
16309,15076.291
16310,14750.664
16311,13570.309
16312,13702.702
16313,13548.529
16314,13524.929
16315,13507.609
16316,13763.591
16317,14994.523
16318,15071.054
16319,19372.938
16320,24096.809
16321,24565.797
16322,24548.49
16323,26565.367
16324,27384.596
16325,27447.684
16326,27516.57
16327,26841.781
16328,35755.703
16329,35737.508
16330,35629.74
16331,36133.26
16332,36196.316
16333,36219.133
16334,35506.438
16335,35504.566
16336,35486.977
16337,35363.3
16338,36361.754
16339,36424.918
16340,34779.19
16341,34222.7
16342,34220.824
16343,34231.73
16344,34082.082
16345,34837.125
16346,34899.305
16347,34772.39
16348,34556.88
16349,34553.33
16350,34483.19
16351,0.0
16352,0.0
16353,0.0
16354,0.0
16355,0.0
16356,0.0
16357,0.0
16358,0.0
16359,0.0
16360,0.0
16361,0.0
16362,0.0
16363,0.0
16364,0.0
16365,0.0
16366,0.0
16367,0.0
16368,0.0
16369,0.0
16370,0.0
16371,0.0
16372,0.0
16373,0.0
16374,0.0
16375,0.0
16376,0.0
16377,0.0
16378,0.0
16379,0.0
16380,0.0
16381,0.0
16382,0.0
16383,0.0
16384,0.0
16385,0.0
16386,0.0
16387,0.0
16388,0.0
16389,0.0
16390,0.0
16391,0.0
16392,0.0
16393,0.0
16394,0.0
16395,0.0
16396,0.0
16397,0.0
16398,0.0
16399,0.0
16400,0.0
16401,0.0
16402,0.0
16403,0.0
16404,0.0
16405,0.0
16406,0.0
16407,0.0
16408,0.0
16409,0.0
16410,0.0
16411,0.0
16412,0.0
16413,0.0
16414,0.0
16415,0.0
16416,0.0
16417,0.0
16418,0.0
16419,0.0
16420,0.0
16421,0.0
16422,0.0
16423,0.0
16424,0.0
16425,0.0
16426,0.0
16427,0.0
16428,0.0
16429,0.0
16430,0.0
16431,0.0
16432,0.0
16433,0.0
16434,0.0
16435,0.0
16436,0.0
16437,0.0
16438,0.0
16439,0.0
16440,0.0
16441,0.0
16442,0.0
16443,0.0
16444,0.0
16445,0.0
16446,0.0
16447,0.0
16448,0.0
16449,0.0
16450,0.0
16451,0.0
16452,0.0
16453,0.0
16454,0.0
16455,0.0
16456,0.0
16457,0.0
16458,0.0
16459,0.0
16460,0.0
16461,0.0
16462,0.0
16463,0.0
16464,0.0
16465,0.0
16466,0.0
16467,0.0
16468,0.0
16469,0.0
16470,0.0
16471,0.0
16472,0.0
16473,0.0
16474,0.0
16475,0.0
16476,0.0
16477,0.0
16478,0.0
16479,0.0
16480,0.0
16481,0.0
16482,0.0
16483,0.0
16484,0.0
16485,0.0
16486,0.0
16487,0.0
16488,0.0
16489,0.0
16490,0.0
16491,0.0
16492,0.0
16493,0.0
16494,0.0
16495,0.0
16496,0.0
16497,0.0
16498,0.0
16499,0.0
16500,0.0
16501,0.0
16502,0.0
16503,0.0
16504,0.0
16505,0.0
16506,0.0
16507,0.0
16508,0.0
16509,0.0
16510,0.0
16511,0.0
16512,0.0
16513,0.0
16514,0.0
16515,0.0
16516,0.0
16517,0.0
16518,0.0
16519,0.0
16520,0.0
16521,0.0
16522,0.0
16523,0.0
16524,0.0
16525,0.0
16526,0.0
16527,0.0
16528,0.0
16529,0.0
16530,0.0
16531,0.0
16532,0.0
16533,0.0
16534,0.0
16535,0.0
16536,0.0
16537,0.0
16538,0.0
16539,0.0
16540,0.0
16541,0.0
16542,0.0
16543,0.0
16544,0.0
16545,0.0
16546,0.0
16547,0.0
16548,0.0
16549,0.0
16550,0.0
16551,0.0
16552,0.0
16553,0.0
16554,0.0
16555,0.0
16556,0.0
16557,0.0
16558,0.0
16559,0.0
16560,0.0
16561,0.0
16562,0.0
16563,0.0
16564,0.0
16565,0.0
16566,0.0
16567,0.0
16568,0.0
16569,0.0
16570,0.0
16571,0.0
16572,0.0
16573,0.0
16574,0.0
16575,0.0
16576,0.0
16577,0.0
16578,0.0
16579,0.0
16580,0.0
16581,0.0
16582,0.0
16583,0.0
16584,0.0
16585,0.0
16586,0.0
16587,0.0
16588,0.0
16589,0.0
16590,0.0
16591,0.0
16592,0.0
16593,0.0
16594,0.0
16595,0.0
16596,0.0
16597,0.0
16598,0.0
16599,0.0
16600,0.0
16601,0.0
16602,0.0
16603,0.0
16604,0.0
16605,0.0
16606,0.0
16607,0.0
16608,0.0
16609,0.0
16610,0.0
16611,0.0
16612,0.0
16613,0.0
16614,0.0
16615,0.0
16616,0.0
16617,0.0
16618,0.0
16619,0.0
16620,0.0
16621,0.0
16622,0.0
16623,0.0
16624,0.0
16625,0.0
16626,0.0
16627,0.0
16628,0.0
16629,0.0
16630,0.0
16631,0.0
16632,0.0
16633,0.0
16634,0.0
16635,0.0
16636,0.0
16637,0.0
16638,0.0
16639,0.0
16640,0.0
16641,0.0
16642,0.0
16643,0.0
16644,0.0
16645,0.0
16646,0.0
16647,0.0
16648,0.0
16649,0.0
16650,0.0
16651,0.0
16652,0.0
16653,0.0
16654,0.0
16655,0.0
16656,0.0
16657,0.0
16658,0.0
16659,0.0
16660,0.0
16661,0.0
16662,0.0
16663,0.0
16664,0.0
16665,0.0
16666,0.0
16667,0.0
16668,0.0
16669,0.0
16670,0.0
16671,0.0
16672,0.0
16673,0.0
16674,0.0
16675,0.0
16676,0.0
16677,0.0
16678,0.0
16679,0.0
16680,0.0
16681,0.0
16682,0.0
16683,0.0
16684,0.0
16685,0.0
16686,0.0
16687,0.0
16688,0.0
16689,0.0
16690,0.0
16691,0.0
16692,0.0
16693,0.0
16694,0.0
16695,0.0
16696,0.0
16697,0.0
16698,0.0
16699,0.0
16700,0.0
16701,0.0
16702,0.0
16703,0.0
16704,0.0
16705,0.0
16706,0.0
16707,0.0
16708,0.0
16709,0.0
16710,0.0
16711,0.0
16712,0.0
16713,0.0
16714,0.0
16715,0.0
16716,0.0
16717,0.0
16718,0.0
16719,0.0
16720,0.0
16721,0.0
16722,0.0
16723,0.0
16724,0.0
16725,0.0
16726,0.0
16727,0.0
16728,0.0
16729,0.0
16730,0.0
16731,0.0
16732,0.0
16733,0.0
16734,0.0
16735,0.0
16736,0.0
16737,0.0
16738,0.0
16739,0.0
16740,0.0
16741,0.0
16742,0.0
16743,0.0
16744,0.0
16745,0.0
16746,0.0
16747,0.0
16748,0.0
16749,0.0
16750,0.0
16751,0.0
16752,0.0
16753,0.0
16754,0.0
16755,0.0
16756,0.0
16757,0.0
16758,0.0
16759,0.0
16760,0.0
16761,0.0
16762,0.0
16763,0.0
16764,0.0
16765,0.0
16766,0.0
16767,0.0
16768,0.0
16769,0.0
16770,0.0
16771,0.0
16772,0.0
16773,0.0
16774,0.0
16775,0.0
16776,0.0
16777,0.0
16778,0.0
16779,0.0
16780,0.0
16781,0.0
16782,0.0
16783,0.0
16784,0.0
16785,0.0
16786,0.0
16787,0.0
16788,0.0
16789,0.0
16790,0.0
16791,0.0
16792,0.0
16793,0.0
16794,0.0
16795,0.0
16796,0.0
16797,0.0
16798,0.0
16799,0.0
16800,0.0
16801,0.0
16802,0.0
16803,0.0
16804,0.0
16805,0.0
16806,0.0
16807,0.0
16808,0.0
16809,0.0
16810,0.0
16811,0.0
16812,0.0
16813,0.0
16814,0.0
16815,0.0
16816,0.0
16817,0.0
16818,0.0
16819,0.0
16820,0.0
16821,0.0
16822,0.0
16823,0.0
16824,0.0
16825,0.0
16826,0.0
16827,0.0
16828,0.0
16829,0.0
16830,0.0
16831,0.0
16832,0.0
16833,0.0
16834,0.0
16835,0.0
16836,0.0
16837,0.0
16838,0.0
16839,0.0
16840,0.0
16841,0.0
16842,0.0
16843,0.0
16844,0.0
16845,0.0
16846,0.0
16847,0.0
16848,0.0
16849,0.0
16850,0.0
16851,0.0
16852,0.0
16853,0.0
16854,0.0
16855,0.0
16856,0.0
16857,0.0
16858,0.0
16859,0.0
16860,0.0
16861,0.0
16862,0.0
16863,0.0
16864,0.0
16865,0.0
16866,0.0
16867,0.0
16868,0.0
16869,0.0
16870,0.0
16871,0.0
16872,0.0
16873,0.0
16874,0.0
16875,0.0
16876,0.0
16877,0.0
16878,0.0
16879,0.0
16880,0.0
16881,0.0
16882,0.0
16883,0.0
16884,0.0
16885,0.0
16886,0.0
16887,0.0
16888,0.0
16889,0.0
16890,0.0
16891,0.0
16892,0.0
16893,0.0
16894,0.0
16895,0.0
16896,0.0
16897,0.0
16898,0.0
16899,0.0
16900,0.0
16901,0.0
16902,0.0
16903,0.0
16904,0.0
16905,0.0
16906,0.0
16907,0.0
16908,0.0
16909,0.0
16910,0.0
16911,0.0
16912,0.0
16913,0.0
16914,0.0
16915,0.0
16916,0.0
16917,0.0
16918,0.0
16919,0.0
16920,0.0
16921,0.0
16922,0.0
16923,0.0
16924,0.0
16925,0.0
16926,0.0
16927,0.0
16928,0.0
16929,0.0
16930,0.0
16931,0.0
16932,0.0
16933,0.0
16934,0.0
16935,0.0
16936,0.0
16937,0.0
16938,0.0
16939,0.0
16940,0.0
16941,0.0
16942,0.0
16943,0.0
16944,0.0
16945,0.0
16946,0.0
16947,0.0
16948,0.0
16949,0.0
16950,0.0
16951,0.0
16952,0.0
16953,0.0
16954,0.0
16955,0.0
16956,0.0
16957,0.0
16958,0.0
16959,0.0
16960,0.0
16961,0.0
16962,0.0
16963,0.0
16964,0.0
16965,0.0
16966,0.0
16967,0.0
16968,0.0
16969,0.0
16970,0.0
16971,0.0
16972,0.0
16973,0.0
16974,0.0
16975,0.0
16976,0.0
16977,0.0
16978,0.0
16979,0.0
16980,0.0
16981,0.0
16982,0.0
16983,0.0
16984,0.0
16985,0.0
16986,0.0
16987,0.0
16988,0.0
16989,0.0
16990,0.0
16991,0.0
16992,0.0
16993,0.0
16994,0.0
16995,0.0
16996,0.0
16997,0.0
16998,0.0
16999,0.0
17000,0.0
17001,0.0
17002,0.0
17003,0.0
17004,0.0
17005,0.0
17006,0.0
17007,0.0
17008,0.0
17009,0.0
17010,0.0
17011,0.0
17012,0.0
17013,0.0
17014,0.0
17015,0.0
17016,0.0
17017,0.0
17018,0.0
17019,0.0
17020,0.0
17021,0.0
17022,0.0
17023,0.0
17024,0.0
17025,0.0
17026,0.0
17027,0.0
17028,0.0
17029,0.0
17030,0.0
17031,0.0
17032,0.0
17033,0.0
17034,0.0
17035,0.0
17036,0.0
17037,0.0
17038,0.0
17039,0.0
17040,0.0
17041,0.0
17042,0.0
17043,0.0
17044,0.0
17045,0.0
17046,0.0
17047,0.0
17048,0.0
17049,0.0
17050,0.0
17051,0.0
17052,0.0
17053,0.0
17054,0.0
17055,0.0
17056,0.0
17057,0.0
17058,0.0
17059,0.0
17060,0.0
17061,0.0
17062,0.0
17063,0.0
17064,0.0
17065,0.0
17066,0.0
17067,0.0
17068,0.0
17069,0.0
17070,0.0
17071,0.0
17072,0.0
17073,0.0
17074,0.0
17075,0.0
17076,0.0
17077,0.0
17078,0.0
17079,0.0
17080,0.0
17081,0.0
17082,0.0
17083,0.0
17084,0.0
17085,0.0
17086,0.0
17087,0.0
17088,0.0
17089,0.0
17090,0.0
17091,0.0
17092,0.0
17093,0.0
17094,0.0
17095,0.0
17096,0.0
17097,0.0
17098,0.0
17099,0.0
17100,0.0
17101,0.0
17102,0.0
17103,0.0
17104,0.0
17105,0.0
17106,0.0
17107,0.0
17108,0.0
17109,0.0
17110,0.0
17111,0.0
17112,0.0
17113,0.0
17114,0.0
17115,0.0
17116,0.0
17117,0.0
17118,0.0
17119,0.0
17120,0.0
17121,0.0
17122,0.0
17123,0.0
17124,0.0
17125,0.0
17126,0.0
17127,0.0
17128,0.0
17129,0.0
17130,0.0
17131,0.0
17132,0.0
17133,0.0
17134,0.0
17135,0.0
17136,0.0
17137,0.0
17138,0.0
17139,0.0
17140,0.0
17141,0.0
17142,0.0
17143,0.0
17144,0.0
17145,0.0
17146,0.0
17147,0.0
17148,0.0
17149,0.0
17150,0.0
17151,0.0
17152,0.0
17153,0.0
17154,0.0
17155,0.0
17156,0.0
17157,0.0
17158,0.0
17159,0.0
17160,0.0
17161,0.0
17162,0.0
17163,0.0
17164,0.0
17165,0.0
17166,0.0
17167,0.0
17168,0.0
17169,0.0
17170,0.0
17171,0.0
17172,0.0
17173,0.0
17174,0.0
17175,0.0
17176,0.0
17177,0.0
17178,0.0
17179,0.0
17180,0.0
17181,0.0
17182,0.0
17183,0.0
17184,0.0
17185,0.0
17186,0.0
17187,0.0
17188,0.0
17189,0.0
17190,0.0
17191,0.0
17192,0.0
17193,0.0
17194,0.0
17195,0.0
17196,0.0
17197,0.0
17198,0.0
17199,0.0
17200,0.0
17201,0.0
17202,0.0
17203,0.0
17204,0.0
17205,0.0
17206,0.0
17207,0.0
17208,0.0
17209,0.0
17210,0.0
17211,0.0
17212,0.0
17213,0.0
17214,0.0
17215,0.0
17216,0.0
17217,0.0
17218,0.0
17219,0.0
17220,0.0
17221,0.0
17222,0.0
17223,0.0
17224,0.0
17225,0.0
17226,0.0
17227,0.0
17228,0.0
17229,0.0
17230,0.0
17231,0.0
17232,0.0
17233,0.0
17234,0.0
17235,0.0
17236,0.0
17237,0.0
17238,0.0
17239,0.0
17240,0.0
17241,0.0
17242,0.0
17243,0.0
17244,0.0
17245,0.0
17246,0.0
17247,0.0
17248,0.0
17249,0.0
17250,0.0
17251,0.0
17252,0.0
17253,0.0
17254,0.0
17255,0.0
17256,0.0
17257,0.0
17258,0.0
17259,0.0
17260,0.0
17261,0.0
17262,0.0
17263,0.0
17264,0.0
17265,0.0
17266,0.0
17267,0.0
17268,0.0
17269,0.0
17270,0.0
17271,0.0
17272,0.0
17273,0.0
17274,0.0
17275,0.0
17276,0.0
17277,0.0
17278,0.0
17279,0.0
17280,0.0
17281,0.0
17282,0.0
17283,0.0
17284,0.0
17285,0.0
17286,0.0
17287,0.0
17288,0.0
17289,0.0
17290,0.0
17291,0.0
17292,0.0
17293,0.0
17294,0.0
17295,0.0
17296,0.0
17297,0.0
17298,0.0
17299,0.0
17300,0.0
17301,0.0
17302,0.0
17303,0.0
17304,0.0
17305,0.0
17306,0.0
17307,0.0
17308,0.0
17309,0.0
17310,0.0
17311,0.0
17312,0.0
17313,0.0
17314,0.0
17315,0.0
17316,0.0
17317,0.0
17318,0.0
17319,0.0
17320,0.0
17321,0.0
17322,0.0
17323,0.0
17324,0.0
17325,0.0
17326,0.0
17327,0.0
17328,0.0
17329,0.0
17330,0.0
17331,0.0
17332,0.0
17333,0.0
17334,0.0
17335,0.0
17336,0.0
17337,0.0
17338,0.0
17339,0.0
17340,0.0
17341,0.0
17342,0.0
17343,0.0
17344,0.0
17345,0.0
17346,0.0
17347,0.0
17348,0.0
17349,0.0
17350,0.0
17351,0.0
17352,0.0
17353,0.0
17354,0.0
17355,0.0
17356,0.0
17357,0.0
17358,0.0
17359,0.0
17360,0.0
17361,0.0
17362,0.0
17363,0.0
17364,0.0
17365,0.0
17366,0.0
17367,0.0
17368,0.0
17369,0.0
17370,0.0
17371,0.0
17372,0.0
17373,0.0
17374,0.0
17375,0.0
17376,0.0
17377,0.0
17378,0.0
17379,0.0
17380,0.0
17381,0.0
17382,0.0
17383,0.0
17384,0.0
17385,0.0
17386,0.0
17387,0.0
17388,0.0
17389,0.0
17390,0.0
17391,0.0
17392,0.0
17393,0.0
17394,0.0
17395,0.0
17396,0.0
17397,0.0
17398,0.0
17399,0.0
17400,0.0
17401,0.0
17402,0.0
17403,0.0
17404,0.0
17405,0.0
17406,0.0
17407,0.0
17408,0.0
17409,0.0
17410,0.0
17411,0.0
17412,0.0
17413,0.0
17414,0.0
17415,0.0
17416,0.0
17417,0.0
17418,0.0
17419,0.0
17420,0.0
17421,0.0
17422,0.0
17423,0.0
17424,0.0
17425,0.0
17426,0.0
17427,0.0
17428,0.0
17429,0.0
17430,0.0
17431,0.0
17432,0.0
17433,0.0
17434,0.0
17435,0.0
17436,0.0
17437,0.0
17438,0.0
17439,0.0
17440,0.0
17441,0.0
17442,0.0
17443,0.0
17444,0.0
17445,0.0
17446,0.0
17447,0.0
17448,0.0
17449,0.0
17450,0.0
17451,0.0
17452,0.0
17453,0.0
17454,0.0
17455,0.0
17456,0.0
17457,0.0
17458,0.0
17459,0.0
17460,0.0
17461,0.0
17462,0.0
17463,0.0
17464,0.0
17465,0.0
17466,0.0
17467,0.0
17468,0.0
17469,0.0
17470,0.0
17471,0.0
17472,0.0
17473,0.0
17474,0.0
17475,0.0
17476,0.0
17477,0.0
17478,0.0
17479,0.0
17480,0.0
17481,0.0
17482,0.0
17483,0.0
17484,0.0
17485,0.0
17486,0.0
17487,0.0
17488,0.0
17489,0.0
17490,0.0
17491,0.0
17492,0.0
17493,0.0
17494,0.0
17495,0.0
17496,0.0
17497,0.0
17498,0.0
17499,0.0
17500,0.0
17501,0.0
17502,0.0
17503,0.0
17504,0.0
17505,0.0
17506,0.0
17507,0.0
17508,0.0
17509,0.0
17510,0.0
17511,0.0
17512,0.0
17513,0.0
17514,0.0
17515,0.0
17516,0.0
17517,0.0
17518,0.0
17519,0.0
17520,0.0
17521,0.0
17522,0.0
17523,0.0
17524,0.0
17525,0.0
17526,0.0
17527,0.0
17528,0.0
17529,0.0
17530,0.0
17531,0.0
17532,0.0
17533,0.0
17534,0.0
17535,0.0
17536,0.0
17537,0.0
17538,0.0
17539,0.0
17540,0.0
17541,0.0
17542,0.0
17543,0.0
17544,0.0
17545,0.0
17546,0.0
17547,0.0
17548,0.0
17549,0.0
17550,0.0
17551,0.0
17552,0.0
17553,0.0
17554,0.0
17555,0.0
17556,0.0
17557,0.0
17558,0.0
17559,0.0
17560,0.0
17561,0.0
17562,0.0
17563,0.0
17564,0.0
17565,0.0
17566,0.0
17567,0.0
17568,0.0
17569,0.0
17570,0.0
17571,0.0
17572,0.0
17573,0.0
17574,0.0
17575,0.0
17576,0.0
17577,0.0
17578,0.0
17579,0.0
17580,0.0
17581,0.0
17582,0.0
17583,0.0
17584,0.0
17585,0.0
17586,0.0
17587,0.0
17588,0.0
17589,0.0
17590,0.0
17591,0.0
17592,0.0
17593,0.0
17594,0.0
17595,0.0
17596,0.0
17597,0.0
17598,0.0
17599,0.0
17600,0.0
17601,0.0
17602,0.0
17603,0.0
17604,0.0
17605,0.0
17606,0.0
17607,0.0
17608,0.0
17609,0.0
17610,0.0
17611,0.0
17612,0.0
17613,0.0
17614,0.0
17615,0.0
17616,0.0
17617,0.0
17618,0.0
17619,0.0
17620,0.0
17621,0.0
17622,0.0
17623,0.0
17624,0.0
17625,0.0
17626,0.0
17627,0.0
17628,0.0
17629,0.0
17630,0.0
17631,0.0
17632,0.0
17633,0.0
17634,0.0
17635,0.0
17636,0.0
17637,0.0
17638,0.0
17639,0.0
17640,0.0
17641,0.0
17642,0.0
17643,0.0
17644,0.0
17645,0.0
17646,0.0
17647,0.0
17648,0.0
17649,0.0
17650,0.0
17651,0.0
17652,0.0
17653,0.0
17654,0.0
17655,0.0
17656,0.0
17657,0.0
17658,0.0
17659,0.0
17660,0.0
17661,0.0
17662,0.0
17663,0.0
17664,0.0
17665,0.0
17666,0.0
17667,0.0
17668,0.0
17669,0.0
17670,0.0
17671,0.0
17672,0.0
17673,0.0
17674,0.0
17675,0.0
17676,0.0
17677,0.0
17678,0.0
17679,0.0
17680,0.0
17681,0.0
17682,0.0
17683,0.0
17684,0.0
17685,0.0
17686,0.0
17687,0.0
17688,0.0
17689,0.0
17690,0.0
17691,0.0
17692,0.0
17693,0.0
17694,0.0
17695,0.0
17696,0.0
17697,0.0
17698,0.0
17699,0.0
17700,0.0
17701,0.0
17702,0.0
17703,0.0
17704,0.0
17705,0.0
17706,0.0
17707,0.0
17708,0.0
17709,0.0
17710,0.0
17711,0.0
17712,0.0
17713,0.0
17714,0.0
17715,0.0
17716,0.0
17717,0.0
17718,0.0
17719,0.0
17720,0.0
17721,0.0
17722,0.0
17723,0.0
17724,0.0
17725,0.0
17726,0.0
17727,0.0
17728,0.0
17729,0.0
17730,0.0
17731,0.0
17732,0.0
17733,0.0
17734,0.0
17735,0.0
17736,0.0
17737,0.0
17738,0.0
17739,0.0
17740,0.0
17741,0.0
17742,0.0
17743,0.0
17744,0.0
17745,0.0
17746,0.0
17747,0.0
17748,0.0
17749,0.0
17750,0.0
17751,0.0
17752,0.0
17753,0.0
17754,0.0
17755,0.0
17756,0.0
17757,0.0
17758,0.0
17759,0.0
17760,0.0
17761,0.0
17762,0.0
17763,0.0
17764,0.0
17765,0.0
17766,0.0
17767,0.0
17768,0.0
17769,0.0
17770,0.0
17771,0.0
17772,0.0
17773,0.0
17774,0.0
17775,0.0
17776,0.0
17777,0.0
17778,0.0
17779,0.0
17780,0.0
17781,0.0
17782,0.0
17783,0.0
17784,0.0
17785,0.0
17786,0.0
17787,0.0
17788,0.0
17789,0.0
17790,0.0
17791,0.0
17792,0.0
17793,0.0
17794,0.0
17795,0.0
17796,0.0
17797,0.0
17798,0.0
17799,0.0
17800,0.0
17801,0.0
17802,0.0
17803,0.0
17804,0.0
17805,0.0
17806,0.0
17807,0.0
17808,0.0
17809,0.0
17810,0.0
17811,0.0
17812,0.0
17813,0.0
17814,0.0
17815,0.0
17816,0.0
17817,0.0
17818,0.0
17819,0.0
17820,0.0
17821,0.0
17822,0.0
17823,0.0
17824,0.0
17825,0.0
17826,0.0
17827,0.0
17828,0.0
17829,0.0
17830,0.0
17831,0.0
17832,0.0
17833,0.0
17834,0.0
17835,0.0
17836,0.0
17837,0.0
17838,0.0
17839,0.0
17840,0.0
17841,0.0
17842,0.0
17843,0.0
17844,0.0
17845,0.0
17846,0.0
17847,0.0
17848,0.0
17849,0.0
17850,0.0
17851,0.0
17852,0.0
17853,0.0
17854,0.0
17855,0.0
17856,0.0
17857,0.0
17858,0.0
17859,0.0
17860,0.0
17861,0.0
17862,0.0
17863,0.0
17864,0.0
17865,0.0
17866,0.0
17867,0.0
17868,0.0
17869,0.0
17870,0.0
17871,0.0
17872,0.0
17873,0.0
17874,0.0
17875,0.0
17876,0.0
17877,0.0
17878,0.0
17879,0.0
17880,0.0
17881,0.0
17882,0.0
17883,0.0
17884,0.0
17885,0.0
17886,0.0
17887,0.0
17888,0.0
17889,0.0
17890,0.0
17891,0.0
17892,0.0
17893,0.0
17894,0.0
17895,0.0
17896,0.0
17897,0.0
17898,0.0
17899,0.0
17900,0.0
17901,0.0
17902,0.0
17903,0.0
17904,0.0
17905,0.0
17906,0.0
17907,0.0
17908,0.0
17909,0.0
17910,0.0
17911,0.0
17912,0.0
17913,0.0
17914,0.0
17915,0.0
17916,0.0
17917,0.0
17918,0.0
17919,0.0
17920,0.0
17921,0.0
17922,0.0
17923,0.0
17924,0.0
17925,0.0
17926,0.0
17927,0.0
17928,0.0
17929,0.0
17930,0.0
17931,0.0
17932,0.0
17933,0.0
17934,0.0
17935,0.0
17936,0.0
17937,0.0
17938,0.0
17939,0.0
17940,0.0
17941,0.0
17942,0.0
17943,0.0
17944,0.0
17945,0.0
17946,0.0
17947,0.0
17948,0.0
17949,0.0
17950,0.0
17951,0.0
17952,0.0
17953,0.0
17954,0.0
17955,0.0
17956,0.0
17957,0.0
17958,0.0
17959,0.0
17960,0.0
17961,0.0
17962,0.0
17963,0.0
17964,0.0
17965,0.0
17966,0.0
17967,0.0
17968,0.0
17969,0.0
17970,0.0
17971,0.0
17972,0.0
17973,0.0
17974,0.0
17975,0.0
17976,0.0
17977,0.0
17978,0.0
17979,0.0
17980,0.0
17981,0.0
17982,0.0
17983,0.0
17984,0.0
17985,0.0
17986,0.0
17987,0.0
17988,0.0
17989,0.0
17990,0.0
17991,0.0
17992,0.0
17993,0.0
17994,0.0
17995,0.0
17996,0.0
17997,0.0
17998,0.0
17999,0.0
18000,0.0
18001,0.0
18002,0.0
18003,0.0
18004,0.0
18005,0.0
18006,0.0
18007,0.0
18008,0.0
18009,0.0
18010,0.0
18011,0.0
18012,0.0
18013,0.0
18014,0.0
18015,0.0
18016,0.0
18017,0.0
18018,0.0
18019,0.0
18020,0.0
18021,0.0
18022,0.0
18023,0.0
18024,0.0
18025,0.0
18026,0.0
18027,0.0
18028,0.0
18029,0.0
18030,0.0
18031,0.0
18032,0.0
18033,0.0
18034,0.0
18035,0.0
18036,0.0
18037,0.0
18038,0.0
18039,0.0
18040,0.0
18041,0.0
18042,0.0
18043,0.0
18044,0.0
18045,0.0
18046,0.0
18047,0.0
18048,0.0
18049,0.0
18050,0.0
18051,0.0
18052,0.0
18053,0.0
18054,0.0
18055,0.0
18056,0.0
18057,0.0
18058,0.0
18059,0.0
18060,0.0
18061,0.0
18062,0.0
18063,0.0
18064,0.0
18065,0.0
18066,0.0
18067,0.0
18068,0.0
18069,0.0
18070,0.0
18071,0.0
18072,0.0
18073,0.0
18074,0.0
18075,0.0
18076,0.0
18077,0.0
18078,0.0
18079,0.0
18080,0.0
18081,0.0
18082,0.0
18083,0.0
18084,0.0
18085,0.0
18086,0.0
18087,0.0
18088,0.0
18089,0.0
18090,0.0
18091,0.0
18092,0.0
18093,0.0
18094,0.0
18095,0.0
18096,0.0
18097,0.0
18098,0.0
18099,0.0
18100,0.0
18101,0.0
18102,0.0
18103,0.0
18104,0.0
18105,0.0
18106,0.0
18107,0.0
18108,0.0
18109,0.0
18110,0.0
18111,0.0
18112,0.0
18113,0.0
18114,0.0
18115,0.0
18116,0.0
18117,0.0
18118,0.0
18119,0.0
18120,0.0
18121,0.0
18122,0.0
18123,0.0
18124,0.0
18125,0.0
18126,0.0
18127,0.0
18128,0.0
18129,0.0
18130,0.0
18131,0.0
18132,0.0
18133,0.0
18134,0.0
18135,0.0
18136,0.0
18137,0.0
18138,0.0
18139,0.0
18140,0.0
18141,0.0
18142,0.0
18143,0.0
18144,0.0
18145,0.0
18146,0.0
18147,0.0
18148,0.0
18149,0.0
18150,0.0
18151,0.0
18152,0.0
18153,0.0
18154,0.0
18155,0.0
18156,0.0
18157,0.0
18158,0.0
18159,0.0
18160,0.0
18161,0.0
18162,0.0
18163,0.0
18164,0.0
18165,0.0
18166,0.0
18167,0.0
18168,0.0
18169,0.0
18170,0.0
18171,0.0
18172,0.0
18173,0.0
18174,0.0
18175,0.0
18176,0.0
18177,0.0
18178,0.0
18179,0.0
18180,0.0
18181,0.0
18182,0.0
18183,0.0
18184,0.0
18185,0.0
18186,0.0
18187,0.0
18188,0.0
18189,0.0
18190,0.0
18191,0.0
18192,0.0
18193,0.0
18194,0.0
18195,0.0
18196,0.0
18197,0.0
18198,0.0
18199,0.0
18200,0.0
18201,0.0
18202,0.0
18203,0.0
18204,0.0
18205,0.0
18206,0.0
18207,0.0
18208,0.0
18209,0.0
18210,0.0
18211,0.0
18212,0.0
18213,0.0
18214,0.0
18215,0.0
18216,0.0
18217,0.0
18218,0.0
18219,0.0
18220,0.0
18221,0.0
18222,0.0
18223,0.0
18224,0.0
18225,0.0
18226,0.0
18227,0.0
18228,0.0
18229,0.0
18230,0.0
18231,0.0
18232,0.0
18233,0.0
18234,0.0
18235,0.0
18236,0.0
18237,0.0
18238,0.0
18239,0.0
18240,0.0
18241,0.0
18242,0.0
18243,0.0
18244,0.0
18245,0.0
18246,0.0
18247,0.0
18248,0.0
18249,0.0
18250,0.0
18251,0.0
18252,0.0
18253,0.0
18254,0.0
18255,0.0
18256,0.0
18257,0.0
18258,0.0
18259,0.0
18260,0.0
18261,0.0
18262,0.0
18263,0.0
18264,0.0
18265,0.0
18266,0.0
18267,0.0
18268,0.0
18269,0.0
18270,0.0
18271,0.0
18272,0.0
18273,0.0
18274,0.0
18275,0.0
18276,0.0
18277,0.0
18278,0.0
18279,0.0
18280,0.0
18281,0.0
18282,0.0
18283,0.0
18284,0.0
18285,0.0
18286,0.0
18287,0.0
18288,0.0
18289,0.0
18290,0.0
18291,0.0
18292,0.0
18293,0.0
18294,0.0
18295,0.0
18296,0.0
18297,0.0
18298,0.0
18299,0.0
18300,0.0
18301,0.0
18302,0.0
18303,0.0
18304,0.0
18305,0.0
18306,0.0
18307,0.0
18308,0.0
18309,0.0
18310,0.0
18311,0.0
18312,0.0
18313,0.0
18314,0.0
18315,0.0
18316,0.0
18317,0.0
18318,0.0
18319,0.0
18320,0.0
18321,0.0
18322,0.0
18323,0.0
18324,0.0
18325,0.0
18326,0.0
18327,0.0
18328,0.0
18329,0.0
18330,0.0
18331,0.0
18332,0.0
18333,0.0
18334,0.0
18335,0.0
18336,0.0
18337,0.0
18338,0.0
18339,0.0
18340,0.0
18341,0.0
18342,0.0
18343,0.0
18344,0.0
18345,0.0
18346,0.0
18347,0.0
18348,0.0
18349,0.0
18350,0.0
18351,0.0
18352,0.0
18353,0.0
18354,0.0
18355,0.0
18356,0.0
18357,0.0
18358,0.0
18359,0.0
18360,0.0
18361,0.0
18362,0.0
18363,0.0
18364,0.0
18365,0.0
18366,0.0
18367,0.0
18368,0.0
18369,0.0
18370,0.0
18371,0.0
18372,0.0
18373,0.0
18374,0.0
18375,0.0
18376,0.0
18377,0.0
18378,0.0
18379,0.0
18380,0.0
18381,0.0
18382,0.0
18383,0.0
18384,0.0
18385,0.0
18386,0.0
18387,0.0
18388,0.0
18389,0.0
18390,0.0
18391,0.0
18392,0.0
18393,0.0
18394,0.0
18395,0.0
18396,0.0
18397,0.0
18398,0.0
18399,0.0
18400,0.0
18401,0.0
18402,0.0
18403,0.0
18404,0.0
18405,0.0
18406,0.0
18407,0.0
18408,0.0
18409,0.0
18410,0.0
18411,0.0
18412,0.0
18413,0.0
18414,0.0
18415,0.0
18416,0.0
18417,0.0
18418,0.0
18419,0.0
18420,0.0
18421,0.0
18422,0.0
18423,0.0
18424,0.0
18425,0.0
18426,0.0
18427,0.0
18428,0.0
18429,0.0
18430,0.0
18431,0.0
18432,0.0
18433,0.0
18434,0.0
18435,0.0
18436,0.0
18437,0.0
18438,0.0
18439,0.0
18440,0.0
18441,0.0
18442,0.0
18443,0.0
18444,0.0
18445,0.0
18446,0.0
18447,0.0
18448,0.0
18449,0.0
18450,0.0
18451,0.0
18452,0.0
18453,0.0
18454,0.0
18455,0.0
18456,0.0
18457,0.0
18458,0.0
18459,0.0
18460,0.0
18461,0.0
18462,0.0
18463,0.0
18464,0.0
18465,0.0
18466,0.0
18467,0.0
18468,0.0
18469,0.0
18470,0.0
18471,0.0
18472,0.0
18473,0.0
18474,0.0
18475,0.0
18476,0.0
18477,0.0
18478,0.0
18479,0.0
18480,0.0
18481,0.0
18482,0.0
18483,0.0
18484,0.0
18485,0.0
18486,0.0
18487,0.0
18488,0.0
18489,0.0
18490,0.0
18491,0.0
18492,0.0
18493,0.0
18494,0.0
18495,0.0
18496,0.0
18497,0.0
18498,0.0
18499,0.0
18500,0.0
18501,0.0
18502,0.0
18503,0.0
18504,0.0
18505,0.0
18506,0.0
18507,0.0
18508,0.0
18509,0.0
18510,0.0
18511,0.0
18512,0.0
18513,0.0
18514,0.0
18515,0.0
18516,0.0
18517,0.0
18518,0.0
18519,0.0
18520,0.0
18521,0.0
18522,0.0
18523,0.0
18524,0.0
18525,0.0
18526,0.0
18527,0.0
18528,0.0
18529,0.0
18530,0.0
18531,0.0
18532,0.0
18533,0.0
18534,0.0
18535,0.0
18536,0.0
18537,0.0
18538,0.0
18539,0.0
18540,0.0
18541,0.0
18542,0.0
18543,0.0
18544,0.0
18545,0.0
18546,0.0
18547,0.0
18548,0.0
18549,0.0
18550,0.0
18551,0.0
18552,0.0
18553,0.0
18554,0.0
18555,0.0
18556,0.0
18557,0.0
18558,0.0
18559,0.0
18560,0.0
18561,0.0
18562,0.0
18563,0.0
18564,0.0
18565,0.0
18566,0.0
18567,0.0
18568,0.0
18569,0.0
18570,0.0
18571,0.0
18572,0.0
18573,0.0
18574,0.0
18575,0.0
18576,0.0
18577,0.0
18578,0.0
18579,0.0
18580,0.0
18581,0.0
18582,0.0
18583,0.0
18584,0.0
18585,0.0
18586,0.0
18587,0.0
18588,0.0
18589,0.0
18590,0.0
18591,0.0
18592,0.0
18593,0.0
18594,0.0
18595,0.0
18596,0.0
18597,0.0
18598,0.0
18599,0.0
18600,0.0
18601,0.0
18602,0.0
18603,0.0
18604,0.0
18605,0.0
18606,0.0
18607,0.0
18608,0.0
18609,0.0
18610,0.0
18611,0.0
18612,0.0
18613,0.0
18614,0.0
18615,0.0
18616,0.0
18617,0.0
18618,0.0
18619,0.0
18620,0.0
18621,0.0
18622,0.0
18623,0.0
18624,0.0
18625,0.0
18626,0.0
18627,0.0
18628,0.0
18629,0.0
18630,0.0
18631,0.0
18632,0.0
18633,0.0
18634,0.0
18635,0.0
18636,0.0
18637,0.0
18638,0.0
18639,0.0
18640,0.0
18641,0.0
18642,0.0
18643,0.0
18644,0.0
18645,0.0
18646,0.0
18647,0.0
18648,0.0
18649,0.0
18650,0.0
18651,0.0
18652,0.0
18653,0.0
18654,0.0
18655,0.0
18656,0.0
18657,0.0
18658,0.0
18659,0.0
18660,0.0
18661,0.0
18662,0.0
18663,0.0
18664,0.0
18665,0.0
18666,0.0
18667,0.0
18668,0.0
18669,0.0
18670,0.0
18671,0.0
18672,0.0
18673,0.0
18674,0.0
18675,0.0
18676,0.0
18677,0.0
18678,0.0
18679,0.0
18680,0.0
18681,0.0
18682,0.0
18683,0.0
18684,0.0
18685,0.0
18686,0.0
18687,0.0
18688,0.0
18689,0.0
18690,0.0
18691,0.0
18692,0.0
18693,0.0
18694,0.0
18695,0.0
18696,0.0
18697,0.0
18698,0.0
18699,0.0
18700,0.0
18701,0.0
18702,0.0
18703,0.0
18704,0.0
18705,0.0
18706,0.0
18707,0.0
18708,0.0
18709,0.0
18710,0.0
18711,0.0
18712,0.0
18713,0.0
18714,0.0
18715,0.0
18716,0.0
18717,0.0
18718,0.0
18719,0.0
18720,0.0
18721,0.0
18722,0.0
18723,0.0
18724,0.0
18725,0.0
18726,0.0
18727,0.0
18728,0.0
18729,0.0
18730,0.0
18731,0.0
18732,0.0
18733,0.0
18734,0.0
18735,0.0
18736,0.0
18737,0.0
18738,0.0
18739,0.0
18740,0.0
18741,0.0
18742,0.0
18743,0.0
18744,0.0
18745,0.0
18746,0.0
18747,0.0
18748,0.0
18749,0.0
18750,0.0
18751,0.0
18752,0.0
18753,0.0
18754,0.0
18755,0.0
18756,0.0
18757,0.0
18758,0.0
18759,0.0
18760,0.0
18761,0.0
18762,0.0
18763,0.0
18764,0.0
18765,0.0
18766,0.0
18767,0.0
18768,0.0
18769,0.0
18770,0.0
18771,0.0
18772,0.0
18773,0.0
18774,0.0
18775,0.0
18776,0.0
18777,0.0
18778,0.0
18779,0.0
18780,0.0
18781,0.0
18782,0.0
18783,0.0
18784,0.0
18785,0.0
18786,0.0
18787,0.0
18788,0.0
18789,0.0
18790,0.0
18791,0.0
18792,0.0
18793,0.0
18794,0.0
18795,0.0
18796,0.0
18797,0.0
18798,0.0
18799,0.0
18800,0.0
18801,0.0
18802,0.0
18803,0.0
18804,0.0
18805,0.0
18806,0.0
18807,0.0
18808,0.0
18809,0.0
18810,0.0
18811,0.0
18812,0.0
18813,0.0
18814,0.0
18815,0.0
18816,0.0
18817,0.0
18818,0.0
18819,0.0
18820,0.0
18821,0.0
18822,0.0
18823,0.0
18824,0.0
18825,0.0
18826,0.0
18827,0.0
18828,0.0
18829,0.0
18830,0.0
18831,0.0
18832,0.0
18833,0.0
18834,0.0
18835,0.0
18836,0.0
18837,0.0
18838,0.0
18839,0.0
18840,0.0
18841,0.0
18842,0.0
18843,0.0
18844,0.0
18845,0.0
18846,0.0
18847,0.0
18848,0.0
18849,0.0
18850,0.0
18851,0.0
18852,0.0
18853,0.0
18854,0.0
18855,0.0
18856,0.0
18857,0.0
18858,0.0
18859,0.0
18860,0.0
18861,0.0
18862,0.0
18863,0.0
18864,0.0
18865,0.0
18866,0.0
18867,0.0
18868,0.0
18869,0.0
18870,0.0
18871,0.0
18872,0.0
18873,0.0
18874,0.0
18875,0.0
18876,0.0
18877,0.0
18878,0.0
18879,0.0
18880,0.0
18881,0.0
18882,0.0
18883,0.0
18884,0.0
18885,0.0
18886,0.0
18887,0.0
18888,0.0
18889,0.0
18890,0.0
18891,0.0
18892,0.0
18893,0.0
18894,0.0
18895,0.0
18896,0.0
18897,0.0
18898,0.0
18899,0.0
18900,0.0
18901,29.212425
18902,21.424446
18903,21.424446
18904,21.424446
18905,28.493294
18906,33.15382
18907,33.242218
18908,35.96166
18909,27.744978
18910,27.500769
18911,27.500769
18912,29.151293
18913,33.464832
18914,33.63781
18915,46.551247
18916,67.51537
18917,67.067055
18918,75.264915
18919,48.697826
18920,60.8959
18921,61.068874
18922,73.39639
18923,72.92175
18924,72.473434
18925,0.0
18926,0.0
18927,0.0
18928,0.0
18929,0.0
18930,230.05115
18931,359.42596
18932,348.38275
18933,404.34814
18934,413.2127
18935,287.85922
18936,462.67883
18937,461.78412
18938,456.19315
18939,477.6507
18940,91.77965
18941,101.20229
18942,24.583315
18943,214.32404
18944,265.8342
18945,324.2732
18946,296.77322
18947,1116.0634
18948,1125.5911
18949,6355.6377
18950,7922.4487
18951,8034.5806
18952,8026.1304
18953,8074.4346
18954,7661.0674
18955,8476.491
18956,8784.093
18957,12312.862
18958,12416.988
18959,15941.852
18960,15639.38
18961,15171.706
18962,16422.506
18963,23100.549
18964,23570.215
18965,23642.006
18966,24319.379
18967,25552.496
18968,25337.129
18969,25748.604
18970,30548.64
18971,30585.062
18972,31070.816
18973,31713.873
18974,31881.703
18975,31731.271
18976,31749.645
18977,31791.598
18978,31824.904
18979,33278.55
18980,33366.69
18981,33357.32
18982,31380.607
18983,34877.086
18984,34846.93
18985,34880.55
18986,36696.637
18987,37554.984
18988,37545.402
18989,38312.934
18990,37327.152
18991,37381.12
18992,37420.33
18993,37447.113
18994,37439.746
18995,37430.17
18996,37381.76
18997,37401.992
18998,37451.81
18999,37439.547
19000,43069.176
19001,42674.273
19002,42664.305
19003,42280.0
19004,42275.535
19005,42376.13
19006,42397.28
19007,42324.387
19008,42317.03
19009,42061.195
19010,41738.16
19011,40713.207
19012,40804.598
19013,41512.42
19014,41538.51
19015,41531.203
19016,41485.668
19017,41455.87
19018,41478.414
19019,43930.848
19020,46506.12
19021,46937.242
19022,46929.95
19023,48018.617
19024,48731.26
19025,48737.176
19026,48788.074
19027,48129.09
19028,58760.5
19029,58753.14
19030,58675.527
19031,59224.98
19032,59230.883
19033,59237.727
19034,58541.348
19035,58539.355
19036,58516.977
19037,58441.504
19038,58597.953
19039,58603.97
19040,58384.246
19041,57843.11
19042,57841.117
19043,57827.81
19044,57733.14
19045,58480.695
19046,58489.66
19047,58332.95
19048,56369.52
19049,56365.848
19050,56309.35
19051,0.0
19052,0.0
19053,0.0
19054,0.0
19055,0.0
19056,0.0
19057,0.0
19058,0.0
19059,0.0
19060,0.0
19061,0.0
19062,0.0
19063,0.0
19064,0.0
19065,0.0
19066,0.0
19067,0.0
19068,0.0
19069,0.0
19070,0.0
19071,0.0
19072,0.0
19073,0.0
19074,0.0
19075,0.0
19076,0.0
19077,0.0
19078,0.0
19079,0.0
19080,71.279755
19081,78.10229
19082,76.62658
19083,68.202255
19084,66.21979
19085,18.525503
19086,40.939194
19087,114.38477
19088,114.50736
19089,63.598335
19090,52.82715
19091,51.482105
19092,56.97453
19093,58.01527
19094,57.07611
19095,68.61578
19096,90.41475
19097,60.488773
19098,59.24878
19099,57.568283
19100,19.962326
19101,19.151825
19102,19.15996
19103,66.9498
19104,62.781113
19105,61.326775
19106,51.24499
19107,49.87781
19108,47.247696
19109,0.0
19110,0.0
19111,0.0
19112,0.0
19113,1.9051249
19114,11.282669
19115,11.839866
19116,7.5998044
19117,0.0
19118,0.0
19119,0.0
19120,0.0
19121,0.0
19122,0.0
19123,0.0
19124,0.0
19125,0.0
19126,0.0
19127,0.0
19128,0.0
19129,0.0
19130,0.0
19131,0.0
19132,1.8601551
19133,6.277546
19134,8.741468
19135,8.704072
19136,0.0
19137,0.0
19138,0.0
19139,0.0
19140,0.0
19141,4.6000996
19142,4.2532315
19143,4.4022255
19144,4.351815
19145,4.269122
19146,0.0
19147,0.0
19148,4.7050247
19149,5.0081186
19150,0.0
19151,0.0
19152,0.0
19153,0.0
19154,0.0
19155,0.0
19156,0.0
19157,0.0
19158,0.0
19159,1.4803683
19160,2.399016
19161,4.1707225
19162,3.7453294
19163,3.6099927
19164,1.4362526
19165,1.3978628
19166,0.0
19167,0.0
19168,0.0
19169,13.309907
19170,8.586914
19171,5.7090693
19172,5.7474723
19173,1.4898486
19174,1.9537642
19175,1.7076161
19176,0.09164282
19177,0.1362678
19178,0.0
19179,0.0
19180,0.0
19181,0.0
19182,0.0
19183,0.0
19184,0.0
19185,0.0
19186,0.0
19187,0.0
19188,0.0
19189,0.0
19190,0.0
19191,0.0
19192,0.0
19193,0.0
19194,0.0
19195,0.0
19196,0.0
19197,0.0
19198,0.0
19199,0.0
19200,0.0
19201,0.0
19202,0.0
19203,0.0
19204,0.0
19205,0.0
19206,0.0
19207,0.0
19208,0.0
19209,0.0
19210,0.0
19211,0.0
19212,0.0
19213,0.0
19214,0.0
19215,0.0
19216,0.0
19217,0.0
19218,0.0
19219,0.0
19220,0.0
19221,0.0
19222,0.0
19223,0.0
19224,0.0
19225,0.0
19226,0.0
19227,0.0
19228,0.0
19229,0.0
19230,0.0
19231,0.0
19232,0.0
19233,0.0
19234,0.0
19235,0.0
19236,0.0
19237,0.0
19238,0.0
19239,0.0
19240,0.0
19241,0.0
19242,0.0
19243,0.0
19244,0.0
19245,0.0
19246,0.0
19247,0.0
19248,0.0
19249,0.0
19250,0.0
19251,0.0
19252,0.0
19253,0.0
19254,0.0
19255,0.0
19256,0.0
19257,0.0
19258,0.0
19259,0.0
19260,0.0
19261,0.0
19262,0.0
19263,0.0
19264,0.0
19265,0.0
19266,0.0
19267,0.0
19268,0.0
19269,0.0
19270,0.0
19271,0.0
19272,0.0
19273,0.0
19274,0.0
19275,0.0
19276,0.0
19277,0.0
19278,0.0
19279,0.0
19280,0.0
19281,0.0
19282,0.0
19283,0.0
19284,0.0
19285,0.0
19286,0.0
19287,0.0
19288,0.0
19289,0.0
19290,0.0
19291,0.0
19292,0.0
19293,0.0
19294,0.0
19295,0.0
19296,0.0
19297,0.0
19298,0.0
19299,0.0
19300,0.0
19301,0.0
19302,0.0
19303,0.0
19304,0.0
19305,0.0
19306,0.0
19307,0.0
19308,0.0
19309,0.0
19310,0.0
19311,0.0
19312,0.0
19313,0.0
19314,0.0
19315,0.0
19316,0.0
19317,0.0
19318,0.0
19319,0.0
19320,0.0
19321,0.0
19322,0.0
19323,0.0
19324,0.0
19325,0.0
19326,0.0
19327,0.0
19328,0.0
19329,0.0
19330,0.0
19331,0.0
19332,0.0
19333,0.0
19334,0.0
19335,0.0
19336,0.0
19337,0.0
19338,0.0
19339,0.0
19340,0.0
19341,0.0
19342,0.0
19343,0.0
19344,0.0
19345,0.0
19346,0.0
19347,0.0
19348,0.0
19349,0.0
19350,0.0
19351,0.0
19352,0.0
19353,0.0
19354,0.0
19355,0.0
19356,0.0
19357,0.0
19358,0.0
19359,0.0
19360,0.0
19361,0.0
19362,0.0
19363,0.0
19364,0.0
19365,0.0
19366,0.0
19367,0.0
19368,0.0
19369,0.0
19370,0.0
19371,0.0
19372,0.0
19373,0.0
19374,0.0
19375,0.0
19376,0.0
19377,0.0
19378,0.0
19379,0.0
19380,0.0
19381,0.0
19382,0.0
19383,0.0
19384,0.0
19385,0.0
19386,0.0
19387,0.0
19388,0.0
19389,0.0
19390,0.0
19391,0.0
19392,0.0
19393,0.0
19394,0.0
19395,0.0
19396,0.0
19397,0.0
19398,0.0
19399,0.0
19400,0.0
19401,0.0
19402,0.0
19403,0.0
19404,0.0
19405,0.0
19406,0.0
19407,0.0
19408,0.0
19409,0.0
19410,0.0
19411,0.0
19412,0.0
19413,0.0
19414,0.0
19415,0.0
19416,0.0
19417,0.0
19418,0.0
19419,0.0
19420,0.0
19421,0.0
19422,0.0
19423,0.0
19424,0.0
19425,0.0
19426,0.0
19427,0.0
19428,0.0
19429,0.0
19430,0.0
19431,0.0
19432,0.0
19433,0.0
19434,0.0
19435,0.0
19436,0.0
19437,0.0
19438,0.0
19439,0.0
19440,0.0
19441,0.0
19442,0.0
19443,0.0
19444,0.0
19445,0.0
19446,0.0
19447,0.0
19448,0.0
19449,0.0
19450,0.0
19451,0.0
19452,0.0
19453,0.0
19454,0.0
19455,0.0
19456,0.0
19457,0.0
19458,0.0
19459,0.0
19460,0.0
19461,0.0
19462,0.0
19463,0.0
19464,0.0
19465,0.0
19466,0.0
19467,0.0
19468,0.0
19469,0.0
19470,0.0
19471,0.0
19472,0.0
19473,0.0
19474,0.0
19475,0.0
19476,0.0
19477,0.0
19478,0.0
19479,0.0
19480,0.0
19481,0.0
19482,0.0
19483,0.0
19484,0.0
19485,0.0
19486,0.0
19487,0.0
19488,0.0
19489,0.0
19490,0.0
19491,0.0
19492,0.0
19493,0.0
19494,0.0
19495,0.0
19496,0.0
19497,0.0
19498,0.0
19499,0.0
19500,0.0
19501,12.914371
19502,5.517663
19503,5.8025
19504,5.8025
19505,13.537833
19506,13.537833
19507,13.537431
19508,13.159303
19509,5.7625957
19510,8.059623
19511,8.059623
19512,16.067823
19513,15.999291
19514,15.998889
19515,15.123155
19516,7.7375746
19517,8.220836
19518,0.0
19519,0.40227848
19520,1.7703594
19521,1.6997441
19522,23.19015
19523,15.941089
19524,16.424345
19525,16.424345
19526,23.918333
19527,23.918333
19528,23.847712
19529,23.19015
19530,134.06168
19531,198.43448
19532,116.611305
19533,160.56393
19534,169.3313
19535,69.71308
19536,334.4749
19537,392.52893
19538,385.96378
19539,1381.9987
19540,917.8142
19541,927.1396
19542,902.73175
19543,1162.4314
19544,1239.1693
19545,1325.2991
19546,1312.8206
19547,2905.7
19548,2915.1301
19549,11191.536
19550,12810.873
19551,12947.663
19552,12927.798
19553,12860.617
19554,12387.389
19555,13165.261
19556,12930.687
19557,14365.13
19558,14510.319
19559,17805.424
19560,17622.686
19561,17086.447
19562,19331.594
19563,26116.297
19564,26766.81
19565,26847.516
19566,28039.744
19567,29411.375
19568,29091.775
19569,29761.715
19570,35086.906
19571,35235.656
19572,35211.984
19573,35836.72
19574,35907.79
19575,35654.848
19576,35726.914
19577,35814.38
19578,35960.004
19579,36040.35
19580,36116.69
19581,36002.773
19582,34004.285
19583,35686.59
19584,35099.258
19585,35266.25
19586,35685.117
19587,36541.707
19588,36427.574
19589,37164.523
19590,39960.043
19591,40055.273
19592,40227.797
19593,40266.62
19594,40247.383
19595,40133.254
19596,39951.992
19597,40021.695
19598,40112.773
19599,39965.605
19600,43040.438
19601,42536.17
19602,42421.65
19603,42026.188
19604,42076.19
19605,42218.08
19606,42326.34
19607,42172.33
19608,42154.133
19609,41665.668
19610,41216.25
19611,40693.137
19612,40825.84
19613,41369.594
19614,42821.188
19615,42803.82
19616,43105.242
19617,44148.957
19618,44225.387
19619,48514.34
19620,51344.184
19621,51939.34
19622,51921.98
19623,54220.605
19624,54936.875
19625,54999.855
19626,55069.562
19627,54395.09
19628,64997.312
19629,64979.066
19630,64870.656
19631,65429.977
19632,65492.93
19633,65516.54
19634,64804.914
19635,64802.87
19636,64769.832
19637,64645.61
19638,64812.31
19639,64875.375
19640,63313.0
19641,62756.965
19642,62754.92
19643,63116.66
19644,62967.91
19645,63723.81
19646,63791.15
19647,63651.348
19648,61771.957
19649,61768.234
19650,61727.047
19651,24.839108
19652,17.05112
19653,17.05112
19654,17.05112
19655,24.119972
19656,28.780506
19657,28.868906
19658,31.588335
19659,23.371653
19660,23.127443
19661,23.127443
19662,24.777967
19663,29.091509
19664,29.264488
19665,42.17792
19666,63.142056
19667,62.693745
19668,70.891594
19669,44.3245
19670,56.522575
19671,56.695557
19672,86.048096
19673,85.57345
19674,85.12513
19675,0.0
19676,0.0
19677,0.0
19678,0.0
19679,0.0
19680,1908.9355
19681,1975.0255
19682,1963.9788
19683,2064.6907
19684,2073.5554
19685,1948.2021
19686,2136.4946
19687,2057.774
19688,2007.4343
19689,2028.5105
19690,1687.3889
19691,1696.8115
19692,1620.1925
19693,1809.9331
19694,1861.4437
19695,1875.1337
19696,1916.9147
19697,2861.621
19698,2871.1484
19699,9004.772
19700,10616.011
19701,10728.14
19702,10674.942
19703,10678.823
19704,10310.213
19705,11125.638
19706,10684.893
19707,12202.148
19708,12324.809
19709,15796.62
19710,15494.146
19711,15071.22
19712,16095.886
19713,21921.455
19714,22391.123
19715,22462.914
19716,23411.102
19717,24644.219
19718,24473.6
19719,24885.074
19720,29685.113
19721,29721.535
19722,30207.287
19723,30046.72
19724,30214.55
19725,30108.867
19726,30127.24
19727,30169.193
19728,30202.5
19729,31656.14
19730,31699.525
19731,31690.143
19732,29747.385
19733,33199.977
19734,33169.844
19735,33203.465
19736,34788.336
19737,35601.94
19738,35592.36
19739,36404.62
19740,35444.35
19741,35498.32
19742,35537.527
19743,35564.312
19744,35512.195
19745,35502.62
19746,35498.96
19747,35519.19
19748,35569.008
19749,35556.746
19750,41186.37
19751,40746.645
19752,40736.676
19753,40559.3
19754,40554.836
19755,40655.43
19756,40676.582
19757,40603.688
19758,40551.582
19759,39773.59
19760,39410.766
19761,38929.996
19762,39021.387
19763,39744.07
19764,39770.16
19765,39762.85
19766,39717.316
19767,39687.52
19768,39710.062
19769,42162.496
19770,43768.703
19771,44199.824
19772,44192.53
19773,45281.2
19774,45993.844
19775,45999.758
19776,46050.656
19777,45391.67
19778,56023.086
19779,56015.727
19780,56209.047
19781,57238.17
19782,57244.074
19783,57392.074
19784,56695.695
19785,56693.703
19786,56671.336
19787,56595.863
19788,56752.312
19789,56758.33
19790,56478.547
19791,55670.246
19792,55668.254
19793,56007.656
19794,55912.992
19795,56660.547
19796,56669.64
19797,56512.93
19798,54549.5
19799,54545.83
19800,54507.867
19801,0.0
19802,0.0
19803,0.0
19804,0.0
19805,0.0
19806,0.0
19807,0.0
19808,0.0
19809,0.0
19810,0.0
19811,0.0
19812,0.0
19813,0.0
19814,0.0
19815,0.0
19816,0.0
19817,0.0
19818,0.0
19819,0.0
19820,0.0
19821,0.0
19822,0.0
19823,0.0
19824,0.0
19825,0.0
19826,0.0
19827,0.0
19828,0.0
19829,0.0
19830,23.329132
19831,141.21071
19832,135.90015
19833,34.14359
19834,42.49579
19835,7.1055984
19836,54.609035
19837,143.76233
19838,141.68982
19839,1288.0032
19840,993.977
19841,1002.9664
19842,1164.7576
19843,1226.3627
19844,1244.1252
19845,1289.7179
19846,1284.9481
19847,1136.3785
19848,1145.4733
19849,5517.755
19850,6954.3096
19851,7033.5835
19852,7030.137
19853,7089.744
19854,6559.4727
19855,7417.14
19856,8080.652
19857,11293.705
19858,11368.189
19859,14801.174
19860,14498.088
19861,13968.4795
19862,15205.725
19863,22442.176
19864,22601.66
19865,22650.865
19866,23326.83
19867,24522.197
19868,24217.55
19869,24628.123
19870,29067.88
19871,29092.123
19872,29975.846
19873,30609.082
19874,30788.053
19875,30713.393
19876,30731.027
19877,30730.828
19878,30751.955
19879,32447.004
19880,33058.684
19881,33055.637
19882,31153.945
19883,33728.688
19884,33652.43
19885,33673.508
19886,35616.773
19887,36910.227
19888,36906.965
19889,37612.043
19890,36630.207
19891,36638.125
19892,36656.34
19893,36685.098
19894,36676.777
19895,36673.54
19896,36577.797
19897,36599.39
19898,36603.18
19899,36588.348
19900,42227.113
19901,41830.918
19902,41827.285
19903,41490.19
19904,41485.215
19905,41539.76
19906,41558.383
19907,41482.098
19908,41473.79
19909,41273.332
19910,40999.715
19911,39974.63
19912,40019.94
19913,40725.27
19914,40834.97
19915,40826.707
19916,40787.688
19917,40801.785
19918,40823.816
19919,43229.812
19920,45326.484
19921,45733.38
19922,45725.19
19923,46811.566
19924,47546.527
19925,47551.914
19926,47556.49
19927,46897.71
19928,57530.992
19929,57522.723
19930,57446.33
19931,57816.83
19932,57822.203
19933,58003.598
19934,57280.516
19935,57278.414
19936,57254.8
19937,57180.36
19938,57159.1
19939,57164.59
19940,57465.28
19941,56927.59
19942,56925.49
19943,56855.1
19944,58936.44
19945,59168.2
19946,59176.633
19947,59523.613
19948,57653.105
19949,57651.004
19950,57615.48
19951,0.0
19952,0.0
19953,0.0
19954,0.0
19955,0.0
19956,0.0
19957,0.0
19958,0.0
19959,0.0
19960,0.0
19961,0.0
19962,0.0
19963,0.0
19964,0.0
19965,0.0
19966,0.0
19967,0.0
19968,0.0
19969,0.0
19970,0.0
19971,0.0
19972,0.0
19973,0.0
19974,0.0
19975,0.0
19976,0.0
19977,0.0
19978,0.0
19979,0.0
19980,1462.0952
19981,1477.9371
19982,1476.3885
19983,1383.4396
19984,1383.2048
19985,1472.1553
19986,1585.1671
19987,2816.8264
19988,2817.495
19989,4408.6084
19990,4312.4497
19991,4312.2153
19992,4550.868
19993,4551.0435
19994,4551.1675
19995,4551.9385
19996,4486.965
19997,4114.728
19998,4114.5996
19999,4130.6914
20000,4089.0613
20001,4088.6833
20002,4089.4236
20003,4133.5215
20004,3908.2842
20005,3908.1604
20006,4130.435
20007,4139.332
20008,4137.0156
20009,2330.229
20010,2279.9646
20011,2095.2131
20012,2101.758
20013,2324.862
20014,2330.889
20015,2331.489
20016,2327.6003
20017,2321.2312
20018,2138.2273
20019,2139.0962
20020,2302.093
20021,2302.3184
20022,2727.9905
20023,2741.5042
20024,2740.8628
20025,2784.6445
20026,2785.804
20027,2740.6812
20028,2740.739
20029,3005.438
20030,2999.0266
20031,2999.0146
20032,3038.4321
20033,3040.0774
20034,2993.928
20035,2993.942
20036,2990.6064
20037,2990.1738
20038,2990.1619
20039,3046.312
20040,3048.1338
20041,3002.1272
20042,3002.0186
20043,3001.9805
20044,3002.0557
20045,3002.1882
20046,3048.1965
20047,3048.1956
20048,3002.181
20049,3002.3103
20050,3001.3555
20051,3002.9604
20052,3002.7034
20053,3039.0635
20054,3036.2676
20055,3000.803
20056,2837.6858
20057,2840.8513
20058,2840.9326
20059,2832.3142
20060,2876.8823
20061,2877.4668
20062,2832.2744
20063,2832.126
20064,2831.914
20065,2831.9504
20066,2788.2432
20067,2842.915
20068,2842.9
20069,2848.7888
20070,2840.3743
20071,2926.2532
20072,2926.3374
20073,3591.1082
20074,3636.696
20075,3636.6377
20076,3590.4211
20077,3590.383
20078,3589.8728
20079,3589.8738
20080,3590.0208
20081,3438.8591
20082,3438.797
20083,3588.4475
20084,3587.8386
20085,3587.823
20086,3587.3535
20087,3588.2656
20088,3437.947
20089,3437.9978
20090,3731.3845
20091,3844.3103
20092,3844.2952
20093,3993.7715
20094,6157.157
20095,5680.432
20096,5680.386
20097,6156.511
20098,6156.3535
20099,6156.337
20100,6153.6133
20101,12.264052
20102,5.0092754
20103,5.0092754
20104,5.0092754
20105,11.191805
20106,11.191805
20107,11.191805
20108,12.508985
20109,5.254208
20110,5.254208
20111,5.254208
20112,11.436737
20113,11.436737
20114,11.436737
20115,12.508985
20116,5.254208
20117,5.254208
20118,0.0
20119,0.0
20120,0.0
20121,0.0
20122,0.0
20123,0.0
20124,0.0
20125,0.0
20126,0.0
20127,0.0
20128,0.0
20129,0.0
20130,0.0
20131,0.0
20132,0.0
20133,0.0
20134,0.0
20135,0.0
20136,0.0
20137,470.87756
20138,464.87732
20139,1326.4272
20140,831.74603
20141,841.03735
20142,803.72504
20143,1065.9208
20144,1169.2493
20145,1259.6866
20146,1248.0399
20147,4063.8489
20148,4073.2456
20149,19164.26
20150,20848.629
20151,21012.285
20152,20993.756
20153,20926.56
20154,20425.795
20155,21204.07
20156,20792.443
20157,22228.256
20158,22402.332
20159,27538.125
20160,27130.54
20161,26566.19
20162,29151.031
20163,36501.62
20164,37152.074
20165,37249.277
20166,38441.926
20167,39814.74
20168,39478.684
20169,40227.758
20170,45553.965
20171,45702.645
20172,45694.137
20173,46318.316
20174,46381.32
20175,46113.57
20176,46185.605
20177,46270.11
20178,46415.67
20179,47894.71
20180,47971.68
20181,47857.754
20182,45808.113
20183,47269.094
20184,46636.55
20185,46803.48
20186,48588.492
20187,50992.83
20188,50878.684
20189,49729.773
20190,48818.555
20191,48913.836
20192,49086.293
20193,49138.496
20194,48289.65
20195,48175.51
20196,47988.63
20197,48062.688
20198,48153.816
20199,48006.586
20200,51058.26
20201,50554.145
20202,50439.613
20203,50028.508
20204,50077.9
20205,50219.805
20206,50328.09
20207,50187.496
20208,50169.35
20209,49732.188
20210,49338.69
20211,49035.668
20212,49168.39
20213,49712.586
20214,51093.7
20215,51075.6
20216,51381.637
20217,52414.168
20218,52490.566
20219,56793.05
20220,59782.332
20221,60377.043
20222,60358.953
20223,62659.156
20224,63376.977
20225,63439.926
20226,63510.125
20227,62835.684
20228,74000.43
20229,73982.27
20230,73873.836
20231,74433.5
20232,74496.445
20233,74519.766
20234,73807.89
20235,73805.78
20236,73772.66
20237,73643.08
20238,73808.26
20239,73871.31
20240,72305.22
20241,71748.6
20242,71746.484
20243,72104.49
20244,71955.66
20245,72711.945
20246,72779.23
20247,72639.15
20248,70662.12
20249,70658.34
20250,70607.86
20251,1.0525992
20252,0.0
20253,0.0
20254,0.0
20255,1.4057182
20256,6.06625
20257,6.1546474
20258,7.801844
20259,0.0
20260,0.0
20261,0.0
20262,2.0637155
20263,6.377252
20264,6.5502343
20265,19.88087
20266,46.811638
20267,46.363327
20268,0.0
20269,0.0
20270,0.0
20271,0.0
20272,0.0
20273,0.0
20274,0.0
20275,0.0
20276,0.0
20277,0.0
20278,0.0
20279,0.0
20280,1724.937
20281,1784.5027
20282,1777.6486
20283,2007.0764
20284,2015.9412
20285,1896.2272
20286,2051.2493
20287,2017.3152
20288,1966.9453
20289,2205.7053
20290,1960.8586
20291,1970.2812
20292,1907.0159
20293,2076.868
20294,2094.9172
20295,2104.0107
20296,2081.086
20297,2776.2864
20298,2785.8137
20299,7927.1885
20300,9469.88
20301,9548.521
20302,9494.784
20303,9547.586
20304,9228.253
20305,10086.518
20306,10390.672
20307,14043.055
20308,14115.8545
20309,17706.31
20310,17407.89
20311,17034.922
20312,18058.73
20313,22868.3
20314,23089.902
20315,23139.342
20316,23770.959
20317,24977.973
20318,24838.156
20319,25249.227
20320,29525.967
20321,29550.248
20322,30013.646
20323,29848.63
20324,30022.367
20325,29946.262
20326,29964.262
20327,30006.156
20328,30027.322
20329,31458.604
20330,32021.941
20331,32018.465
20332,30052.934
20333,32578.164
20334,32547.912
20335,32569.39
20336,34024.145
20337,35272.56
20338,35268.766
20339,36223.082
20340,35234.875
20341,35288.79
20342,35315.793
20343,35344.555
20344,35291.508
20345,35287.723
20346,35299.59
20347,35321.684
20348,35371.445
20349,35357.008
20350,40994.336
20351,40553.562
20352,40549.383
20353,40210.48
20354,40206.016
20355,40306.555
20356,40325.574
20357,40249.3
20358,40196.27
20359,39424.082
20360,39058.707
20361,37837.1
20362,37928.406
20363,38648.957
20364,38733.188
20365,38724.953
20366,38685.156
20367,38652.887
20368,38675.43
20369,41130.94
20370,42272.13
20371,42703.01
20372,42694.793
20373,43782.367
20374,44495.066
20375,44500.98
20376,44551.79
20377,43893.004
20378,54527.4
20379,54519.113
20380,54713.43
20381,55741.098
20382,55747.0
20383,55892.15
20384,55169.953
20385,55167.867
20386,55144.562
20387,55070.008
20388,55226.38
20389,55232.395
20390,54952.6
20391,54144.06
20392,54141.973
20393,54127.5
20394,54041.918
20395,54787.734
20396,54796.7
20397,54639.957
20398,52677.484
20399,52675.4
20400,52618.152
20401,17135.85
20402,17669.348
20403,17530.475
20404,15631.579
20405,17475.186
20406,17072.926
20407,17308.898
20408,18483.992
20409,22150.346
20410,22654.912
20411,20761.004
20412,27110.39
20413,28325.633
20414,29749.637
20415,29567.592
20416,30265.469
20417,32820.01
20418,35692.758
20419,34000.74
20420,34526.613
20421,36009.973
20422,36617.027
20423,37833.293
20424,40280.547
20425,39102.45
20426,37083.914
20427,37271.074
20428,46253.906
20429,46270.535
20430,47499.69
20431,62105.26
20432,60171.45
20433,61556.918
20434,61747.707
20435,63651.83
20436,64626.156
20437,65058.11
20438,67517.71
20439,77393.734
20440,87651.58
20441,87842.375
20442,88093.766
20443,91481.48
20444,91652.22
20445,96370.46
20446,96068.02
20447,94623.56
20448,94814.36
20449,94912.85
20450,95068.94
20451,95234.38
20452,101445.28
20453,100275.42
20454,98728.25
20455,99025.62
20456,99906.734
20457,99988.9
20458,100817.48
20459,112828.086
20460,111578.67
20461,110143.96
20462,110080.234
20463,114859.2
20464,115761.58
20465,115945.83
20466,118719.18
20467,120104.35
20468,118628.97
20469,119730.11
20470,118478.52
20471,118606.34
20472,120574.984
20473,125856.96
20474,125177.45
20475,123838.3
20476,124733.21
20477,124824.54
20478,124952.36
20479,125134.85
20480,126827.06
20481,125073.836
20482,130684.24
20483,130767.37
20484,131004.984
20485,131132.8
20486,130810.27
20487,134545.84
20488,132792.62
20489,131012.22
20490,132597.84
20491,132835.47
20492,133571.58
20493,133743.9
20494,136378.73
20495,134625.47
20496,136110.78
20497,136202.69
20498,136440.31
20499,150262.9
20500,161136.9
20501,173172.17
20502,172989.7
20503,172616.27
20504,173085.3
20505,173322.94
20506,174355.88
20507,172246.4
20508,174734.5
20509,176508.6
20510,175589.58
20511,177635.31
20512,177867.45
20513,178047.05
20514,177621.06
20515,180003.0
20516,182180.27
20517,180496.64
20518,180565.48
20519,181702.1
20520,182474.53
20521,182762.34
20522,185144.28
20523,186759.94
20524,193305.53
20525,193374.36
20526,194531.89
20527,193214.23
20528,192873.88
20529,195270.31
20530,196702.7
20531,196340.58
20532,196409.42
20533,198393.12
20534,201110.9
20535,201212.3
20536,207865.4
20537,210190.77
20538,216090.28
20539,216159.12
20540,228279.06
20541,232015.38
20542,232100.45
20543,235112.05
20544,248286.08
20545,244810.45
20546,254927.44
20547,259801.9
20548,259709.95
20549,259795.03
20550,263900.53
20551,0.0
20552,0.0
20553,0.0
20554,0.0
20555,0.0
20556,0.0
20557,0.0
20558,0.0
20559,0.0
20560,0.0
20561,0.0
20562,0.0
20563,0.0
20564,0.0
20565,11.431353
20566,45.616905
20567,45.168594
20568,5.8892198
20569,0.0
20570,0.0
20571,0.0
20572,0.0
20573,0.0
20574,0.0
20575,0.0
20576,0.0
20577,0.0
20578,0.0
20579,0.0
20580,233.06552
20581,337.3804
20582,332.7623
20583,229.82452
20584,238.68909
20585,118.97592
20586,273.94485
20587,293.51904
20588,287.8982
20589,0.0
20590,0.0
20591,0.0
20592,0.0
20593,0.0
20594,0.0
20595,0.0
20596,0.0
20597,0.0
20598,0.0
20599,5067.616
20600,6610.3076
20601,6688.9453
20602,6679.9565
20603,6732.7603
20604,6368.6826
20605,7226.9346
20606,7462.2676
20607,10738.865
20608,10811.664
20609,14364.976
20610,14066.552
20611,13648.841
20612,14898.801
20613,21992.441
20614,22214.043
20615,22263.482
20616,22939.85
20617,24146.863
20618,23962.299
20619,24373.37
20620,28650.104
20621,28674.385
20622,29137.787
20623,29776.395
20624,29950.13
20625,29829.281
20626,29847.281
20627,29889.172
20628,29910.338
20629,31341.62
20630,31949.705
20631,31946.229
20632,29999.12
20633,32568.225
20634,32537.973
20635,32559.451
20636,34245.418
20637,35538.582
20638,35534.79
20639,36444.355
20640,35456.145
20641,35510.06
20642,35537.062
20643,35565.824
20644,35557.527
20645,35553.742
20646,35520.863
20647,35542.957
20648,35592.72
20649,35578.28
20650,41215.613
20651,40819.664
20652,40815.484
20653,40431.8
20654,40427.336
20655,40527.875
20656,40546.895
20657,40470.62
20658,40462.34
20659,40237.715
20660,39917.645
20661,38892.652
20662,38983.957
20663,39689.65
20664,39773.88
20665,39765.645
20666,39725.848
20667,39693.58
20668,39716.12
20669,42171.51
20670,44281.887
20671,44712.77
20672,44704.55
20673,45792.125
20674,46504.824
20675,46510.74
20676,46561.547
20677,45902.76
20678,56537.16
20679,56528.875
20680,56452.258
20681,57000.25
20682,57006.152
20683,57010.145
20684,56287.95
20685,56285.863
20686,56262.547
20687,56187.996
20688,56344.367
20689,56350.383
20690,56130.457
20691,55589.08
20692,55586.992
20693,55611.645
20694,55526.062
20695,56271.88
20696,56280.844
20697,56124.1
20698,54161.63
20699,54159.543
20700,54102.176
20701,16.436829
20702,15.903621
20703,15.903621
20704,15.903621
20705,16.789944
20706,21.450478
20707,21.538877
20708,22.941147
20709,21.979221
20710,21.735012
20711,21.735012
20712,17.203005
20713,21.516544
20714,21.689528
20715,33.530712
20716,61.749626
20717,61.301315
20718,81.73308
20719,73.73902
20720,85.57637
20721,85.74936
20722,88.23891
20723,95.01905
20724,94.57073
20725,0.0
20726,0.0
20727,0.0
20728,0.0
20729,0.0
20730,407.8621
20731,579.4891
20732,500.18277
20733,253.04141
20734,261.9061
20735,167.30519
20736,414.59586
20737,464.1052
20738,458.49985
20739,0.0
20740,0.0
20741,0.0
20742,0.0
20743,0.0
20744,0.0
20745,0.0
20746,0.0
20747,0.0
20748,0.0
20749,5501.691
20750,7140.9814
20751,7303.5635
20752,7286.479
20753,7264.286
20754,6767.744
20755,7546.146
20756,7881.3677
20757,11441.22
20758,11596.145
20759,15104.507
20760,14697.483
20761,14141.584
20762,16727.672
20763,25389.523
20764,26035.035
20765,26132.236
20766,27009.318
20767,28382.139
20768,28049.6
20769,28798.807
20770,34122.24
20771,34270.67
20772,34264.72
20773,34880.797
20774,34952.13
20775,34684.652
20776,34756.758
20777,34839.668
20778,34985.004
20779,36464.043
20780,36541.363
20781,36427.445
20782,34324.88
20783,37854.273
20784,37865.086
20785,38031.766
20786,39874.312
20787,40721.88
20788,40607.742
20789,41237.445
20790,40095.887
20791,40190.83
20792,40363.1
20793,40415.293
20794,40397.133
20795,40283.004
20796,40089.55
20797,40163.742
20798,40254.53
20799,40107.773
20800,44133.42
20801,43728.8
20802,43614.277
20803,43041.375
20804,43090.9
20805,43232.465
20806,43340.574
20807,43199.984
20808,43181.844
20809,42744.688
20810,42358.734
20811,41316.336
20812,41448.727
20813,41991.863
20814,42012.855
20815,41994.76
20816,42299.086
20817,43332.1
20818,43408.633
20819,47710.285
20820,52406.918
20821,53001.71
20822,52983.633
20823,55283.652
20824,56001.77
20825,56064.85
20826,56133.133
20827,55458.676
20828,66623.65
20829,66605.5
20830,66497.08
20831,67055.42
20832,67118.48
20833,67141.3
20834,66429.414
20835,66427.43
20836,66394.305
20837,66269.99
20838,66435.4
20839,66498.56
20840,66293.086
20841,65736.47
20842,65734.484
20843,65716.445
20844,65566.04
20845,66322.52
20846,66388.64
20847,66247.91
20848,64269.016
20849,64265.344
20850,64196.09
20851,0.0
20852,0.0
20853,0.0
20854,0.0
20855,0.0
20856,0.0
20857,0.0
20858,0.0
20859,0.0
20860,0.0
20861,0.0
20862,0.0
20863,0.0
20864,0.0
20865,0.0
20866,0.0
20867,0.0
20868,0.0
20869,0.0
20870,0.0
20871,0.0
20872,0.0
20873,0.0
20874,0.0
20875,0.0
20876,0.0
20877,0.0
20878,0.0
20879,0.0
20880,0.0
20881,0.0
20882,0.0
20883,0.0
20884,0.0
20885,0.0
20886,0.0
20887,0.0
20888,0.0
20889,0.0
20890,0.0
20891,0.0
20892,0.0
20893,0.0
20894,0.0
20895,0.0
20896,0.0
20897,0.0
20898,0.0
20899,0.0
20900,0.0
20901,0.0
20902,0.0
20903,0.0
20904,0.0
20905,0.0
20906,0.0
20907,0.0
20908,0.0
20909,0.0
20910,0.0
20911,0.0
20912,0.0
20913,0.0
20914,0.0
20915,0.0
20916,0.0
20917,0.0
20918,0.0
20919,0.0
20920,0.0
20921,0.0
20922,0.0
20923,0.0
20924,0.0
20925,0.0
20926,0.0
20927,0.0
20928,0.0
20929,0.0
20930,0.0
20931,0.0
20932,0.0
20933,0.0
20934,0.0
20935,0.0
20936,0.0
20937,0.0
20938,0.0
20939,0.0
20940,0.0
20941,0.0
20942,0.0
20943,0.0
20944,0.0
20945,0.0
20946,0.0
20947,0.0
20948,0.0
20949,0.0
20950,0.0
20951,0.0
20952,0.0
20953,0.0
20954,0.0
20955,0.0
20956,0.0
20957,0.0
20958,0.0
20959,0.0
20960,0.0
20961,0.0
20962,0.0
20963,0.0
20964,0.0
20965,0.0
20966,0.0
20967,0.0
20968,0.0
20969,0.0
20970,0.0
20971,0.0
20972,0.0
20973,0.0
20974,0.0
20975,0.0
20976,0.0
20977,0.0
20978,0.0
20979,0.0
20980,0.0
20981,0.0
20982,0.0
20983,0.0
20984,0.0
20985,0.0
20986,0.0
20987,0.0
20988,0.0
20989,0.0
20990,0.0
20991,0.0
20992,0.0
20993,0.0
20994,0.0
20995,0.0
20996,0.0
20997,0.0
20998,0.0
20999,0.0
21000,0.0
21001,0.0
21002,0.0
21003,0.0
21004,0.0
21005,0.0
21006,0.0
21007,0.0
21008,0.0
21009,0.0
21010,0.0
21011,0.0
21012,0.0
21013,0.0
21014,0.0
21015,0.0
21016,0.0
21017,0.0
21018,0.0
21019,0.0
21020,0.0
21021,0.0
21022,0.0
21023,0.0
21024,0.0
21025,0.0
21026,0.0
21027,0.0
21028,0.0
21029,0.0
21030,0.0
21031,0.0
21032,0.0
21033,0.0
21034,0.0
21035,0.0
21036,0.0
21037,0.0
21038,0.0
21039,1591.5048
21040,1489.5533
21041,1487.5652
21042,1728.543
21043,1729.784
21044,1728.7811
21045,1740.7087
21046,1697.5143
21047,1306.8007
21048,1304.9176
21049,1319.6592
21050,1284.4653
21051,1283.1804
21052,1283.8341
21053,1331.2058
21054,1094.4357
21055,1092.4379
21056,1312.6584
21057,1320.2125
21058,1317.182
21059,1058.0771
21060,973.4596
21061,778.7598
21062,832.9842
21063,1209.324
21064,1218.8026
21065,1219.563
21066,1215.538
21067,1202.7909
21068,1020.5469
21069,1020.02856
21070,1179.7413
21071,1182.867
21072,1602.4229
21073,1600.7512
21074,1602.5764
21075,1649.9896
21076,1645.967
21077,1604.2084
21078,1604.2186
21079,1867.037
21080,1874.0275
21081,1874.1681
21082,1915.4135
21083,1919.7148
21084,1876.274
21085,1876.2401
21086,1864.3087
21087,1863.2385
21088,1863.1577
21089,1908.421
21090,1914.9045
21091,1878.8455
21092,1878.4774
21093,1878.636
21094,1878.5516
21095,1878.4642
21096,1919.2642
21097,1919.0773
21098,1878.892
21099,1879.4076
21100,1869.1025
21101,1873.1282
21102,1872.6514
21103,1910.666
21104,1907.6049
21105,1871.1567
21106,1871.1984
21107,1875.2122
21108,1875.1246
21109,1844.5216
21110,1890.7302
21111,1892.6078
21112,1846.9294
21113,1846.7938
21114,1844.5636
21115,1844.523
21116,1800.6029
21117,1856.4132
21118,1856.1328
21119,1869.9468
21120,1864.1582
21121,1884.2109
21122,1884.2474
21123,1879.744
21124,1926.2385
21125,1925.9287
21126,1878.3268
21127,1878.3923
21128,1876.1294
21129,1876.0984
21130,1876.354
21131,1698.9701
21132,1698.6477
21133,1874.9482
21134,1873.95
21135,1874.0298
21136,1874.0015
21137,1874.3932
21138,1697.3644
21139,1697.1547
21140,1907.2402
21141,2028.7726
21142,2028.8524
21143,2144.3218
21144,4300.9053
21145,3797.493
21146,3796.038
21147,4298.8374
21148,4377.341
21149,4377.421
21150,4363.5425
21151,0.0
21152,0.0
21153,0.0
21154,0.0
21155,0.0
21156,0.0
21157,0.0
21158,0.0
21159,0.0
21160,0.0
21161,0.0
21162,0.0
21163,0.0
21164,0.0
21165,0.0
21166,0.0
21167,0.0
21168,0.0
21169,0.0
21170,0.0
21171,0.0
21172,0.0
21173,0.0
21174,0.0
21175,0.0
21176,0.0
21177,0.0
21178,0.0
21179,0.0
21180,71.68537
21181,78.63633
21182,77.190674
21183,67.671555
21184,65.49174
21185,18.995592
21186,41.387836
21187,114.747154
21188,114.94907
21189,63.51332
21190,52.8629
21191,51.32053
21192,56.889088
21193,58.130325
21194,57.14474
21195,68.74554
21196,91.14974
21197,61.085583
21198,59.648262
21199,58.846825
21200,21.307014
21201,20.02201
21202,20.20366
21203,67.99767
21204,56.326195
21205,54.774
21206,52.585045
21207,51.30104
21208,48.27026
21209,0.0
21210,0.0
21211,0.0
21212,0.0
21213,0.6982492
21214,10.130556
21215,10.8906355
21216,6.695843
21217,0.0
21218,0.0
21219,0.0
21220,0.0
21221,0.0
21222,0.0
21223,0.0
21224,0.0
21225,0.0
21226,0.0
21227,0.0
21228,0.0
21229,0.0
21230,0.0
21231,0.0
21232,2.7827506
21233,7.1275787
21234,9.623334
21235,9.589485
21236,0.0
21237,0.0
21238,0.0
21239,0.0
21240,0.0
21241,3.9180999
21242,3.5502203
21243,3.7088346
21244,3.6239946
21245,3.5367665
21246,0.0
21247,0.0
21248,3.9648833
21249,4.417648
21250,0.0
21251,0.0
21252,0.0
21253,0.0
21254,0.0
21255,0.0
21256,0.0
21257,0.07407598
21258,0.0
21259,0.0
21260,0.0
21261,0.0
21262,0.0
21263,0.0
21264,0.0
21265,0.0
21266,0.0
21267,0.0
21268,0.0
21269,0.0
21270,0.0
21271,7.2796574
21272,7.3157864
21273,2.0001533
21274,2.5585568
21275,2.2520247
21276,0.5866134
21277,0.64908844
21278,0.0
21279,0.0
21280,0.0
21281,0.0
21282,0.0
21283,0.0
21284,0.0
21285,0.0
21286,0.0
21287,0.0
21288,0.0
21289,0.0
21290,0.0
21291,0.0
21292,0.0
21293,0.0
21294,0.0
21295,0.0
21296,0.0
21297,0.0
21298,0.0
21299,0.0
21300,0.0
21301,0.0
21302,0.0
21303,0.0
21304,0.0
21305,0.0
21306,0.0
21307,0.0
21308,0.0
21309,0.0
21310,0.0
21311,0.0
21312,0.0
21313,0.0
21314,0.0
21315,0.0
21316,0.0
21317,0.0
21318,0.0
21319,0.0
21320,0.0
21321,0.0
21322,0.0
21323,0.0
21324,0.0
21325,0.0
21326,0.0
21327,0.0
21328,0.0
21329,0.0
21330,52.83529
21331,170.68391
21332,165.38252
21333,348.03165
21334,356.259
21335,321.97583
21336,369.515
21337,457.7679
21338,455.70618
21339,2352.275
21340,2083.738
21341,2092.6028
21342,2279.9373
21343,2341.5857
21344,2359.3662
21345,2420.0022
21346,2415.8325
21347,2572.5195
21348,2581.4893
21349,6953.977
21350,8390.536
21351,8469.827
21352,8466.42
21353,8526.854
21354,7988.6777
21355,8846.313
21356,9517.699
21357,12730.761
21358,12805.336
21359,16236.163
21360,15926.13
21361,15388.435
21362,16633.785
21363,22447.36
21364,22606.906
21365,22656.309
21366,23332.264
21367,24527.627
21368,24222.996
21369,24633.543
21370,29073.26
21371,29097.512
21372,29981.254
21373,30614.25
21374,30793.22
21375,30718.572
21376,30736.393
21377,30736.217
21378,30757.354
21379,32452.422
21380,33066.215
21381,33063.164
21382,31162.66
21383,33737.406
21384,33661.145
21385,33682.23
21386,35624.316
21387,36917.457
21388,36914.19
21389,37620.258
21390,36637.45
21391,36645.363
21392,36663.59
21393,36692.348
21394,36684.02
21395,36680.76
21396,36585.08
21397,36606.65
21398,36610.434
21399,36595.613
21400,42234.3
21401,41838.094
21402,41834.44
21403,41497.21
21404,41492.223
21405,41546.766
21406,41565.4
21407,41489.113
21408,41480.797
21409,41256.7
21410,40977.566
21411,39952.473
21412,39997.78
21413,40703.12
21414,40812.82
21415,40804.55
21416,40765.51
21417,40779.64
21418,40801.66
21419,43208.76
21420,45304.43
21421,45735.11
21422,45726.914
21423,46813.406
21424,47548.43
21425,47553.82
21426,47558.34
21427,46899.58
21428,57532.84
21429,57524.58
21430,57448.164
21431,57818.78
21432,57824.16
21433,58005.555
21434,57282.516
21435,57280.418
21436,57256.812
21437,57182.355
21438,57161.03
21439,57166.523
21440,57365.21
21441,56827.56
21442,56825.46
21443,56857.6
21444,58938.863
21445,59170.586
21446,59179.027
21447,59526.008
21448,57655.54
21449,57653.44
21450,57608.1
21451,0.0
21452,0.0
21453,0.0
21454,0.0
21455,0.0
21456,1.6929226
21457,1.7813201
21458,3.4285192
21459,0.0
21460,0.0
21461,0.0
21462,0.0
21463,2.0039256
21464,2.1769085
21465,15.50754
21466,42.438316
21467,41.990005
21468,0.0
21469,0.0
21470,0.0
21471,0.0
21472,0.0
21473,0.0
21474,0.0
21475,0.0
21476,0.0
21477,0.0
21478,0.0
21479,0.0
21480,1917.7283
21481,1958.7401
21482,1951.8859
21483,2181.3125
21484,2190.177
21485,2070.4644
21486,2238.9585
21487,2856.129
21488,2805.759
21489,3044.139
21490,2799.2917
21491,2808.714
21492,2745.4482
21493,2915.3008
21494,2933.35
21495,2942.444
21496,2988.8
21497,3750.3306
21498,3759.858
21499,10004.946
21500,11592.058
21501,11670.693
21502,11616.955
21503,11625.339
21504,11306.017
21505,12164.266
21506,11651.25
21507,12916.34
21508,13007.674
21509,16507.941
21510,16209.509
21511,15836.547
21512,16860.375
21513,21671.727
21514,21893.33
21515,21942.77
21516,22889.95
21517,24096.965
21518,23957.148
21519,24368.219
21520,28644.955
21521,28669.236
21522,29132.639
21523,28967.621
21524,29141.357
21525,29065.254
21526,29083.254
21527,29125.146
21528,29146.312
21529,30577.596
21530,31140.93
21531,31137.453
21532,29224.273
21533,31749.504
21534,31719.252
21535,31740.73
21536,33195.496
21537,34443.91
21538,34440.117
21539,34972.695
21540,34010.016
21541,34063.934
21542,34090.938
21543,34119.688
21544,34066.645
21545,34062.86
21546,34074.72
21547,34096.816
21548,34146.582
21549,34132.145
21550,39769.45
21551,39328.676
21552,39324.496
21553,39147.742
21554,39143.277
21555,39243.816
21556,39262.836
21557,39186.562
21558,39133.53
21559,38386.75
21560,38021.375
21561,37540.574
21562,37631.88
21563,38352.43
21564,38436.66
21565,38428.426
21566,38388.63
21567,38356.36
21568,38378.902
21569,40834.414
21570,41975.6
21571,42406.484
21572,42398.266
21573,43485.84
21574,44198.54
21575,44204.453
21576,44255.26
21577,43596.477
21578,54230.87
21579,54222.586
21580,54416.902
21581,55444.566
21582,55450.47
21583,55595.617
21584,54873.42
21585,54871.336
21586,54848.03
21587,54773.48
21588,54929.85
21589,54935.867
21590,54655.883
21591,53847.34
21592,53845.254
21593,54023.57
21594,53937.99
21595,54683.805
21596,54692.902
21597,54536.16
21598,52573.688
21599,52571.6
21600,52532.89
21601,0.0
21602,0.0
21603,0.0
21604,0.0
21605,0.0
21606,0.0
21607,0.0
21608,0.0
21609,0.0
21610,0.0
21611,0.0
21612,0.0
21613,0.0
21614,0.0
21615,0.0
21616,0.0
21617,0.0
21618,0.0
21619,0.0
21620,0.0
21621,0.0
21622,0.0
21623,0.0
21624,0.0
21625,0.0
21626,0.0
21627,0.0
21628,0.0
21629,0.0
21630,0.0
21631,0.0
21632,0.0
21633,0.0
21634,0.0
21635,0.0
21636,0.0
21637,0.0
21638,0.0
21639,0.0
21640,0.0
21641,0.0
21642,0.0
21643,0.0
21644,0.0
21645,0.0
21646,0.0
21647,0.0
21648,0.0
21649,0.0
21650,0.0
21651,0.0
21652,0.0
21653,0.0
21654,0.0
21655,0.0
21656,0.0
21657,0.0
21658,0.0
21659,0.0
21660,0.0
21661,0.0
21662,0.0
21663,0.0
21664,0.0
21665,0.0
21666,0.0
21667,0.0
21668,0.0
21669,0.0
21670,0.0
21671,0.0
21672,0.0
21673,0.0
21674,0.0
21675,0.0
21676,0.0
21677,0.0
21678,0.0
21679,0.0
21680,0.0
21681,0.0
21682,0.0
21683,0.0
21684,0.0
21685,0.0
21686,0.0
21687,0.0
21688,0.0
21689,0.0
21690,0.0
21691,0.0
21692,0.0
21693,0.0
21694,0.0
21695,0.0
21696,0.0
21697,0.0
21698,0.0
21699,0.0
21700,0.0
21701,0.0
21702,0.0
21703,0.0
21704,0.0
21705,0.0
21706,0.0
21707,0.0
21708,0.0
21709,0.0
21710,0.0
21711,0.0
21712,0.0
21713,0.0
21714,0.0
21715,0.0
21716,0.0
21717,0.0
21718,0.0
21719,0.0
21720,0.0
21721,0.0
21722,0.0
21723,0.0
21724,0.0
21725,0.0
21726,0.0
21727,0.0
21728,0.0
21729,0.0
21730,0.0
21731,0.0
21732,0.0
21733,0.0
21734,0.0
21735,0.0
21736,0.0
21737,0.0
21738,0.0
21739,0.0
21740,0.0
21741,0.0
21742,0.0
21743,0.0
21744,0.0
21745,0.0
21746,0.0
21747,0.0
21748,0.0
21749,0.0
21750,0.0
21751,0.0
21752,0.0
21753,0.0
21754,0.0
21755,0.0
21756,0.0
21757,0.0
21758,0.0
21759,0.0
21760,0.0
21761,0.0
21762,0.0
21763,0.0
21764,0.0
21765,0.0
21766,0.0
21767,0.0
21768,0.0
21769,0.0
21770,0.0
21771,0.0
21772,0.0
21773,0.0
21774,0.0
21775,0.0
21776,0.0
21777,0.0
21778,0.0
21779,0.0
21780,0.0
21781,0.0
21782,0.0
21783,0.0
21784,0.0
21785,0.0
21786,0.0
21787,0.0
21788,0.0
21789,0.0
21790,0.0
21791,0.0
21792,0.0
21793,0.0
21794,0.0
21795,0.0
21796,0.0
21797,0.0
21798,0.0
21799,0.0
21800,0.0
21801,0.0
21802,0.0
21803,0.0
21804,0.0
21805,0.0
21806,0.0
21807,0.0
21808,0.0
21809,0.0
21810,0.0
21811,0.0
21812,0.0
21813,0.0
21814,0.0
21815,0.0
21816,0.0
21817,0.0
21818,0.0
21819,0.0
21820,0.0
21821,0.0
21822,0.0
21823,0.0
21824,0.0
21825,0.0
21826,0.0
21827,0.0
21828,0.0
21829,0.0
21830,0.0
21831,0.0
21832,0.0
21833,0.0
21834,0.0
21835,0.0
21836,0.0
21837,0.0
21838,0.0
21839,0.0
21840,0.0
21841,0.0
21842,0.0
21843,0.0
21844,0.0
21845,0.0
21846,0.0
21847,0.0
21848,0.0
21849,0.0
21850,0.0
21851,0.0
21852,0.0
21853,0.0
21854,0.0
21855,0.0
21856,0.0
21857,0.0
21858,0.0
21859,0.0
21860,0.0
21861,0.0
21862,0.0
21863,0.0
21864,0.0
21865,0.0
21866,0.0
21867,0.0
21868,0.0
21869,0.0
21870,0.0
21871,0.0
21872,0.0
21873,0.0
21874,0.0
21875,0.0
21876,0.0
21877,0.0
21878,0.0
21879,0.0
21880,0.0
21881,0.0
21882,0.0
21883,0.0
21884,0.0
21885,0.0
21886,0.0
21887,0.0
21888,0.0
21889,0.0
21890,0.0
21891,0.0
21892,0.0
21893,0.0
21894,0.0
21895,0.0
21896,0.0
21897,0.0
21898,0.0
21899,0.0
21900,0.0
21901,805.467
21902,6963.6543
21903,27534.389
21904,22393.525
21905,24911.031
21906,31190.14
21907,35214.117
21908,63053.707
21909,82444.04
21910,76897.336
21911,71808.39
21912,90298.09
21913,99862.66
21914,103048.21
21915,118774.664
21916,139988.38
21917,137947.05
21918,140646.33
21919,156622.83
21920,172651.33
21921,174477.72
21922,192108.2
21923,201696.75
21924,198924.45
21925,193970.0
21926,194535.11
21927,196469.0
21928,265815.2
21929,265715.56
21930,274893.7
21931,311462.94
21932,329473.1
21933,344860.0
21934,346793.78
21935,369252.06
21936,403223.16
21937,422372.62
21938,418922.47
21939,467106.97
21940,484905.47
21941,486839.25
21942,522442.1
21943,526708.94
21944,526940.75
21945,571084.06
21946,564566.3
21947,584969.06
21948,586902.9
21949,596447.0
21950,616585.8
21951,616817.6
21952,640175.9
21953,678453.7
21954,679788.1
21955,690104.4
21956,702537.4
21957,701235.94
21958,709235.3
21959,776386.8
21960,775641.75
21961,769246.3
21962,788308.2
21963,794285.94
21964,805296.06
21965,805527.9
21966,812786.94
21967,838922.1
21968,833126.9
21969,836717.9
21970,847854.0
21971,850272.3
21972,848648.6
21973,858629.06
21974,873533.75
21975,871219.2
21976,889765.4
21977,947042.6
21978,946625.25
21979,946855.3
21980,967113.1
21981,966013.1
21982,996672.6
21983,998799.3
21984,1.01415644e+06
21985,1.01373906e+06
21986,1.0175432e+06
21987,1.02621156e+06
21988,1.02599856e+06
21989,1.02860894e+06
21990,1.0454235e+06
21991,1.0509494e+06
21992,1.0899494e+06
21993,1.0901795e+06
21994,1.1384769e+06
21995,1.1362632e+06
21996,1.1647085e+06
21997,1.1659895e+06
21998,1.1715152e+06
21999,1.2127495e+06
22000,1.2205168e+06
22001,1.2479916e+06
22002,1.2466216e+06
22003,1.2829865e+06
22004,1.2837741e+06
22005,1.2904834e+06
22006,1.3378298e+06
22007,1.345175e+06
22008,1.3420852e+06
22009,1.4237912e+06
22010,1.4255411e+06
22011,1.4363176e+06
22012,1.439942e+06
22013,1.4408544e+06
22014,1.4386694e+06
22015,1.4340065e+06
22016,1.4443448e+06
22017,1.470531e+06
22018,1.4717184e+06
22019,1.4825359e+06
22020,1.5450396e+06
22021,1.5452705e+06
22022,1.5406076e+06
22023,1.5424099e+06
22024,1.5320372e+06
22025,1.5330856e+06
22026,1.5413028e+06
22027,1.5862949e+06
22028,1.5842741e+06
22029,1.5795099e+06
22030,1.6429734e+06
22031,1.6562469e+06
22032,1.6571561e+06
22033,1.6423868e+06
22034,1.6425116e+06
22035,1.6426916e+06
22036,1.6928761e+06
22037,1.6885754e+06
22038,1.6731508e+06
22039,1.67406e+06
22040,1.7508371e+06
22041,1.7512906e+06
22042,1.7514706e+06
22043,1.7460782e+06
22044,1.7447285e+06
22045,1.7470219e+06
22046,1.7857465e+06
22047,1.791289e+06
22048,1.7962069e+06
22049,1.7963869e+06
22050,1.799522e+06
22051,3737.5364
22052,10763.58
22053,33381.336
22054,28504.178
22055,33747.54
22056,40443.16
22057,43648.414
22058,80263.96
22059,96990.05
22060,97175.914
22061,92282.74
22062,101729.0
22063,110811.7
22064,114374.695
22065,137275.14
22066,148546.77
22067,146385.97
22068,145520.83
22069,150270.19
22070,164579.77
22071,167091.42
22072,184505.69
22073,194477.4
22074,192200.64
22075,187441.97
22076,187365.73
22077,188817.77
22078,298514.16
22079,298288.03
22080,308070.88
22081,330575.84
22082,334802.7
22083,350433.0
22084,351884.94
22085,371580.9
22086,375066.62
22087,394216.06
22088,391261.53
22089,432674.0
22090,454726.78
22091,456178.72
22092,475951.9
22093,476402.84
22094,476634.62
22095,520237.56
22096,541175.56
22097,563984.56
22098,565436.5
22099,571720.0
22100,571734.3
22101,571966.1
22102,575729.8
22103,589232.4
22104,590301.6
22105,592421.3
22106,600730.25
22107,600773.25
22108,611799.44
22109,666661.44
22110,662302.06
22111,659451.5
22112,744890.0
22113,751163.1
22114,762262.5
22115,762494.3
22116,768225.75
22117,786346.25
22118,785632.6
22119,788099.8
22120,796194.6
22121,798702.2
22122,797078.5
22123,810568.3
22124,818546.3
22125,820831.5
22126,839377.7
22127,878933.7
22128,878605.56
22129,878456.8
22130,899227.3
22131,894348.25
22132,908853.75
22133,910111.44
22134,937407.7
22135,937079.56
22136,942357.9
22137,955175.1
22138,950763.56
22139,961089.75
22140,972415.06
22141,976864.3
22142,1.01595244e+06
22143,1.0161825e+06
22144,1.0660842e+06
22145,1.0596715e+06
22146,1.1002261e+06
22147,1.1015071e+06
22148,1.1059562e+06
22149,1.1508638e+06
22150,1.1586311e+06
22151,1.1653782e+06
22152,1.1579302e+06
22153,1.1764471e+06
22154,1.1772348e+06
22155,1.1842394e+06
22156,1.2315039e+06
22157,1.2388491e+06
22158,1.2360489e+06
22159,1.2888734e+06
22160,1.296027e+06
22161,1.2889314e+06
22162,1.2928511e+06
22163,1.2912389e+06
22164,1.2890539e+06
22165,1.2846805e+06
22166,1.2785691e+06
22167,1.3010696e+06
22168,1.302257e+06
22169,1.3160052e+06
22170,1.378017e+06
22171,1.3782479e+06
22172,1.3738745e+06
22173,1.3687779e+06
22174,1.3633878e+06
22175,1.3644361e+06
22176,1.3679555e+06
22177,1.413037e+06
22178,1.4110162e+06
22179,1.4065415e+06
22180,1.4643482e+06
22181,1.4529976e+06
22182,1.4539069e+06
22183,1.4394329e+06
22184,1.4396471e+06
22185,1.4398271e+06
22186,1.4915056e+06
22187,1.4815481e+06
22188,1.471106e+06
22189,1.4720152e+06
22190,1.5490878e+06
22191,1.5496306e+06
22192,1.5498106e+06
22193,1.5456958e+06
22194,1.5386892e+06
22195,1.5459651e+06
22196,1.5867532e+06
22197,1.5925911e+06
22198,1.6035035e+06
22199,1.6036835e+06
22200,1.61832e+06
22201,0.0
22202,0.0
22203,0.0
22204,0.0
22205,0.0
22206,6594.5293
22207,11584.819
22208,56022.668
22209,76801.64
22210,88841.77
22211,80062.14
22212,90055.03
22213,99496.47
22214,104885.5
22215,130756.58
22216,147906.0
22217,143240.45
22218,143977.19
22219,150073.08
22220,156651.2
22221,159996.95
22222,172687.64
22223,188131.95
22224,183350.44
22225,175893.66
22226,175302.28
22227,179644.47
22228,336011.34
22229,353075.84
22230,365739.2
22231,398097.3
22232,400334.44
22233,416371.34
22234,420713.44
22235,450469.72
22236,457541.53
22237,475471.75
22238,470522.72
22239,540863.6
22240,564754.06
22241,564725.8
22242,623577.4
22243,661140.0
22244,661371.8
22245,695924.56
22246,714873.4
22247,738080.8
22248,738052.56
22249,744599.6
22250,754957.06
22251,755188.9
22252,834289.56
22253,853583.3
22254,855051.1
22255,929187.3
22256,940136.0
22257,942172.94
22258,956079.6
22259,1.0498735e+06
22260,1.0435244e+06
22261,1.04184044e+06
22262,1.1345055e+06
22263,1.1406821e+06
22264,1.1520196e+06
22265,1.1522515e+06
22266,1.1916426e+06
22267,1.2057784e+06
22268,1.204619e+06
22269,1.2079755e+06
22270,1.3526741e+06
22271,1.3554198e+06
22272,1.360063e+06
22273,1.363369e+06
22274,1.3950496e+06
22275,1.3931229e+06
22276,1.4177186e+06
22277,1.4482769e+06
22278,1.4510225e+06
22279,1.4541524e+06
22280,1.4686424e+06
22281,1.4617741e+06
22282,1.5005255e+06
22283,1.5036029e+06
22284,1.5745988e+06
22285,1.5773444e+06
22286,1.5827075e+06
22287,1.5840575e+06
22288,1.5767698e+06
22289,1.5864444e+06
22290,1.5953991e+06
22291,1.602428e+06
22292,1.6449581e+06
22293,1.6451882e+06
22294,1.6943208e+06
22295,1.6850488e+06
22296,1.7213809e+06
22297,1.7251456e+06
22298,1.7321745e+06
22299,1.919897e+06
22300,1.9276641e+06
22301,1.9308985e+06
22302,1.9213894e+06
22303,1.929027e+06
22304,1.9316341e+06
22305,1.941633e+06
22306,1.9801848e+06
22307,1.9799651e+06
22308,1.971737e+06
22309,2.0195288e+06
22310,2.0736904e+06
22311,2.236248e+06
22312,2.2445082e+06
22313,2.2468108e+06
22314,2.3334215e+06
22315,2.3264328e+06
22316,2.3953118e+06
22317,2.3992922e+06
22318,2.4015672e+06
22319,2.4234992e+06
22320,2.4613892e+06
22321,2.4616202e+06
22322,2.4535842e+06
22323,2.4439788e+06
22324,2.4412978e+06
22325,2.4434338e+06
22326,2.4512935e+06
22327,2.5046795e+06
22328,2.5026592e+06
22329,2.4945218e+06
22330,2.5488975e+06
22331,2.590218e+06
22332,2.5922148e+06
22333,2.5877375e+06
22334,2.5928028e+06
22335,2.592983e+06
22336,2.6433532e+06
22337,2.635974e+06
22338,2.7120855e+06
22339,2.7140822e+06
22340,2.7614318e+06
22341,2.7666195e+06
22342,2.7667998e+06
22343,2.7633752e+06
22344,2.8133838e+06
22345,2.8188852e+06
22346,2.8289202e+06
22347,2.8363975e+06
22348,2.8391272e+06
22349,2.8393075e+06
22350,2.9397645e+06
22351,7185.014
22352,14210.524
22353,36692.58
22354,31605.32
22355,36753.305
22356,43430.008
22357,46635.26
22358,83250.25
22359,99976.35
22360,99966.75
22361,95073.58
22362,104493.01
22363,113575.71
22364,117138.7
22365,143642.31
22366,154913.97
22367,152780.0
22368,151914.88
22369,168708.34
22370,182886.55
22371,185398.2
22372,202775.33
22373,212747.05
22374,210497.12
22375,205738.45
22376,205635.38
22377,207087.4
22378,313025.56
22379,312799.44
22380,324031.94
22381,340975.56
22382,345202.4
22383,360805.88
22384,362257.8
22385,381953.8
22386,385439.53
22387,404588.97
22388,401661.25
22389,443073.7
22390,463333.16
22391,464785.1
22392,484558.28
22393,485009.22
22394,485241.0
22395,528870.5
22396,548011.5
22397,570793.7
22398,572245.6
22399,578529.1
22400,578543.44
22401,578775.25
22402,581746.1
22403,595568.9
22404,596611.25
22405,598730.94
22406,607039.9
22407,607082.9
22408,619558.8
22409,672809.1
22410,668449.75
22411,665572.3
22412,750597.0
22413,756870.1
22414,767969.5
22415,768201.3
22416,773959.6
22417,795356.25
22418,794615.75
22419,797082.94
22420,805177.75
22421,807685.3
22422,806061.6
22423,820896.56
22424,831229.94
22425,833488.25
22426,852034.44
22427,891590.3
22428,891262.2
22429,891113.44
22430,911910.8
22431,907031.75
22432,921604.25
22433,923730.94
22434,951027.06
22435,950698.94
22436,956061.9
22437,969702.4
22438,965290.8
22439,977039.9
22440,991888.25
22441,996337.5
22442,1.03542575e+06
22443,1.0356558e+06
22444,1.0855861e+06
22445,1.0791742e+06
22446,1.1196999e+06
22447,1.1209809e+06
22448,1.12543e+06
22449,1.1695095e+06
22450,1.1772769e+06
22451,1.1840509e+06
22452,1.1766029e+06
22453,1.198291e+06
22454,1.1990786e+06
22455,1.2060832e+06
22456,1.253145e+06
22457,1.2604902e+06
22458,1.2577169e+06
22459,1.3327112e+06
22460,1.339838e+06
22461,1.3369475e+06
22462,1.3408672e+06
22463,1.3392255e+06
22464,1.3370405e+06
22465,1.332694e+06
22466,1.3358375e+06
22467,1.3665718e+06
22468,1.3677591e+06
22469,1.382957e+06
22470,1.4435191e+06
22471,1.44375e+06
22472,1.4394035e+06
22473,1.4343069e+06
22474,1.4288899e+06
22475,1.4299382e+06
22476,1.4384508e+06
22477,1.4835322e+06
22478,1.4815115e+06
22479,1.4770636e+06
22480,1.5348704e+06
22481,1.5234929e+06
22482,1.5244021e+06
22483,1.5099281e+06
22484,1.5101424e+06
22485,1.5103224e+06
22486,1.5620278e+06
22487,1.5520702e+06
22488,1.5416012e+06
22489,1.5425105e+06
22490,1.619583e+06
22491,1.6201259e+06
22492,1.6203059e+06
22493,1.6152299e+06
22494,1.6082234e+06
22495,1.6154724e+06
22496,1.6527432e+06
22497,1.6585811e+06
22498,1.6635884e+06
22499,1.6637684e+06
22500,1.6798814e+06
22501,0.0
22502,0.0
22503,0.0
22504,0.0
22505,0.0
22506,0.0
22507,0.0
22508,0.0
22509,4304.3784
22510,4350.7534
22511,4303.016
22512,4444.443
22513,4302.7495
22514,4321.831
22515,4047.3237
22516,7893.373
22517,7864.7295
22518,8100.942
22519,9036.787
22520,9149.455
22521,9168.535
22522,9131.235
22523,9020.093
22524,8991.451
22525,8936.87
22526,9902.773
22527,9902.344
22528,10128.386
22529,10426.88
22530,11549.405
22531,12649.299
22532,12791.464
22533,13583.561
22534,13586.3125
22535,13552.91
22536,13712.888
22537,13766.41
22538,13692.099
22539,15483.36
22540,15857.73
22541,15860.482
22542,15716.996
22543,15731.631
22544,15728.009
22545,15724.853
22546,16094.053
22547,17730.03
22548,17732.781
22549,18128.75
22550,19162.457
22551,19173.559
22552,19257.2
22553,18880.785
22554,19056.346
22555,19241.643
22556,19464.76
22557,19083.09
22558,19135.008
22559,23372.748
22560,23884.857
22561,24008.38
22562,24285.57
22563,25360.11
22564,27015.627
22565,27035.39
22566,27750.348
22567,27894.549
22568,28043.207
22569,27478.955
22570,27496.229
22571,27509.992
22572,28813.691
22573,29411.045
22574,29652.256
22575,29801.098
22576,31953.582
22577,31819.176
22578,31832.94
22579,31649.178
22580,32292.926
22581,32110.914
22582,34349.76
22583,34301.125
22584,34246.008
22585,34259.77
22586,34064.23
22587,34125.965
22588,33943.95
22589,34376.855
22590,35893.754
22591,35914.97
22592,35889.113
22593,35927.008
22594,36062.977
22595,35842.863
22596,35886.047
22597,35888.297
22598,35909.51
22599,36006.473
22600,35774.79
22601,35724.406
22602,35504.293
22603,34645.516
22604,34607.273
22605,34628.48
22606,35256.57
22607,38759.293
22608,38737.074
22609,40319.824
22610,40428.38
22611,41216.52
22612,41237.73
22613,41163.08
22614,41278.727
22615,41256.5
22616,41361.3
22617,41581.207
22618,41584.35
22619,41634.13
22620,43183.406
22621,40859.3
22622,40837.066
22623,40662.973
22624,40345.06
22625,40348.203
22626,40263.074
22627,40221.605
22628,38714.23
22629,38691.996
22630,38615.51
22631,38859.824
22632,38858.523
22633,46347.81
22634,47461.08
22635,47111.492
22636,56864.637
22637,56733.15
22638,56879.18
22639,56882.72
22640,56377.43
22641,60683.887
22642,60317.98
22643,61409.504
22644,61250.234
22645,60793.64
22646,60764.86
22647,61762.996
22648,62695.41
22649,62329.504
22650,64290.938
22651,0.0
22652,0.0
22653,0.0
22654,0.0
22655,0.0
22656,0.0
22657,0.0
22658,0.0
22659,0.0
22660,0.0
22661,0.0
22662,0.0
22663,0.0
22664,0.0
22665,0.0
22666,0.0
22667,0.0
22668,0.0
22669,0.0
22670,0.0
22671,0.0
22672,42.122456
22673,49.178684
22674,49.679028
22675,94.02581
22676,1192.4927
22677,1192.4927
22678,1193.7878
22679,1193.1306
22680,2846.6172
22681,2909.6687
22682,2829.9385
22683,2775.3723
22684,2785.3088
22685,2679.7717
22686,2943.45
22687,3008.0132
22688,3006.3352
22689,3253.8152
22690,2800.2188
22691,2810.7131
22692,2736.7114
22693,2992.1243
22694,3065.9392
22695,3130.9565
22696,3075.6206
22697,3042.693
22698,3053.2556
22699,10931.877
22700,11351.995
22701,11485.865
22702,11472.397
22703,11404.4375
22704,10954.552
22705,11742.54
22706,11459.583
22707,11588.192
22708,11729.737
22709,12859.47
22710,12673.026
22711,12155.22
22712,14396.566
22713,22452.697
22714,22863.107
22715,22942.66
22716,24108.459
22717,25458.838
22718,25158.367
22719,25796.072
22720,30631.191
22721,30775.84
22722,30750.047
22723,31312.443
22724,31216.557
22725,30980.746
22726,30893.281
22727,30813.938
22728,30955.86
22729,30849.395
22730,30902.457
22731,30783.242
22732,28669.783
22733,29371.457
22734,28786.78
22735,28950.074
22736,29363.998
22737,30237.613
22738,30118.178
22739,30883.924
22740,32721.29
22741,32805.418
22742,32986.203
22743,32998.47
22744,32979.21
22745,32863.305
22746,32744.338
22747,32821.09
22748,32901.047
22749,32746.242
22750,33735.258
22751,33233.11
22752,33116.64
22753,32842.53
22754,32901.13
22755,33041.59
22756,33147.934
22757,34494.4
22758,34478.555
22759,34006.188
22760,33557.67
22761,32948.52
22762,33078.46
22763,33614.57
22764,35039.7
22765,35028.004
22766,35319.316
22767,36393.824
22768,36478.723
22769,40720.305
22770,42927.277
22771,43446.492
22772,43434.883
22773,45450.164
22774,46155.12
22775,46224.164
22776,46293.664
22777,45616.76
22778,53661.934
22779,53649.6
22780,53538.445
22781,53911.89
22782,53980.906
22783,54004.56
22784,53213.582
22785,53334.992
22786,53307.766
22787,53069.348
22788,53166.703
22789,53235.832
22790,50225.695
22791,49670.74
22792,49792.15
22793,51494.21
22794,51344.88
22795,52099.996
22796,52164.992
22797,52027.64
22798,49622.03
22799,49618.684
22800,49587.598
22801,2273.4238
22802,2399.3481
22803,2724.4453
22804,2518.8608
22805,2573.863
22806,2629.3267
22807,2671.2395
22808,5240.1855
22809,8141.2646
22810,8280.969
22811,8073.924
22812,8422.988
22813,9514.39
22814,9559.672
22815,9623.242
22816,10216.725
22817,10130.283
22818,10456.83
22819,10564.418
22820,10537.806
22821,10620.217
22822,11287.688
22823,11365.162
22824,11222.119
22825,11064.141
22826,10582.261
22827,10601.93
22828,7479.7007
22829,10150.203
22830,14050.357
22831,13179.806
22832,13058.952
22833,13783.157
22834,13806.455
22835,13862.107
22836,14755.412
22837,15075.527
22838,14888.883
22839,22336.143
22840,22488.678
22841,22511.973
22842,22547.51
22843,22563.318
22844,22649.023
22845,23862.234
22846,23657.697
22847,23972.643
22848,23995.938
22849,24031.371
22850,23967.594
22851,24053.299
22852,23842.928
22853,23981.318
22854,23987.545
22855,24818.182
22856,25534.701
22857,25330.535
22858,25650.12
22859,24688.504
22860,25209.725
22861,25307.238
22862,25342.068
22863,25363.072
22864,30836.812
22865,30922.562
22866,30953.377
22867,32770.527
22868,32873.344
22869,33115.508
22870,33121.637
22871,33156.23
22872,33175.203
22873,32981.69
22874,32921.21
22875,33024.027
22876,33155.477
22877,33678.58
22878,33713.17
22879,33905.68
22880,34391.86
22881,34284.87
22882,38640.055
22883,38698.87
22884,40095.01
22885,40129.605
22886,40375.438
22887,42531.926
22888,42424.934
22889,42592.734
22890,40989.402
22891,41025.035
22892,41047.45
22893,41131.45
22894,40993.004
22895,40886.01
22896,40939.625
22897,41006.805
22898,41042.438
22899,40902.867
22900,40937.56
22901,40799.105
22902,40692.117
22903,40758.168
22904,40881.992
22905,40917.63
22906,44041.598
22907,44398.64
22908,44260.19
22909,43309.887
22910,43376.895
22911,43439.18
22912,43474.812
22913,43863.89
22914,43544.14
22915,43405.695
22916,43538.74
22917,43822.914
22918,43845.605
22919,44131.734
22920,43441.086
22921,43493.254
22922,43354.805
22923,42188.684
22924,42022.05
22925,42044.74
22926,42152.23
22927,42187.656
22928,42260.16
22929,42020.125
22930,42031.28
22931,42153.49
22932,42176.17
22933,42240.484
22934,41969.125
22935,42003.03
22936,41789.55
22937,42403.152
22938,42335.074
22939,42357.76
22940,42393.52
22941,42998.46
22942,43032.367
22943,42626.652
22944,43192.152
22945,43343.016
22946,43711.383
22947,43771.75
22948,43806.344
22949,43840.25
22950,43976.89
22951,0.0
22952,0.0
22953,5734.609
22954,0.0
22955,2884.27
22956,12894.102
22957,17884.389
22958,67641.2
22959,92340.78
22960,120733.04
22961,112119.31
22962,121840.86
22963,131453.61
22964,136842.72
22965,163882.55
22966,178677.73
22967,175541.36
22968,176444.0
22969,180564.44
22970,187313.94
22971,190659.69
22972,204007.06
22973,219451.36
22974,216199.03
22975,208908.17
22976,208027.56
22977,212541.12
22978,370748.28
22979,390123.84
22980,402787.2
22981,436674.53
22982,439077.56
22983,454825.25
22984,459338.7
22985,489094.97
22986,492997.22
22987,510927.44
22988,507507.62
22989,578014.44
22990,601615.7
22991,601758.8
22992,660610.4
22993,696595.75
22994,696827.56
22995,732909.44
22996,752024.2
22997,774942.44
22998,775085.56
22999,781632.6
23000,790412.8
23001,790644.6
23002,870871.8
23003,880323.06
23004,881501.7
23005,955809.25
23006,965595.0
23007,966054.7
23008,979961.4
23009,1.0752844e+06
23010,1.0691019e+06
23011,1.0682764e+06
23012,1.1599644e+06
23013,1.166141e+06
23014,1.1759015e+06
23015,1.1761334e+06
23016,1.2170538e+06
23017,1.2313554e+06
23018,1.2310549e+06
23019,1.2334344e+06
23020,1.377694e+06
23021,1.3788624e+06
23022,1.3835056e+06
23023,1.3883409e+06
23024,1.4201874e+06
23025,1.4191195e+06
23026,1.4427385e+06
23027,1.471507e+06
23028,1.4726754e+06
23029,1.4758052e+06
23030,1.4918245e+06
23031,1.4851221e+06
23032,1.5234815e+06
23033,1.5255819e+06
23034,1.5965778e+06
23035,1.5977461e+06
23036,1.6031092e+06
23037,1.6059885e+06
23038,1.5988666e+06
23039,1.6094004e+06
23040,1.6173781e+06
23041,1.624407e+06
23042,1.6653599e+06
23043,1.66559e+06
23044,1.7162518e+06
23045,1.7071459e+06
23046,1.7443369e+06
23047,1.7471246e+06
23048,1.7541535e+06
23049,1.9414948e+06
23050,1.9492619e+06
23051,1.9489795e+06
23052,1.9396362e+06
23053,1.948133e+06
23054,1.9497631e+06
23055,1.959762e+06
23056,1.9914549e+06
23057,1.9912352e+06
23058,1.9855726e+06
23059,2.0335302e+06
23060,2.0890479e+06
23061,2.2510492e+06
23062,2.2593095e+06
23063,2.2612858e+06
23064,2.35064e+06
23065,2.3454145e+06
23066,2.4156228e+06
23067,2.419007e+06
23068,2.4215265e+06
23069,2.4434585e+06
23070,2.4805488e+06
23071,2.4807798e+06
23072,2.474507e+06
23073,2.4650672e+06
23074,2.46179e+06
23075,2.4641705e+06
23076,2.4720302e+06
23077,2.523839e+06
23078,2.5218188e+06
23079,2.5154445e+06
23080,2.569986e+06
23081,2.6107102e+06
23082,2.6129515e+06
23083,2.6084742e+06
23084,2.6119622e+06
23085,2.6121425e+06
23086,2.660583e+06
23087,2.654782e+06
23088,2.7275878e+06
23089,2.729829e+06
23090,2.7758952e+06
23091,2.7808028e+06
23092,2.780983e+06
23093,2.7793218e+06
23094,2.8309085e+06
23095,2.8331042e+06
23096,2.8433838e+06
23097,2.850861e+06
23098,2.8533105e+06
23099,2.8534908e+06
23100,2.955711e+06
23101,0.0
23102,0.0
23103,0.0
23104,0.0
23105,0.0
23106,0.0
23107,0.0
23108,0.0
23109,0.0
23110,0.0
23111,0.0
23112,0.0
23113,0.0
23114,0.0
23115,0.0
23116,0.0
23117,0.0
23118,0.0
23119,0.0
23120,0.0
23121,0.0
23122,22.708906
23123,22.510351
23124,23.01069
23125,67.35746
23126,1173.0793
23127,1173.0793
23128,1174.3745
23129,1173.7173
23130,2876.2202
23131,2939.2715
23132,2857.3086
23133,3090.412
23134,3100.3486
23135,2994.8118
23136,3258.49
23137,3323.054
23138,3321.3757
23139,4317.4414
23140,3891.4812
23141,3901.9753
23142,3854.66
23143,4110.0713
23144,4183.8857
23145,4263.939
23146,4208.602
23147,4472.5063
23148,4483.0693
23149,12361.691
23150,12781.81
23151,12915.68
23152,12902.212
23153,12834.252
23154,12384.366
23155,13172.3545
23156,12889.397
23157,13018.006
23158,13159.551
23159,14289.284
23160,14102.841
23161,13585.033
23162,15826.38
23163,22452.697
23164,22863.107
23165,22942.66
23166,24108.459
23167,25458.838
23168,25158.367
23169,25796.072
23170,30631.191
23171,30775.84
23172,30750.047
23173,31312.443
23174,31216.557
23175,30980.746
23176,30893.281
23177,30813.938
23178,30955.86
23179,30849.395
23180,30902.457
23181,30783.242
23182,28669.783
23183,29371.457
23184,28786.78
23185,28950.074
23186,29363.998
23187,30237.613
23188,30118.178
23189,30883.924
23190,32721.29
23191,32805.418
23192,32986.203
23193,32998.47
23194,32979.21
23195,32863.305
23196,32744.338
23197,32821.09
23198,32901.047
23199,32746.242
23200,33735.258
23201,33233.11
23202,33116.64
23203,32842.53
23204,32901.13
23205,33041.59
23206,33147.934
23207,34494.4
23208,34478.555
23209,34006.188
23210,33557.67
23211,32948.52
23212,33078.46
23213,33614.57
23214,35039.7
23215,35028.004
23216,35319.316
23217,36393.824
23218,36478.723
23219,40720.305
23220,42927.277
23221,43446.492
23222,43434.883
23223,45450.164
23224,46155.12
23225,46224.164
23226,46293.664
23227,45616.76
23228,53661.934
23229,53649.6
23230,53538.445
23231,53911.89
23232,53980.906
23233,54004.56
23234,53213.582
23235,53334.992
23236,53307.766
23237,53069.348
23238,53166.703
23239,53235.832
23240,50225.695
23241,49670.74
23242,49792.15
23243,51494.21
23244,51344.88
23245,52099.996
23246,52164.992
23247,52027.64
23248,49622.03
23249,49618.684
23250,49587.598
23251,0.0
23252,0.0
23253,0.0
23254,0.0
23255,0.0
23256,0.0
23257,0.0
23258,0.0
23259,0.0
23260,0.0
23261,0.0
23262,0.0
23263,0.0
23264,0.0
23265,0.0
23266,0.0
23267,0.0
23268,0.0
23269,0.0
23270,0.0
23271,0.0
23272,22.708906
23273,22.510351
23274,23.01069
23275,67.35746
23276,1173.0793
23277,1173.0793
23278,1174.3745
23279,1173.7173
23280,2876.2202
23281,2939.2715
23282,2857.3086
23283,3090.412
23284,3100.3486
23285,2994.8118
23286,3258.49
23287,3323.054
23288,3321.3757
23289,4317.4414
23290,3891.4812
23291,3901.9753
23292,3854.66
23293,4110.0713
23294,4183.8857
23295,4263.939
23296,4208.602
23297,4472.5063
23298,4483.0693
23299,12361.691
23300,12781.81
23301,12915.68
23302,12902.212
23303,12834.252
23304,12384.366
23305,13172.3545
23306,12889.397
23307,13018.006
23308,13159.551
23309,14289.284
23310,14102.841
23311,13585.033
23312,15826.38
23313,22452.697
23314,22863.107
23315,22942.66
23316,24108.459
23317,25458.838
23318,25158.367
23319,25796.072
23320,30631.191
23321,30775.84
23322,30750.047
23323,31312.443
23324,31216.557
23325,30980.746
23326,30893.281
23327,30813.938
23328,30955.86
23329,30849.395
23330,30902.457
23331,30783.242
23332,28669.783
23333,29371.457
23334,28786.78
23335,28950.074
23336,29363.998
23337,30237.613
23338,30118.178
23339,30883.924
23340,32721.29
23341,32805.418
23342,32986.203
23343,32998.47
23344,32979.21
23345,32863.305
23346,32744.338
23347,32821.09
23348,32901.047
23349,32746.242
23350,33735.258
23351,33233.11
23352,33116.64
23353,32842.53
23354,32901.13
23355,33041.59
23356,33147.934
23357,34494.4
23358,34478.555
23359,34006.188
23360,33557.67
23361,32948.52
23362,33078.46
23363,33614.57
23364,35039.7
23365,35028.004
23366,35319.316
23367,36393.824
23368,36478.723
23369,40720.305
23370,42927.277
23371,43446.492
23372,43434.883
23373,45450.164
23374,46155.12
23375,46224.164
23376,46293.664
23377,45616.76
23378,53661.934
23379,53649.6
23380,53538.445
23381,53911.89
23382,53980.906
23383,54004.56
23384,53213.582
23385,53334.992
23386,53307.766
23387,53069.348
23388,53166.703
23389,53235.832
23390,50225.695
23391,49670.74
23392,49792.15
23393,51494.21
23394,51344.88
23395,52099.996
23396,52164.992
23397,52027.64
23398,49622.03
23399,49618.684
23400,49587.598
23401,0.0
23402,0.0
23403,0.0
23404,0.0
23405,0.0
23406,0.0
23407,0.0
23408,0.0
23409,0.0
23410,0.0
23411,0.0
23412,0.0
23413,0.0
23414,0.0
23415,0.0
23416,0.0
23417,0.0
23418,0.0
23419,0.0
23420,0.0
23421,0.0
23422,0.0
23423,0.0
23424,0.0
23425,0.0
23426,0.0
23427,0.0
23428,0.0
23429,0.0
23430,0.0
23431,0.0
23432,0.0
23433,0.0
23434,0.0
23435,0.0
23436,0.0
23437,0.0
23438,0.0
23439,0.0
23440,0.0
23441,0.0
23442,0.0
23443,0.0
23444,0.0
23445,0.0
23446,0.0
23447,0.0
23448,0.0
23449,0.0
23450,0.0
23451,0.0
23452,0.0
23453,0.0
23454,0.0
23455,0.0
23456,0.0
23457,0.0
23458,0.0
23459,0.0
23460,0.0
23461,0.0
23462,0.0
23463,0.0
23464,0.0
23465,0.0
23466,0.0
23467,0.0
23468,0.0
23469,0.0
23470,0.0
23471,0.0
23472,0.0
23473,0.0
23474,0.0
23475,0.0
23476,0.0
23477,0.0
23478,0.0
23479,0.0
23480,0.0
23481,0.0
23482,0.0
23483,0.0
23484,0.0
23485,0.0
23486,0.0
23487,0.0
23488,0.0
23489,0.0
23490,0.0
23491,0.0
23492,0.0
23493,0.0
23494,0.0
23495,0.0
23496,0.0
23497,0.0
23498,0.0
23499,0.0
23500,0.0
23501,0.0
23502,0.0
23503,0.0
23504,0.0
23505,0.0
23506,0.0
23507,0.0
23508,0.0
23509,0.0
23510,0.0
23511,0.0
23512,0.0
23513,0.0
23514,0.0
23515,0.0
23516,0.0
23517,0.0
23518,0.0
23519,0.0
23520,0.0
23521,0.0
23522,0.0
23523,0.0
23524,0.0
23525,0.0
23526,0.0
23527,0.0
23528,0.0
23529,0.0
23530,0.0
23531,0.0
23532,0.0
23533,0.0
23534,0.0
23535,0.0
23536,0.0
23537,0.0
23538,0.0
23539,0.0
23540,0.0
23541,0.0
23542,0.0
23543,0.0
23544,0.0
23545,0.0
23546,0.0
23547,0.0
23548,0.0
23549,0.0
23550,0.0
23551,0.0
23552,0.0
23553,0.0
23554,0.0
23555,0.0
23556,0.0
23557,0.0
23558,0.0
23559,0.0
23560,0.0
23561,0.0
23562,0.0
23563,0.0
23564,0.0
23565,0.0
23566,42.43473
23567,0.0
23568,2697.517
23569,2770.7048
23570,3193.9177
23571,3270.207
23572,3455.0286
23573,3460.666
23574,3390.2173
23575,3320.0898
23576,3282.5159
23577,3294.7358
23578,3053.1296
23579,2897.9692
23580,3638.172
23581,3422.7026
23582,3388.886
23583,3960.6538
23584,3976.502
23585,4026.0337
23586,3988.605
23587,4012.055
23588,3941.6062
23589,3893.5535
23590,3928.2622
23591,3944.1104
23592,3973.5276
23593,4039.77
23594,4053.643
23595,4126.858
23596,4084.4783
23597,4080.8088
23598,4096.655
23599,4125.9707
23600,4306.9463
23601,4320.8193
23602,4279.6406
23603,4592.6216
23604,4627.227
23605,4568.53
23606,5249.718
23607,5222.337
23608,5279.8
23609,4946.72
23610,4909.2397
23611,4923.2876
23612,4939.1353
23613,4954.019
23614,5004.2437
23615,5018.1606
23616,4988.2476
23617,4073.801
23618,4093.1538
23619,4731.4536
23620,4757.0586
23621,4791.6543
23622,4738.791
23623,4661.4824
23624,4665.201
23625,4684.55
23626,4809.335
23627,5306.2305
23628,5340.826
23629,5339.081
23630,5789.4624
23631,5746.6763
23632,5728.876
23633,5736.0796
23634,5777.185
23635,5811.781
23636,5809.166
23637,5738.717
23638,5695.9307
23639,5764.718
23640,5595.942
23641,5625.4634
23642,5651.272
23643,5663.432
23644,5632.515
23645,5589.729
23646,5608.0757
23647,5656.268
23648,5685.7905
23649,5452.6787
23650,5416.555
23651,5345.081
23652,5302.295
23653,5333.072
23654,5438.716
23655,5468.2383
23656,5718.3335
23657,6004.327
23658,5932.853
23659,6000.97
23660,6032.709
23661,5540.218
23662,5569.7393
23663,5662.355
23664,5695.2896
23665,5623.8154
23666,6263.2686
23667,6300.1084
23668,6303.8115
23669,6393.1626
23670,6957.5444
23671,6971.218
23672,6899.7437
23673,4906.0767
23674,5081.293
23675,5084.996
23676,5186.3784
23677,5221.8125
23678,5403.393
23679,5324.954
23680,4840.7363
23681,4940.1123
23682,4943.8154
23683,5002.018
23684,6653.727
23685,6666.912
23686,6956.2065
23687,7707.4507
23688,7972.4053
23689,7976.1084
23690,8005.7515
23691,8017.4966
23692,8030.6816
23693,8092.633
23694,8061.3125
23695,8087.349
23696,8135.5127
23697,8176.8857
23698,8211.486
23699,8224.672
23700,8282.152
23701,0.0
23702,0.0
23703,0.0
23704,0.0
23705,0.0
23706,0.0
23707,0.0
23708,0.0
23709,0.0
23710,0.0
23711,0.0
23712,0.0
23713,0.0
23714,0.0
23715,0.0
23716,0.0
23717,0.0
23718,0.0
23719,0.0
23720,0.0
23721,0.0
23722,0.0
23723,0.0
23724,0.0
23725,0.0
23726,0.0
23727,0.0
23728,0.0
23729,0.0
23730,0.0
23731,0.0
23732,0.0
23733,0.0
23734,0.0
23735,0.0
23736,0.0
23737,0.0
23738,0.0
23739,0.0
23740,0.0
23741,0.0
23742,0.0
23743,0.0
23744,0.0
23745,0.0
23746,0.0
23747,0.0
23748,0.0
23749,0.0
23750,0.0
23751,0.0
23752,0.0
23753,0.0
23754,0.0
23755,0.0
23756,0.0
23757,0.0
23758,0.0
23759,0.0
23760,0.0
23761,0.0
23762,0.0
23763,0.0
23764,0.0
23765,0.0
23766,0.0
23767,0.0
23768,0.0
23769,0.0
23770,0.0
23771,0.0
23772,0.0
23773,0.0
23774,0.0
23775,0.0
23776,0.0
23777,0.0
23778,0.0
23779,0.0
23780,0.0
23781,0.0
23782,0.0
23783,0.0
23784,0.0
23785,0.0
23786,0.0
23787,0.0
23788,0.0
23789,0.0
23790,0.0
23791,0.0
23792,0.0
23793,0.0
23794,0.0
23795,0.0
23796,0.0
23797,0.0
23798,0.0
23799,0.0
23800,0.0
23801,0.0
23802,0.0
23803,0.0
23804,0.0
23805,0.0
23806,0.0
23807,0.0
23808,0.0
23809,0.0
23810,0.0
23811,0.0
23812,0.0
23813,0.0
23814,0.0
23815,0.0
23816,0.0
23817,0.0
23818,0.0
23819,0.0
23820,0.0
23821,0.0
23822,0.0
23823,0.0
23824,0.0
23825,0.0
23826,0.0
23827,0.0
23828,0.0
23829,0.0
23830,0.0
23831,0.0
23832,0.0
23833,0.0
23834,0.0
23835,0.0
23836,0.0
23837,0.0
23838,0.0
23839,0.0
23840,0.0
23841,0.0
23842,0.0
23843,0.0
23844,0.0
23845,0.0
23846,0.0
23847,0.0
23848,0.0
23849,0.0
23850,0.0
23851,0.0
23852,0.0
23853,0.0
23854,0.0
23855,0.0
23856,0.0
23857,0.0
23858,0.0
23859,0.0
23860,0.0
23861,0.0
23862,0.0
23863,0.0
23864,0.0
23865,0.0
23866,0.0
23867,0.0
23868,0.0
23869,0.0
23870,0.0
23871,0.0
23872,0.0
23873,0.0
23874,0.0
23875,0.0
23876,0.0
23877,0.0
23878,214.61337
23879,48.53172
23880,53.61218
23881,0.0
23882,0.0
23883,0.0
23884,0.0
23885,0.0
23886,0.0
23887,0.0
23888,0.0
23889,0.0
23890,0.0
23891,0.0
23892,0.0
23893,0.0
23894,0.0
23895,75.27799
23896,52.972645
23897,1099.213
23898,1118.9592
23899,1141.5505
23900,1647.0393
23901,1660.9117
23902,1572.5533
23903,2442.6572
23904,2449.0146
23905,2671.2422
23906,2614.5186
23907,2598.0095
23908,2655.4727
23909,2693.219
23910,2666.9224
23911,2672.8384
23912,2692.9387
23913,2701.1
23914,2737.7031
23915,2751.62
23916,2733.3413
23917,3255.596
23918,3266.8179
23919,3324.1785
23920,3344.258
23921,3367.9326
23922,3343.981
23923,3277.3655
23924,3293.703
23925,3305.103
23926,3327.612
23927,3342.212
23928,3365.8865
23929,3351.4253
23930,3855.898
23931,3824.296
23932,3494.6628
23933,3505.7651
23934,3539.9653
23935,3563.64
23936,3543.0151
23937,3483.259
23938,3451.657
23939,3508.3745
23940,3593.1084
23941,3615.724
23942,3609.5789
23943,3621.7388
23944,3561.9827
23945,3530.3806
23946,3540.7795
23947,3573.2737
23948,3595.8894
23949,3555.8738
23950,3519.7498
23951,3458.9688
23952,3427.3667
23953,3450.1965
23954,3523.455
23955,3546.0703
23956,3570.4834
23957,3753.2556
23958,3692.4746
23959,3622.544
23960,3643.37
23961,3760.8206
23962,3783.4363
23963,3815.0366
23964,3847.97
23965,3787.189
23966,4184.9233
23967,4262.1284
23968,4269.73
23969,4352.1743
23970,5152.243
23971,5178.82
23972,5118.039
23973,5058.5107
23974,5237.9536
23975,5245.555
23976,5340.0312
23977,5370.804
23978,5420.169
23979,5352.4233
23980,5392.6753
23981,5497.7344
23982,5505.336
23983,5556.6323
23984,6675.292
23985,6688.477
23986,7521.3813
23987,7360.974
23988,6621.714
23989,6629.3154
23990,6652.053
23991,6540.7847
23992,6553.9697
23993,6521.799
23994,6488.0312
23995,6519.288
23996,6574.197
23997,6608.6646
23998,6632.3394
23999,6645.5244
24000,6709.6514
24001,10487.784
24002,17513.828
24003,39931.88
24004,35054.688
24005,40018.918
24006,46695.61
24007,49900.863
24008,86516.4
24009,103242.5
24010,103428.35
24011,98535.18
24012,107981.45
24013,117064.16
24014,120627.15
24015,147044.8
24016,158316.42
24017,156155.61
24018,155290.52
24019,172110.83
24020,186289.03
24021,188800.69
24022,206214.97
24023,216186.69
24024,213909.92
24025,209151.25
24026,209075.02
24027,210527.05
24028,321172.97
24029,320946.84
24030,332179.38
24031,353234.66
24032,357461.5
24033,373091.8
24034,374543.75
24035,394239.72
24036,397725.44
24037,416874.88
24038,413920.34
24039,455332.8
24040,477385.6
24041,478837.53
24042,498610.72
24043,499061.66
24044,499293.44
24045,542895.94
24046,563834.44
24047,586643.5
24048,588095.44
24049,594378.94
24050,594393.25
24051,594625.06
24052,598388.75
24053,611891.3
24054,612960.56
24055,615080.25
24056,623389.2
24057,623432.2
24058,635908.1
24059,689320.4
24060,684961.0
24061,682110.44
24062,767135.1
24063,773408.25
24064,784507.6
24065,784739.44
24066,790470.9
24067,808591.4
24068,807877.75
24069,810344.94
24070,818439.75
24071,820947.3
24072,819323.6
24073,832813.44
24074,840791.44
24075,843076.6
24076,861622.8
24077,901178.8
24078,900850.7
24079,900701.94
24080,921472.44
24081,916593.4
24082,931098.9
24083,932356.56
24084,959652.8
24085,959324.7
24086,964603.0
24087,978216.6
24088,973805.06
24089,985581.0
24090,995456.44
24091,999905.7
24092,1.0389938e+06
24093,1.0392239e+06
24094,1.0891269e+06
24095,1.0827149e+06
24096,1.123268e+06
24097,1.124549e+06
24098,1.1289981e+06
24099,1.1739052e+06
24100,1.1816726e+06
24101,1.1884198e+06
24102,1.1809718e+06
24103,1.1994886e+06
24104,1.2002762e+06
24105,1.2072809e+06
24106,1.2545454e+06
24107,1.2618906e+06
24108,1.2590904e+06
24109,1.3119149e+06
24110,1.3190685e+06
24111,1.3119729e+06
24112,1.3158926e+06
24113,1.3142804e+06
24114,1.3120954e+06
24115,1.307722e+06
24116,1.3016106e+06
24117,1.3241111e+06
24118,1.3252985e+06
24119,1.3404964e+06
24120,1.4010585e+06
24121,1.4012894e+06
24122,1.396916e+06
24123,1.3918194e+06
24124,1.3864292e+06
24125,1.3874776e+06
24126,1.390997e+06
24127,1.4360785e+06
24128,1.4340578e+06
24129,1.429583e+06
24130,1.4873898e+06
24131,1.4760391e+06
24132,1.4769484e+06
24133,1.4624744e+06
24134,1.4626886e+06
24135,1.4628686e+06
24136,1.5145471e+06
24137,1.5045896e+06
24138,1.4941475e+06
24139,1.4950568e+06
24140,1.5721292e+06
24141,1.5726721e+06
24142,1.5728521e+06
24143,1.5687372e+06
24144,1.5617308e+06
24145,1.5690066e+06
24146,1.6062775e+06
24147,1.6121154e+06
24148,1.6230278e+06
24149,1.6232078e+06
24150,1.6392939e+06
24151,0.0
24152,0.0
24153,0.0
24154,0.0
24155,0.0
24156,0.0
24157,0.0
24158,11.523791
24159,1133.5442
24160,1683.687
24161,395.50266
24162,2820.942
24163,3106.7356
24164,3326.6282
24165,4498.1206
24166,5690.967
24167,5150.0957
24168,4874.596
24169,4903.9277
24170,5222.5166
24171,5501.7734
24172,9030.838
24173,10459.375
24174,9811.232
24175,9141.386
24176,9989.72
24177,10255.755
24178,15634.632
24179,15718.71
24180,18001.785
24181,27708.53
24182,26327.246
24183,31300.918
24184,31570.586
24185,33422.81
24186,35605.09
24187,35802.23
24188,35144.746
24189,42834.098
24190,56386.99
24191,56656.66
24192,57112.887
24193,61791.78
24194,61988.914
24195,64670.11
24196,64003.457
24197,65009.574
24198,65278.895
24199,65891.99
24200,66487.68
24201,66684.82
24202,68287.26
24203,69152.266
24204,70420.67
24205,72248.67
24206,74534.22
24207,74676.625
24208,75603.805
24209,77916.24
24210,77283.64
24211,78591.25
24212,78984.984
24213,84233.16
24214,87190.836
24215,87013.984
24216,86451.45
24217,87657.51
24218,88965.12
24219,90596.43
24220,90858.2
24221,91039.67
24222,91357.75
24223,89826.88
24224,91042.36
24225,92348.96
24226,91155.75
24227,89452.5
24228,89633.97
24229,89829.35
24230,104014.61
24231,102775.61
24232,136631.61
24233,137429.17
24234,137037.05
24235,137218.5
24236,141673.92
24237,141807.03
24238,140536.86
24239,142894.73
24240,176488.89
24241,176759.7
24242,176497.94
24243,176540.7
24244,177814.48
24245,176544.3
24246,180911.3
24247,182322.9
24248,182593.72
24249,188761.58
24250,196465.0
24251,195723.28
24252,194390.39
24253,213252.28
24254,213547.1
24255,213817.9
24256,214317.22
24257,214953.2
24258,214180.47
24259,214435.44
24260,216639.45
24261,218200.64
24262,218465.95
24263,220520.25
24264,220717.0
24265,219838.11
24266,223572.92
24267,225460.25
24268,225725.31
24269,231483.08
24270,232096.77
24271,232356.33
24272,231477.44
24273,232852.81
24274,250468.42
24275,250680.98
24276,251238.64
24277,255335.28
24278,255969.61
24279,254955.75
24280,257672.67
24281,259387.25
24282,259599.81
24283,264659.78
24284,267855.88
24285,268001.1
24286,267267.38
24287,268683.44
24288,279561.22
24289,279773.62
24290,291246.88
24291,290631.44
24292,290776.66
24293,296486.2
24294,295011.75
24295,296599.47
24296,307074.88
24297,314561.4
24298,314736.44
24299,314881.66
24300,314894.22
24301,0.0
24302,0.0
24303,0.0
24304,0.0
24305,0.0
24306,0.0
24307,0.0
24308,0.0
24309,0.0
24310,1925.1646
24311,1666.8363
24312,3415.1387
24313,4332.7227
24314,4505.13
24315,7490.506
24316,8227.28
24317,8044.537
24318,8620.782
24319,8871.26
24320,9553.154
24321,9725.56
24322,10525.875
24323,11833.843
24324,11594.498
24325,13470.631
24326,13609.534
24327,13623.323
24328,14403.382
24329,14352.074
24330,18815.488
24331,26273.785
24332,26219.945
24333,27734.373
24334,27792.682
24335,29420.338
24336,29937.04
24337,30150.562
24338,29875.406
24339,39041.54
24340,39231.637
24341,39289.957
24342,39365.53
24343,39753.914
24344,39832.9
24345,42608.664
24346,42419.402
24347,43166.28
24348,43224.6
24349,44098.01
24350,45100.13
24351,45179.113
24352,45904.875
24353,47437.938
24354,47694.145
24355,50573.273
24356,54289.91
24357,57734.027
24358,58264.168
24359,59293.465
24360,59608.05
24361,59964.082
24362,60022.395
24363,60086.605
24364,60942.305
24365,61088.56
24366,62627.71
24367,63194.465
24368,63549.098
24369,63684.504
24370,63759.625
24371,63713.64
24372,66263.305
24373,65997.16
24374,66813.4
24375,67167.04
24376,66878.4
24377,68252.96
24378,68206.98
24379,71595.49
24380,71973.44
24381,71659.805
24382,75175.7
24383,75722.91
24384,77081.695
24385,77035.72
24386,77511.734
24387,79665.93
24388,79352.28
24389,80019.82
24390,85402.06
24391,85465.4
24392,85747.55
24393,86770.37
24394,87246.48
24395,86932.83
24396,87704.18
24397,87420.195
24398,87483.53
24399,88335.74
24400,95910.29
24401,95667.16
24402,95290.83
24403,94442.445
24404,94683.73
24405,94747.055
24406,101256.43
24407,102324.16
24408,101624.34
24409,103619.67
24410,107059.32
24411,107274.62
24412,107332.44
24413,108274.86
24414,108495.664
24415,108233.01
24416,112091.414
24417,112693.15
24418,112747.195
24419,113364.49
24420,113716.43
24421,113813.11
24422,113550.45
24423,117982.64
24424,117472.84
24425,117526.89
24426,118586.445
24427,118652.23
24428,118895.97
24429,118640.836
24430,118451.055
24431,120452.57
24432,120506.62
24433,120592.02
24434,122398.78
24435,122444.64
24436,123040.96
24437,125885.24
24438,126302.12
24439,126356.164
24440,126413.016
24441,126864.195
24442,126910.055
24443,127311.305
24444,127025.75
24445,127288.87
24446,129151.23
24447,129264.11
24448,129329.055
24449,129374.914
24450,129716.164
24451,0.0
24452,0.0
24453,0.0
24454,0.0
24455,0.0
24456,0.0
24457,0.0
24458,0.0
24459,0.0
24460,0.0
24461,0.0
24462,0.0
24463,0.0
24464,0.0
24465,0.0
24466,0.0
24467,0.0
24468,0.0
24469,0.0
24470,0.0
24471,0.0
24472,0.0
24473,0.0
24474,0.0
24475,0.0
24476,0.0
24477,0.0
24478,0.0
24479,0.0
24480,0.0
24481,0.0
24482,0.0
24483,0.0
24484,0.0
24485,0.0
24486,0.0
24487,0.0
24488,0.0
24489,0.0
24490,0.0
24491,0.0
24492,0.0
24493,0.0
24494,0.0
24495,0.0
24496,0.0
24497,0.0
24498,0.0
24499,0.0
24500,0.0
24501,0.0
24502,0.0
24503,0.0
24504,0.0
24505,0.0
24506,0.0
24507,0.0
24508,0.0
24509,0.0
24510,0.0
24511,0.0
24512,0.0
24513,0.0
24514,0.0
24515,0.0
24516,0.0
24517,0.0
24518,0.0
24519,0.0
24520,0.0
24521,0.0
24522,0.0
24523,0.0
24524,0.0
24525,0.0
24526,0.0
24527,0.0
24528,0.0
24529,0.0
24530,0.0
24531,0.0
24532,0.0
24533,0.0
24534,0.0
24535,0.0
24536,0.0
24537,0.0
24538,0.0
24539,0.0
24540,0.0
24541,0.0
24542,0.0
24543,0.0
24544,0.0
24545,0.0
24546,0.0
24547,0.0
24548,0.0
24549,0.0
24550,0.0
24551,0.0
24552,0.0
24553,0.0
24554,0.0
24555,0.0
24556,0.0
24557,0.0
24558,0.0
24559,0.0
24560,0.0
24561,0.0
24562,0.0
24563,0.0
24564,0.0
24565,0.0
24566,0.0
24567,0.0
24568,0.0
24569,0.0
24570,0.0
24571,0.0
24572,0.0
24573,0.0
24574,0.0
24575,0.0
24576,0.0
24577,0.0
24578,0.0
24579,0.0
24580,0.0
24581,0.0
24582,0.0
24583,0.0
24584,0.0
24585,0.0
24586,0.0
24587,0.0
24588,0.0
24589,0.0
24590,0.0
24591,0.0
24592,0.0
24593,0.0
24594,0.0
24595,0.0
24596,0.0
24597,0.0
24598,0.0
24599,0.0
24600,0.0
24601,0.0
24602,0.0
24603,0.0
24604,0.0
24605,0.0
24606,0.0
24607,0.0
24608,0.0
24609,0.0
24610,0.0
24611,0.0
24612,0.0
24613,0.0
24614,0.0
24615,0.0
24616,0.0
24617,0.0
24618,0.0
24619,0.0
24620,0.0
24621,0.0
24622,0.0
24623,0.0
24624,0.0
24625,0.0
24626,0.0
24627,0.0
24628,0.0
24629,0.0
24630,0.0
24631,0.0
24632,0.0
24633,0.0
24634,0.0
24635,0.0
24636,0.0
24637,0.0
24638,0.0
24639,0.0
24640,0.0
24641,0.0
24642,0.0
24643,0.0
24644,0.0
24645,0.0
24646,0.0
24647,0.0
24648,0.0
24649,0.0
24650,0.0
24651,0.0
24652,0.0
24653,0.0
24654,0.0
24655,0.0
24656,0.0
24657,0.0
24658,0.0
24659,0.0
24660,0.0
24661,0.0
24662,0.0
24663,0.0
24664,0.0
24665,0.0
24666,0.0
24667,0.0
24668,0.0
24669,0.0
24670,0.0
24671,0.0
24672,0.0
24673,0.0
24674,0.0
24675,0.0
24676,0.0
24677,0.0
24678,0.0
24679,0.0
24680,0.0
24681,0.0
24682,0.0
24683,0.0
24684,0.0
24685,0.0
24686,0.0
24687,0.0
24688,0.0
24689,0.0
24690,0.0
24691,0.0
24692,0.0
24693,0.0
24694,0.0
24695,0.0
24696,0.0
24697,0.0
24698,0.0
24699,0.0
24700,0.0
24701,0.0
24702,0.0
24703,0.0
24704,0.0
24705,0.0
24706,0.0
24707,0.0
24708,0.0
24709,0.0
24710,0.0
24711,0.0
24712,0.0
24713,0.0
24714,0.0
24715,0.0
24716,0.0
24717,0.0
24718,0.0
24719,0.0
24720,0.0
24721,0.0
24722,0.0
24723,0.0
24724,0.0
24725,0.0
24726,0.0
24727,0.0
24728,0.0
24729,0.0
24730,0.0
24731,0.0
24732,0.0
24733,0.0
24734,0.0
24735,0.0
24736,0.0
24737,0.0
24738,0.0
24739,0.0
24740,0.0
24741,0.0
24742,0.0
24743,0.0
24744,0.0
24745,0.0
24746,0.0
24747,0.0
24748,0.0
24749,0.0
24750,0.0
24751,0.0
24752,0.0
24753,0.0
24754,0.0
24755,0.0
24756,0.0
24757,0.0
24758,0.0
24759,0.0
24760,0.0
24761,0.0
24762,0.0
24763,0.0
24764,0.0
24765,0.0
24766,0.0
24767,0.0
24768,0.0
24769,0.0
24770,0.0
24771,0.0
24772,0.0
24773,0.0
24774,0.0
24775,0.0
24776,0.0
24777,0.0
24778,0.0
24779,0.0
24780,0.0
24781,0.0
24782,0.0
24783,0.0
24784,0.0
24785,0.0
24786,0.0
24787,0.0
24788,0.0
24789,0.0
24790,0.0
24791,0.0
24792,0.0
24793,0.0
24794,0.0
24795,0.0
24796,0.0
24797,0.0
24798,0.0
24799,0.0
24800,0.0
24801,0.0
24802,0.0
24803,0.0
24804,0.0
24805,0.0
24806,0.0
24807,0.0
24808,0.0
24809,0.0
24810,0.0
24811,0.0
24812,0.0
24813,0.0
24814,0.0
24815,0.0
24816,0.0
24817,0.0
24818,0.0
24819,0.0
24820,0.0
24821,0.0
24822,0.0
24823,0.0
24824,0.0
24825,0.0
24826,0.0
24827,0.0
24828,0.0
24829,0.0
24830,0.0
24831,0.0
24832,0.0
24833,0.0
24834,0.0
24835,0.0
24836,0.0
24837,0.0
24838,0.0
24839,0.0
24840,0.0
24841,0.0
24842,0.0
24843,0.0
24844,0.0
24845,0.0
24846,0.0
24847,0.0
24848,0.0
24849,0.0
24850,0.0
24851,0.0
24852,0.0
24853,0.0
24854,0.0
24855,0.0
24856,0.0
24857,0.0
24858,0.0
24859,0.0
24860,0.0
24861,0.0
24862,0.0
24863,0.0
24864,0.0
24865,0.0
24866,0.0
24867,0.0
24868,0.0
24869,0.0
24870,0.0
24871,0.0
24872,0.0
24873,0.0
24874,0.0
24875,0.0
24876,0.0
24877,0.0
24878,0.0
24879,0.0
24880,0.0
24881,0.0
24882,0.0
24883,0.0
24884,0.0
24885,0.0
24886,0.0
24887,0.0
24888,0.0
24889,0.0
24890,0.0
24891,0.0
24892,0.0
24893,0.0
24894,0.0
24895,0.0
24896,0.0
24897,0.0
24898,0.0
24899,0.0
24900,0.0
24901,6063.323
24902,6087.3984
24903,5944.6816
24904,5859.1943
24905,5848.786
24906,5783.317
24907,5818.755
24908,5705.128
24909,5876.2085
24910,7282.5967
24911,7195.644
24912,8236.089
24913,8286.626
24914,8325.437
24915,8810.404
24916,9435.276
24917,9339.271
24918,11550.507
24919,11786.025
24920,12018.44
24921,12057.251
24922,12098.113
24923,12207.457
24924,12111.452
24925,12163.69
24926,12123.385
24927,12160.034
24928,11619.667
24929,11318.3125
24930,11967.906
24931,10789.146
24932,10864.645
24933,12025.734
24934,12066.013
24935,12040.273
24936,12460.623
24937,12995.423
24938,12901.7295
24939,12335.772
24940,11576.58
24941,11616.858
24942,11675.709
24943,11785.271
24944,11837.43
24945,18158.686
24946,18065.543
24947,18309.824
24948,18350.104
24949,18340.549
24950,18554.035
24951,18580.049
24952,22737.543
24953,25776.816
24954,25646.906
24955,26379.082
24956,29027.36
24957,29621.178
24958,29642.355
24959,32593.807
24960,32588.219
24961,32497.514
24962,32537.793
24963,33353.05
24964,34231.918
24965,34257.934
24966,34667.984
24967,36071.414
24968,36033.812
24969,37058.695
24970,37116.516
24971,37160.965
24972,37891.3
24973,38383.586
24974,38501.723
24975,38464.117
24976,38376.137
24977,38844.94
24978,38889.39
24979,38908.41
24980,38789.65
24981,38751.918
24982,42343.125
24983,42547.94
24984,42821.438
24985,42865.887
24986,42891.902
24987,43013.766
24988,42976.035
24989,43465.664
24990,45030.684
24991,45085.906
24992,45901.406
24993,45927.42
24994,45848.582
24995,45810.85
24996,45802.19
24997,45883.863
24998,45939.086
24999,45775.082
25000,53855.754
25001,53718.63
25002,53680.9
25003,53162.87
25004,53141.01
25005,53196.234
25006,58869.2
25007,59416.13
25008,59337.29
25009,62483.45
25010,62617.055
25011,61517.59
25012,61567.305
25013,59268.79
25014,59296.17
25015,59217.332
25016,60303.684
25017,62124.9
25018,62162.766
25019,62393.793
25020,65064.88
25021,65378.05
25022,65089.58
25023,66328.51
25024,65549.38
25025,65587.24
25026,65740.625
25027,66848.07
25028,69220.93
25029,68925.484
25030,68535.18
25031,68399.914
25032,68437.78
25033,68342.72
25034,69138.875
25035,69164.89
25036,71266.1
25037,72469.6
25038,73587.47
25039,73625.336
25040,73690.08
25041,73989.18
25042,74015.195
25043,74532.64
25044,74568.94
25045,74775.61
25046,74802.99
25047,74907.76
25048,74937.16
25049,74963.17
25050,74742.11
25051,0.0
25052,0.0
25053,0.0
25054,0.0
25055,0.0
25056,0.0
25057,0.0
25058,0.0
25059,0.0
25060,0.0
25061,0.0
25062,0.0
25063,0.0
25064,0.0
25065,0.0
25066,0.0
25067,0.0
25068,0.0
25069,0.0
25070,0.0
25071,0.0
25072,0.0
25073,0.0
25074,0.0
25075,0.0
25076,0.0
25077,0.0
25078,0.0
25079,0.0
25080,0.0
25081,0.0
25082,0.0
25083,0.0
25084,0.0
25085,0.0
25086,0.0
25087,0.0
25088,0.0
25089,0.0
25090,0.0
25091,0.0
25092,0.0
25093,0.0
25094,0.0
25095,0.0
25096,0.0
25097,0.0
25098,0.0
25099,0.0
25100,0.0
25101,0.0
25102,0.0
25103,0.0
25104,0.0
25105,0.0
25106,0.0
25107,0.0
25108,0.0
25109,0.0
25110,0.0
25111,0.0
25112,0.0
25113,0.0
25114,0.0
25115,0.0
25116,0.0
25117,0.0
25118,0.0
25119,0.0
25120,0.0
25121,0.0
25122,0.0
25123,0.0
25124,0.0
25125,0.0
25126,0.0
25127,0.0
25128,0.0
25129,0.0
25130,0.0
25131,0.0
25132,0.0
25133,0.0
25134,0.0
25135,0.0
25136,0.0
25137,0.0
25138,0.0
25139,0.0
25140,0.0
25141,0.0
25142,0.0
25143,0.0
25144,0.0
25145,0.0
25146,0.0
25147,0.0
25148,0.0
25149,0.0
25150,0.0
25151,0.0
25152,0.0
25153,0.0
25154,0.0
25155,0.0
25156,0.0
25157,0.0
25158,0.0
25159,0.0
25160,0.0
25161,0.0
25162,0.0
25163,0.0
25164,0.0
25165,0.0
25166,0.0
25167,0.0
25168,0.0
25169,0.0
25170,0.0
25171,0.0
25172,0.0
25173,0.0
25174,0.0
25175,0.0
25176,0.0
25177,0.0
25178,0.0
25179,0.0
25180,0.0
25181,0.0
25182,0.0
25183,0.0
25184,0.0
25185,0.0
25186,0.0
25187,0.0
25188,0.0
25189,0.0
25190,0.0
25191,0.0
25192,0.0
25193,0.0
25194,0.0
25195,0.0
25196,0.0
25197,0.0
25198,0.0
25199,0.0
25200,0.0
25201,497.14682
25202,550.4589
25203,466.70798
25204,425.0387
25205,572.1059
25206,213.0125
25207,179.39372
25208,1033.5643
25209,1666.8967
25210,1628.2639
25211,1581.8315
25212,1521.7273
25213,1987.1257
25214,1956.9641
25215,1994.3264
25216,2562.5068
25217,2489.4768
25218,11280.006
25219,11057.665
25220,11428.16
25221,11737.862
25222,11730.452
25223,11578.038
25224,11505.009
25225,11367.375
25226,10908.693
25227,10925.3955
25228,8176.65
25229,8104.2295
25230,8061.094
25231,8054.84
25232,8074.0376
25233,8342.934
25234,8357.656
25235,8563.277
25236,8638.133
25237,8637.858
25238,8516.483
25239,8205.308
25240,7937.2603
25241,7951.9824
25242,8097.6987
25243,7848.1094
25244,7826.3955
25245,7925.025
25246,7751.0654
25247,7696.664
25248,7711.387
25249,7691.984
25250,7015.541
25251,7008.55
25252,7279.41
25253,8151.676
25254,8182.2466
25255,8298.535
25256,9432.562
25257,12767.639
25258,12927.53
25259,17587.623
25260,17601.213
25261,17539.127
25262,17779.637
25263,20287.84
25264,21650.672
25265,21664.588
25266,22015.926
25267,21636.703
25268,21605.059
25269,23299.295
25270,23519.852
25271,23549.705
25272,26366.275
25273,27210.078
25274,27316.75
25275,27284.1
25276,28320.238
25277,28818.94
25278,28848.793
25279,28857.672
25280,29701.031
25281,29684.178
25282,34677.777
25283,34654.184
25284,34742.273
25285,34772.125
25286,34582.184
25287,34530.934
25288,34514.082
25289,34804.168
25290,34630.348
25291,34672.168
25292,35258.08
25293,35270.242
25294,38792.83
25295,38775.977
25296,39373.465
25297,39996.547
25298,40038.367
25299,39897.105
25300,39690.65
25301,39690.63
25302,39673.777
25303,40581.895
25304,41326.523
25305,41368.344
25306,41613.703
25307,42361.57
25308,42309.297
25309,41634.27
25310,41707.285
25311,41037.67
25312,41079.496
25313,41021.31
25314,41054.242
25315,40895.812
25316,41648.15
25317,41768.965
25318,41772.02
25319,42007.848
25320,41402.844
25321,41719.03
25322,41560.6
25323,43438.973
25324,43621.81
25325,43624.863
25326,43957.09
25327,44470.734
25328,44680.918
25329,44522.49
25330,43975.176
25331,44452.586
25332,44460.547
25333,44800.977
25334,46503.555
25335,46516.74
25336,50066.36
25337,51061.94
25338,51951.36
25339,51959.32
25340,52608.49
25341,53021.08
25342,52977.453
25343,52678.777
25344,52702.414
25345,52123.3
25346,52124.92
25347,52799.543
25348,52819.793
25349,52776.168
25350,52914.367
25351,0.0
25352,0.0
25353,4.4701767
25354,0.0
25355,0.0
25356,9.854657
25357,7.627033
25358,14.086617
25359,31.644962
25360,18.91185
25361,0.0
25362,11.115167
25363,0.0
25364,0.43831363
25365,6.014682
25366,3.5627766
25367,0.0
25368,0.0
25369,0.0
25370,23.541574
25371,24.68651
25372,41.430496
25373,39.594135
25374,34.258698
25375,33.924053
25376,28.154354
25377,32.967487
25378,0.0
25379,0.0
25380,0.0
25381,0.0
25382,0.0
25383,0.0
25384,0.0
25385,0.0
25386,0.0
25387,41.62719
25388,35.568546
25389,208.04015
25390,208.03421
25391,216.47556
25392,222.57304
25393,257.87897
25394,257.7287
25395,250.49956
25396,240.31578
25397,356.2943
25398,364.7356
25399,362.5093
25400,379.57605
25401,379.42578
25402,342.9689
25403,499.14374
25404,491.62332
25405,648.5072
25406,609.25793
25407,706.5013
25408,726.2935
25409,837.67773
25410,834.4313
25411,826.5137
25412,835.3087
25413,831.1779
25414,856.44305
25415,856.2928
25416,871.49036
25417,1018.03076
25418,1010.1131
25419,1103.7477
25420,1100.9764
25421,1108.7631
25422,1110.7607
25423,1103.2716
25424,1093.4031
25425,1085.6637
25426,1096.8676
25427,1092.328
25428,1100.1146
25429,1085.492
25430,1059.4766
25431,1056.2303
25432,991.80865
25433,1007.9047
25434,1011.9921
25435,1019.77875
25436,1014.03534
25437,1007.97675
25438,1004.73035
25439,1001.53687
25440,1088.6975
25441,1089.6595
25442,1061.5636
25443,1059.6564
25444,1053.5977
25445,1050.3514
25446,1041.6111
25447,1063.6744
25448,1064.6365
25449,1025.0297
25450,1004.0457
25451,996.96234
25452,993.7158
25453,995.76526
25454,1009.90204
25455,1010.8643
25456,1019.3896
25457,968.3903
25458,961.3067
25459,896.8888
25460,903.05524
25461,982.9525
25462,983.9147
25463,1001.78186
25464,1002.61273
25465,995.52924
25466,1037.0701
25467,1029.7563
25468,1026.0531
25469,1044.633
25470,731.59424
25471,736.75525
25472,729.67163
25473,714.4602
25474,843.9685
25475,840.2652
25476,988.4395
25477,801.37054
25478,733.0609
25479,725.9772
25480,793.3559
25481,869.57153
25482,865.86835
25483,895.51013
25484,922.4433
25485,921.56104
25486,1213.7584
25487,1081.8959
25488,966.3827
25489,962.6796
25490,893.07733
25491,907.701
25492,906.8187
25493,975.11786
25494,974.1549
25495,974.85986
25496,1028.3661
25497,1002.9786
25498,1010.7651
25499,1009.8828
25500,1028.8048
25501,0.0
25502,0.0
25503,0.0
25504,0.0
25505,0.0
25506,0.0
25507,0.0
25508,0.0
25509,0.0
25510,0.0
25511,0.0
25512,0.0
25513,0.0
25514,0.0
25515,14.48715
25516,4.287053
25517,0.0
25518,0.0
25519,0.0
25520,0.0
25521,0.0
25522,16.114035
25523,509.01505
25524,504.36496
25525,547.10223
25526,540.1168
25527,543.2347
25528,494.07388
25529,508.35333
25530,516.74243
25531,579.1644
25532,590.75446
25533,566.40533
25534,573.15137
25535,596.54016
25536,613.40564
25537,627.4773
25538,622.36896
25539,620.6788
25540,623.241
25541,629.9871
25542,633.108
25543,640.55145
25544,640.4012
25545,642.0888
25546,663.4758
25547,665.6257
25548,672.37177
25549,767.9771
25550,927.1366
25551,926.9863
25552,1094.6443
25553,1133.691
25554,1127.077
25555,1142.6604
25556,1164.8999
25557,1173.5026
25558,1188.2645
25559,1145.8798
25560,1143.7157
25561,1134.2913
25562,1148.7601
25563,1153.7742
25564,1183.049
25565,1182.8987
25566,1176.8402
25567,1378.2877
25568,1368.8633
25569,1377.1494
25570,1378.4624
25571,1383.8856
25572,1400.6456
25573,1406.5719
25574,1411.7721
25575,1401.5249
25576,1412.6204
25577,1409.0259
25578,1414.4492
25579,1412.542
25580,1388.7344
25581,1384.9843
25582,1119.926
25583,968.30963
25584,974.37305
25585,979.7964
25586,967.883
25587,964.33154
25588,962.149
25589,921.1646
25590,938.1611
25591,941.09924
25592,902.931
25593,910.5633
25594,907.01196
25595,905.3676
25596,886.73016
25597,918.46313
25598,921.4014
25599,872.4039
25600,871.5216
25601,852.7542
25602,788.4187
25603,839.2367
25604,846.8351
25605,849.77325
25606,851.69525
25607,1004.6405
25608,1000.06415
25609,1179.5049
25610,1186.8539
25611,1335.8402
25612,1333.2717
25613,1372.1869
25614,1373.9174
25615,1369.3412
25616,1467.2451
25617,1510.9131
25618,1513.3846
25619,1513.2781
25620,1745.0815
25621,1739.4246
25622,1733.3688
25623,1765.9219
25624,1871.6058
25625,1875.2823
25626,1930.0608
25627,1839.6617
25628,1858.314
25629,1852.2584
25630,1937.0983
25631,1996.7412
25632,2000.4177
25633,2026.529
25634,2041.5183
25635,2040.6361
25636,2482.2795
25637,2488.9226
25638,2470.58
25639,2474.256
25640,2471.809
25641,2454.6826
25642,2453.8003
25643,2499.9817
25644,2520.1091
25645,2506.4119
25646,2559.094
25647,2581.26
25648,2586.6833
25649,2585.801
25650,2583.0334
25651,0.0
25652,0.0
25653,0.0
25654,0.0
25655,0.0
25656,0.0
25657,0.0
25658,0.0
25659,0.0
25660,0.0
25661,0.0
25662,0.0
25663,0.0
25664,0.0
25665,0.0
25666,0.0
25667,0.0
25668,0.0
25669,0.0
25670,0.0
25671,0.0
25672,0.0
25673,0.0
25674,0.0
25675,0.0
25676,0.0
25677,0.0
25678,0.0
25679,0.0
25680,0.0
25681,0.0
25682,0.0
25683,0.0
25684,0.0
25685,0.0
25686,0.0
25687,0.0
25688,0.0
25689,0.0
25690,0.0
25691,0.0
25692,0.0
25693,0.0
25694,0.0
25695,0.0
25696,0.0
25697,0.0
25698,0.0
25699,0.0
25700,0.0
25701,0.0
25702,0.0
25703,0.0
25704,0.0
25705,0.0
25706,0.0
25707,0.0
25708,0.0
25709,0.0
25710,0.0
25711,0.0
25712,0.0
25713,0.0
25714,0.0
25715,0.0
25716,0.0
25717,0.0
25718,0.0
25719,0.0
25720,0.0
25721,0.0
25722,0.0
25723,0.0
25724,0.0
25725,0.0
25726,0.0
25727,0.0
25728,0.0
25729,0.0
25730,0.0
25731,0.0
25732,0.0
25733,0.0
25734,0.0
25735,0.0
25736,0.0
25737,0.0
25738,0.0
25739,0.0
25740,0.0
25741,0.0
25742,0.0
25743,0.0
25744,0.0
25745,0.0
25746,0.0
25747,0.0
25748,0.0
25749,0.0
25750,0.0
25751,0.0
25752,0.0
25753,0.0
25754,0.0
25755,0.0
25756,0.0
25757,0.0
25758,0.0
25759,0.0
25760,0.0
25761,0.0
25762,0.0
25763,0.0
25764,0.0
25765,0.0
25766,0.0
25767,0.0
25768,0.0
25769,0.0
25770,0.0
25771,0.0
25772,0.0
25773,0.0
25774,0.0
25775,0.0
25776,0.0
25777,0.0
25778,0.0
25779,0.0
25780,0.0
25781,0.0
25782,0.0
25783,0.0
25784,0.0
25785,0.0
25786,0.0
25787,0.0
25788,0.0
25789,0.0
25790,0.0
25791,0.0
25792,0.0
25793,0.0
25794,0.0
25795,0.0
25796,0.0
25797,0.0
25798,0.0
25799,0.0
25800,0.0
25801,0.0
25802,2122.7327
25803,20078.936
25804,14610.441
25805,17702.133
25806,27833.877
25807,32956.586
25808,82713.43
25809,107412.984
25810,134840.11
25811,128153.33
25812,135716.56
25813,145329.27
25814,150809.77
25815,177972.98
25816,195990.27
25817,192993.86
25818,195859.4
25819,197785.55
25820,204535.05
25821,207972.22
25822,217826.1
25823,226204.81
25824,223092.44
25825,217764.48
25826,214689.6
25827,219203.14
25828,383581.8
25829,402957.38
25830,414528.12
25831,450904.1
25832,454561.72
25833,466683.03
25834,471196.47
25835,500245.5
25836,504147.75
25837,523387.53
25838,520107.7
25839,590972.3
25840,613886.25
25841,614029.4
25842,672173.7
25843,708159.06
25844,708390.9
25845,744612.75
25846,777852.8
25847,800083.8
25848,800226.94
25849,820300.9
25850,829081.06
25851,829312.9
25852,909680.0
25853,921828.3
25854,922319.56
25855,1.00425006e+06
25856,1.0133286e+06
25857,1.0137883e+06
25858,1.02660244e+06
25859,1.1290628e+06
25860,1.1293896e+06
25861,1.1278771e+06
25862,1.2247342e+06
25863,1.2302035e+06
25864,1.2399638e+06
25865,1.2401956e+06
25866,1.281256e+06
25867,1.2971599e+06
25868,1.2961724e+06
25869,1.2985519e+06
25870,1.443834e+06
25871,1.4450024e+06
25872,1.4496456e+06
25873,1.4540368e+06
25874,1.4879531e+06
25875,1.4861982e+06
25876,1.509817e+06
25877,1.5378784e+06
25878,1.5390468e+06
25879,1.5388979e+06
25880,1.5550571e+06
25881,1.5496094e+06
25882,1.5872815e+06
25883,1.5893819e+06
25884,1.6596704e+06
25885,1.6608388e+06
25886,1.6662019e+06
25887,1.6692211e+06
25888,1.6633539e+06
25889,1.6722838e+06
25890,1.6812059e+06
25891,1.6875274e+06
25892,1.7284802e+06
25893,1.7287104e+06
25894,1.7795121e+06
25895,1.7716609e+06
25896,1.8081646e+06
25897,1.8109524e+06
25898,1.8172739e+06
25899,2.0055151e+06
25900,2.0132822e+06
25901,2.0138076e+06
25902,2.005719e+06
25903,2.0128608e+06
25904,2.0144909e+06
25905,2.0237824e+06
25906,2.0554752e+06
25907,2.0552556e+06
25908,2.0504008e+06
25909,2.1192838e+06
25910,2.1740688e+06
25911,2.3360712e+06
25912,2.3436245e+06
25913,2.344682e+06
25914,2.4327578e+06
25915,2.4264382e+06
25916,2.4983475e+06
25917,2.5035568e+06
25918,2.5060762e+06
25919,2.525292e+06
25920,2.5670545e+06
25921,2.5672855e+06
25922,2.5599188e+06
25923,2.552811e+06
25924,2.5500802e+06
25925,2.5524608e+06
25926,2.5596135e+06
25927,2.6114222e+06
25928,2.609402e+06
25929,2.6019338e+06
25930,2.6577298e+06
25931,2.6990005e+06
25932,2.7012418e+06
25933,2.6969762e+06
25934,2.7004642e+06
25935,2.7006445e+06
25936,2.747991e+06
25937,2.7434445e+06
25938,2.8167968e+06
25939,2.819038e+06
25940,2.8653112e+06
25941,2.8702188e+06
25942,2.870399e+06
25943,2.8678615e+06
25944,2.9207028e+06
25945,2.923445e+06
25946,2.9338802e+06
25947,2.940754e+06
25948,2.9432035e+06
25949,2.9433838e+06
25950,3.0431998e+06
25951,0.0
25952,0.0
25953,0.0
25954,0.0
25955,0.0
25956,0.0
25957,0.0
25958,0.0
25959,0.0
25960,0.0
25961,0.0
25962,0.0
25963,0.0
25964,0.0
25965,0.0
25966,0.0
25967,0.0
25968,0.0
25969,31.652605
25970,686.8917
25971,779.0311
25972,1466.7437
25973,2019.1796
25974,1786.8425
25975,2312.8665
25976,2694.2537
25977,2735.84
25978,4331.1504
25979,4269.4604
25980,5199.0127
25981,2719.3882
25982,2864.5889
25983,4042.288
25984,4087.503
25985,4280.973
25986,5770.459
25987,5746.2573
25988,5513.919
25989,4855.7925
25990,4960.0547
25991,5005.2695
25992,4982.536
25993,5088.419
25994,5105.479
25995,6355.4165
25996,6269.301
25997,6723.3726
25998,6768.5864
25999,7080.7485
26000,8002.391
26001,8019.451
26002,8394.76
26003,10434.226
26004,10557.77
26005,10784.782
26006,12503.485
26007,13094.075
26008,13420.906
26009,12291.841
26010,12370.962
26011,12585.022
26012,12651.896
26013,13332.787
26014,13657.949
26015,13675.009
26016,14562.354
26017,15413.612
26018,15632.976
26019,16496.78
26020,16473.586
26021,16538.525
26022,19175.84
26023,19102.31
26024,19254.717
26025,19379.332
26026,19448.668
26027,19988.045
26028,20052.98
26029,20956.262
26030,22137.807
26031,21927.328
26032,21542.338
26033,21590.875
26034,23089.86
26035,23154.795
26036,23605.646
26037,23630.127
26038,23419.648
26039,23688.639
26040,29578.314
26041,29596.525
26042,29649.92
26043,29665.223
26044,29610.98
26045,29400.502
26046,29521.959
26047,29610.799
26048,29629.01
26049,29089.717
26050,28604.006
26051,29452.184
26052,29179.014
26053,29591.219
26054,30560.707
26055,30578.918
26056,31081.088
26057,32134.596
26058,32064.2
26059,31521.229
26060,31667.88
26061,31960.768
26062,31973.473
26063,32515.682
26064,32551.412
26065,32481.016
26066,33949.35
26067,34415.633
26068,34460.668
26069,34791.75
26070,34875.168
26071,34892.22
26072,34755.496
26073,36719.68
26074,36824.266
26075,36869.3
26076,37071.664
26077,37137.438
26078,38444.598
26079,38300.906
26080,38095.445
26081,38148.992
26082,38194.03
26083,38235.41
26084,38101.633
26085,38117.96
26086,39106.05
26087,40541.207
26088,41640.562
26089,41685.6
26090,41714.426
26091,43042.68
26092,43059.008
26093,43771.08
26094,43591.87
26095,43773.04
26096,43880.355
26097,43949.21
26098,44014.152
26099,44030.48
26100,44285.34
26101,0.0
26102,0.0
26103,0.0
26104,0.0
26105,0.0
26106,0.0
26107,0.0
26108,0.0
26109,0.0
26110,0.0
26111,0.0
26112,0.0
26113,0.0
26114,0.0
26115,0.0
26116,0.0
26117,0.0
26118,0.0
26119,0.0
26120,0.0
26121,0.0
26122,0.0
26123,0.0
26124,0.0
26125,0.0
26126,0.0
26127,0.0
26128,0.0
26129,0.0
26130,71.17243
26131,78.24946
26132,76.73841
26133,71.21567
26134,69.09251
26135,19.606466
26136,42.039677
26137,114.62013
26138,114.744064
26139,63.16852
26140,56.690628
26141,55.200268
26142,56.923813
26143,58.065346
26144,57.006435
26145,68.607666
26146,90.84209
26147,61.115013
26148,59.69292
26149,58.799667
26150,21.293648
26151,19.955982
26152,20.137278
26153,67.77131
26154,56.243988
26155,54.70475
26156,52.53314
26157,51.248924
26158,47.911617
26159,0.0
26160,0.0
26161,0.0
26162,0.0
26163,4.7568774
26164,14.19128
26165,14.971167
26166,10.951244
26167,0.24811506
26168,0.2768051
26169,0.0
26170,0.0
26171,0.5203667
26172,0.0
26173,0.0
26174,0.0
26175,0.0
26176,0.0
26177,0.0
26178,0.0
26179,0.0
26180,0.0
26181,0.0
26182,1.6074095
26183,5.967467
26184,8.475789
26185,8.444032
26186,0.0
26187,0.0
26188,0.0
26189,0.0
26190,0.0
26191,3.027104
26192,2.6877613
26193,2.8466623
26194,2.75529
26195,2.4214878
26196,0.0
26197,0.0
26198,3.0331573
26199,3.2507904
26200,0.0
26201,0.0
26202,0.0
26203,0.0
26204,0.0
26205,0.0
26206,0.0
26207,0.0
26208,0.0
26209,0.0
26210,0.0
26211,0.0
26212,0.0
26213,0.0
26214,0.0
26215,0.0
26216,0.0
26217,0.0
26218,0.0
26219,0.0
26220,0.0
26221,5.77025
26222,5.8041677
26223,1.7635764
26224,2.483717
26225,2.1954138
26226,0.5280228
26227,0.6067419
26228,0.0
26229,0.0
26230,0.0
26231,0.0
26232,0.0
26233,0.0
26234,0.0
26235,0.0
26236,0.0
26237,0.0
26238,0.0
26239,0.0
26240,0.0
26241,0.0
26242,0.0
26243,0.0
26244,0.0
26245,0.0
26246,0.0
26247,0.0
26248,0.0
26249,0.0
26250,0.0
26251,0.0
26252,0.0
26253,0.0
26254,0.0
26255,0.0
26256,0.0
26257,0.0
26258,0.0
26259,0.0
26260,0.0
26261,0.0
26262,0.0
26263,0.0
26264,0.0
26265,0.0
26266,0.0
26267,0.0
26268,0.0
26269,0.0
26270,0.0
26271,0.0
26272,0.0
26273,0.0
26274,0.0
26275,0.0
26276,0.0
26277,0.0
26278,0.0
26279,0.0
26280,0.0
26281,0.0
26282,0.0
26283,0.0
26284,0.0
26285,0.0
26286,0.0
26287,0.0
26288,0.0
26289,0.0
26290,0.0
26291,0.0
26292,0.0
26293,0.0
26294,0.0
26295,0.0
26296,0.0
26297,0.0
26298,0.0
26299,0.0
26300,0.0
26301,0.0
26302,0.0
26303,0.0
26304,0.0
26305,0.0
26306,0.0
26307,0.0
26308,0.0
26309,0.0
26310,0.0
26311,0.0
26312,0.0
26313,0.0
26314,0.0
26315,0.0
26316,0.0
26317,0.0
26318,0.0
26319,0.0
26320,0.0
26321,0.0
26322,0.0
26323,0.0
26324,0.0
26325,0.0
26326,0.0
26327,0.0
26328,0.0
26329,0.0
26330,0.0
26331,0.0
26332,0.0
26333,0.0
26334,0.0
26335,0.0
26336,0.0
26337,0.0
26338,0.0
26339,0.0
26340,0.0
26341,0.0
26342,0.0
26343,0.0
26344,0.0
26345,0.0
26346,0.0
26347,0.0
26348,0.0
26349,0.0
26350,0.0
26351,0.0
26352,0.0
26353,0.0
26354,0.0
26355,0.0
26356,0.0
26357,0.0
26358,0.0
26359,0.0
26360,0.0
26361,0.0
26362,0.0
26363,0.0
26364,0.0
26365,0.0
26366,0.0
26367,0.0
26368,0.0
26369,0.0
26370,0.0
26371,0.0
26372,0.0
26373,0.0
26374,0.0
26375,0.0
26376,0.0
26377,0.0
26378,0.0
26379,0.0
26380,0.0
26381,0.0
26382,0.0
26383,0.0
26384,0.0
26385,0.0
26386,0.0
26387,0.0
26388,0.0
26389,0.0
26390,0.0
26391,0.0
26392,0.0
26393,0.0
26394,0.0
26395,0.0
26396,0.0
26397,0.0
26398,0.0
26399,0.0
26400,0.0
26401,0.0
26402,0.0
26403,0.0
26404,0.0
26405,0.0
26406,0.0
26407,0.0
26408,0.0
26409,0.0
26410,0.0
26411,0.0
26412,0.0
26413,0.0
26414,0.0
26415,0.0
26416,0.0
26417,0.0
26418,0.0
26419,0.0
26420,0.0
26421,0.0
26422,0.0
26423,0.0
26424,0.0
26425,0.0
26426,0.0
26427,0.0
26428,0.0
26429,0.0
26430,0.0
26431,0.0
26432,0.0
26433,0.0
26434,0.0
26435,0.0
26436,0.0
26437,0.0
26438,0.0
26439,0.0
26440,0.0
26441,0.0
26442,0.0
26443,0.0
26444,0.0
26445,0.0
26446,0.0
26447,0.0
26448,0.0
26449,0.0
26450,0.0
26451,0.0
26452,0.0
26453,0.0
26454,0.0
26455,0.0
26456,0.0
26457,0.0
26458,0.0
26459,0.0
26460,0.0
26461,0.0
26462,0.0
26463,0.0
26464,0.0
26465,0.0
26466,0.0
26467,0.0
26468,0.0
26469,0.0
26470,0.0
26471,0.0
26472,0.0
26473,0.0
26474,0.0
26475,0.0
26476,0.0
26477,0.0
26478,0.0
26479,0.0
26480,0.0
26481,0.0
26482,0.0
26483,0.0
26484,0.0
26485,0.0
26486,0.0
26487,0.0
26488,0.0
26489,0.0
26490,0.0
26491,0.0
26492,0.0
26493,0.0
26494,0.0
26495,0.0
26496,0.0
26497,0.0
26498,0.0
26499,0.0
26500,0.0
26501,0.0
26502,0.0
26503,0.0
26504,0.0
26505,0.0
26506,0.0
26507,0.0
26508,0.0
26509,0.0
26510,0.0
26511,0.0
26512,0.0
26513,0.0
26514,0.0
26515,0.0
26516,0.0
26517,0.0
26518,0.0
26519,0.0
26520,0.0
26521,0.0
26522,0.0
26523,0.0
26524,0.0
26525,0.0
26526,0.0
26527,0.0
26528,0.0
26529,0.0
26530,0.0
26531,0.0
26532,0.0
26533,0.0
26534,0.0
26535,0.0
26536,0.0
26537,0.0
26538,0.0
26539,0.0
26540,0.0
26541,0.0
26542,0.0
26543,0.0
26544,0.0
26545,0.0
26546,0.0
26547,0.0
26548,0.0
26549,0.0
26550,0.0
26551,6624.622
26552,10578.966
26553,14667.092
26554,4715.0835
26555,21198.652
26556,46585.98
26557,52948.957
26558,97950.54
26559,134371.45
26560,172578.94
26561,160046.16
26562,203262.2
26563,253173.62
26564,261453.84
26565,310270.66
26566,322061.5
26567,307593.88
26568,353864.44
26569,384463.03
26570,436759.66
26571,442996.53
26572,479276.97
26573,518889.8
26574,504306.25
26575,497771.7
26576,502982.25
26577,508066.9
26578,678947.5
26579,700248.3
26580,710257.3
26581,752355.25
26582,755056.5
26583,796872.44
26584,801329.0
26585,845485.56
26586,897866.44
26587,919928.9
26588,911517.2
26589,973148.44
26590,1.0056178e+06
26591,1.0100744e+06
26592,1.0715892e+06
26593,1.1117915e+06
26594,1.1123898e+06
26595,1.1402712e+06
26596,1.1514075e+06
26597,1.1824725e+06
26598,1.1880711e+06
26599,1.196575e+06
26600,1.2167869e+06
26601,1.2173852e+06
26602,1.292317e+06
26603,1.3051084e+06
26604,1.3139238e+06
26605,1.393687e+06
26606,1.4036834e+06
26607,1.4026462e+06
26608,1.4170782e+06
26609,1.5191585e+06
26610,1.5061204e+06
26611,1.514645e+06
26612,1.6082905e+06
26613,1.6165891e+06
26614,1.6249375e+06
26615,1.6251694e+06
26616,1.6425521e+06
26617,1.6518942e+06
26618,1.6609439e+06
26619,1.6668322e+06
26620,1.8126285e+06
26621,1.8123002e+06
26622,1.814662e+06
26623,1.8012155e+06
26624,1.7959748e+06
26625,1.804257e+06
26626,1.8237002e+06
26627,1.8563806e+06
26628,1.8560524e+06
26629,1.8916055e+06
26630,1.8749424e+06
26631,1.8613846e+06
26632,1.9941128e+06
26633,2.0251841e+06
26634,2.0993752e+06
26635,2.0990465e+06
26636,2.1728952e+06
26637,2.17121e+06
26638,2.1572322e+06
26639,2.1753012e+06
26640,2.2047688e+06
26641,2.2139198e+06
26642,2.2616748e+06
26643,2.250789e+06
26644,2.2967625e+06
26645,2.2798802e+06
26646,2.3239975e+06
26647,2.3302948e+06
26648,2.339446e+06
26649,2.5263518e+06
26650,2.5341195e+06
26651,2.5340288e+06
26652,2.5169095e+06
26653,2.5339018e+06
26654,2.5390412e+06
26655,2.5511622e+06
26656,2.784266e+06
26657,2.782845e+06
26658,2.7712918e+06
26659,2.8125415e+06
26660,2.8785512e+06
26661,3.0690238e+06
26662,3.07938e+06
26663,3.1572852e+06
26664,3.2461055e+06
26665,3.2349892e+06
26666,3.2936605e+06
26667,3.3088115e+06
26668,3.314421e+06
26669,3.334102e+06
26670,3.3696112e+06
26671,3.3698422e+06
26672,3.356642e+06
26673,3.3910312e+06
26674,3.4009472e+06
26675,3.4064172e+06
26676,3.416373e+06
26677,3.461934e+06
26678,3.5418252e+06
26679,3.5285238e+06
26680,3.584708e+06
26681,3.641195e+06
26682,3.646526e+06
26683,3.6825208e+06
26684,3.683251e+06
26685,3.6834312e+06
26686,3.7286372e+06
26687,3.690481e+06
26688,3.783966e+06
26689,3.789297e+06
26690,3.8387425e+06
26691,3.8795165e+06
26692,3.8796968e+06
26693,3.9164835e+06
26694,3.9531875e+06
26695,3.9760625e+06
26696,3.9894318e+06
26697,3.9992118e+06
26698,3.9976065e+06
26699,3.9977868e+06
26700,4.0758155e+06
26701,0.0
26702,0.0
26703,0.0
26704,0.0
26705,0.0
26706,0.0
26707,0.0
26708,0.0
26709,0.0
26710,0.0
26711,0.0
26712,0.0
26713,0.0
26714,0.0
26715,0.0
26716,0.0
26717,0.0
26718,0.0
26719,0.0
26720,0.0
26721,0.0
26722,0.0
26723,0.0
26724,0.0
26725,0.0
26726,0.0
26727,0.0
26728,0.0
26729,0.0
26730,0.0
26731,0.0
26732,0.0
26733,0.0
26734,0.0
26735,0.0
26736,0.0
26737,0.0
26738,0.0
26739,0.0
26740,0.0
26741,0.0
26742,0.0
26743,0.0
26744,0.0
26745,0.0
26746,0.0
26747,0.0
26748,0.0
26749,0.0
26750,0.0
26751,0.0
26752,0.0
26753,0.0
26754,0.0
26755,0.0
26756,0.0
26757,0.0
26758,0.0
26759,0.0
26760,0.0
26761,0.0
26762,0.0
26763,0.0
26764,0.0
26765,0.0
26766,0.0
26767,0.0
26768,0.0
26769,0.0
26770,0.0
26771,0.0
26772,0.0
26773,0.0
26774,0.0
26775,0.0
26776,0.0
26777,0.0
26778,0.0
26779,0.0
26780,0.0
26781,0.0
26782,0.0
26783,0.0
26784,0.0
26785,0.0
26786,0.0
26787,0.0
26788,0.0
26789,0.0
26790,0.0
26791,0.0
26792,0.0
26793,0.0
26794,0.0
26795,0.0
26796,0.0
26797,0.0
26798,0.0
26799,0.0
26800,0.0
26801,0.0
26802,0.0
26803,0.0
26804,0.0
26805,0.0
26806,0.0
26807,0.0
26808,0.0
26809,0.0
26810,0.0
26811,0.0
26812,0.0
26813,0.0
26814,0.0
26815,0.0
26816,0.0
26817,0.0
26818,0.0
26819,0.0
26820,0.0
26821,0.0
26822,0.0
26823,0.0
26824,0.0
26825,0.0
26826,0.0
26827,0.0
26828,0.0
26829,0.0
26830,0.0
26831,0.0
26832,0.0
26833,0.0
26834,0.0
26835,0.0
26836,0.0
26837,0.0
26838,0.0
26839,0.0
26840,0.0
26841,0.0
26842,0.0
26843,0.0
26844,0.0
26845,0.0
26846,0.0
26847,0.0
26848,0.0
26849,0.0
26850,0.0
26851,0.0
26852,0.0
26853,0.0
26854,0.0
26855,0.0
26856,0.0
26857,0.0
26858,4.93688
26859,252.2406
26860,751.59357
26861,324.62857
26862,1070.5697
26863,1241.5604
26864,1372.4163
26865,1501.7759
26866,1793.3434
26867,1542.6243
26868,1124.4329
26869,1303.7659
26870,1729.3428
26871,1919.5638
26872,2439.9905
26873,2936.3013
26874,2717.5144
26875,3052.2896
26876,3311.5017
26877,3388.022
26878,8532.006
26879,8088.0264
26880,11725.708
26881,18877.32
26882,18790.855
26883,20817.363
26884,20897.506
26885,22650.457
26886,22923.219
26887,22964.781
26888,22746.004
26889,22342.137
26890,21712.352
26891,21792.494
26892,21851.031
26893,21950.732
26894,21992.295
26895,26705.441
26896,26451.506
26897,26381.182
26898,26461.324
26899,26923.547
26900,27421.975
26901,27463.537
26902,28153.258
26903,30509.848
26904,30479.566
26905,31760.9
26906,34061.934
26907,34831.805
26908,35328.312
26909,38133.754
26910,38041.43
26911,38101.645
26912,38199.36
26913,39455.445
26914,40397.047
26915,40438.617
26916,40595.098
26917,41501.297
26918,41566.816
26919,41713.69
26920,41829.234
26921,42052.49
26922,43585.984
26923,43377.547
26924,43127.5
26925,43192.016
26926,43292.195
26927,43678.344
26928,43712.94
26929,43752.754
26930,44224.64
26931,43842.707
26932,42483.78
26933,42574.566
26934,43988.9
26935,44023.496
26936,47910.816
26937,47910.65
26938,47528.715
26939,48145.004
26940,53014.582
26941,53135.586
26942,52969.38
26943,53009.19
26944,52870.22
26945,52488.285
26946,52738.12
26947,52857.8
26948,52978.805
26949,53018.367
26950,57314.203
26951,56734.42
26952,56289.797
26953,57674.633
26954,57502.52
26955,57623.523
26956,57858.824
26957,57084.84
26958,56505.06
26959,57532.598
26960,57783.836
26961,57168.7
26962,57284.195
26963,57532.18
26964,57622.562
26965,57479.94
26966,57366.664
26967,59184.82
26968,59260.695
26969,59867.863
26970,61473.06
26971,61482.297
26972,61339.676
26973,62935.68
26974,61798.207
26975,61874.082
26976,62169.355
26977,62204.79
26978,63482.58
26979,63238.37
26980,62555.3
26981,61917.86
26982,61993.734
26983,62127.45
26984,62928.8
26985,62969.637
26986,63526.76
26987,66103.99
26988,67137.27
26989,67213.16
26990,67327.68
26991,68801.43
26992,68842.27
26993,69430.99
26994,69193.0
26995,69519.44
26996,70713.24
26997,70883.805
26998,71074.58
26999,71115.42
27000,71559.53
27001,2137.4495
27002,5642.6255
27003,27883.95
27004,21673.863
27005,23682.426
27006,36718.02
27007,39708.992
27008,66088.32
27009,81078.19
27010,81033.23
27011,74875.06
27012,87175.36
27013,96158.17
27014,99211.62
27015,111605.36
27016,120230.52
27017,117512.7
27018,119176.82
27019,126574.766
27020,128551.945
27021,130246.21
27022,133507.36
27023,143773.08
27024,140939.27
27025,135836.8
27026,135761.25
27027,137772.52
27028,230042.06
27029,230895.95
27030,238942.5
27031,260424.98
27032,263232.47
27033,278382.8
27034,280394.0
27035,300205.4
27036,304151.25
27037,323392.12
27038,319880.47
27039,368625.34
27040,389320.2
27041,391331.38
27042,410287.16
27043,411602.4
27044,412778.5
27045,447185.4
27046,443025.44
27047,465420.75
27048,467431.94
27049,471600.78
27050,475056.6
27051,475288.38
27052,477933.47
27053,516140.72
27054,516796.4
27055,518926.25
27056,526472.0
27057,527379.4
27058,533717.4
27059,595213.75
27060,591219.06
27061,587954.56
27062,626953.25
27063,632408.94
27064,642968.9
27065,643200.7
27066,648684.9
27067,659353.94
27068,658061.6
27069,661088.2
27070,667835.1
27071,671585.56
27072,671844.2
27073,672288.1
27074,684640.44
27075,685580.2
27076,705478.56
27077,760861.75
27078,761776.5
27079,762006.56
27080,781841.4
27081,777491.75
27082,786305.75
27083,788889.56
27084,803677.9
27085,804592.6
27086,808202.3
27087,805110.3
27088,800760.7
27089,805391.06
27090,814728.4
27091,818360.2
27092,858691.2
27093,858921.25
27094,903785.1
27095,897989.4
27096,933080.6
27097,936351.9
27098,939983.7
27099,977604.4
27100,985371.7
27101,991938.94
27102,985843.4
27103,992870.2
27104,994983.8
27105,1.0011712e+06
27106,1.0485786e+06
27107,1.0483588e+06
27108,1.0444998e+06
27109,1.0985845e+06
27110,1.1029682e+06
27111,1.1047626e+06
27112,1.1078651e+06
27113,1.1086072e+06
27114,1.1054048e+06
27115,1.1000816e+06
27116,1.097252e+06
27117,1.1012305e+06
27118,1.103729e+06
27119,1.112532e+06
27120,1.1751402e+06
27121,1.1753711e+06
27122,1.170048e+06
27123,1.1658769e+06
27124,1.1639455e+06
27125,1.166305e+06
27126,1.1690071e+06
27127,1.2153312e+06
27128,1.2133105e+06
27129,1.207886e+06
27130,1.2666245e+06
27131,1.283162e+06
27132,1.2853824e+06
27133,1.2744185e+06
27134,1.2758754e+06
27135,1.2760554e+06
27136,1.3267841e+06
27137,1.3237672e+06
27138,1.3116066e+06
27139,1.313827e+06
27140,1.3878625e+06
27141,1.389648e+06
27142,1.389828e+06
27143,1.3837754e+06
27144,1.374136e+06
27145,1.3796934e+06
27146,1.389952e+06
27147,1.392271e+06
27148,1.3928039e+06
27149,1.3929839e+06
27150,1.3946509e+06
27151,0.0
27152,0.0
27153,0.0
27154,0.0
27155,0.0
27156,0.0
27157,0.0
27158,0.0
27159,0.0
27160,0.0
27161,0.0
27162,0.0
27163,0.0
27164,0.0
27165,0.0
27166,0.0
27167,0.0
27168,0.0
27169,0.0
27170,0.0
27171,0.0
27172,0.0
27173,0.0
27174,0.0
27175,0.0
27176,0.0
27177,0.0
27178,0.0
27179,0.0
27180,0.0
27181,0.0
27182,0.0
27183,0.0
27184,0.0
27185,0.0
27186,0.0
27187,0.0
27188,0.0
27189,0.0
27190,0.0
27191,0.0
27192,0.0
27193,0.0
27194,0.0
27195,0.0
27196,0.0
27197,0.0
27198,0.0
27199,0.0
27200,0.0
27201,0.0
27202,0.0
27203,0.0
27204,0.0
27205,0.0
27206,0.0
27207,0.0
27208,0.0
27209,0.0
27210,0.0
27211,0.0
27212,0.0
27213,0.0
27214,0.0
27215,0.0
27216,0.0
27217,0.0
27218,0.0
27219,0.0
27220,0.0
27221,0.0
27222,0.0
27223,0.0
27224,0.0
27225,0.0
27226,0.0
27227,0.0
27228,0.0
27229,0.0
27230,0.0
27231,0.0
27232,0.0
27233,0.0
27234,0.0
27235,0.0
27236,0.0
27237,0.0
27238,0.0
27239,0.0
27240,0.0
27241,0.0
27242,0.0
27243,0.0
27244,0.0
27245,0.0
27246,0.0
27247,0.0
27248,0.0
27249,0.0
27250,0.0
27251,0.0
27252,0.0
27253,0.0
27254,0.0
27255,0.0
27256,0.0
27257,0.0
27258,0.0
27259,0.0
27260,0.0
27261,0.0
27262,0.0
27263,0.0
27264,0.0
27265,0.0
27266,0.0
27267,0.0
27268,0.0
27269,0.0
27270,0.0
27271,0.0
27272,0.0
27273,0.0
27274,0.0
27275,0.0
27276,0.0
27277,0.0
27278,0.0
27279,0.0
27280,0.0
27281,0.0
27282,0.0
27283,0.0
27284,0.0
27285,0.0
27286,0.0
27287,0.0
27288,0.0
27289,0.0
27290,0.0
27291,0.0
27292,0.0
27293,0.0
27294,0.0
27295,0.0
27296,0.0
27297,0.0
27298,0.0
27299,0.0
27300,0.0
27301,0.0
27302,0.0
27303,0.0
27304,0.0
27305,0.0
27306,0.0
27307,0.0
27308,0.0
27309,0.0
27310,0.0
27311,0.0
27312,0.0
27313,0.0
27314,0.0
27315,0.0
27316,0.0
27317,0.0
27318,0.0
27319,0.0
27320,0.0
27321,0.0
27322,0.0
27323,0.0
27324,0.0
27325,0.0
27326,1099.5149
27327,1099.5149
27328,1099.5149
27329,1099.5149
27330,1852.3762
27331,1757.3345
27332,1754.3458
27333,1910.3966
27334,1907.1426
27335,1825.4626
27336,1870.616
27337,7807.7144
27338,7808.9966
27339,7850.894
27340,7841.831
27341,7839.2876
27342,7818.6084
27343,7844.4775
27344,7847.6924
27345,7899.45
27346,7926.906
27347,8946.836
27348,8944.361
27349,15167.093
27350,15149.088
27351,15145.58
27352,15151.903
27353,15156.621
27354,15154.909
27355,15155.665
27356,15112.35
27357,14802.35
27358,14813.593
27359,16143.749
27360,16066.677
27361,16048.313
27362,16099.919
27363,16470.85
27364,16484.584
27365,16482.79
27366,16448.91
27367,16430.008
27368,16429.812
27369,16400.59
27370,16403.924
27371,16406.736
27372,16400.953
27373,16487.838
27374,16321.603
27375,16322.908
27376,16179.836
27377,16019.115
27378,16019.199
27379,15820.139
27380,15784.43
27381,15778.965
27382,16384.627
27383,14818.798
27384,14818.498
27385,14818.546
27386,14726.632
27387,16321.063
27388,16315.377
27389,25579.695
27390,27271.582
27391,27355.71
27392,27536.018
27393,27445.695
27394,27426.44
27395,27310.52
27396,27177.805
27397,27254.559
27398,27334.53
27399,27180.438
27400,24192.508
27401,23690.352
27402,23573.885
27403,23401.893
27404,23484.434
27405,23624.895
27406,23723.328
27407,23514.352
27408,23498.508
27409,23147.697
27410,22802.227
27411,22189.09
27412,22319.031
27413,22158.277
27414,22096.246
27415,22084.553
27416,22375.86
27417,23652.426
27418,23737.322
27419,14984.031
27420,17191.041
27421,17710.242
27422,17698.646
27423,19713.932
27424,20418.887
27425,20487.938
27426,20557.428
27427,19880.533
27428,21057.523
27429,21045.197
27430,20934.035
27431,21307.514
27432,21376.535
27433,21400.193
27434,20609.23
27435,20730.633
27436,20718.826
27437,20480.4
27438,20577.777
27439,20646.91
27440,19012.287
27441,18457.41
27442,18578.81
27443,20309.732
27444,20160.457
27445,20915.582
27446,20976.652
27447,20850.777
27448,20119.4
27449,20116.041
27450,20084.957
27451,675.5605
27452,728.9759
27453,810.92346
27454,741.36676
27455,795.78815
27456,934.80786
27457,960.807
27458,930.84485
27459,938.6102
27460,908.38464
27461,834.0644
27462,925.4135
27463,993.8023
27464,1023.1745
27465,1109.4011
27466,4998.6094
27467,4952.8716
27468,5028.3223
27469,5052.743
27470,5109.0933
27471,5138.4653
27472,5235.086
27473,5163.035
27474,5117.2974
27475,5108.8804
27476,5096.7373
27477,5112.8555
27478,4760.5303
27479,4565.3833
27480,4662.383
27481,4652.039
27482,4549.286
27483,4648.2354
27484,4667.982
27485,4709.9707
27486,4725.0933
27487,4751.5156
27488,4705.3203
27489,4573.2812
27490,4668.9697
27491,4688.7163
27492,4860.57
27493,4885.5806
27494,4899.4536
27495,5461.8374
27496,6056.4453
27497,7079.9634
27498,7099.7095
27499,6963.803
27500,7594.661
27501,7608.534
27502,7550.8945
27503,7840.4663
27504,7936.1553
27505,8267.8545
27506,8409.173
27507,8433.648
27508,8491.111
27509,9534.467
27510,9405.28
27511,9500.528
27512,9520.628
27513,9543.427
27514,9635.387
27515,9649.304
27516,9626.427
27517,10125.8955
27518,10221.1455
27519,10323.951
27520,10344.03
27521,10367.706
27522,10385.512
27523,10342.224
27524,10469.608
27525,10565.036
27526,10587.545
27527,10602.145
27528,10625.82
27529,10625.723
27530,11184.481
27531,11055.294
27532,11030.802
27533,11053.311
27534,11079.05
27535,11102.726
27536,11103.8
27537,11057.602
27538,10928.414
27539,11070.603
27540,11150.275
27541,11172.891
27542,11150.814
27543,11162.974
27544,11116.775
27545,10987.588
27546,11082.015
27547,11114.51
27548,11137.125
27549,11097.111
27550,11060.987
27551,11013.764
27552,10884.576
27553,10991.433
27554,11064.691
27555,11087.307
27556,11111.722
27557,10972.733
27558,10925.51
27559,10757.993
27560,10862.847
27561,10987.917
27562,11010.532
27563,11042.134
27564,11193.047
27565,11145.823
27566,11445.52
27567,11601.664
27568,11609.266
27569,11691.712
27570,12431.9
27571,12451.128
27572,12403.904
27573,12259.783
27574,12197.906
27575,12205.508
27576,12299.983
27577,12330.758
27578,12018.859
27579,11964.671
27580,11906.109
27581,12090.749
27582,12098.351
27583,12149.644
27584,13268.305
27585,13281.489
27586,14638.421
27587,14384.877
27588,13921.544
27589,13929.1455
27590,13951.881
27591,13982.395
27592,13995.579
27593,13976.965
27594,13850.062
27595,13960.9
27596,14025.713
27597,14073.062
27598,14096.737
27599,14109.922
27600,14187.606
27601,0.0
27602,0.0
27603,0.0
27604,0.0
27605,0.0
27606,0.0
27607,0.0
27608,0.0
27609,0.0
27610,0.0
27611,0.0
27612,0.0
27613,0.0
27614,0.0
27615,0.0
27616,0.0
27617,0.0
27618,0.0
27619,0.0
27620,0.0
27621,0.0
27622,0.0
27623,0.0
27624,0.0
27625,0.0
27626,0.0
27627,0.0
27628,0.0
27629,0.0
27630,0.0
27631,0.0
27632,0.0
27633,0.0
27634,0.0
27635,0.0
27636,0.0
27637,0.0
27638,0.0
27639,0.0
27640,0.0
27641,0.0
27642,0.0
27643,0.0
27644,0.0
27645,0.0
27646,0.0
27647,0.0
27648,0.0
27649,0.0
27650,0.0
27651,0.0
27652,0.0
27653,0.0
27654,0.0
27655,0.0
27656,0.0
27657,0.0
27658,0.0
27659,0.0
27660,0.0
27661,0.0
27662,0.0
27663,0.0
27664,0.0
27665,0.0
27666,0.0
27667,0.0
27668,0.0
27669,0.0
27670,0.0
27671,0.0
27672,0.0
27673,0.0
27674,0.0
27675,0.0
27676,0.0
27677,0.0
27678,0.0
27679,0.0
27680,0.0
27681,0.0
27682,0.0
27683,0.0
27684,0.0
27685,0.0
27686,0.0
27687,0.0
27688,0.0
27689,0.0
27690,0.0
27691,0.0
27692,0.0
27693,0.0
27694,0.0
27695,0.0
27696,0.0
27697,0.0
27698,0.0
27699,0.0
27700,0.0
27701,0.0
27702,0.0
27703,0.0
27704,0.0
27705,0.0
27706,0.0
27707,0.0
27708,0.0
27709,0.0
27710,0.0
27711,0.0
27712,0.0
27713,0.0
27714,0.0
27715,0.0
27716,0.0
27717,0.0
27718,0.0
27719,0.0
27720,0.0
27721,0.0
27722,0.0
27723,0.0
27724,0.0
27725,0.0
27726,0.0
27727,0.0
27728,0.0
27729,0.0
27730,0.0
27731,0.0
27732,0.0
27733,0.0
27734,0.0
27735,0.0
27736,0.0
27737,0.0
27738,0.0
27739,0.0
27740,0.0
27741,0.0
27742,0.0
27743,0.0
27744,0.0
27745,0.0
27746,0.0
27747,0.0
27748,0.0
27749,0.0
27750,0.0
27751,0.0
27752,0.0
27753,0.0
27754,0.0
27755,0.0
27756,0.0
27757,0.0
27758,0.0
27759,0.0
27760,0.0
27761,0.0
27762,0.0
27763,0.0
27764,0.0
27765,0.0
27766,0.0
27767,0.0
27768,0.0
27769,0.0
27770,0.0
27771,0.0
27772,0.0
27773,0.0
27774,0.0
27775,0.0
27776,0.0
27777,0.0
27778,0.0
27779,0.0
27780,0.0
27781,0.0
27782,0.0
27783,0.0
27784,0.0
27785,0.0
27786,0.0
27787,0.0
27788,0.0
27789,0.0
27790,0.0
27791,0.0
27792,0.0
27793,0.0
27794,0.0
27795,0.0
27796,0.0
27797,0.0
27798,0.0
27799,0.0
27800,0.0
27801,0.0
27802,0.0
27803,0.0
27804,0.0
27805,0.0
27806,0.0
27807,0.0
27808,0.0
27809,0.0
27810,0.0
27811,0.0
27812,0.0
27813,0.0
27814,0.0
27815,0.0
27816,0.0
27817,0.0
27818,0.0
27819,0.0
27820,0.0
27821,0.0
27822,0.0
27823,0.0
27824,0.0
27825,0.0
27826,0.0
27827,0.0
27828,0.0
27829,0.0
27830,0.0
27831,0.0
27832,0.0
27833,0.0
27834,0.0
27835,0.0
27836,0.0
27837,0.0
27838,0.0
27839,0.0
27840,0.0
27841,0.0
27842,0.0
27843,0.0
27844,0.0
27845,0.0
27846,0.0
27847,0.0
27848,0.0
27849,0.0
27850,0.0
27851,0.0
27852,0.0
27853,0.0
27854,0.0
27855,0.0
27856,0.0
27857,0.0
27858,0.0
27859,0.0
27860,0.0
27861,0.0
27862,0.0
27863,0.0
27864,0.0
27865,0.0
27866,0.0
27867,0.0
27868,0.0
27869,0.0
27870,0.0
27871,0.0
27872,0.0
27873,0.0
27874,0.0
27875,0.0
27876,0.0
27877,0.0
27878,0.0
27879,0.0
27880,0.0
27881,0.0
27882,0.0
27883,0.0
27884,0.0
27885,0.0
27886,0.0
27887,0.0
27888,0.0
27889,0.0
27890,0.0
27891,0.0
27892,0.0
27893,0.0
27894,0.0
27895,0.0
27896,0.0
27897,0.0
27898,0.0
27899,0.0
27900,0.0
27901,0.0
27902,0.0
27903,0.0
27904,0.0
27905,0.0
27906,0.0
27907,0.0
27908,0.0
27909,0.0
27910,0.0
27911,0.0
27912,0.0
27913,0.0
27914,0.0
27915,1503.6198
27916,2592.725
27917,2518.2559
27918,5564.149
27919,5499.498
27920,5984.7407
27921,6165.1504
27922,6367.978
27923,6311.3257
27924,6236.8574
27925,6844.658
27926,6648.5786
27927,6676.1665
27928,7169.9956
27929,7005.289
27930,7210.3047
27931,7311.561
27932,7607.815
27933,7591.2583
27934,7622.4736
27935,9240.342
27936,9272.467
27937,9307.911
27938,9232.981
27939,9214.543
27940,9065.748
27941,9096.962
27942,9268.44
27943,9299.863
27944,9325.728
27945,9337.099
27946,9224.295
27947,8989.805
27948,9021.0205
27949,8359.936
27950,8991.621
27951,9017.487
27952,8469.693
27953,8126.1724
27954,7975.4097
27955,8137.269
27956,8905.441
27957,8896.844
27958,9001.228
27959,10244.136
27960,10160.746
27961,10074.535
27962,10091.987
27963,10252.091
27964,9936.478
27965,9962.342
27966,9824.342
27967,8001.955
27968,7921.047
27969,8288.323
27970,8448.832
27971,8478.919
27972,8347.079
27973,8219.92
27974,8163.1367
27975,8064.9707
27976,8084.833
27977,8249.114
27978,8279.2
27979,8300.032
27980,8544.63
27981,8472.369
27982,12245.078
27983,14781.08
27984,15098.569
27985,15128.656
27986,15119.59
27987,15219.365
27988,15200.583
27989,15159.034
27990,15405.893
27991,15577.188
27992,15563.684
27993,15587.79
27994,15512.862
27995,15494.08
27996,15320.154
27997,18331.691
27998,18502.988
27999,18526.943
28000,18803.023
28001,18712.885
28002,18631.412
28003,18547.01
28004,18648.729
28005,18820.025
28006,23389.836
28007,23769.305
28008,23693.36
28009,24846.203
28010,24692.928
28011,24827.408
28012,24993.197
28013,25005.541
28014,25050.074
28015,24974.13
28016,24906.69
28017,24888.877
28018,24901.705
28019,25202.078
28020,26005.76
28021,26135.246
28022,26059.3
28023,26292.018
28024,26301.832
28025,26315.861
28026,26562.889
28027,26591.604
28028,26770.098
28029,26687.188
28030,28937.086
28031,30822.832
28032,30836.861
28033,30889.049
28034,32767.676
28035,32792.797
28036,33445.574
28037,33148.945
28038,34345.17
28039,34359.203
28040,34382.836
28041,34275.74
28042,34300.867
28043,34527.062
28044,34506.812
28045,34516.7
28046,35429.164
28047,35464.516
28048,37173.504
28049,37198.637
28050,37531.176
28051,0.0
28052,0.0
28053,0.0
28054,0.0
28055,0.0
28056,0.0
28057,0.0
28058,0.0
28059,0.0
28060,0.0
28061,0.0
28062,0.0
28063,0.0
28064,0.0
28065,0.0
28066,0.0
28067,0.0
28068,0.0
28069,0.0
28070,0.0
28071,0.0
28072,0.0
28073,0.0
28074,0.0
28075,0.0
28076,0.0
28077,0.0
28078,0.0
28079,0.0
28080,0.0
28081,0.0
28082,0.0
28083,0.0
28084,0.0
28085,0.0
28086,0.0
28087,0.0
28088,0.0
28089,0.0
28090,0.0
28091,0.0
28092,0.0
28093,0.0
28094,0.0
28095,0.0
28096,0.0
28097,0.0
28098,0.0
28099,0.0
28100,0.0
28101,0.0
28102,0.0
28103,0.0
28104,0.0
28105,0.0
28106,0.0
28107,0.0
28108,0.0
28109,0.0
28110,0.0
28111,0.0
28112,0.0
28113,0.0
28114,0.0
28115,0.0
28116,0.0
28117,0.0
28118,0.0
28119,0.0
28120,0.0
28121,0.0
28122,0.0
28123,0.0
28124,0.0
28125,0.0
28126,0.0
28127,0.0
28128,0.0
28129,0.0
28130,0.0
28131,0.0
28132,0.0
28133,0.0
28134,0.0
28135,0.0
28136,0.0
28137,0.0
28138,0.0
28139,0.0
28140,0.0
28141,0.0
28142,0.0
28143,0.0
28144,0.0
28145,0.0
28146,0.0
28147,0.0
28148,0.0
28149,0.0
28150,0.0
28151,0.0
28152,0.0
28153,0.0
28154,0.0
28155,0.0
28156,0.0
28157,0.0
28158,0.0
28159,0.0
28160,0.0
28161,0.0
28162,0.0
28163,0.0
28164,0.0
28165,0.0
28166,0.0
28167,0.0
28168,0.0
28169,0.0
28170,0.0
28171,0.0
28172,0.0
28173,0.0
28174,0.0
28175,0.0
28176,0.0
28177,0.0
28178,0.0
28179,0.0
28180,0.0
28181,0.0
28182,0.0
28183,0.0
28184,0.0
28185,0.0
28186,0.0
28187,0.0
28188,0.0
28189,0.0
28190,0.0
28191,0.0
28192,0.0
28193,0.0
28194,0.0
28195,0.0
28196,0.0
28197,0.0
28198,0.0
28199,0.0
28200,0.0
28201,0.0
28202,0.0
28203,0.0
28204,0.0
28205,0.0
28206,0.0
28207,0.0
28208,0.0
28209,0.0
28210,0.0
28211,0.0
28212,0.0
28213,0.0
28214,0.0
28215,0.0
28216,0.0
28217,0.0
28218,0.0
28219,0.0
28220,0.0
28221,0.0
28222,0.0
28223,438.9714
28224,434.32132
28225,469.5937
28226,469.99033
28227,473.191
28228,450.82974
28229,462.2916
28230,471.86874
28231,513.11633
28232,562.0319
28233,494.3425
28234,501.17142
28235,521.0175
28236,514.5933
28237,527.18744
28238,522.07916
28239,567.94684
28240,522.8683
28241,529.69727
28242,532.8181
28243,537.0062
28244,536.85596
28245,538.54364
28246,632.578
28247,609.5915
28248,616.4205
28249,715.1894
28250,896.55414
28251,896.4039
28252,1503.508
28253,1725.1245
28254,1681.6252
28255,1697.2914
28256,1720.9156
28257,1729.5183
28258,1744.2805
28259,1897.557
28260,1880.8876
28261,1885.8857
28262,1900.4376
28263,1905.4513
28264,1936.1302
28265,1935.98
28266,1931.5509
28267,2152.8843
28268,2157.8828
28269,2018.6578
28270,2019.9708
28271,2025.394
28272,2042.154
28273,2048.0803
28274,2042.4558
28275,2046.6313
28276,2057.8093
28277,2053.7322
28278,2059.1555
28279,2057.2483
28280,2043.9688
28281,2025.7123
28282,1639.1317
28283,1572.1726
28284,1578.2356
28285,1583.6589
28286,1646.0128
28287,1642.4617
28288,1625.7738
28289,1602.7552
28290,1640.3989
28291,1643.3368
28292,1605.1681
28293,1612.8003
28294,1609.249
28295,1593.0996
28296,1588.8848
28297,1686.7479
28298,1689.6858
28299,1649.7854
28300,1648.9032
28301,1630.136
28302,1551.2953
28303,1616.5358
28304,1643.4365
28305,1646.3743
28306,1648.2964
28307,1801.2426
28308,1796.6661
28309,1908.0092
28310,1925.8165
28311,2152.5696
28312,2150.001
28313,2188.9167
28314,2190.647
28315,2186.0706
28316,2249.5776
28317,2255.4316
28318,2257.9863
28319,2257.8792
28320,2578.3704
28321,2567.9612
28322,2561.9055
28323,2625.8115
28324,2740.1519
28325,2743.911
28326,2789.5928
28327,2699.1936
28328,2717.8464
28329,2711.7908
28330,2782.1252
28331,2856.191
28332,2859.95
28333,2886.0613
28334,2901.0505
28335,2900.1682
28336,3159.2922
28337,3151.4297
28338,3166.0305
28339,3169.7896
28340,3167.3423
28341,3131.695
28342,3130.8127
28343,3176.9944
28344,3182.6162
28345,3183.3416
28346,3236.1067
28347,3258.2725
28348,3263.6958
28349,3262.8135
28350,3260.0461
28351,1541.8761
28352,2964.199
28353,3261.4639
28354,1835.9636
28355,2431.0603
28356,4311.0146
28357,4598.051
28358,18122.012
28359,30344.379
28360,31359.277
28361,29462.11
28362,32492.588
28363,45631.996
28364,46534.266
28365,64026.613
28366,69174.78
28367,67624.52
28368,69395.414
28369,71901.61
28370,76088.79
28371,77050.41
28372,81198.17
28373,88382.234
28374,86716.0
28375,85673.195
28376,85485.37
28377,86671.15
28378,124757.48
28379,126010.98
28380,133414.05
28381,150219.75
28382,148721.17
28383,152555.36
28384,153744.77
28385,154691.05
28386,157107.45
28387,157611.03
28388,155944.75
28389,163620.66
28390,175927.1
28391,177116.53
28392,178015.3
28393,182712.72
28394,183078.12
28395,183821.45
28396,181996.73
28397,203399.62
28398,204589.03
28399,205019.75
28400,206643.75
28401,207009.19
28402,211562.73
28403,212400.66
28404,212769.67
28405,215409.66
28406,218499.39
28407,218717.95
28408,220148.23
28409,221059.81
28410,219029.56
28411,219784.19
28412,221347.38
28413,229443.86
28414,246396.38
28415,246540.03
28416,245534.98
28417,240637.69
28418,241392.31
28419,242793.16
28420,245913.89
28421,247339.0
28422,248238.08
28423,244376.75
28424,244042.19
28425,244795.77
28426,271566.62
28427,299315.22
28428,300740.44
28429,300882.3
28430,312880.47
28431,310230.84
28432,331741.53
28433,332941.4
28434,334139.97
28435,335565.16
28436,359949.38
28437,356674.4
28438,354024.75
28439,355407.78
28440,380508.66
28441,381441.7
28442,381703.97
28443,381693.25
28444,381653.53
28445,379003.88
28446,380793.56
28447,387602.66
28448,388535.7
28449,424186.12
28450,432584.3
28451,432417.94
28452,429705.6
28453,439087.38
28454,440287.25
28455,441220.28
28456,445392.84
28457,445807.06
28458,443357.72
28459,441165.72
28460,442429.06
28461,444321.12
28462,445248.66
28463,447522.6
28464,474545.5
28465,472533.3
28466,470818.84
28467,474907.72
28468,476092.7
28469,477841.62
28470,485030.06
28471,485172.66
28472,483160.47
28473,483695.88
28474,500199.34
28475,501245.3
28476,501902.7
28477,503213.78
28478,516579.66
28479,511958.7
28480,513296.12
28481,536594.44
28482,537640.44
28483,542635.94
28484,546395.2
28485,546487.0
28486,543070.5
28487,543274.7
28488,556212.5
28489,557258.5
28490,569250.94
28491,570855.8
28492,570947.6
28493,574653.0
28494,571799.44
28495,575701.3
28496,584413.56
28497,590846.9
28498,592428.1
28499,592519.94
28500,589027.3
28501,0.0
28502,0.0
28503,1743.5024
28504,1571.7216
28505,1851.8368
28506,2033.0536
28507,2216.9626
28508,5519.0073
28509,6990.5166
28510,9468.159
28511,9240.3545
28512,10210.224
28513,11152.133
28514,11398.48
28515,14448.609
28516,15131.349
28517,14847.702
28518,14873.907
28519,15638.332
28520,16618.191
28521,16826.777
28522,18005.355
28523,19387.418
28524,18987.807
28525,20325.783
28526,20958.035
28527,20967.977
28528,21988.312
28529,24730.746
28530,28573.89
28531,26250.71
28532,26227.684
28533,27818.96
28534,27873.426
28535,28108.188
28536,29775.318
28537,30046.104
28538,29646.492
28539,37702.94
28540,37960.88
28541,38015.348
28542,38107.535
28543,38153.613
28544,38239.37
28545,39786.02
28546,39627.285
28547,39908.6
28548,39963.07
28549,40390.152
28550,41244.973
28551,41330.73
28552,41447.797
28553,42967.848
28554,43249.16
28555,45883.2
28556,48472.168
28557,51895.97
28558,52303.69
28559,49811.047
28560,50440.457
28561,50812.29
28562,50884.32
28563,50979.777
28564,55010.44
28565,55096.2
28566,55326.97
28567,56677.793
28568,57054.93
28569,57187.258
28570,57267.656
28571,57277.934
28572,58778.39
28573,58156.14
28574,59018.094
28575,59394.227
28576,59048.824
28577,59210.992
28578,59221.27
28579,63061.758
28580,63371.305
28581,63088.203
28582,63342.035
28583,63395.727
28584,63947.363
28585,63957.637
28586,64465.707
28587,64330.137
28588,64047.06
28589,64579.715
28590,67819.92
28591,67905.79
28592,67715.26
28593,67799.26
28594,67338.34
28595,67055.24
28596,67423.47
28597,67470.34
28598,67556.21
28599,72089.02
28600,71840.27
28601,71509.89
28602,71164.1
28603,69909.234
28604,70143.05
28605,70228.92
28606,73736.5
28607,74410.98
28608,74080.59
28609,73787.16
28610,77741.99
28611,77953.43
28612,78033.8
28613,79686.25
28614,79975.5
28615,79645.12
28616,92863.766
28617,93399.61
28618,93449.805
28619,93932.31
28620,98359.766
28621,98444.49
28622,98114.11
28623,101730.66
28624,102149.57
28625,102199.77
28626,102408.28
28627,102443.71
28628,102414.14
28629,102091.27
28630,104181.74
28631,104556.68
28632,104606.88
28633,104706.55
28634,105859.78
28635,105893.69
28636,106660.67
28637,108321.24
28638,109005.234
28639,109055.44
28640,109135.914
28641,109499.0
28642,109532.91
28643,109807.52
28644,109552.5
28645,109875.33
28646,109952.21
28647,111550.55
28648,114331.46
28649,114365.37
28650,116089.195
28651,0.0
28652,0.0
28653,0.0
28654,0.0
28655,0.0
28656,0.0
28657,0.0
28658,0.0
28659,120.12562
28660,1705.1763
28661,1541.3126
28662,2765.669
28663,3451.5942
28664,3484.3477
28665,4783.1436
28666,6014.8345
28667,5938.1367
28668,10159.047
28669,10311.808
28670,10597.43
28671,10630.181
28672,11312.608
28673,11287.417
28674,11210.72
28675,11387.192
28676,11477.624
28677,11513.388
28678,9339.5
28679,9020.83
28680,9808.294
28681,9375.053
28682,9551.031
28683,10241.961
28684,10337.132
28685,10841.845
28686,10103.227
28687,10083.266
28688,10006.568
28689,9746.99
28690,9665.779
28691,9780.274
28692,10035.385
28693,10552.882
28694,10532.921
28695,14178.816
28696,14076.01
28697,14895.336
28698,15060.334
28699,15636.745
28700,16399.998
28701,16380.039
28702,21095.314
28703,23318.477
28704,23258.07
28705,23540.717
28706,23517.793
28707,23685.443
28708,24069.637
28709,28492.291
28710,25346.443
28711,28447.96
28712,28543.135
28713,28769.64
28714,28022.855
28715,28002.895
28716,28240.879
28717,23135.375
28718,26179.186
28719,26827.95
28720,26989.807
28721,27024.396
28722,33394.26
28723,34006.027
28724,31695.158
28725,34685.477
28726,35111.707
28727,35613.848
28728,35648.438
28729,35644.562
28730,37478.508
28731,34387.46
28732,41152.996
28733,41247.395
28734,42006.4
28735,42040.996
28736,45165.98
28737,44934.832
28738,41843.785
28739,44969.277
28740,47592.902
28741,47620.94
28742,51479.883
28743,51465.37
28744,51316.01
28745,48224.965
28746,51431.406
28747,51468.727
28748,51496.77
28749,51389.69
28750,51942.453
28751,51684.32
28752,48530.582
28753,53174.28
28754,53312.043
28755,53340.082
28756,54728.293
28757,56042.57
28758,55826.266
28759,53748.797
28760,56990.203
28761,59641.24
28762,59663.773
28763,58926.973
28764,58959.562
28765,58743.258
28766,57385.414
28767,60235.69
28768,60234.902
28769,62371.53
28770,73029.28
28771,72734.766
28772,72657.055
28773,71564.25
28774,79488.41
28775,79487.625
28776,79340.03
28777,80472.27
28778,81281.7
28779,81197.02
28780,77567.11
28781,80991.375
28782,80990.59
28783,81041.266
28784,80986.88
28785,80691.64
28786,87610.47
28787,85240.69
28788,89087.91
28789,89087.11
28790,89125.77
28791,89066.02
28792,88384.75
28793,100240.05
28794,97175.21
28795,100946.945
28796,100800.664
28797,100827.79
28798,100862.4
28799,100181.125
28800,100616.16
28801,0.0
28802,0.0
28803,0.0
28804,0.0
28805,0.0
28806,0.0
28807,0.0
28808,1.7881513
28809,0.0
28810,0.0
28811,0.0
28812,0.0
28813,0.0
28814,0.0
28815,0.0
28816,38.49361
28817,20.835026
28818,82.593056
28819,127.21078
28820,160.30884
28821,168.0275
28822,222.98514
28823,221.10449
28824,203.44589
28825,203.80319
28826,236.60634
28827,243.85214
28828,342.53683
28829,357.71033
28830,446.99356
28831,331.92532
28832,303.1332
28833,304.0142
28834,314.88828
28835,340.4809
28836,352.36218
28837,519.71625
28838,501.33438
28839,507.13504
28840,504.8218
28841,515.69574
28842,639.20483
28843,677.18085
28844,676.9863
28845,660.1928
28846,662.65265
28847,638.9728
28848,649.8469
28849,650.78467
28850,685.41327
28851,685.21875
28852,372.3489
28853,531.2738
28854,528.9606
28855,693.8229
28856,565.8588
28857,667.95013
28858,710.75653
28859,786.86566
28860,783.4988
28861,780.7441
28862,791.97186
28863,787.8411
28864,826.9383
28865,826.788
28866,737.68317
28867,985.4184
28868,982.6636
28869,1076.5962
28870,1019.607
28871,1032.2415
28872,1035.1544
28873,1015.34235
28874,1028.7103
28875,1026.1334
28876,1039.77
28877,1032.7162
28878,1045.351
28879,1031.1876
28880,992.84937
28881,989.4826
28882,637.24866
28883,681.3173
28884,685.40485
28885,698.0395
28886,691.8837
28887,673.50195
28888,670.13525
28889,695.16315
28890,758.8794
28891,759.84155
28892,726.7242
28893,724.8169
28894,706.43524
28895,703.0685
28896,699.4909
28897,760.6946
28898,761.65674
28899,726.89795
28900,676.707
28901,938.8913
28902,935.52466
28903,1153.322
28904,1217.708
28905,1218.67
28906,1232.0435
28907,1078.987
28908,1059.5801
28909,1017.88513
28910,1024.734
28911,1140.9349
28912,1141.8971
28913,1162.4575
28914,1299.3044
28915,1279.8978
28916,1375.8777
28917,1434.0181
28918,1432.7472
28919,1474.3856
28920,2258.2278
28921,2263.389
28922,2243.9817
28923,2225.6824
28924,2363.9634
28925,2362.6934
28926,2444.0093
28927,2485.9087
28928,2417.599
28929,2391.2273
28930,2458.4856
28931,2546.8298
28932,2545.5598
28933,2575.2012
28934,2597.4019
28935,2596.5195
28936,2832.4463
28937,2704.7231
28938,2143.3845
28939,2142.114
28940,2142.1465
28941,2161.619
28942,2160.7366
28943,2169.9387
28944,2168.8552
28945,2181.6882
28946,2237.6277
28947,2263.3237
28948,2275.9585
28949,2275.0762
28950,2269.5437
28951,0.0
28952,0.0
28953,2.904162
28954,0.0
28955,0.0
28956,12.228023
28957,10.000392
28958,16.459993
28959,10.041455
28960,0.0
28961,0.0
28962,0.0
28963,0.0
28964,0.0
28965,0.0
28966,0.0
28967,0.0
28968,0.0
28969,0.0
28970,0.0
28971,0.0
28972,0.0
28973,0.0
28974,0.0
28975,0.0
28976,0.0
28977,0.0
28978,0.0
28979,0.0
28980,0.0
28981,0.0
28982,0.0
28983,0.0
28984,0.0
28985,0.0
28986,0.0
28987,0.0
28988,0.0
28989,0.0
28990,0.0
28991,0.0
28992,0.0
28993,0.0
28994,0.0
28995,0.0
28996,0.0
28997,0.0
28998,0.0
28999,7.540893
29000,24.607616
29001,24.457333
29002,0.0
29003,0.0
29004,0.0
29005,0.0
29006,0.0
29007,0.0
29008,0.0
29009,0.0
29010,0.0
29011,0.0
29012,0.0
29013,0.0
29014,0.0
29015,0.0
29016,0.0
29017,16.433006
29018,10.070799
29019,18.09997
29020,16.329472
29021,24.116207
29022,26.113834
29023,17.06931
29024,23.491993
29025,16.307068
29026,27.510893
29027,23.972385
29028,31.759094
29029,31.164686
29030,31.574194
29031,28.327679
29032,0.0
29033,0.0
29034,0.0
29035,0.0
29036,0.0
29037,0.0
29038,0.0
29039,0.0
29040,42.330975
29041,43.293156
29042,19.712349
29043,17.805056
29044,10.191075
29045,6.9445744
29046,0.0
29047,21.823019
29048,22.785194
29049,0.0
29050,0.0
29051,0.0
29052,0.0
29053,0.0
29054,0.0
29055,0.0
29056,0.0
29057,8.797136
29058,0.15813117
29059,0.0
29060,0.0
29061,0.0
29062,0.0
29063,0.0
29064,0.73226374
29065,0.0
29066,9.923095
29067,15.395384
29068,11.692186
29069,30.272003
29070,202.07521
29071,205.24634
29072,196.60725
29073,176.6427
29074,333.06323
29075,329.36005
29076,477.53387
29077,509.92523
29078,474.31305
29079,465.6742
29080,533.0533
29081,620.34515
29082,616.6419
29083,646.2837
29084,746.4653
29085,745.583
29086,2204.7712
29087,2363.2852
29088,2650.418
29089,2646.715
29090,2657.6304
29091,2672.2546
29092,2671.3723
29093,2740.0083
29094,2739.0452
29095,2741.3054
29096,2794.8125
29097,2775.7236
29098,2783.5103
29099,2782.628
29100,2799.9954
29101,1124.5903
29102,1177.002
29103,1253.5663
29104,1139.3488
29105,1144.837
29106,1203.5237
29107,1328.4023
29108,1571.8779
29109,2134.2324
29110,2164.8425
29111,2045.8617
29112,2031.5061
29113,2550.268
29114,2678.6038
29115,3894.4094
29116,5743.3945
29117,5672.1665
29118,8922.551
29119,8958.861
29120,9317.278
29121,9482.738
29122,9520.258
29123,9532.517
29124,9461.289
29125,9250.947
29126,9003.189
29127,9019.359
29128,9174.209
29129,9042.289
29130,10044.297
29131,10474.962
29132,10449.346
29133,11044.519
29134,11057.472
29135,11088.292
29136,11069.815
29137,11102.989
29138,11032.21
29139,11013.707
29140,11064.333
29141,11077.286
29142,11305.729
29143,12526.441
29144,12519.4375
29145,12493.529
29146,12321.822
29147,12361.017
29148,12373.97
29149,12298.632
29150,13373.629
29151,13366.593
29152,13731.534
29153,14210.006
29154,14261.776
29155,14200.18
29156,14401.004
29157,14418.111
29158,14438.072
29159,17247.227
29160,17208.463
29161,17239.252
29162,17251.852
29163,18682.254
29164,20582.666
29165,20596.566
29166,21244.979
29167,20331.111
29168,20367.205
29169,20920.926
29170,20934.617
29171,20969.2
29172,23504.979
29173,24123.275
29174,24468.88
29175,24503.969
29176,25046.48
29177,25555.957
29178,25590.54
29179,25599.398
29180,25936.254
29181,25893.242
29182,26407.785
29183,26547.252
29184,26563.86
29185,26598.441
29186,26651.074
29187,26580.303
29188,26537.291
29189,26832.072
29190,26841.887
29191,26858.494
29192,30304.566
29193,30319.555
29194,31880.738
29195,31837.727
29196,31869.363
29197,31915.13
29198,31931.738
29199,31661.072
29200,31627.768
29201,31556.197
29202,31513.186
29203,31755.967
29204,32111.127
29205,32127.734
29206,32377.818
29207,33102.246
29208,33030.453
29209,32714.16
29210,32748.97
29211,34352.324
29212,34368.93
29213,35868.367
29214,35901.3
29215,35829.504
29216,37323.977
29217,37372.504
29218,37373.785
29219,37487.21
29220,36952.86
29221,36983.477
29222,36911.68
29223,36182.47
29224,36372.37
29225,36373.652
29226,36485.773
29227,36521.207
29228,36542.633
29229,36463.87
29230,35978.133
29231,36641.23
29232,36642.51
29233,36687.8
29234,38339.523
29235,38352.707
29236,38845.32
29237,39593.293
29238,40534.18
29239,40535.46
29240,40546.156
29241,40546.527
29242,40536.508
29243,40636.785
29244,40605.242
29245,40670.36
29246,41325.33
29247,41366.71
29248,41401.56
29249,41391.54
29250,41467.805
29251,6741.743
29252,7209.443
29253,8751.778
29254,8566.359
29255,8277.738
29256,8290.421
29257,8906.448
29258,14405.442
29259,18320.072
29260,19840.209
29261,19463.363
29262,21878.361
29263,23820.908
29264,24003.248
29265,24633.56
29266,28426.047
29267,28179.66
29268,28536.102
29269,35147.12
29270,35364.0
29271,35583.46
29272,40991.41
29273,45087.88
29274,44784.883
29275,44941.656
29276,44773.254
29277,44766.1
29278,40434.766
29279,40591.438
29280,45203.387
29281,60258.54
29282,59867.473
29283,65453.13
29284,65449.605
29285,65620.63
29286,74472.08
29287,74792.195
29288,74445.63
29289,81036.875
29290,80933.664
29291,80930.125
29292,81102.72
29293,82383.65
29294,82469.36
29295,81805.234
29296,81141.61
29297,80832.34
29298,80828.81
29299,80578.89
29300,79732.305
29301,79818.016
29302,87355.49
29303,87538.8
29304,87592.93
29305,90376.4
29306,92448.92
29307,95139.09
29308,95554.9
29309,114012.34
29310,114320.7
29311,114295.2
29312,114861.055
29313,115019.09
29314,144684.98
29315,144770.73
29316,150079.69
29317,152196.16
29318,152175.98
29319,152456.38
29320,152599.6
29321,152640.64
29322,152641.48
29323,154230.11
29324,155249.38
29325,155229.16
29326,154543.17
29327,153920.4
29328,153961.45
29329,158138.94
29330,158416.95
29331,158309.39
29332,165930.14
29333,166107.78
29334,167713.06
29335,167754.14
29336,167712.98
29337,169661.3
29338,169553.73
29339,169784.69
29340,174121.55
29341,174294.23
29342,174979.58
29343,175063.58
29344,173873.66
29345,173766.1
29346,173744.88
29347,173952.06
29348,174124.78
29349,178441.92
29350,179252.27
29351,178813.77
29352,178706.2
29353,178549.33
29354,178889.17
29355,179061.89
29356,184812.95
29357,184883.56
29358,184536.97
29359,183701.1
29360,185549.66
29361,202998.36
29362,203171.08
29363,203761.14
29364,204002.61
29365,203655.98
29366,206471.16
29367,207406.72
29368,207569.42
29369,208160.44
29370,206434.14
29371,206518.61
29372,205359.55
29373,218154.1
29374,228472.5
29375,228635.2
29376,228971.0
29377,239110.81
29378,239205.95
29379,238054.42
29380,253819.44
29381,254271.83
29382,254295.38
29383,268553.66
29384,269898.53
29385,269932.47
29386,268917.1
29387,269846.56
29388,270201.1
29389,270224.62
29390,270397.44
29391,270757.97
29392,270791.9
29393,269364.47
29394,269270.2
29395,270056.06
29396,270133.97
29397,275082.5
29398,279642.34
29399,279676.25
29400,281518.22
29401,675.5605
29402,728.9759
29403,810.92346
29404,741.36676
29405,795.78815
29406,934.80786
29407,960.807
29408,930.84485
29409,938.6102
29410,908.38464
29411,834.0644
29412,925.4135
29413,993.8023
29414,1023.1745
29415,1109.4011
29416,4998.6094
29417,4952.8716
29418,5028.3223
29419,5052.743
29420,5109.0933
29421,5138.4653
29422,5235.086
29423,5163.035
29424,5117.2974
29425,5108.8804
29426,5096.7373
29427,5112.8555
29428,4760.5303
29429,4565.3833
29430,4662.383
29431,4652.039
29432,4549.286
29433,4648.2354
29434,4667.982
29435,4709.9707
29436,4725.0933
29437,4751.5156
29438,4705.3203
29439,4573.2812
29440,4668.9697
29441,4688.7163
29442,4860.57
29443,4885.5806
29444,4899.4536
29445,5461.8374
29446,6056.4453
29447,7079.9634
29448,7099.7095
29449,6963.803
29450,7594.661
29451,7608.534
29452,7550.8945
29453,7840.4663
29454,7936.1553
29455,8267.8545
29456,8409.173
29457,8433.648
29458,8491.111
29459,9534.467
29460,9405.28
29461,9500.528
29462,9520.628
29463,9543.427
29464,9635.387
29465,9649.304
29466,9626.427
29467,10125.8955
29468,10221.1455
29469,10323.951
29470,10344.03
29471,10367.706
29472,10385.512
29473,10342.224
29474,10469.608
29475,10565.036
29476,10587.545
29477,10602.145
29478,10625.82
29479,10625.723
29480,11184.481
29481,11055.294
29482,11030.802
29483,11053.311
29484,11079.05
29485,11102.726
29486,11103.8
29487,11057.602
29488,10928.414
29489,11070.603
29490,11150.275
29491,11172.891
29492,11150.814
29493,11162.974
29494,11116.775
29495,10987.588
29496,11082.015
29497,11114.51
29498,11137.125
29499,11097.111
29500,11060.987
29501,11013.764
29502,10884.576
29503,10991.433
29504,11064.691
29505,11087.307
29506,11111.722
29507,10972.733
29508,10925.51
29509,10757.993
29510,10862.847
29511,10987.917
29512,11010.532
29513,11042.134
29514,11193.047
29515,11145.823
29516,11445.52
29517,11601.664
29518,11609.266
29519,11691.712
29520,12431.9
29521,12451.128
29522,12403.904
29523,12259.783
29524,12197.906
29525,12205.508
29526,12299.983
29527,12330.758
29528,12018.859
29529,11964.671
29530,11906.109
29531,12090.749
29532,12098.351
29533,12149.644
29534,13268.305
29535,13281.489
29536,14638.421
29537,14384.877
29538,13921.544
29539,13929.1455
29540,13951.881
29541,13982.395
29542,13995.579
29543,13976.965
29544,13850.062
29545,13960.9
29546,14025.713
29547,14073.062
29548,14096.737
29549,14109.922
29550,14187.606
29551,2903.3662
29552,3259.9653
29553,4854.612
29554,4518.6772
29555,4280.1113
29556,4359.7227
29557,4512.0503
29558,5646.7705
29559,6718.954
29560,6862.9956
29561,6527.061
29562,6375.2173
29563,7397.558
29564,7612.3296
29565,7748.089
29566,8650.655
29567,8780.084
29568,8299.932
29569,8668.823
29570,9354.217
29571,9531.21
29572,10659.952
29573,11281.3955
29574,11054.485
29575,11499.3545
29576,11676.872
29577,11723.61
29578,9772.989
29579,12539.748
29580,15858.877
29581,12884.893
29582,12854.152
29583,13475.555
29584,13525.92
29585,13804.241
29586,14553.082
29587,14823.874
29588,14596.962
29589,22051.496
29590,22102.322
29591,22152.688
29592,22197.996
29593,22268.385
29594,22354.135
29595,24195.955
29596,23992.37
29597,24267.367
29598,24317.732
29599,24766.729
29600,25745.062
29601,25830.812
29602,26149.865
29603,27530.613
29604,27600.725
29605,28715.4
29606,30214.227
29607,30774.463
29608,31170.213
29609,30303.836
29610,30925.527
29611,31086.15
29612,31158.176
29613,31275.545
29614,34307.176
29615,34392.934
29616,34546.367
29617,35068.49
29618,35234.43
29619,35420.035
29620,35522.34
29621,35556.934
29622,36098.86
29623,35860.64
29624,35634.562
29625,35799.496
29626,35950.574
29627,35156.16
29628,35190.75
29629,35397.164
29630,35827.996
29631,35537.18
29632,34639.36
29633,34725.68
29634,34756.008
29635,34790.6
29636,35040.684
29637,35073.27
29638,34782.438
29639,35096.504
29640,36298.074
29641,36405.836
29642,36239.63
29643,36323.63
29644,36176.527
29645,35885.72
29646,36094.96
29647,36188.957
29648,36296.723
29649,34528.242
29650,34152.098
29651,33989.87
29652,33636.367
29653,33996.918
29654,33101.1
29655,33208.863
29656,33926.844
29657,34936.97
29658,34774.742
29659,34462.88
29660,35185.406
29661,35334.387
29662,35436.645
29663,37338.926
29664,37067.008
29665,36904.777
29666,39337.258
29667,39713.203
29668,39763.395
29669,40184.234
29670,44474.18
29671,44526.582
29672,44364.35
29673,47590.336
29674,47484.51
29675,47534.703
29676,47301.74
29677,47337.17
29678,48541.6
29679,48277.785
29680,50360.58
29681,50662.277
29682,50712.47
29683,50834.04
29684,50371.074
29685,50404.98
29686,49521.81
29687,50481.754
29688,51333.047
29689,51383.24
29690,51485.62
29691,52026.78
29692,52060.688
29693,52679.906
29694,53076.33
29695,53325.918
29696,53656.19
29697,55276.44
29698,55311.04
29699,55344.945
29700,57108.15
29701,0.0
29702,0.0
29703,0.0
29704,0.0
29705,0.0
29706,0.0
29707,0.0
29708,0.0
29709,0.0
29710,0.0
29711,0.0
29712,0.0
29713,0.0
29714,0.0
29715,10.91784
29716,0.0
29717,0.0
29718,0.0
29719,0.0
29720,0.0
29721,0.0
29722,5.7335587
29723,3.5540838
29724,0.0
29725,0.0
29726,0.0
29727,0.0
29728,5.22106
29729,12.261158
29730,26.783197
29731,0.0
29732,28.669
29733,0.0
29734,0.0
29735,0.0
29736,0.0
29737,3.2974958
29738,0.0
29739,37.187576
29740,4.4466715
29741,9.556009
29742,4.6960034
29743,8.884178
29744,8.733894
29745,8.339768
29746,103.87726
29747,82.4539
29748,87.56317
29749,221.10747
29750,546.117
29751,545.96674
29752,1409.0697
29753,1614.4758
29754,1580.2878
29755,1596.7963
29756,1615.4662
29757,1624.0687
29758,1643.7755
29759,2094.567
29760,2077.3428
29761,2088.058
29762,2141.331
29763,2192.7593
29764,2223.4382
29765,2223.288
29766,2252.3376
29767,2587.8855
29768,2598.8381
29769,2457.892
29770,2459.401
29771,2464.824
29772,2481.348
29773,2483.6348
29774,2471.1882
29775,2481.3186
29776,2589.074
29777,2585.1926
29778,2590.616
29779,2588.7395
29780,2571.8208
29781,2553.0088
29782,2406.3123
29783,2343.8953
29784,2350.154
29785,2355.5776
29786,2368.7397
29787,2361.5493
29788,2344.3066
29789,2331.3752
29790,2467.8171
29791,2470.9507
29792,2432.782
29793,2430.8748
29794,2423.685
29795,2406.4421
29796,2407.5122
29797,2365.036
29798,2368.1694
29799,2247.5044
29800,2246.622
29801,2224.2158
29802,2144.2827
29803,2214.8071
29804,2240.9597
29805,2244.0933
29806,2246.0156
29807,2393.191
29808,2384.9753
29809,2287.1907
29810,2310.2834
29811,2630.9258
29812,2628.5532
29813,2718.554
29814,2742.4773
29815,2734.262
29816,2799.9712
29817,2811.0298
29818,2812.9163
29819,2828.076
29820,3146.9172
29821,3146.7595
29822,3138.5442
29823,3201.88
29824,3325.1897
29825,3328.2805
29826,3374.158
29827,3283.7588
29828,3302.7576
29829,3294.5422
29830,3324.7463
29831,3401.9087
29832,3404.9995
29833,3431.6528
29834,3446.6423
29835,3445.76
29836,3554.6829
29837,3520.004
29838,3535.1538
29839,3538.2446
29840,3536.3394
29841,3498.4583
29842,3497.576
29843,3541.598
29844,3548.1497
29845,3551.9722
29846,3604.0688
29847,3626.7766
29848,3632.2
29849,3631.3176
29850,3625.4946
29851,4.3453207
29852,0.0
29853,88.14534
29854,47.046444
29855,113.4563
29856,166.9392
29857,165.62965
29858,364.22388
29859,489.16827
29860,556.7372
29861,516.7374
29862,575.4061
29863,588.1351
29864,589.97455
29865,583.55316
29866,578.3709
29867,571.33026
29868,571.9613
29869,622.1629
29870,609.67365
29871,611.5132
29872,597.28955
29873,589.10974
29874,582.0691
29875,571.9886
29876,585.9575
29877,588.5901
29878,505.21735
29879,498.4839
29880,512.7887
29881,849.3419
29882,847.27826
29883,736.48895
29884,742.7497
29885,733.9026
29886,734.6257
29887,805.7324
29888,797.9821
29889,911.95856
29890,955.1357
29891,961.3964
29892,1023.7756
29893,1024.1761
29894,1022.496
29895,1429.7213
29896,2454.7153
29897,2467.4268
29898,2473.6875
29899,2547.6226
29900,2686.8413
29901,2686.4983
29902,2690.265
29903,2645.8416
29904,2644.4229
29905,2673.4534
29906,2673.8662
29907,2680.695
29908,2695.9138
29909,2631.7358
29910,2631.2917
29911,2627.7234
29912,2633.9841
29913,2636.943
29914,2644.3513
29915,2644.0083
29916,2629.3179
29917,3005.9182
29918,3003.311
29919,3011.5242
29920,2988.6675
29921,2994.4998
29922,2994.779
29923,2986.6963
29924,2990.0547
29925,2986.625
29926,2996.7273
29927,2960.4858
29928,2967.157
29929,2966.3699
29930,2952.1472
29931,2947.9167
29932,3000.7314
29933,3009.7546
29934,2874.2622
29935,2880.9333
29936,3335.65
29937,3324.3208
29938,3321.659
29939,3596.7917
29940,3982.5662
29941,3983.86
29942,3929.166
29943,3927.0662
29944,3918.6064
29945,3915.9446
29946,4052.679
29947,5068.5986
29948,5071.375
29949,5071.7285
29950,5070.636
29951,5061.8774
29952,4996.8735
29953,5060.732
29954,5217.773
29955,5220.5493
29956,5228.8364
29957,5377.5894
29958,5368.8315
29959,5411.767
29960,5406.338
29961,5543.5923
29962,5540.863
29963,5561.1763
29964,5543.453
29965,5534.6953
29966,5633.552
29967,5515.196
29968,5509.312
29969,5530.272
29970,5733.693
29971,5733.325
29972,5724.5664
29973,5744.7964
29974,5845.6567
29975,5840.9775
29976,5930.4497
29977,5873.44
29978,5957.818
29979,5949.06
29980,6021.486
29981,6188.6436
29982,6183.9644
29983,6210.2607
29984,6231.404
29985,6230.3115
29986,6628.1357
29987,6597.1807
29988,6564.808
29989,6560.128
29990,6557.8657
29991,6563.327
29992,6562.235
29993,6560.3447
29994,6579.3154
29995,6581.5903
29996,6605.615
29997,6627.9663
29998,6631.793
29999,6630.7007
30000,6584.116
30001,8.064839
30002,0.0
30003,68.001884
30004,29.152433
30005,108.76801
30006,164.63608
30007,169.33199
30008,1091.7683
30009,2229.4255
30010,2727.941
30011,2689.7593
30012,3149.2622
30013,3159.8875
30014,3167.7317
30015,3222.695
30016,3216.7715
30017,3210.0156
30018,3204.8503
30019,3245.3562
30020,3230.9702
30021,3238.815
30022,3239.7373
30023,3242.3657
30024,3235.6099
30025,3234.2197
30026,3258.0947
30027,3256.65
30028,987.5185
30029,983.6753
30030,987.84766
30031,1617.2607
30032,1610.9686
30033,1596.9954
30034,1598.9855
30035,1609.3416
30036,1609.9257
30037,1586.2399
30038,1579.0259
30039,1620.0312
30040,1671.3014
30041,1673.2915
30042,1672.4254
30043,1676.1365
30044,1674.4565
30045,2005.7283
30046,2782.695
30047,2788.8823
30048,2790.8723
30049,2882.483
30050,3011.6147
30051,3011.2717
30052,3069.9631
30053,3079.4526
30054,3085.0215
30055,3109.7812
30056,3107.485
30057,3114.175
30058,3130.3752
30059,3020.5862
30060,3019.7368
30061,3026.6138
30062,3028.6038
30063,3028.8538
30064,3036.123
30065,3035.78
30066,3008.5173
30067,3260.837
30068,3269.2285
30069,3273.171
30070,3247.6052
30071,3252.5186
30072,3253.675
30073,3242.671
30074,3245.624
30075,3253.193
30076,3259.2717
30077,3220.7996
30078,3226.7102
30079,3225.923
30080,3208.779
30081,3204.1433
30082,3338.5005
30083,3355.1833
30084,3357.786
30085,3363.6965
30086,5081.86
30087,5206.2583
30088,5203.1895
30089,5186.6006
30090,5723.471
30091,5722.9497
30092,5654.586
30093,5652.4854
30094,5645.184
30095,5642.115
30096,5619.811
30097,6380.7866
30098,6381.747
30099,6380.993
30100,6378.851
30101,6370.629
30102,6304.8696
30103,6364.1333
30104,6345.998
30105,6346.067
30106,6354.2163
30107,6551.07
30108,6542.8477
30109,6565.6543
30110,6555.6304
30111,6700.6763
30112,6695.2383
30113,6733.104
30114,6756.1616
30115,6747.9395
30116,6842.156
30117,6901.959
30118,6903.814
30119,6915.997
30120,7066.0967
30121,7065.729
30122,7057.507
30123,7077.0054
30124,7234.1714
30125,7237.231
30126,7324.8423
30127,7237.227
30128,7281.0947
30129,7272.8735
30130,7366.6543
30131,7448.972
30132,7452.0317
30133,7475.6206
30134,7488.874
30135,7487.7817
30136,7737.228
30137,7700.7114
30138,7662.8726
30139,7665.932
30140,7660.9614
30141,7666.284
30142,7665.192
30143,7663.378
30144,7562.624
30145,7560.6855
30146,7572.293
30147,7546.608
30148,7550.296
30149,7549.2036
30150,7525.8154
30151,0.0
30152,0.0
30153,0.0
30154,0.0
30155,0.0
30156,0.0
30157,0.0
30158,0.0
30159,37.387917
30160,2730.0635
30161,2587.6743
30162,4902.589
30163,5925.9224
30164,5838.3037
30165,6522.778
30166,11594.595
30167,11460.436
30168,17962.865
30169,18261.217
30170,18775.262
30171,18808.297
30172,20080.133
30173,20602.006
30174,20339.674
30175,20488.652
30176,20694.34
30177,20724.668
30178,20178.307
30179,20088.086
30180,20846.332
30181,20046.871
30182,20289.424
30183,21551.652
30184,21585.607
30185,21654.295
30186,23063.908
30187,23087.4
30188,22825.068
30189,22751.564
30190,22892.324
30191,22926.28
30192,22959.312
30193,23085.273
30194,23099.19
30195,26878.475
30196,26889.71
30197,27373.027
30198,27406.982
30199,27774.916
30200,28828.225
30201,28842.14
30202,33407.703
30203,35777.156
30204,35769.79
30205,35981.45
30206,36843.44
30207,37102.18
30208,37235.81
30209,36774.46
30210,36666.645
30211,36749.797
30212,36783.754
30213,37428.016
30214,36853.81
30215,36867.727
30216,36764.67
30217,37692.15
30218,37780.6
30219,38351.324
30220,38383.9
30221,38418.496
30222,38396.824
30223,38320.297
30224,38570.066
30225,38657.52
30226,38800.418
30227,39336.74
30228,39371.336
30229,39383.496
30230,41211.094
30231,41097.973
30232,41865.996
30233,41899.18
30234,41952.09
30235,41986.688
30236,42340.83
30237,41790.496
30238,41677.375
30239,42051.82
30240,44401.363
30241,44429.688
30242,44521.145
30243,44533.305
30244,54122.754
30245,54009.633
30246,54093.92
30247,54167.406
30248,54195.727
30249,53970.38
30250,53481.523
30251,53389.664
30252,53213.85
30253,53690.508
30254,53998.414
30255,54026.74
30256,54496.516
30257,55643.812
30258,55551.953
30259,56423.09
30260,56532.582
30261,56860.777
30262,56883.59
30263,57001.207
30264,57033.797
30265,56941.938
30266,59387.66
30267,59573.09
30268,59602.77
30269,59753.508
30270,63770.805
30271,63784.715
30272,63692.855
30273,65594.37
30274,64430.453
30275,64460.133
30276,64613.734
30277,65752.87
30278,68401.99
30279,68303.16
30280,67717.625
30281,67927.766
30282,67957.445
30283,68008.93
30284,70147.76
30285,70160.94
30286,71846.484
30287,73514.06
30288,74677.66
30289,74707.34
30290,74746.28
30291,74677.35
30292,74690.53
30293,75447.42
30294,75323.81
30295,75443.28
30296,75489.75
30297,75555.836
30298,75590.43
30299,75603.61
30300,75712.875
30301,1910.6342
30302,1928.6359
30303,1960.4862
30304,1473.1252
30305,2180.6873
30306,2183.0806
30307,2205.6375
30308,1970.9396
30309,1945.3539
30310,4456.5474
30311,3967.716
30312,6468.506
30313,7188.8193
30314,7114.4287
30315,7697.3794
30316,12811.629
30317,12517.889
30318,16865.389
30319,19165.627
30320,19436.334
30321,19482.592
30322,20766.395
30323,22218.486
30324,21796.574
30325,21580.043
30326,22147.35
30327,22203.355
30328,34500.21
30329,34475.16
30330,37593.926
30331,40760.246
30332,40637.582
30333,42665.23
30334,42724.87
30335,42526.54
30336,43240.414
30337,43309.18
30338,42878.82
30339,42767.555
30340,42262.543
30341,42322.184
30342,42368.445
30343,42533.32
30344,42600.613
30345,48654.434
30346,48300.742
30347,48581.684
30348,48641.324
30349,49022.484
30350,49470.426
30351,49537.72
30352,53753.164
30353,56235.832
30354,56603.973
30355,57042.664
30356,62628.055
30357,62408.19
30358,63412.17
30359,65151.785
30360,65014.0
30361,65472.66
30362,65532.3
30363,66294.164
30364,67553.59
30365,67620.87
30366,67781.12
30367,71782.125
30368,72246.14
30369,73063.38
30370,74092.12
30371,74191.875
30372,74025.73
30373,73588.836
30374,75977.75
30375,76440.76
30376,76339.8
30377,76854.44
30378,76954.2
30379,77012.734
30380,93435.39
30381,92957.33
30382,124514.95
30383,124585.234
30384,124808.33
30385,124908.09
30386,124960.47
30387,124317.02
30388,123838.96
30389,125495.96
30390,135150.9
30391,135192.48
30392,134252.44
30393,134348.3
30394,143585.58
30395,143107.6
30396,143681.58
30397,143780.77
30398,143822.33
30399,148837.89
30400,155084.34
30401,154106.3
30402,153565.6
30403,170434.38
30404,170407.36
30405,170448.94
30406,174740.1
30407,175125.52
30408,174296.38
30409,176915.36
30410,178082.78
30411,181966.98
30412,182003.06
30413,182764.2
30414,202797.94
30415,202393.61
30416,203601.11
30417,205510.56
30418,205565.95
30419,211263.6
30420,218434.08
30421,218501.38
30422,218090.48
30423,220325.94
30424,222119.28
30425,222174.67
30426,222341.52
30427,223633.9
30428,226263.48
30429,225845.62
30430,225615.61
30431,228538.86
30432,228594.25
30433,233850.66
30434,237313.55
30435,237380.12
30436,237728.11
30437,238228.14
30438,241993.3
30439,242048.69
30440,244393.7
30441,244471.73
30442,244538.31
30443,245323.27
30444,244803.3
30445,245392.78
30446,253473.27
30447,253366.39
30448,253555.06
30449,253621.64
30450,254275.05
